Lat1km
80.0
79.99107142857143
79.98214285714286
79.97321428571429
79.96428571428572
79.95535714285715
79.94642857142858
79.93750000000001
79.92857142857144
79.91964285714288
79.9107142857143
79.90178571428574
79.89285714285717
79.8839285714286
79.87500000000003
79.86607142857146
79.85714285714289
79.84821428571432
79.83928571428575
79.83035714285718
79.82142857142861
79.81250000000004
79.80357142857147
79.7946428571429
79.78571428571433
79.77678571428577
79.7678571428572
79.75892857142863
79.75000000000006
79.74107142857149
79.73214285714292
79.72321428571435
79.71428571428578
79.70535714285721
79.69642857142864
79.68750000000007
79.6785714285715
79.66964285714293
79.66071428571436
79.6517857142858
79.64285714285722
79.63392857142865
79.62500000000009
79.61607142857152
79.60714285714295
79.59821428571438
79.58928571428581
79.58035714285724
79.57142857142867
79.5625000000001
79.55357142857153
79.54464285714296
79.53571428571439
79.52678571428582
79.51785714285725
79.50892857142868
79.50000000000011
79.49107142857154
79.48214285714297
79.4732142857144
79.46428571428584
79.45535714285727
79.4464285714287
79.43750000000013
79.42857142857156
79.41964285714299
79.41071428571442
79.40178571428585
79.39285714285728
79.38392857142871
79.37500000000014
79.36607142857157
79.357142857143
79.34821428571443
79.33928571428586
79.3303571428573
79.32142857142873
79.31250000000016
79.30357142857159
79.29464285714302
79.28571428571445
79.27678571428588
79.26785714285731
79.25892857142874
79.25000000000017
79.2410714285716
79.23214285714303
79.22321428571446
79.2142857142859
79.20535714285732
79.19642857142875
79.18750000000018
79.17857142857162
79.16964285714305
79.16071428571448
79.15178571428591
79.14285714285734
79.13392857142877
79.1250000000002
79.11607142857163
79.10714285714306
79.09821428571449
79.08928571428592
79.08035714285735
79.07142857142878
79.06250000000021
79.05357142857164
79.04464285714307
79.0357142857145
79.02678571428594
79.01785714285737
79.0089285714288
79.00000000000023
78.99107142857166
78.98214285714309
78.97321428571452
78.96428571428595
78.95535714285738
78.94642857142881
78.93750000000024
78.92857142857167
78.9196428571431
78.91071428571453
78.90178571428596
78.8928571428574
78.88392857142883
78.87500000000026
78.86607142857169
78.85714285714312
78.84821428571455
78.83928571428598
78.83035714285741
78.82142857142884
78.81250000000027
78.8035714285717
78.79464285714313
78.78571428571456
78.77678571428599
78.76785714285742
78.75892857142885
78.75000000000028
78.74107142857171
78.73214285714315
78.72321428571458
78.714285714286
78.70535714285744
78.69642857142887
78.6875000000003
78.67857142857173
78.66964285714316
78.66071428571459
78.65178571428602
78.64285714285745
78.63392857142888
78.62500000000031
78.61607142857174
78.60714285714317
78.5982142857146
78.58928571428604
78.58035714285747
78.5714285714289
78.56250000000033
78.55357142857176
78.54464285714319
78.53571428571462
78.52678571428605
78.51785714285748
78.50892857142891
78.50000000000034
78.49107142857177
78.4821428571432
78.47321428571463
78.46428571428606
78.4553571428575
78.44642857142892
78.43750000000036
78.42857142857179
78.41964285714322
78.41071428571465
78.40178571428608
78.39285714285751
78.38392857142894
78.37500000000037
78.3660714285718
78.35714285714323
78.34821428571466
78.33928571428609
78.33035714285752
78.32142857142895
78.31250000000038
78.30357142857181
78.29464285714324
78.28571428571468
78.2767857142861
78.26785714285754
78.25892857142897
78.2500000000004
78.24107142857183
78.23214285714326
78.22321428571469
78.21428571428612
78.20535714285755
78.19642857142898
78.18750000000041
78.17857142857184
78.16964285714327
78.1607142857147
78.15178571428613
78.14285714285757
78.133928571429
78.12500000000043
78.11607142857186
78.10714285714329
78.09821428571472
78.08928571428615
78.08035714285758
78.07142857142901
78.06250000000044
78.05357142857187
78.0446428571433
78.03571428571473
78.02678571428616
78.0178571428576
78.00892857142902
78.00000000000045
77.99107142857189
77.98214285714332
77.97321428571475
77.96428571428618
77.95535714285761
77.94642857142904
77.93750000000047
77.9285714285719
77.91964285714333
77.91071428571476
77.90178571428619
77.89285714285762
77.88392857142905
77.87500000000048
77.86607142857191
77.85714285714334
77.84821428571477
77.8392857142862
77.83035714285764
77.82142857142907
77.8125000000005
77.80357142857193
77.79464285714336
77.78571428571479
77.77678571428622
77.76785714285765
77.75892857142908
77.75000000000051
77.74107142857194
77.73214285714337
77.7232142857148
77.71428571428623
77.70535714285766
77.6964285714291
77.68750000000053
77.67857142857196
77.66964285714339
77.66071428571482
77.65178571428625
77.64285714285768
77.63392857142911
77.62500000000054
77.61607142857197
77.6071428571434
77.59821428571483
77.58928571428626
77.5803571428577
77.57142857142912
77.56250000000055
77.55357142857198
77.54464285714342
77.53571428571485
77.52678571428628
77.51785714285771
77.50892857142914
77.50000000000057
77.491071428572
77.48214285714343
77.47321428571486
77.46428571428629
77.45535714285772
77.44642857142915
77.43750000000058
77.42857142857201
77.41964285714344
77.41071428571487
77.4017857142863
77.39285714285774
77.38392857142917
77.3750000000006
77.36607142857203
77.35714285714346
77.34821428571489
77.33928571428632
77.33035714285775
77.32142857142918
77.31250000000061
77.30357142857204
77.29464285714347
77.2857142857149
77.27678571428633
77.26785714285776
77.2589285714292
77.25000000000063
77.24107142857206
77.23214285714349
77.22321428571492
77.21428571428635
77.20535714285778
77.19642857142921
77.18750000000064
77.17857142857207
77.1696428571435
77.16071428571493
77.15178571428636
77.14285714285779
77.13392857142922
77.12500000000065
77.11607142857208
77.10714285714351
77.09821428571495
77.08928571428638
77.0803571428578
77.07142857142924
77.06250000000067
77.0535714285721
77.04464285714353
77.03571428571496
77.02678571428639
77.01785714285782
77.00892857142925
77.00000000000068
76.99107142857211
76.98214285714354
76.97321428571497
76.9642857142864
76.95535714285784
76.94642857142927
76.9375000000007
76.92857142857213
76.91964285714356
76.91071428571499
76.90178571428642
76.89285714285785
76.88392857142928
76.87500000000071
76.86607142857214
76.85714285714357
76.848214285715
76.83928571428643
76.83035714285786
76.8214285714293
76.81250000000072
76.80357142857216
76.79464285714359
76.78571428571502
76.77678571428645
76.76785714285788
76.75892857142931
76.75000000000074
76.74107142857217
76.7321428571436
76.72321428571503
76.71428571428646
76.70535714285789
76.69642857142932
76.68750000000075
76.67857142857218
76.66964285714361
76.66071428571504
76.65178571428648
76.6428571428579
76.63392857142934
76.62500000000077
76.6160714285722
76.60714285714363
76.59821428571506
76.58928571428649
76.58035714285792
76.57142857142935
76.56250000000078
76.55357142857221
76.54464285714364
76.53571428571507
76.5267857142865
76.51785714285793
76.50892857142937
76.5000000000008
76.49107142857223
76.48214285714366
76.47321428571509
76.46428571428652
76.45535714285795
76.44642857142938
76.43750000000081
76.42857142857224
76.41964285714367
76.4107142857151
76.40178571428653
76.39285714285796
76.3839285714294
76.37500000000082
76.36607142857225
76.35714285714369
76.34821428571512
76.33928571428655
76.33035714285798
76.32142857142941
76.31250000000084
76.30357142857227
76.2946428571437
76.28571428571513
76.27678571428656
76.26785714285799
76.25892857142942
76.25000000000085
76.24107142857228
76.23214285714371
76.22321428571514
76.21428571428658
76.205357142858
76.19642857142944
76.18750000000087
76.1785714285723
76.16964285714373
76.16071428571516
76.15178571428659
76.14285714285802
76.13392857142945
76.12500000000088
76.11607142857231
76.10714285714374
76.09821428571517
76.0892857142866
76.08035714285803
76.07142857142946
76.0625000000009
76.05357142857233
76.04464285714376
76.03571428571519
76.02678571428662
76.01785714285805
76.00892857142948
76.00000000000091
75.99107142857234
75.98214285714377
75.9732142857152
75.96428571428663
75.95535714285806
75.9464285714295
75.93750000000092
75.92857142857235
75.91964285714378
75.91071428571522
75.90178571428665
75.89285714285808
75.88392857142951
75.87500000000094
75.86607142857237
75.8571428571438
75.84821428571523
75.83928571428666
75.83035714285809
75.82142857142952
75.81250000000095
75.80357142857238
75.79464285714381
75.78571428571524
75.77678571428667
75.7678571428581
75.75892857142954
75.75000000000097
75.7410714285724
75.73214285714383
75.72321428571526
75.71428571428669
75.70535714285812
75.69642857142955
75.68750000000098
75.67857142857241
75.66964285714384
75.66071428571527
75.6517857142867
75.64285714285813
75.63392857142956
75.625000000001
75.61607142857243
75.60714285714386
75.59821428571529
75.58928571428672
75.58035714285815
75.57142857142958
75.56250000000101
75.55357142857244
75.54464285714387
75.5357142857153
75.52678571428673
75.51785714285816
75.50892857142959
75.50000000000102
75.49107142857245
75.48214285714388
75.47321428571531
75.46428571428675
75.45535714285818
75.4464285714296
75.43750000000104
75.42857142857247
75.4196428571439
75.41071428571533
75.40178571428676
75.39285714285819
75.38392857142962
75.37500000000105
75.36607142857248
75.35714285714391
75.34821428571534
75.33928571428677
75.3303571428582
75.32142857142964
75.31250000000107
75.3035714285725
75.29464285714393
75.28571428571536
75.27678571428679
75.26785714285822
75.25892857142965
75.25000000000108
75.24107142857251
75.23214285714394
75.22321428571537
75.2142857142868
75.20535714285823
75.19642857142966
75.1875000000011
75.17857142857252
75.16964285714396
75.16071428571539
75.15178571428682
75.14285714285825
75.13392857142968
75.12500000000111
75.11607142857254
75.10714285714397
75.0982142857154
75.08928571428683
75.08035714285826
75.07142857142969
75.06250000000112
75.05357142857255
75.04464285714398
75.03571428571541
75.02678571428685
75.01785714285828
75.0089285714297
75.00000000000114
74.99107142857257
74.982142857144
74.97321428571543
74.96428571428686
74.95535714285829
74.94642857142972
74.93750000000115
74.92857142857258
74.91964285714401
74.91071428571544
74.90178571428687
74.8928571428583
74.88392857142973
74.87500000000117
74.8660714285726
74.85714285714403
74.84821428571546
74.83928571428689
74.83035714285832
74.82142857142975
74.81250000000118
74.80357142857261
74.79464285714404
74.78571428571547
74.7767857142869
74.76785714285833
74.75892857142976
74.7500000000012
74.74107142857262
74.73214285714405
74.72321428571549
74.71428571428692
74.70535714285835
74.69642857142978
74.68750000000121
74.67857142857264
74.66964285714407
74.6607142857155
74.65178571428693
74.64285714285836
74.63392857142979
74.62500000000122
74.61607142857265
74.60714285714408
74.59821428571551
74.58928571428694
74.58035714285838
74.5714285714298
74.56250000000124
74.55357142857267
74.5446428571441
74.53571428571553
74.52678571428696
74.51785714285839
74.50892857142982
74.50000000000125
74.49107142857268
74.48214285714411
74.47321428571554
74.46428571428697
74.4553571428584
74.44642857142983
74.43750000000126
74.4285714285727
74.41964285714413
74.41071428571556
74.40178571428699
74.39285714285842
74.38392857142985
74.37500000000128
74.36607142857271
74.35714285714414
74.34821428571557
74.339285714287
74.33035714285843
74.32142857142986
74.3125000000013
74.30357142857272
74.29464285714415
74.28571428571558
74.27678571428702
74.26785714285845
74.25892857142988
74.25000000000131
74.24107142857274
74.23214285714417
74.2232142857156
74.21428571428703
74.20535714285846
74.19642857142989
74.18750000000132
74.17857142857275
74.16964285714418
74.16071428571561
74.15178571428704
74.14285714285847
74.1339285714299
74.12500000000134
74.11607142857277
74.1071428571442
74.09821428571563
74.08928571428706
74.08035714285849
74.07142857142992
74.06250000000135
74.05357142857278
74.04464285714421
74.03571428571564
74.02678571428707
74.0178571428585
74.00892857142993
74.00000000000136
73.9910714285728
73.98214285714423
73.97321428571566
73.96428571428709
73.95535714285852
73.94642857142995
73.93750000000138
73.92857142857281
73.91964285714424
73.91071428571567
73.9017857142871
73.89285714285853
73.88392857142996
73.87500000000139
73.86607142857282
73.85714285714425
73.84821428571568
73.83928571428712
73.83035714285855
73.82142857142998
73.8125000000014
73.80357142857284
73.79464285714427
73.7857142857157
73.77678571428713
73.76785714285856
73.75892857142999
73.75000000000142
73.74107142857285
73.73214285714428
73.72321428571571
73.71428571428714
73.70535714285857
73.69642857143
73.68750000000144
73.67857142857287
73.6696428571443
73.66071428571573
73.65178571428716
73.64285714285859
73.63392857143002
73.62500000000145
73.61607142857288
73.60714285714431
73.59821428571574
73.58928571428717
73.5803571428586
73.57142857143003
73.56250000000146
73.5535714285729
73.54464285714432
73.53571428571576
73.52678571428719
73.51785714285862
73.50892857143005
73.50000000000148
73.49107142857291
73.48214285714434
73.47321428571577
73.4642857142872
73.45535714285863
73.44642857143006
73.43750000000149
73.42857142857292
73.41964285714435
73.41071428571578
73.40178571428721
73.39285714285865
73.38392857143008
73.3750000000015
73.36607142857294
73.35714285714437
73.3482142857158
73.33928571428723
73.33035714285866
73.32142857143009
73.31250000000152
73.30357142857295
73.29464285714438
73.28571428571581
73.27678571428724
73.26785714285867
73.2589285714301
73.25000000000153
73.24107142857297
73.2321428571444
73.22321428571583
73.21428571428726
73.20535714285869
73.19642857143012
73.18750000000155
73.17857142857298
73.16964285714441
73.16071428571584
73.15178571428727
73.1428571428587
73.13392857143013
73.12500000000156
73.116071428573
73.10714285714442
73.09821428571585
73.08928571428729
73.08035714285872
73.07142857143015
73.06250000000158
73.05357142857301
73.04464285714444
73.03571428571587
73.0267857142873
73.01785714285873
73.00892857143016
73.00000000000159
72.99107142857302
72.98214285714445
72.97321428571588
72.96428571428731
72.95535714285874
72.94642857143018
72.9375000000016
72.92857142857304
72.91964285714447
72.9107142857159
72.90178571428733
72.89285714285876
72.88392857143019
72.87500000000162
72.86607142857305
72.85714285714448
72.84821428571591
72.83928571428734
72.83035714285877
72.8214285714302
72.81250000000163
72.80357142857306
72.7946428571445
72.78571428571593
72.77678571428736
72.76785714285879
72.75892857143022
72.75000000000165
72.74107142857308
72.73214285714451
72.72321428571594
72.71428571428737
72.7053571428588
72.69642857143023
72.68750000000166
72.6785714285731
72.66964285714452
72.66071428571595
72.65178571428739
72.64285714285882
72.63392857143025
72.62500000000168
72.61607142857311
72.60714285714454
72.59821428571597
72.5892857142874
72.58035714285883
72.57142857143026
72.56250000000169
72.55357142857312
72.54464285714455
72.53571428571598
72.52678571428741
72.51785714285884
72.50892857143027
72.5000000000017
72.49107142857314
72.48214285714457
72.473214285716
72.46428571428743
72.45535714285886
72.44642857143029
72.43750000000172
72.42857142857315
72.41964285714458
72.41071428571601
72.40178571428744
72.39285714285887
72.3839285714303
72.37500000000173
72.36607142857316
72.3571428571446
72.34821428571603
72.33928571428746
72.33035714285889
72.32142857143032
72.31250000000175
72.30357142857318
72.29464285714461
72.28571428571604
72.27678571428747
72.2678571428589
72.25892857143033
72.25000000000176
72.24107142857319
72.23214285714462
72.22321428571605
72.21428571428748
72.20535714285892
72.19642857143035
72.18750000000178
72.1785714285732
72.16964285714464
72.16071428571607
72.1517857142875
72.14285714285893
72.13392857143036
72.12500000000179
72.11607142857322
72.10714285714465
72.09821428571608
72.08928571428751
72.08035714285894
72.07142857143037
72.0625000000018
72.05357142857324
72.04464285714467
72.0357142857161
72.02678571428753
72.01785714285896
72.00892857143039
72.00000000000182
71.99107142857325
71.98214285714468
71.97321428571611
71.96428571428754
71.95535714285897
71.9464285714304
71.93750000000183
71.92857142857326
71.9196428571447
71.91071428571613
71.90178571428756
71.89285714285899
71.88392857143042
71.87500000000185
71.86607142857328
71.85714285714471
71.84821428571614
71.83928571428757
71.830357142859
71.82142857143043
71.81250000000186
71.80357142857329
71.79464285714472
71.78571428571615
71.77678571428758
71.76785714285901
71.75892857143045
71.75000000000188
71.7410714285733
71.73214285714474
71.72321428571617
71.7142857142876
71.70535714285903
71.69642857143046
71.68750000000189
71.67857142857332
71.66964285714475
71.66071428571618
71.65178571428761
71.64285714285904
71.63392857143047
71.6250000000019
71.61607142857333
71.60714285714477
71.5982142857162
71.58928571428763
71.58035714285906
71.57142857143049
71.56250000000192
71.55357142857335
71.54464285714478
71.53571428571621
71.52678571428764
71.51785714285907
71.5089285714305
71.50000000000193
71.49107142857336
71.4821428571448
71.47321428571622
71.46428571428766
71.45535714285909
71.44642857143052
71.43750000000195
71.42857142857338
71.41964285714481
71.41071428571624
71.40178571428767
71.3928571428591
71.38392857143053
71.37500000000196
71.36607142857339
71.35714285714482
71.34821428571625
71.33928571428768
71.33035714285911
71.32142857143054
71.31250000000198
71.3035714285734
71.29464285714484
71.28571428571627
71.2767857142877
71.26785714285913
71.25892857143056
71.25000000000199
71.24107142857342
71.23214285714485
71.22321428571628
71.21428571428771
71.20535714285914
71.19642857143057
71.187500000002
71.17857142857343
71.16964285714486
71.1607142857163
71.15178571428773
71.14285714285916
71.13392857143059
71.12500000000202
71.11607142857345
71.10714285714488
71.09821428571631
71.08928571428774
71.08035714285917
71.0714285714306
71.06250000000203
71.05357142857346
71.0446428571449
71.03571428571632
71.02678571428775
71.01785714285919
71.00892857143062
71.00000000000205
70.99107142857348
70.98214285714491
70.97321428571634
70.96428571428777
70.9553571428592
70.94642857143063
70.93750000000206
70.92857142857349
70.91964285714492
70.91071428571635
70.90178571428778
70.89285714285921
70.88392857143064
70.87500000000207
70.8660714285735
70.85714285714494
70.84821428571637
70.8392857142878
70.83035714285923
70.82142857143066
70.81250000000209
70.80357142857352
70.79464285714495
70.78571428571638
70.77678571428781
70.76785714285924
70.75892857143067
70.7500000000021
70.74107142857353
70.73214285714496
70.7232142857164
70.71428571428783
70.70535714285926
70.69642857143069
70.68750000000212
70.67857142857355
70.66964285714498
70.66071428571641
70.65178571428784
70.64285714285927
70.6339285714307
70.62500000000213
70.61607142857356
70.60714285714499
70.59821428571642
70.58928571428785
70.58035714285928
70.57142857143072
70.56250000000215
70.55357142857358
70.544642857145
70.53571428571644
70.52678571428787
70.5178571428593
70.50892857143073
70.50000000000216
70.49107142857359
70.48214285714502
70.47321428571645
70.46428571428788
70.45535714285931
70.44642857143074
70.43750000000217
70.4285714285736
70.41964285714504
70.41071428571647
70.4017857142879
70.39285714285933
70.38392857143076
70.37500000000219
70.36607142857362
70.35714285714505
70.34821428571648
70.33928571428791
70.33035714285934
70.32142857143077
70.3125000000022
70.30357142857363
70.29464285714506
70.2857142857165
70.27678571428793
70.26785714285936
70.25892857143079
70.25000000000222
70.24107142857365
70.23214285714508
70.22321428571651
70.21428571428794
70.20535714285937
70.1964285714308
70.18750000000223
70.17857142857366
70.16964285714509
70.16071428571652
70.15178571428795
70.14285714285938
70.13392857143081
70.12500000000225
70.11607142857368
70.1071428571451
70.09821428571654
70.08928571428797
70.0803571428594
70.07142857143083
70.06250000000226
70.05357142857369
70.04464285714512
70.03571428571655
70.02678571428798
70.01785714285941
70.00892857143084
70.00000000000227
69.9910714285737
69.98214285714513
69.97321428571657
69.964285714288
69.95535714285943
69.94642857143086
69.93750000000229
69.92857142857372
69.91964285714515
69.91071428571658
69.90178571428801
69.89285714285944
69.88392857143087
69.8750000000023
69.86607142857373
69.85714285714516
69.8482142857166
69.83928571428802
69.83035714285946
69.82142857143089
69.81250000000232
69.80357142857375
69.79464285714518
69.78571428571661
69.77678571428804
69.76785714285947
69.7589285714309
69.75000000000233
69.74107142857376
69.73214285714519
69.72321428571662
69.71428571428805
69.70535714285948
69.69642857143091
69.68750000000234
69.67857142857378
69.6696428571452
69.66071428571664
69.65178571428807
69.6428571428595
69.63392857143093
69.62500000000236
69.61607142857379
69.60714285714522
69.59821428571665
69.58928571428808
69.58035714285951
69.57142857143094
69.56250000000237
69.5535714285738
69.54464285714523
69.53571428571667
69.5267857142881
69.51785714285953
69.50892857143096
69.50000000000239
69.49107142857382
69.48214285714525
69.47321428571668
69.46428571428811
69.45535714285954
69.44642857143097
69.4375000000024
69.42857142857383
69.41964285714526
69.4107142857167
69.40178571428812
69.39285714285955
69.38392857143099
69.37500000000242
69.36607142857385
69.35714285714528
69.34821428571671
69.33928571428814
69.33035714285957
69.321428571431
69.31250000000243
69.30357142857386
69.29464285714529
69.28571428571672
69.27678571428815
69.26785714285958
69.25892857143101
69.25000000000244
69.24107142857387
69.2321428571453
69.22321428571674
69.21428571428817
69.2053571428596
69.19642857143103
69.18750000000246
69.17857142857389
69.16964285714532
69.16071428571675
69.15178571428818
69.14285714285961
69.13392857143104
69.12500000000247
69.1160714285739
69.10714285714533
69.09821428571676
69.0892857142882
69.08035714285963
69.07142857143106
69.06250000000249
69.05357142857392
69.04464285714535
69.03571428571678
69.02678571428821
69.01785714285964
69.00892857143107
69.0000000000025
68.99107142857393
68.98214285714536
68.9732142857168
68.96428571428822
68.95535714285965
68.94642857143108
68.93750000000252
68.92857142857395
68.91964285714538
68.91071428571681
68.90178571428824
68.89285714285967
68.8839285714311
68.87500000000253
68.86607142857396
68.85714285714539
68.84821428571682
68.83928571428825
68.83035714285968
68.82142857143111
68.81250000000254
68.80357142857397
68.7946428571454
68.78571428571684
68.77678571428827
68.7678571428597
68.75892857143113
68.75000000000256
68.74107142857399
68.73214285714542
68.72321428571685
68.71428571428828
68.70535714285971
68.69642857143114
68.68750000000257
68.678571428574
68.66964285714543
68.66071428571686
68.6517857142883
68.64285714285973
68.63392857143116
68.62500000000259
68.61607142857402
68.60714285714545
68.59821428571688
68.58928571428831
68.58035714285974
68.57142857143117
68.5625000000026
68.55357142857403
68.54464285714546
68.53571428571689
68.52678571428832
68.51785714285975
68.50892857143118
68.50000000000261
68.49107142857405
68.48214285714548
68.4732142857169
68.46428571428834
68.45535714285977
68.4464285714312
68.43750000000263
68.42857142857406
68.41964285714549
68.41071428571692
68.40178571428835
68.39285714285978
68.38392857143121
68.37500000000264
68.36607142857407
68.3571428571455
68.34821428571694
68.33928571428837
68.3303571428598
68.32142857143123
68.31250000000266
68.30357142857409
68.29464285714552
68.28571428571695
68.27678571428838
68.26785714285981
68.25892857143124
68.25000000000267
68.2410714285741
68.23214285714553
68.22321428571696
68.2142857142884
68.20535714285982
68.19642857143126
68.18750000000269
68.17857142857412
68.16964285714555
68.16071428571698
68.15178571428841
68.14285714285984
68.13392857143127
68.1250000000027
68.11607142857413
68.10714285714556
68.09821428571699
68.08928571428842
68.08035714285985
68.07142857143128
68.06250000000271
68.05357142857414
68.04464285714558
68.035714285717
68.02678571428844
68.01785714285987
68.0089285714313
68.00000000000273
67.99107142857416
67.98214285714559
67.97321428571702
67.96428571428845
67.95535714285988
67.94642857143131
67.93750000000274
67.92857142857417
67.9196428571456
67.91071428571703
67.90178571428847
67.8928571428599
67.88392857143133
67.87500000000276
67.86607142857419
67.85714285714562
67.84821428571705
67.83928571428848
67.83035714285991
67.82142857143134
67.81250000000277
67.8035714285742
67.79464285714563
67.78571428571706
67.7767857142885
67.76785714285992
67.75892857143135
67.75000000000279
67.74107142857422
67.73214285714565
67.72321428571708
67.71428571428851
67.70535714285994
67.69642857143137
67.6875000000028
67.67857142857423
67.66964285714566
67.66071428571709
67.65178571428852
67.64285714285995
67.63392857143138
67.62500000000281
67.61607142857424
67.60714285714567
67.5982142857171
67.58928571428854
67.58035714285997
67.5714285714314
67.56250000000283
67.55357142857426
67.54464285714569
67.53571428571712
67.52678571428855
67.51785714285998
67.50892857143141
67.50000000000284
67.49107142857427
67.4821428571457
67.47321428571713
67.46428571428856
67.45535714286
67.44642857143143
67.43750000000286
67.42857142857429
67.41964285714572
67.41071428571715
67.40178571428858
67.39285714286001
67.38392857143144
67.37500000000287
67.3660714285743
67.35714285714573
67.34821428571716
67.3392857142886
67.33035714286002
67.32142857143145
67.31250000000288
67.30357142857432
67.29464285714575
67.28571428571718
67.27678571428861
67.26785714286004
67.25892857143147
67.2500000000029
67.24107142857433
67.23214285714576
67.22321428571719
67.21428571428862
67.20535714286005
67.19642857143148
67.18750000000291
67.17857142857434
67.16964285714577
67.1607142857172
67.15178571428864
67.14285714286007
67.1339285714315
67.12500000000293
67.11607142857436
67.10714285714579
67.09821428571722
67.08928571428865
67.08035714286008
67.07142857143151
67.06250000000294
67.05357142857437
67.0446428571458
67.03571428571723
67.02678571428866
67.0178571428601
67.00892857143153
67.00000000000296
66.99107142857439
66.98214285714582
66.97321428571725
66.96428571428868
66.95535714286011
66.94642857143154
66.93750000000297
66.9285714285744
66.91964285714583
66.91071428571726
66.90178571428869
66.89285714286012
66.88392857143155
66.87500000000298
66.86607142857441
66.85714285714585
66.84821428571728
66.8392857142887
66.83035714286014
66.82142857143157
66.812500000003
66.80357142857443
66.79464285714586
66.78571428571729
66.77678571428872
66.76785714286015
66.75892857143158
66.75000000000301
66.74107142857444
66.73214285714587
66.7232142857173
66.71428571428874
66.70535714286017
66.6964285714316
66.68750000000303
66.67857142857446
66.66964285714589
66.66071428571732
66.65178571428875
66.64285714286018
66.63392857143161
66.62500000000304
66.61607142857447
66.6071428571459
66.59821428571733
66.58928571428876
66.5803571428602
66.57142857143162
66.56250000000306
66.55357142857449
66.54464285714592
66.53571428571735
66.52678571428878
66.51785714286021
66.50892857143164
66.50000000000307
66.4910714285745
66.48214285714593
66.47321428571736
66.46428571428879
66.45535714286022
66.44642857143165
66.43750000000308
66.42857142857451
66.41964285714594
66.41071428571738
66.4017857142888
66.39285714286024
66.38392857143167
66.3750000000031
66.36607142857453
66.35714285714596
66.34821428571739
66.33928571428882
66.33035714286025
66.32142857143168
66.31250000000311
66.30357142857454
66.29464285714597
66.2857142857174
66.27678571428883
66.26785714286027
66.2589285714317
66.25000000000313
66.24107142857456
66.23214285714599
66.22321428571742
66.21428571428885
66.20535714286028
66.19642857143171
66.18750000000314
66.17857142857457
66.169642857146
66.16071428571743
66.15178571428886
66.1428571428603
66.13392857143172
66.12500000000315
66.11607142857459
66.10714285714602
66.09821428571745
66.08928571428888
66.08035714286031
66.07142857143174
66.06250000000317
66.0535714285746
66.04464285714603
66.03571428571746
66.02678571428889
66.01785714286032
66.00892857143175
66.00000000000318
65.99107142857461
65.98214285714604
65.97321428571748
65.9642857142889
65.95535714286034
65.94642857143177
65.9375000000032
65.92857142857463
65.91964285714606
65.91071428571749
65.90178571428892
65.89285714286035
65.88392857143178
65.87500000000321
65.86607142857464
65.85714285714607
65.8482142857175
65.83928571428893
65.83035714286036
65.8214285714318
65.81250000000323
65.80357142857466
65.79464285714609
65.78571428571752
65.77678571428895
65.76785714286038
65.75892857143181
65.75000000000324
65.74107142857467
65.7321428571461
65.72321428571753
65.71428571428896
65.7053571428604
65.69642857143182
65.68750000000325
65.67857142857468
65.66964285714612
65.66071428571755
65.65178571428898
65.64285714286041
65.63392857143184
65.62500000000327
65.6160714285747
65.60714285714613
65.59821428571756
65.58928571428899
65.58035714286042
65.57142857143185
65.56250000000328
65.55357142857471
65.54464285714614
65.53571428571757
65.526785714289
65.51785714286044
65.50892857143187
65.5000000000033
65.49107142857473
65.48214285714616
65.47321428571759
65.46428571428902
65.45535714286045
65.44642857143188
65.43750000000331
65.42857142857474
65.41964285714617
65.4107142857176
65.40178571428903
65.39285714286046
65.3839285714319
65.37500000000333
65.36607142857476
65.35714285714619
65.34821428571762
65.33928571428905
65.33035714286048
65.32142857143191
65.31250000000334
65.30357142857477
65.2946428571462
65.28571428571763
65.27678571428906
65.26785714286049
65.25892857143192
65.25000000000335
65.24107142857478
65.23214285714621
65.22321428571765
65.21428571428908
65.2053571428605
65.19642857143194
65.18750000000337
65.1785714285748
65.16964285714623
65.16071428571766
65.15178571428909
65.14285714286052
65.13392857143195
65.12500000000338
65.11607142857481
65.10714285714624
65.09821428571767
65.0892857142891
65.08035714286054
65.07142857143197
65.0625000000034
65.05357142857483
65.04464285714626
65.03571428571769
65.02678571428912
65.01785714286055
65.00892857143198
65.00000000000341
64.99107142857484
64.98214285714627
64.9732142857177
64.96428571428913
64.95535714286056
64.946428571432
64.93750000000342
64.92857142857486
64.91964285714629
64.91071428571772
64.90178571428915
64.89285714286058
64.88392857143201
64.87500000000344
64.86607142857487
64.8571428571463
64.84821428571773
64.83928571428916
64.83035714286059
64.82142857143202
64.81250000000345
64.80357142857488
64.79464285714631
64.78571428571775
64.77678571428918
64.7678571428606
64.75892857143204
64.75000000000347
64.7410714285749
64.73214285714633
64.72321428571776
64.71428571428919
64.70535714286062
64.69642857143205
64.68750000000348
64.67857142857491
64.66964285714634
64.66071428571777
64.6517857142892
64.64285714286063
64.63392857143207
64.6250000000035
64.61607142857493
64.60714285714636
64.59821428571779
64.58928571428922
64.58035714286065
64.57142857143208
64.56250000000351
64.55357142857494
64.54464285714637
64.5357142857178
64.52678571428923
64.51785714286066
64.5089285714321
64.50000000000352
64.49107142857495
64.48214285714639
64.47321428571782
64.46428571428925
64.45535714286068
64.44642857143211
64.43750000000354
64.42857142857497
64.4196428571464
64.41071428571783
64.40178571428926
64.39285714286069
64.38392857143212
64.37500000000355
64.36607142857498
64.35714285714641
64.34821428571784
64.33928571428928
64.3303571428607
64.32142857143214
64.31250000000357
64.303571428575
64.29464285714643
64.28571428571786
64.27678571428929
64.26785714286072
64.25892857143215
64.25000000000358
64.24107142857501
64.23214285714644
64.22321428571787
64.2142857142893
64.20535714286073
64.19642857143216
64.1875000000036
64.17857142857503
64.16964285714646
64.16071428571789
64.15178571428932
64.14285714286075
64.13392857143218
64.12500000000361
64.11607142857504
64.10714285714647
64.0982142857179
64.08928571428933
64.08035714286076
64.0714285714322
64.06250000000362
64.05357142857505
64.04464285714648
64.03571428571792
64.02678571428935
64.01785714286078
64.00892857143221
64.00000000000364
63.99107142857507
63.9821428571465
63.97321428571793
63.96428571428936
63.95535714286079
63.94642857143222
63.93750000000365
63.92857142857508
63.91964285714651
63.910714285717944
63.901785714289375
63.892857142860805
63.883928571432236
63.875000000003666
63.8660714285751
63.85714285714653
63.84821428571796
63.83928571428939
63.83035714286082
63.82142857143225
63.81250000000368
63.80357142857511
63.79464285714654
63.78571428571797
63.7767857142894
63.767857142860834
63.758928571432264
63.750000000003695
63.741071428575125
63.732142857146556
63.72321428571799
63.71428571428942
63.70535714286085
63.69642857143228
63.68750000000371
63.67857142857514
63.66964285714657
63.660714285718
63.65178571428943
63.64285714286086
63.63392857143229
63.62500000000372
63.616071428575154
63.607142857146584
63.598214285718015
63.589285714289446
63.580357142860876
63.57142857143231
63.56250000000374
63.55357142857517
63.5446428571466
63.53571428571803
63.52678571428946
63.51785714286089
63.50892857143232
63.50000000000375
63.49107142857518
63.48214285714661
63.47321428571804
63.464285714289474
63.455357142860905
63.446428571432335
63.437500000003766
63.4285714285752
63.41964285714663
63.41071428571806
63.40178571428949
63.39285714286092
63.38392857143235
63.37500000000378
63.36607142857521
63.35714285714664
63.34821428571807
63.3392857142895
63.33035714286093
63.321428571432364
63.312500000003794
63.303571428575225
63.294642857146656
63.285714285718086
63.27678571428952
63.26785714286095
63.25892857143238
63.25000000000381
63.24107142857524
63.23214285714667
63.2232142857181
63.21428571428953
63.20535714286096
63.19642857143239
63.18750000000382
63.17857142857525
63.169642857146684
63.160714285718115
63.151785714289545
63.142857142860976
63.133928571432406
63.12500000000384
63.11607142857527
63.1071428571467
63.09821428571813
63.08928571428956
63.08035714286099
63.07142857143242
63.06250000000385
63.05357142857528
63.04464285714671
63.03571428571814
63.02678571428957
63.017857142861004
63.008928571432435
63.000000000003865
62.991071428575296
62.98214285714673
62.97321428571816
62.96428571428959
62.95535714286102
62.94642857143245
62.93750000000388
62.92857142857531
62.91964285714674
62.91071428571817
62.9017857142896
62.89285714286103
62.88392857143246
62.875000000003894
62.866071428575324
62.857142857146755
62.848214285718186
62.839285714289616
62.83035714286105
62.82142857143248
62.81250000000391
62.80357142857534
62.79464285714677
62.7857142857182
62.77678571428963
62.76785714286106
62.75892857143249
62.75000000000392
62.74107142857535
62.73214285714678
62.723214285718214
62.714285714289645
62.705357142861075
62.696428571432506
62.687500000003936
62.67857142857537
62.6696428571468
62.66071428571823
62.65178571428966
62.64285714286109
62.63392857143252
62.62500000000395
62.61607142857538
62.60714285714681
62.59821428571824
62.58928571428967
62.580357142861104
62.571428571432534
62.562500000003965
62.553571428575395
62.544642857146826
62.53571428571826
62.52678571428969
62.51785714286112
62.50892857143255
62.50000000000398
62.49107142857541
62.48214285714684
62.47321428571827
62.4642857142897
62.45535714286113
62.44642857143256
62.43750000000399
62.428571428575424
62.419642857146854
62.410714285718285
62.401785714289716
62.392857142861146
62.38392857143258
62.37500000000401
62.36607142857544
62.35714285714687
62.3482142857183
62.33928571428973
62.33035714286116
62.32142857143259
62.31250000000402
62.30357142857545
62.29464285714688
62.28571428571831
62.276785714289744
62.267857142861175
62.258928571432605
62.250000000004036
62.24107142857547
62.2321428571469
62.22321428571833
62.21428571428976
62.20535714286119
62.19642857143262
62.18750000000405
62.17857142857548
62.16964285714691
62.16071428571834
62.15178571428977
62.1428571428612
62.133928571432634
62.125000000004064
62.116071428575495
62.107142857146926
62.098214285718356
62.08928571428979
62.08035714286122
62.07142857143265
62.06250000000408
62.05357142857551
62.04464285714694
62.03571428571837
62.0267857142898
62.01785714286123
62.00892857143266
62.00000000000409
61.99107142857552
61.982142857146954
61.973214285718385
61.964285714289815
61.955357142861246
61.946428571432676
61.93750000000411
61.92857142857554
61.91964285714697
61.9107142857184
61.90178571428983
61.89285714286126
61.88392857143269
61.87500000000412
61.86607142857555
61.85714285714698
61.84821428571841
61.839285714289844
61.830357142861274
61.821428571432705
61.812500000004135
61.803571428575566
61.794642857147
61.78571428571843
61.77678571428986
61.76785714286129
61.75892857143272
61.75000000000415
61.74107142857558
61.73214285714701
61.72321428571844
61.71428571428987
61.7053571428613
61.69642857143273
61.687500000004164
61.678571428575594
61.669642857147025
61.660714285718456
61.651785714289886
61.64285714286132
61.63392857143275
61.62500000000418
61.61607142857561
61.60714285714704
61.59821428571847
61.5892857142899
61.58035714286133
61.57142857143276
61.56250000000419
61.55357142857562
61.54464285714705
61.535714285718484
61.526785714289915
61.517857142861345
61.508928571432776
61.500000000004206
61.49107142857564
61.48214285714707
61.4732142857185
61.46428571428993
61.45535714286136
61.44642857143279
61.43750000000422
61.42857142857565
61.41964285714708
61.41071428571851
61.40178571428994
61.392857142861374
61.383928571432804
61.375000000004235
61.366071428575665
61.357142857147096
61.34821428571853
61.33928571428996
61.33035714286139
61.32142857143282
61.31250000000425
61.30357142857568
61.29464285714711
61.28571428571854
61.27678571428997
61.2678571428614
61.25892857143283
61.25000000000426
61.241071428575694
61.232142857147124
61.223214285718555
61.214285714289986
61.205357142861416
61.19642857143285
61.18750000000428
61.17857142857571
61.16964285714714
61.16071428571857
61.15178571429
61.14285714286143
61.13392857143286
61.12500000000429
61.11607142857572
61.10714285714715
61.09821428571858
61.089285714290014
61.080357142861445
61.071428571432875
61.062500000004306
61.05357142857574
61.04464285714717
61.0357142857186
61.02678571429003
61.01785714286146
61.00892857143289
61.00000000000432
60.99107142857575
60.98214285714718
60.97321428571861
60.96428571429004
60.95535714286147
60.946428571432904
60.937500000004334
60.928571428575765
60.919642857147196
60.910714285718626
60.90178571429006
60.89285714286149
60.88392857143292
60.87500000000435
60.86607142857578
60.85714285714721
60.84821428571864
60.83928571429007
60.8303571428615
60.82142857143293
60.81250000000436
60.80357142857579
60.794642857147224
60.785714285718655
60.776785714290085
60.767857142861516
60.758928571432946
60.75000000000438
60.74107142857581
60.73214285714724
60.72321428571867
60.7142857142901
60.70535714286153
60.69642857143296
60.68750000000439
60.67857142857582
60.66964285714725
60.66071428571868
60.651785714290114
60.642857142861544
60.633928571432975
60.625000000004405
60.616071428575836
60.60714285714727
60.5982142857187
60.58928571429013
60.58035714286156
60.57142857143299
60.56250000000442
60.55357142857585
60.54464285714728
60.53571428571871
60.52678571429014
60.51785714286157
60.508928571433
60.500000000004434
60.491071428575864
60.482142857147295
60.473214285718726
60.464285714290156
60.45535714286159
60.44642857143302
60.43750000000445
60.42857142857588
60.41964285714731
60.41071428571874
60.40178571429017
60.3928571428616
60.38392857143303
60.37500000000446
60.36607142857589
60.35714285714732
60.348214285718754
60.339285714290185
60.330357142861615
60.321428571433046
60.312500000004476
60.30357142857591
60.29464285714734
60.28571428571877
60.2767857142902
60.26785714286163
60.25892857143306
60.25000000000449
60.24107142857592
60.23214285714735
60.22321428571878
60.21428571429021
60.205357142861644
60.196428571433074
60.187500000004505
60.178571428575935
60.169642857147366
60.1607142857188
60.15178571429023
60.14285714286166
60.13392857143309
60.12500000000452
60.11607142857595
60.10714285714738
60.09821428571881
60.08928571429024
60.08035714286167
60.0714285714331
60.06250000000453
60.053571428575964
60.044642857147394
60.035714285718825
60.026785714290256
60.017857142861686
60.00892857143312
60.00000000000455
59.99107142857598
59.98214285714741
59.97321428571884
59.96428571429027
59.9553571428617
59.94642857143313
59.93750000000456
59.92857142857599
59.91964285714742
59.91071428571885
59.901785714290284
59.892857142861715
59.883928571433145
59.875000000004576
59.86607142857601
59.85714285714744
59.84821428571887
59.8392857142903
59.83035714286173
59.82142857143316
59.81250000000459
59.80357142857602
59.79464285714745
59.78571428571888
59.77678571429031
59.76785714286174
59.758928571433174
59.750000000004604
59.741071428576035
59.732142857147466
59.723214285718896
59.71428571429033
59.70535714286176
59.69642857143319
59.68750000000462
59.67857142857605
59.66964285714748
59.66071428571891
59.65178571429034
59.64285714286177
59.6339285714332
59.62500000000463
59.61607142857606
59.607142857147494
59.598214285718925
59.589285714290355
59.580357142861786
59.571428571433216
59.56250000000465
59.55357142857608
59.54464285714751
59.53571428571894
59.52678571429037
59.5178571428618
59.50892857143323
59.50000000000466
59.49107142857609
59.48214285714752
59.47321428571895
59.464285714290384
59.455357142861814
59.446428571433245
59.437500000004675
59.428571428576106
59.41964285714754
59.41071428571897
59.4017857142904
59.39285714286183
59.38392857143326
59.37500000000469
59.36607142857612
59.35714285714755
59.34821428571898
59.33928571429041
59.33035714286184
59.32142857143327
59.312500000004704
59.303571428576134
59.294642857147565
59.285714285718996
59.276785714290426
59.26785714286186
59.25892857143329
59.25000000000472
59.24107142857615
59.23214285714758
59.22321428571901
59.21428571429044
59.20535714286187
59.1964285714333
59.18750000000473
59.17857142857616
59.16964285714759
59.160714285719024
59.151785714290455
59.142857142861885
59.133928571433316
59.125000000004746
59.11607142857618
59.10714285714761
59.09821428571904
59.08928571429047
59.0803571428619
59.07142857143333
59.06250000000476
59.05357142857619
59.04464285714762
59.03571428571905
59.02678571429048
59.017857142861914
59.008928571433344
59.000000000004775
58.991071428576205
58.982142857147636
58.97321428571907
58.9642857142905
58.95535714286193
58.94642857143336
58.93750000000479
58.92857142857622
58.91964285714765
58.91071428571908
58.90178571429051
58.89285714286194
58.88392857143337
58.8750000000048
58.866071428576234
58.857142857147664
58.848214285719095
58.839285714290526
58.830357142861956
58.82142857143339
58.81250000000482
58.80357142857625
58.79464285714768
58.78571428571911
58.77678571429054
58.76785714286197
58.7589285714334
58.75000000000483
58.74107142857626
58.73214285714769
58.72321428571912
58.714285714290554
58.705357142861985
58.696428571433415
58.687500000004846
58.67857142857628
58.66964285714771
58.66071428571914
58.65178571429057
58.642857142862
58.63392857143343
58.62500000000486
58.61607142857629
58.60714285714772
58.59821428571915
58.58928571429058
58.58035714286201
58.571428571433444
58.562500000004874
58.553571428576305
58.544642857147736
58.535714285719166
58.5267857142906
58.51785714286203
58.50892857143346
58.50000000000489
58.49107142857632
58.48214285714775
58.47321428571918
58.46428571429061
58.45535714286204
58.44642857143347
58.4375000000049
58.42857142857633
58.419642857147764
58.410714285719195
58.401785714290625
58.392857142862056
58.383928571433486
58.37500000000492
58.36607142857635
58.35714285714778
58.34821428571921
58.33928571429064
58.33035714286207
58.3214285714335
58.31250000000493
58.30357142857636
58.29464285714779
58.28571428571922
58.276785714290654
58.267857142862084
58.258928571433515
58.250000000004945
58.241071428576376
58.23214285714781
58.22321428571924
58.21428571429067
58.2053571428621
58.19642857143353
58.18750000000496
58.17857142857639
58.16964285714782
58.16071428571925
58.15178571429068
58.14285714286211
58.13392857143354
58.125000000004974
58.116071428576404
58.107142857147835
58.098214285719266
58.089285714290696
58.08035714286213
58.07142857143356
58.06250000000499
58.05357142857642
58.04464285714785
58.03571428571928
58.02678571429071
58.01785714286214
58.00892857143357
58.000000000005
57.99107142857643
57.98214285714786
57.973214285719294
57.964285714290725
57.955357142862155
57.946428571433586
57.937500000005016
57.92857142857645
57.91964285714788
57.91071428571931
57.90178571429074
57.89285714286217
57.8839285714336
57.87500000000503
57.86607142857646
57.85714285714789
57.84821428571932
57.83928571429075
57.830357142862184
57.821428571433614
57.812500000005045
57.803571428576475
57.794642857147906
57.78571428571934
57.77678571429077
57.7678571428622
57.75892857143363
57.75000000000506
57.74107142857649
57.73214285714792
57.72321428571935
57.71428571429078
57.70535714286221
57.69642857143364
57.68750000000507
57.678571428576504
57.669642857147934
57.660714285719365
57.651785714290796
57.642857142862226
57.63392857143366
57.62500000000509
57.61607142857652
57.60714285714795
57.59821428571938
57.58928571429081
57.58035714286224
57.57142857143367
57.5625000000051
57.55357142857653
57.54464285714796
57.53571428571939
57.526785714290824
57.517857142862255
57.508928571433685
57.500000000005116
57.49107142857655
57.48214285714798
57.47321428571941
57.46428571429084
57.45535714286227
57.4464285714337
57.43750000000513
57.42857142857656
57.41964285714799
57.41071428571942
57.40178571429085
57.39285714286228
57.383928571433714
57.375000000005144
57.366071428576575
57.357142857148006
57.348214285719436
57.33928571429087
57.3303571428623
57.32142857143373
57.31250000000516
57.30357142857659
57.29464285714802
57.28571428571945
57.27678571429088
57.26785714286231
57.25892857143374
57.25000000000517
57.2410714285766
57.232142857148034
57.223214285719465
57.214285714290895
57.205357142862326
57.196428571433756
57.18750000000519
57.17857142857662
57.16964285714805
57.16071428571948
57.15178571429091
57.14285714286234
57.13392857143377
57.1250000000052
57.11607142857663
57.10714285714806
57.09821428571949
57.089285714290924
57.080357142862354
57.071428571433785
57.062500000005215
57.053571428576646
57.04464285714808
57.03571428571951
57.02678571429094
57.01785714286237
57.0089285714338
57.00000000000523
56.99107142857666
56.98214285714809
56.97321428571952
56.96428571429095
56.95535714286238
56.94642857143381
56.937500000005244
56.928571428576674
56.919642857148105
56.910714285719536
56.901785714290966
56.8928571428624
56.88392857143383
56.87500000000526
56.86607142857669
56.85714285714812
56.84821428571955
56.83928571429098
56.83035714286241
56.82142857143384
56.81250000000527
56.8035714285767
56.79464285714813
56.785714285719564
56.776785714290995
56.767857142862425
56.758928571433856
56.750000000005286
56.74107142857672
56.73214285714815
56.72321428571958
56.71428571429101
56.70535714286244
56.69642857143387
56.6875000000053
56.67857142857673
56.66964285714816
56.66071428571959
56.65178571429102
56.642857142862454
56.633928571433884
56.625000000005315
56.616071428576745
56.607142857148176
56.59821428571961
56.58928571429104
56.58035714286247
56.5714285714339
56.56250000000533
56.55357142857676
56.54464285714819
56.53571428571962
56.52678571429105
56.51785714286248
56.50892857143391
56.50000000000534
56.491071428576774
56.482142857148204
56.473214285719635
56.464285714291066
56.455357142862496
56.44642857143393
56.43750000000536
56.42857142857679
56.41964285714822
56.41071428571965
56.40178571429108
56.39285714286251
56.38392857143394
56.37500000000537
56.3660714285768
56.35714285714823
56.34821428571966
56.339285714291094
56.330357142862525
56.321428571433955
56.312500000005386
56.30357142857682
56.29464285714825
56.28571428571968
56.27678571429111
56.26785714286254
56.25892857143397
56.2500000000054
56.24107142857683
56.23214285714826
56.22321428571969
56.21428571429112
56.20535714286255
56.196428571433984
56.187500000005414
56.178571428576845
56.169642857148276
56.160714285719706
56.15178571429114
56.14285714286257
56.133928571434
56.12500000000543
56.11607142857686
56.10714285714829
56.09821428571972
56.08928571429115
56.08035714286258
56.07142857143401
56.06250000000544
56.05357142857687
56.044642857148304
56.035714285719735
56.026785714291165
56.017857142862596
56.008928571434026
56.00000000000546
55.99107142857689
55.98214285714832
55.97321428571975
55.96428571429118
55.95535714286261
55.94642857143404
55.93750000000547
55.9285714285769
55.91964285714833
55.91071428571976
55.901785714291194
55.892857142862624
55.883928571434055
55.875000000005485
55.866071428576916
55.85714285714835
55.84821428571978
55.83928571429121
55.83035714286264
55.82142857143407
55.8125000000055
55.80357142857693
55.79464285714836
55.78571428571979
55.77678571429122
55.76785714286265
55.75892857143408
55.750000000005514
55.741071428576944
55.732142857148375
55.723214285719806
55.714285714291236
55.70535714286267
55.6964285714341
55.68750000000553
55.67857142857696
55.66964285714839
55.66071428571982
55.65178571429125
55.64285714286268
55.63392857143411
55.62500000000554
55.61607142857697
55.6071428571484
55.598214285719834
55.589285714291265
55.580357142862695
55.571428571434126
55.562500000005556
55.55357142857699
55.54464285714842
55.53571428571985
55.52678571429128
55.51785714286271
55.50892857143414
55.50000000000557
55.491071428577
55.48214285714843
55.47321428571986
55.46428571429129
55.455357142862724
55.446428571434154
55.437500000005585
55.428571428577015
55.419642857148446
55.41071428571988
55.40178571429131
55.39285714286274
55.38392857143417
55.3750000000056
55.36607142857703
55.35714285714846
55.34821428571989
55.33928571429132
55.33035714286275
55.32142857143418
55.31250000000561
55.303571428577044
55.294642857148474
55.285714285719905
55.276785714291336
55.267857142862766
55.2589285714342
55.25000000000563
55.24107142857706
55.23214285714849
55.22321428571992
55.21428571429135
55.20535714286278
55.19642857143421
55.18750000000564
55.17857142857707
55.1696428571485
55.16071428571993
55.151785714291364
55.142857142862795
55.133928571434225
55.125000000005656
55.11607142857709
55.10714285714852
55.09821428571995
55.08928571429138
55.08035714286281
55.07142857143424
55.06250000000567
55.0535714285771
55.04464285714853
55.03571428571996
55.02678571429139
55.01785714286282
55.008928571434254
55.000000000005684
54.991071428577115
54.982142857148546
54.973214285719976
54.96428571429141
54.95535714286284
54.94642857143427
54.9375000000057
54.92857142857713
54.91964285714856
54.91071428571999
54.90178571429142
54.89285714286285
54.88392857143428
54.87500000000571
54.86607142857714
54.857142857148574
54.848214285720005
54.839285714291435
54.830357142862866
54.821428571434296
54.81250000000573
54.80357142857716
54.79464285714859
54.78571428572002
54.77678571429145
54.76785714286288
54.75892857143431
54.75000000000574
54.74107142857717
54.7321428571486
54.72321428572003
54.714285714291464
54.705357142862894
54.696428571434325
54.687500000005755
54.678571428577186
54.66964285714862
54.66071428572005
54.65178571429148
54.64285714286291
54.63392857143434
54.62500000000577
54.6160714285772
54.60714285714863
54.59821428572006
54.58928571429149
54.58035714286292
54.57142857143435
54.562500000005784
54.553571428577214
54.544642857148645
54.535714285720076
54.526785714291506
54.51785714286294
54.50892857143437
54.5000000000058
54.49107142857723
54.48214285714866
54.47321428572009
54.46428571429152
54.45535714286295
54.44642857143438
54.43750000000581
54.42857142857724
54.41964285714867
54.410714285720104
54.401785714291535
54.392857142862965
54.383928571434396
54.37500000000583
54.36607142857726
54.35714285714869
54.34821428572012
54.33928571429155
54.33035714286298
54.32142857143441
54.31250000000584
54.30357142857727
54.2946428571487
54.28571428572013
54.27678571429156
54.267857142862994
54.258928571434424
54.250000000005855
54.241071428577285
54.232142857148716
54.22321428572015
54.21428571429158
54.20535714286301
54.19642857143444
54.18750000000587
54.1785714285773
54.16964285714873
54.16071428572016
54.15178571429159
54.14285714286302
54.13392857143445
54.12500000000588
54.116071428577314
54.107142857148744
54.098214285720175
54.089285714291606
54.080357142863036
54.07142857143447
54.0625000000059
54.05357142857733
54.04464285714876
54.03571428572019
54.02678571429162
54.01785714286305
54.00892857143448
54.00000000000591
53.99107142857734
53.98214285714877
53.9732142857202
53.964285714291634
53.955357142863065
53.946428571434495
53.937500000005926
53.92857142857736
53.91964285714879
53.91071428572022
53.90178571429165
53.89285714286308
53.88392857143451
53.87500000000594
53.86607142857737
53.8571428571488
53.84821428572023
53.83928571429166
53.83035714286309
53.821428571434524
53.812500000005954
53.803571428577385
53.794642857148816
53.785714285720246
53.77678571429168
53.76785714286311
53.75892857143454
53.75000000000597
53.7410714285774
53.73214285714883
53.72321428572026
53.71428571429169
53.70535714286312
53.69642857143455
53.68750000000598
53.67857142857741
53.669642857148844
53.660714285720275
53.651785714291705
53.642857142863136
53.633928571434566
53.625000000006
53.61607142857743
53.60714285714886
53.59821428572029
53.58928571429172
53.58035714286315
53.57142857143458
53.56250000000601
53.55357142857744
53.54464285714887
53.5357142857203
53.526785714291734
53.517857142863164
53.508928571434595
53.500000000006025
53.491071428577456
53.48214285714889
53.47321428572032
53.46428571429175
53.45535714286318
53.44642857143461
53.43750000000604
53.42857142857747
53.4196428571489
53.41071428572033
53.40178571429176
53.39285714286319
53.38392857143462
53.375000000006054
53.366071428577484
53.357142857148915
53.348214285720346
53.339285714291776
53.33035714286321
53.32142857143464
53.31250000000607
53.3035714285775
53.29464285714893
53.28571428572036
53.27678571429179
53.26785714286322
53.25892857143465
53.25000000000608
53.24107142857751
53.23214285714894
53.223214285720374
53.214285714291805
53.205357142863235
53.196428571434666
53.1875000000061
53.17857142857753
53.16964285714896
53.16071428572039
53.15178571429182
53.14285714286325
53.13392857143468
53.12500000000611
53.11607142857754
53.10714285714897
53.0982142857204
53.08928571429183
53.080357142863264
53.071428571434694
53.062500000006125
53.053571428577555
53.044642857148986
53.03571428572042
53.02678571429185
53.01785714286328
53.00892857143471
53.00000000000614
52.99107142857757
52.982142857149
52.97321428572043
52.96428571429186
52.95535714286329
52.94642857143472
52.93750000000615
52.928571428577584
52.919642857149015
52.910714285720445
52.901785714291876
52.892857142863306
52.88392857143474
52.87500000000617
52.8660714285776
52.85714285714903
52.84821428572046
52.83928571429189
52.83035714286332
52.82142857143475
52.81250000000618
52.80357142857761
52.79464285714904
52.78571428572047
52.776785714291904
52.767857142863335
52.758928571434765
52.750000000006196
52.74107142857763
52.73214285714906
52.72321428572049
52.71428571429192
52.70535714286335
52.69642857143478
52.68750000000621
52.67857142857764
52.66964285714907
52.6607142857205
52.65178571429193
52.64285714286336
52.633928571434794
52.625000000006224
52.616071428577655
52.607142857149086
52.598214285720516
52.58928571429195
52.58035714286338
52.57142857143481
52.56250000000624
52.55357142857767
52.5446428571491
52.53571428572053
52.52678571429196
52.51785714286339
52.50892857143482
52.50000000000625
52.49107142857768
52.482142857149114
52.473214285720545
52.464285714291975
52.455357142863406
52.446428571434836
52.43750000000627
52.4285714285777
52.41964285714913
52.41071428572056
52.40178571429199
52.39285714286342
52.38392857143485
52.37500000000628
52.36607142857771
52.35714285714914
52.34821428572057
52.339285714292004
52.330357142863434
52.321428571434865
52.312500000006295
52.303571428577726
52.29464285714916
52.28571428572059
52.27678571429202
52.26785714286345
52.25892857143488
52.25000000000631
52.24107142857774
52.23214285714917
52.2232142857206
52.21428571429203
52.20535714286346
52.19642857143489
52.187500000006324
52.178571428577754
52.169642857149185
52.160714285720616
52.151785714292046
52.14285714286348
52.13392857143491
52.12500000000634
52.11607142857777
52.1071428571492
52.09821428572063
52.08928571429206
52.08035714286349
52.07142857143492
52.06250000000635
52.05357142857778
52.04464285714921
52.035714285720644
52.026785714292075
52.017857142863505
52.008928571434936
52.00000000000637
51.9910714285778
51.98214285714923
51.97321428572066
51.96428571429209
51.95535714286352
51.94642857143495
51.93750000000638
51.92857142857781
51.91964285714924
51.91071428572067
51.9017857142921
51.892857142863534
51.883928571434964
51.875000000006395
51.866071428577825
51.857142857149256
51.84821428572069
51.83928571429212
51.83035714286355
51.82142857143498
51.81250000000641
51.80357142857784
51.79464285714927
51.7857142857207
51.77678571429213
51.76785714286356
51.75892857143499
51.75000000000642
51.741071428577854
51.732142857149285
51.723214285720715
51.714285714292146
51.705357142863576
51.69642857143501
51.68750000000644
51.67857142857787
51.6696428571493
51.66071428572073
51.65178571429216
51.64285714286359
51.63392857143502
51.62500000000645
51.61607142857788
51.60714285714931
51.59821428572074
51.589285714292174
51.580357142863605
51.571428571435035
51.562500000006466
51.5535714285779
51.54464285714933
51.53571428572076
51.52678571429219
51.51785714286362
51.50892857143505
51.50000000000648
51.49107142857791
51.48214285714934
51.47321428572077
51.4642857142922
51.45535714286363
51.446428571435064
51.437500000006494
51.428571428577925
51.419642857149356
51.410714285720786
51.40178571429222
51.39285714286365
51.38392857143508
51.37500000000651
51.36607142857794
51.35714285714937
51.3482142857208
51.33928571429223
51.33035714286366
51.32142857143509
51.31250000000652
51.30357142857795
51.294642857149384
51.285714285720815
51.276785714292245
51.267857142863676
51.258928571435106
51.25000000000654
51.24107142857797
51.2321428571494
51.22321428572083
51.21428571429226
51.20535714286369
51.19642857143512
51.18750000000655
51.17857142857798
51.16964285714941
51.16071428572084
51.151785714292274
51.142857142863704
51.133928571435135
51.125000000006565
51.116071428577996
51.10714285714943
51.09821428572086
51.08928571429229
51.08035714286372
51.07142857143515
51.06250000000658
51.05357142857801
51.04464285714944
51.03571428572087
51.0267857142923
51.01785714286373
51.00892857143516
51.000000000006594
50.991071428578024
50.982142857149455
50.973214285720886
50.964285714292316
50.95535714286375
50.94642857143518
50.93750000000661
50.92857142857804
50.91964285714947
50.9107142857209
50.90178571429233
50.89285714286376
50.88392857143519
50.87500000000662
50.86607142857805
50.85714285714948
50.848214285720914
50.839285714292345
50.830357142863775
50.821428571435206
50.81250000000664
50.80357142857807
50.7946428571495
50.78571428572093
50.77678571429236
50.76785714286379
50.75892857143522
50.75000000000665
50.74107142857808
50.73214285714951
50.72321428572094
50.71428571429237
50.705357142863804
50.696428571435234
50.687500000006665
50.678571428578095
50.669642857149526
50.66071428572096
50.65178571429239
50.64285714286382
50.63392857143525
50.62500000000668
50.61607142857811
50.60714285714954
50.59821428572097
50.5892857142924
50.58035714286383
50.57142857143526
50.56250000000669
50.553571428578124
50.544642857149555
50.535714285720985
50.526785714292416
50.517857142863846
50.50892857143528
50.50000000000671
50.49107142857814
50.48214285714957
50.473214285721
50.46428571429243
50.45535714286386
50.44642857143529
50.43750000000672
50.42857142857815
50.41964285714958
50.41071428572101
50.401785714292444
50.392857142863875
50.383928571435305
50.375000000006736
50.36607142857817
50.3571428571496
50.34821428572103
50.33928571429246
50.33035714286389
50.32142857143532
50.31250000000675
50.30357142857818
50.29464285714961
50.28571428572104
50.27678571429247
50.2678571428639
50.258928571435334
50.250000000006764
50.241071428578195
50.232142857149626
50.223214285721056
50.21428571429249
50.20535714286392
50.19642857143535
50.18750000000678
50.17857142857821
50.16964285714964
50.16071428572107
50.1517857142925
50.14285714286393
50.13392857143536
50.12500000000679
50.11607142857822
50.107142857149654
50.098214285721085
50.089285714292515
50.080357142863946
50.071428571435376
50.06250000000681
50.05357142857824
50.04464285714967
50.0357142857211
50.02678571429253
50.01785714286396
50.00892857143539
50.00000000000682
49.99107142857825
49.98214285714968
49.97321428572111
49.964285714292544
49.955357142863974
49.946428571435405
49.937500000006835
49.928571428578266
49.9196428571497
49.91071428572113
49.90178571429256
49.89285714286399
49.88392857143542
49.87500000000685
49.86607142857828
49.85714285714971
49.84821428572114
49.83928571429257
49.830357142864
49.82142857143543
49.812500000006864
49.803571428578294
49.794642857149725
49.785714285721156
49.776785714292586
49.76785714286402
49.75892857143545
49.75000000000688
49.74107142857831
49.73214285714974
49.72321428572117
49.7142857142926
49.70535714286403
49.69642857143546
49.68750000000689
49.67857142857832
49.66964285714975
49.660714285721184
49.651785714292615
49.642857142864045
49.633928571435476
49.62500000000691
49.61607142857834
49.60714285714977
49.5982142857212
49.58928571429263
49.58035714286406
49.57142857143549
49.56250000000692
49.55357142857835
49.54464285714978
49.53571428572121
49.52678571429264
49.517857142864074
49.508928571435504
49.500000000006935
49.491071428578365
49.482142857149796
49.47321428572123
49.46428571429266
49.45535714286409
49.44642857143552
49.43750000000695
49.42857142857838
49.41964285714981
49.41071428572124
49.40178571429267
49.3928571428641
49.38392857143553
49.37500000000696
49.366071428578394
49.357142857149825
49.348214285721255
49.339285714292686
49.330357142864116
49.32142857143555
49.31250000000698
49.30357142857841
49.29464285714984
49.28571428572127
49.2767857142927
49.26785714286413
49.25892857143556
49.25000000000699
49.24107142857842
49.23214285714985
49.22321428572128
49.214285714292714
49.205357142864145
49.196428571435575
49.187500000007006
49.17857142857844
49.16964285714987
49.1607142857213
49.15178571429273
49.14285714286416
49.13392857143559
49.12500000000702
49.11607142857845
49.10714285714988
49.09821428572131
49.08928571429274
49.08035714286417
49.071428571435604
49.062500000007034
49.053571428578465
49.044642857149896
49.035714285721326
49.02678571429276
49.01785714286419
49.00892857143562
49.00000000000705
48.99107142857848
48.98214285714991
48.97321428572134
48.96428571429277
48.9553571428642
48.94642857143563
48.93750000000706
48.92857142857849
48.919642857149924
48.910714285721355
48.901785714292785
48.892857142864216
48.883928571435646
48.87500000000708
48.86607142857851
48.85714285714994
48.84821428572137
48.8392857142928
48.83035714286423
48.82142857143566
48.81250000000709
48.80357142857852
48.79464285714995
48.78571428572138
48.776785714292814
48.767857142864244
48.758928571435675
48.750000000007105
48.741071428578536
48.73214285714997
48.7232142857214
48.71428571429283
48.70535714286426
48.69642857143569
48.68750000000712
48.67857142857855
48.66964285714998
48.66071428572141
48.65178571429284
48.64285714286427
48.6339285714357
48.625000000007134
48.616071428578564
48.607142857149995
48.598214285721426
48.589285714292856
48.58035714286429
48.57142857143572
48.56250000000715
48.55357142857858
48.54464285715001
48.53571428572144
48.52678571429287
48.5178571428643
48.50892857143573
48.50000000000716
48.49107142857859
48.48214285715002
48.473214285721454
48.464285714292885
48.455357142864315
48.446428571435746
48.43750000000718
48.42857142857861
48.41964285715004
48.41071428572147
48.4017857142929
48.39285714286433
48.38392857143576
48.37500000000719
48.36607142857862
48.35714285715005
48.34821428572148
48.33928571429291
48.330357142864344
48.321428571435774
48.312500000007205
48.303571428578636
48.294642857150066
48.2857142857215
48.27678571429293
48.26785714286436
48.25892857143579
48.25000000000722
48.24107142857865
48.23214285715008
48.22321428572151
48.21428571429294
48.20535714286437
48.1964285714358
48.18750000000723
48.178571428578664
48.169642857150095
48.160714285721525
48.151785714292956
48.142857142864386
48.13392857143582
48.12500000000725
48.11607142857868
48.10714285715011
48.09821428572154
48.08928571429297
48.0803571428644
48.07142857143583
48.06250000000726
48.05357142857869
48.04464285715012
48.03571428572155
48.026785714292984
48.017857142864415
48.008928571435845
48.000000000007276
47.99107142857871
47.98214285715014
47.97321428572157
47.964285714293
47.95535714286443
47.94642857143586
47.93750000000729
47.92857142857872
47.91964285715015
47.91071428572158
47.90178571429301
47.89285714286444
47.883928571435874
47.875000000007304
47.866071428578735
47.857142857150166
47.848214285721596
47.83928571429303
47.83035714286446
47.82142857143589
47.81250000000732
47.80357142857875
47.79464285715018
47.78571428572161
47.77678571429304
47.76785714286447
47.7589285714359
47.75000000000733
47.74107142857876
47.732142857150194
47.723214285721625
47.714285714293055
47.705357142864486
47.696428571435916
47.68750000000735
47.67857142857878
47.66964285715021
47.66071428572164
47.65178571429307
47.6428571428645
47.63392857143593
47.62500000000736
47.61607142857879
47.60714285715022
47.59821428572165
47.589285714293084
47.580357142864514
47.571428571435945
47.562500000007375
47.553571428578806
47.54464285715024
47.53571428572167
47.5267857142931
47.51785714286453
47.50892857143596
47.50000000000739
47.49107142857882
47.48214285715025
47.47321428572168
47.46428571429311
47.45535714286454
47.44642857143597
47.437500000007404
47.428571428578834
47.419642857150265
47.410714285721696
47.401785714293126
47.39285714286456
47.38392857143599
47.37500000000742
47.36607142857885
47.35714285715028
47.34821428572171
47.33928571429314
47.33035714286457
47.321428571436
47.31250000000743
47.30357142857886
47.29464285715029
47.285714285721724
47.276785714293155
47.267857142864585
47.258928571436016
47.25000000000745
47.24107142857888
47.23214285715031
47.22321428572174
47.21428571429317
47.2053571428646
47.19642857143603
47.18750000000746
47.17857142857889
47.16964285715032
47.16071428572175
47.15178571429318
47.142857142864614
47.133928571436044
47.125000000007475
47.116071428578906
47.107142857150336
47.09821428572177
47.0892857142932
47.08035714286463
47.07142857143606
47.06250000000749
47.05357142857892
47.04464285715035
47.03571428572178
47.02678571429321
47.01785714286464
47.00892857143607
47.0000000000075
46.991071428578934
46.982142857150365
46.973214285721795
46.964285714293226
46.955357142864656
46.94642857143609
46.93750000000752
46.92857142857895
46.91964285715038
46.91071428572181
46.90178571429324
46.89285714286467
46.8839285714361
46.87500000000753
46.86607142857896
46.85714285715039
46.848214285721824
46.839285714293254
46.830357142864685
46.821428571436115
46.812500000007546
46.80357142857898
46.79464285715041
46.78571428572184
46.77678571429327
46.7678571428647
46.75892857143613
46.75000000000756
46.74107142857899
46.73214285715042
46.72321428572185
46.71428571429328
46.70535714286471
46.696428571436144
46.687500000007574
46.678571428579005
46.669642857150436
46.660714285721866
46.6517857142933
46.64285714286473
46.63392857143616
46.62500000000759
46.61607142857902
46.60714285715045
46.59821428572188
46.58928571429331
46.58035714286474
46.57142857143617
46.5625000000076
46.55357142857903
46.544642857150464
46.535714285721895
46.526785714293325
46.517857142864756
46.508928571436186
46.50000000000762
46.49107142857905
46.48214285715048
46.47321428572191
46.46428571429334
46.45535714286477
46.4464285714362
46.43750000000763
46.42857142857906
46.41964285715049
46.41071428572192
46.401785714293354
46.392857142864784
46.383928571436215
46.375000000007645
46.366071428579076
46.35714285715051
46.34821428572194
46.33928571429337
46.3303571428648
46.32142857143623
46.31250000000766
46.30357142857909
46.29464285715052
46.28571428572195
46.27678571429338
46.26785714286481
46.25892857143624
46.250000000007674
46.241071428579104
46.232142857150535
46.223214285721966
46.214285714293396
46.20535714286483
46.19642857143626
46.18750000000769
46.17857142857912
46.16964285715055
46.16071428572198
46.15178571429341
46.14285714286484
46.13392857143627
46.1250000000077
46.11607142857913
46.10714285715056
46.098214285721994
46.089285714293425
46.080357142864855
46.071428571436286
46.06250000000772
46.05357142857915
46.04464285715058
46.03571428572201
46.02678571429344
46.01785714286487
46.0089285714363
46.00000000000773
45.99107142857916
45.98214285715059
45.97321428572202
45.96428571429345
45.955357142864884
45.946428571436314
45.937500000007745
45.928571428579176
45.919642857150606
45.91071428572204
45.90178571429347
45.8928571428649
45.88392857143633
45.87500000000776
45.86607142857919
45.85714285715062
45.84821428572205
45.83928571429348
45.83035714286491
45.82142857143634
45.81250000000777
45.803571428579204
45.794642857150635
45.785714285722065
45.776785714293496
45.767857142864926
45.75892857143636
45.75000000000779
45.74107142857922
45.73214285715065
45.72321428572208
45.71428571429351
45.70535714286494
45.69642857143637
45.6875000000078
45.67857142857923
45.66964285715066
45.660714285722094
45.651785714293524
45.642857142864955
45.633928571436385
45.625000000007816
45.61607142857925
45.60714285715068
45.59821428572211
45.58928571429354
45.58035714286497
45.5714285714364
45.56250000000783
45.55357142857926
45.54464285715069
45.53571428572212
45.52678571429355
45.51785714286498
45.508928571436414
45.500000000007844
45.491071428579275
45.482142857150706
45.473214285722136
45.46428571429357
45.455357142865
45.44642857143643
45.43750000000786
45.42857142857929
45.41964285715072
45.41071428572215
45.40178571429358
45.39285714286501
45.38392857143644
45.37500000000787
45.3660714285793
45.357142857150734
45.348214285722165
45.339285714293595
45.330357142865026
45.321428571436456
45.31250000000789
45.30357142857932
45.29464285715075
45.28571428572218
45.27678571429361
45.26785714286504
45.25892857143647
45.2500000000079
45.24107142857933
45.23214285715076
45.22321428572219
45.214285714293624
45.205357142865054
45.196428571436485
45.187500000007915
45.178571428579346
45.16964285715078
45.16071428572221
45.15178571429364
45.14285714286507
45.1339285714365
45.12500000000793
45.11607142857936
45.10714285715079
45.09821428572222
45.08928571429365
45.08035714286508
45.07142857143651
45.062500000007944
45.053571428579374
45.044642857150805
45.035714285722236
45.026785714293666
45.0178571428651
45.00892857143653
45.00000000000796
44.99107142857939
44.98214285715082
44.97321428572225
44.96428571429368
44.95535714286511
44.94642857143654
44.93750000000797
44.9285714285794
44.91964285715083
44.910714285722264
44.901785714293695
44.892857142865125
44.883928571436556
44.87500000000799
44.86607142857942
44.85714285715085
44.84821428572228
44.83928571429371
44.83035714286514
44.82142857143657
44.812500000008
44.80357142857943
44.79464285715086
44.78571428572229
44.77678571429372
44.767857142865154
44.758928571436584
44.750000000008015
44.741071428579446
44.732142857150876
44.72321428572231
44.71428571429374
44.70535714286517
44.6964285714366
44.68750000000803
44.67857142857946
44.66964285715089
44.66071428572232
44.65178571429375
44.64285714286518
44.63392857143661
44.62500000000804
44.616071428579474
44.607142857150905
44.598214285722335
44.589285714293766
44.580357142865196
44.57142857143663
44.56250000000806
44.55357142857949
44.54464285715092
44.53571428572235
44.52678571429378
44.51785714286521
44.50892857143664
44.50000000000807
44.4910714285795
44.48214285715093
44.473214285722364
44.464285714293794
44.455357142865225
44.446428571436655
44.437500000008086
44.42857142857952
44.41964285715095
44.41071428572238
44.40178571429381
44.39285714286524
44.38392857143667
44.3750000000081
44.36607142857953
44.35714285715096
44.34821428572239
44.33928571429382
44.33035714286525
44.321428571436684
44.312500000008114
44.303571428579545
44.294642857150976
44.285714285722406
44.27678571429384
44.26785714286527
44.2589285714367
44.25000000000813
44.24107142857956
44.23214285715099
44.22321428572242
44.21428571429385
44.20535714286528
44.19642857143671
44.18750000000814
44.17857142857957
44.169642857151004
44.160714285722435
44.151785714293865
44.142857142865296
44.133928571436726
44.12500000000816
44.11607142857959
44.10714285715102
44.09821428572245
44.08928571429388
44.08035714286531
44.07142857143674
44.06250000000817
44.0535714285796
44.04464285715103
44.03571428572246
44.026785714293894
44.017857142865324
44.008928571436755
44.000000000008185
43.991071428579616
43.98214285715105
43.97321428572248
43.96428571429391
43.95535714286534
43.94642857143677
43.9375000000082
43.92857142857963
43.91964285715106
43.91071428572249
43.90178571429392
43.89285714286535
43.88392857143678
43.875000000008214
43.866071428579644
43.857142857151075
43.848214285722506
43.839285714293936
43.83035714286537
43.8214285714368
43.81250000000823
43.80357142857966
43.79464285715109
43.78571428572252
43.77678571429395
43.76785714286538
43.75892857143681
43.75000000000824
43.74107142857967
43.7321428571511
43.723214285722534
43.714285714293965
43.705357142865395
43.696428571436826
43.68750000000826
43.67857142857969
43.66964285715112
43.66071428572255
43.65178571429398
43.64285714286541
43.63392857143684
43.62500000000827
43.6160714285797
43.60714285715113
43.59821428572256
43.58928571429399
43.580357142865424
43.571428571436854
43.562500000008285
43.553571428579716
43.544642857151146
43.53571428572258
43.52678571429401
43.51785714286544
43.50892857143687
43.5000000000083
43.49107142857973
43.48214285715116
43.47321428572259
43.46428571429402
43.45535714286545
43.44642857143688
43.43750000000831
43.428571428579744
43.419642857151175
43.410714285722605
43.401785714294036
43.392857142865466
43.3839285714369
43.37500000000833
43.36607142857976
43.35714285715119
43.34821428572262
43.33928571429405
43.33035714286548
43.32142857143691
43.31250000000834
43.30357142857977
43.2946428571512
43.285714285722634
43.276785714294064
43.267857142865495
43.258928571436925
43.250000000008356
43.24107142857979
43.23214285715122
43.22321428572265
43.21428571429408
43.20535714286551
43.19642857143694
43.18750000000837
43.1785714285798
43.16964285715123
43.16071428572266
43.15178571429409
43.14285714286552
43.133928571436954
43.125000000008384
43.116071428579815
43.107142857151246
43.098214285722676
43.08928571429411
43.08035714286554
43.07142857143697
43.0625000000084
43.05357142857983
43.04464285715126
43.03571428572269
43.02678571429412
43.01785714286555
43.00892857143698
43.00000000000841
42.99107142857984
42.982142857151274
42.973214285722705
42.964285714294135
42.955357142865566
42.946428571436996
42.93750000000843
42.92857142857986
42.91964285715129
42.91071428572272
42.90178571429415
42.89285714286558
42.88392857143701
42.87500000000844
42.86607142857987
42.8571428571513
42.84821428572273
42.839285714294164
42.830357142865594
42.821428571437025
42.812500000008455
42.803571428579886
42.79464285715132
42.78571428572275
42.77678571429418
42.76785714286561
42.75892857143704
42.75000000000847
42.7410714285799
42.73214285715133
42.72321428572276
42.71428571429419
42.70535714286562
42.69642857143705
42.687500000008484
42.678571428579914
42.669642857151345
42.660714285722776
42.651785714294206
42.64285714286564
42.63392857143707
42.6250000000085
42.61607142857993
42.60714285715136
42.59821428572279
42.58928571429422
42.58035714286565
42.57142857143708
42.56250000000851
42.55357142857994
42.54464285715137
42.535714285722804
42.526785714294235
42.517857142865665
42.508928571437096
42.50000000000853
42.49107142857996
42.48214285715139
42.47321428572282
42.46428571429425
42.45535714286568
42.44642857143711
42.43750000000854
42.42857142857997
42.4196428571514
42.41071428572283
42.40178571429426
42.392857142865694
42.383928571437124
42.375000000008555
42.366071428579986
42.357142857151416
42.34821428572285
42.33928571429428
42.33035714286571
42.32142857143714
42.31250000000857
42.30357142858
42.29464285715143
42.28571428572286
42.27678571429429
42.26785714286572
42.25892857143715
42.25000000000858
42.241071428580014
42.232142857151445
42.223214285722875
42.214285714294306
42.205357142865736
42.19642857143717
42.1875000000086
42.17857142858003
42.16964285715146
42.16071428572289
42.15178571429432
42.14285714286575
42.13392857143718
42.12500000000861
42.11607142858004
42.10714285715147
42.098214285722904
42.089285714294334
42.080357142865765
42.071428571437195
42.062500000008626
42.05357142858006
42.04464285715149
42.03571428572292
42.02678571429435
42.01785714286578
42.00892857143721
42.00000000000864
41.99107142858007
41.9821428571515
41.97321428572293
41.96428571429436
41.95535714286579
41.946428571437224
41.937500000008654
41.928571428580085
41.919642857151516
41.910714285722946
41.90178571429438
41.89285714286581
41.88392857143724
41.87500000000867
41.8660714285801
41.85714285715153
41.84821428572296
41.83928571429439
41.83035714286582
41.82142857143725
41.81250000000868
41.80357142858011
41.794642857151544
41.785714285722975
41.776785714294405
41.767857142865836
41.758928571437266
41.7500000000087
41.74107142858013
41.73214285715156
41.72321428572299
41.71428571429442
41.70535714286585
41.69642857143728
41.68750000000871
41.67857142858014
41.66964285715157
41.660714285723
41.651785714294434
41.642857142865864
41.633928571437295
41.625000000008725
41.616071428580156
41.60714285715159
41.59821428572302
41.58928571429445
41.58035714286588
41.57142857143731
41.56250000000874
41.55357142858017
41.5446428571516
41.53571428572303
41.52678571429446
41.51785714286589
41.50892857143732
41.500000000008754
41.491071428580184
41.482142857151615
41.473214285723046
41.464285714294476
41.45535714286591
41.44642857143734
41.43750000000877
41.4285714285802
41.41964285715163
41.41071428572306
41.40178571429449
41.39285714286592
41.38392857143735
41.37500000000878
41.36607142858021
41.35714285715164
41.348214285723074
41.339285714294505
41.330357142865935
41.321428571437366
41.3125000000088
41.30357142858023
41.29464285715166
41.28571428572309
41.27678571429452
41.26785714286595
41.25892857143738
41.25000000000881
41.24107142858024
41.23214285715167
41.2232142857231
41.21428571429453
41.205357142865964
41.196428571437394
41.187500000008825
41.178571428580256
41.169642857151686
41.16071428572312
41.15178571429455
41.14285714286598
41.13392857143741
41.12500000000884
41.11607142858027
41.1071428571517
41.09821428572313
41.08928571429456
41.08035714286599
41.07142857143742
41.06250000000885
41.053571428580284
41.044642857151715
41.035714285723145
41.026785714294576
41.017857142866006
41.00892857143744
41.00000000000887
40.9910714285803
40.98214285715173
40.97321428572316
40.96428571429459
40.95535714286602
40.94642857143745
40.93750000000888
40.92857142858031
40.91964285715174
40.910714285723174
40.901785714294604
40.892857142866035
40.883928571437465
40.875000000008896
40.86607142858033
40.85714285715176
40.84821428572319
40.83928571429462
40.83035714286605
40.82142857143748
40.81250000000891
40.80357142858034
40.79464285715177
40.7857142857232
40.77678571429463
40.76785714286606
40.758928571437494
40.750000000008924
40.741071428580355
40.732142857151786
40.723214285723216
40.71428571429465
40.70535714286608
40.69642857143751
40.68750000000894
40.67857142858037
40.6696428571518
40.66071428572323
40.65178571429466
40.64285714286609
40.63392857143752
40.62500000000895
40.61607142858038
40.607142857151814
40.598214285723245
40.589285714294675
40.580357142866106
40.57142857143754
40.56250000000897
40.5535714285804
40.54464285715183
40.53571428572326
40.52678571429469
40.51785714286612
40.50892857143755
40.50000000000898
40.49107142858041
40.48214285715184
40.47321428572327
40.464285714294704
40.455357142866134
40.446428571437565
40.437500000008995
40.428571428580426
40.41964285715186
40.41071428572329
40.40178571429472
40.39285714286615
40.38392857143758
40.37500000000901
40.36607142858044
40.35714285715187
40.3482142857233
40.33928571429473
40.33035714286616
40.32142857143759
40.312500000009024
40.303571428580454
40.294642857151885
40.285714285723316
40.276785714294746
40.26785714286618
40.25892857143761
40.25000000000904
40.24107142858047
40.2321428571519
40.22321428572333
40.21428571429476
40.20535714286619
40.19642857143762
40.18750000000905
40.17857142858048
40.16964285715191
40.160714285723344
40.151785714294775
40.142857142866205
40.133928571437636
40.12500000000907
40.1160714285805
40.10714285715193
40.09821428572336
40.08928571429479
40.08035714286622
40.07142857143765
40.06250000000908
40.05357142858051
40.04464285715194
40.03571428572337
40.0267857142948
40.017857142866234
40.008928571437664
40.000000000009095
39.991071428580526
39.982142857151956
39.97321428572339
39.96428571429482
39.95535714286625
39.94642857143768
39.93750000000911
39.92857142858054
39.91964285715197
39.9107142857234
39.90178571429483
39.89285714286626
39.88392857143769
39.87500000000912
39.866071428580554
39.857142857151985
39.848214285723415
39.839285714294846
39.830357142866276
39.82142857143771
39.81250000000914
39.80357142858057
39.794642857152
39.78571428572343
39.77678571429486
39.76785714286629
39.75892857143772
39.75000000000915
39.74107142858058
39.73214285715201
39.723214285723444
39.714285714294874
39.705357142866305
39.696428571437735
39.687500000009166
39.6785714285806
39.66964285715203
39.66071428572346
39.65178571429489
39.64285714286632
39.63392857143775
39.62500000000918
39.61607142858061
39.60714285715204
39.59821428572347
39.5892857142949
39.58035714286633
39.571428571437764
39.562500000009194
39.553571428580625
39.544642857152056
39.535714285723486
39.52678571429492
39.51785714286635
39.50892857143778
39.50000000000921
39.49107142858064
39.48214285715207
39.4732142857235
39.46428571429493
39.45535714286636
39.44642857143779
39.43750000000922
39.42857142858065
39.419642857152084
39.410714285723515
39.401785714294945
39.392857142866376
39.38392857143781
39.37500000000924
39.36607142858067
39.3571428571521
39.34821428572353
39.33928571429496
39.33035714286639
39.32142857143782
39.31250000000925
39.30357142858068
39.29464285715211
39.28571428572354
39.276785714294974
39.267857142866404
39.258928571437835
39.250000000009265
39.241071428580696
39.23214285715213
39.22321428572356
39.21428571429499
39.20535714286642
39.19642857143785
39.18750000000928
39.17857142858071
39.16964285715214
39.16071428572357
39.151785714295
39.14285714286643
39.13392857143786
39.125000000009294
39.116071428580725
39.107142857152155
39.098214285723586
39.089285714295016
39.08035714286645
39.07142857143788
39.06250000000931
39.05357142858074
39.04464285715217
39.0357142857236
39.02678571429503
39.01785714286646
39.00892857143789
39.00000000000932
38.99107142858075
38.98214285715218
38.973214285723614
38.964285714295045
38.955357142866475
38.946428571437906
38.93750000000934
38.92857142858077
38.9196428571522
38.91071428572363
38.90178571429506
38.89285714286649
38.88392857143792
38.87500000000935
38.86607142858078
38.85714285715221
38.84821428572364
38.83928571429507
38.830357142866504
38.821428571437934
38.812500000009365
38.803571428580796
38.794642857152226
38.78571428572366
38.77678571429509
38.76785714286652
38.75892857143795
38.75000000000938
38.74107142858081
38.73214285715224
38.72321428572367
38.7142857142951
38.70535714286653
38.69642857143796
38.68750000000939
38.678571428580824
38.669642857152255
38.660714285723685
38.651785714295116
38.642857142866546
38.63392857143798
38.62500000000941
38.61607142858084
38.60714285715227
38.5982142857237
38.58928571429513
38.58035714286656
38.57142857143799
38.56250000000942
38.55357142858085
38.54464285715228
38.535714285723714
38.526785714295144
38.517857142866575
38.508928571438005
38.500000000009436
38.49107142858087
38.4821428571523
38.47321428572373
38.46428571429516
38.45535714286659
38.44642857143802
38.43750000000945
38.42857142858088
38.41964285715231
38.41071428572374
38.40178571429517
38.3928571428666
38.383928571438034
38.375000000009464
38.366071428580895
38.357142857152326
38.348214285723756
38.33928571429519
38.33035714286662
38.32142857143805
38.31250000000948
38.30357142858091
38.29464285715234
38.28571428572377
38.2767857142952
38.26785714286663
38.25892857143806
38.25000000000949
38.24107142858092
38.232142857152354
38.223214285723785
38.214285714295215
38.205357142866646
38.19642857143808
38.18750000000951
38.17857142858094
38.16964285715237
38.1607142857238
38.15178571429523
38.14285714286666
38.13392857143809
38.12500000000952
38.11607142858095
38.10714285715238
38.09821428572381
38.089285714295244
38.080357142866674
38.071428571438105
38.062500000009535
38.053571428580966
38.0446428571524
38.03571428572383
38.02678571429526
38.01785714286669
38.00892857143812
38.00000000000955
37.99107142858098
37.98214285715241
37.97321428572384
37.96428571429527
37.9553571428667
37.94642857143813
37.937500000009564
37.928571428580995
37.919642857152425
37.910714285723856
37.901785714295286
37.89285714286672
37.88392857143815
37.87500000000958
37.86607142858101
37.85714285715244
37.84821428572387
37.8392857142953
37.83035714286673
37.82142857143816
37.81250000000959
37.80357142858102
37.79464285715245
37.785714285723884
37.776785714295315
37.767857142866745
37.758928571438176
37.75000000000961
37.74107142858104
37.73214285715247
37.7232142857239
37.71428571429533
37.70535714286676
37.69642857143819
37.68750000000962
37.67857142858105
37.66964285715248
37.66071428572391
37.65178571429534
37.642857142866774
37.633928571438204
37.625000000009635
37.616071428581066
37.607142857152496
37.59821428572393
37.58928571429536
37.58035714286679
37.57142857143822
37.56250000000965
37.55357142858108
37.54464285715251
37.53571428572394
37.52678571429537
37.5178571428668
37.50892857143823
37.50000000000966
37.491071428581094
37.482142857152525
37.473214285723955
37.464285714295386
37.455357142866816
37.44642857143825
37.43750000000968
37.42857142858111
37.41964285715254
37.41071428572397
37.4017857142954
37.39285714286683
37.38392857143826
37.37500000000969
37.36607142858112
37.35714285715255
37.348214285723984
37.339285714295414
37.330357142866845
37.321428571438275
37.312500000009706
37.30357142858114
37.29464285715257
37.285714285724
37.27678571429543
37.26785714286686
37.25892857143829
37.25000000000972
37.24107142858115
37.23214285715258
37.22321428572401
37.21428571429544
37.20535714286687
37.196428571438304
37.187500000009734
37.178571428581165
37.169642857152596
37.160714285724026
37.15178571429546
37.14285714286689
37.13392857143832
37.12500000000975
37.11607142858118
37.10714285715261
37.09821428572404
37.08928571429547
37.0803571428669
37.07142857143833
37.06250000000976
37.05357142858119
37.044642857152624
37.035714285724055
37.026785714295485
37.017857142866916
37.00892857143835
37.00000000000978
36.99107142858121
36.98214285715264
36.97321428572407
36.9642857142955
36.95535714286693
36.94642857143836
36.93750000000979
36.92857142858122
36.91964285715265
36.91071428572408
36.901785714295514
36.892857142866944
36.883928571438375
36.875000000009805
36.866071428581236
36.85714285715267
36.8482142857241
36.83928571429553
36.83035714286696
36.82142857143839
36.81250000000982
36.80357142858125
36.79464285715268
36.78571428572411
36.77678571429554
36.76785714286697
36.7589285714384
36.750000000009834
36.741071428581265
36.732142857152695
36.723214285724126
36.714285714295556
36.70535714286699
36.69642857143842
36.68750000000985
36.67857142858128
36.66964285715271
36.66071428572414
36.65178571429557
36.642857142867
36.63392857143843
36.62500000000986
36.61607142858129
36.60714285715272
36.598214285724154
36.589285714295585
36.580357142867015
36.571428571438446
36.56250000000988
36.55357142858131
36.54464285715274
36.53571428572417
36.5267857142956
36.51785714286703
36.50892857143846
36.50000000000989
36.49107142858132
36.48214285715275
36.47321428572418
36.46428571429561
36.455357142867044
36.446428571438474
36.437500000009905
36.428571428581336
36.419642857152766
36.4107142857242
36.40178571429563
36.39285714286706
36.38392857143849
36.37500000000992
36.36607142858135
36.35714285715278
36.34821428572421
36.33928571429564
36.33035714286707
36.3214285714385
36.31250000000993
36.303571428581364
36.294642857152795
36.285714285724225
36.276785714295656
36.267857142867086
36.25892857143852
36.25000000000995
36.24107142858138
36.23214285715281
36.22321428572424
36.21428571429567
36.2053571428671
36.19642857143853
36.18750000000996
36.17857142858139
36.16964285715282
36.160714285724254
36.151785714295684
36.142857142867115
36.133928571438545
36.125000000009976
36.11607142858141
36.10714285715284
36.09821428572427
36.0892857142957
36.08035714286713
36.07142857143856
36.06250000000999
36.05357142858142
36.04464285715285
36.03571428572428
36.02678571429571
36.01785714286714
36.008928571438574
36.000000000010004
35.991071428581435
35.982142857152866
35.973214285724296
35.96428571429573
35.95535714286716
35.94642857143859
35.93750000001002
35.92857142858145
35.91964285715288
35.91071428572431
35.90178571429574
35.89285714286717
35.8839285714386
35.87500000001003
35.86607142858146
35.857142857152894
35.848214285724325
35.839285714295755
35.830357142867186
35.82142857143862
35.81250000001005
35.80357142858148
35.79464285715291
35.78571428572434
35.77678571429577
35.7678571428672
35.75892857143863
35.75000000001006
35.74107142858149
35.73214285715292
35.72321428572435
35.714285714295784
35.705357142867214
35.696428571438645
35.687500000010075
35.678571428581506
35.66964285715294
35.66071428572437
35.6517857142958
35.64285714286723
35.63392857143866
35.62500000001009
35.61607142858152
35.60714285715295
35.59821428572438
35.58928571429581
35.58035714286724
35.57142857143867
35.562500000010104
35.553571428581535
35.544642857152965
35.535714285724396
35.526785714295826
35.51785714286726
35.50892857143869
35.50000000001012
35.49107142858155
35.48214285715298
35.47321428572441
35.46428571429584
35.45535714286727
35.4464285714387
35.43750000001013
35.42857142858156
35.41964285715299
35.410714285724424
35.401785714295855
35.392857142867285
35.383928571438716
35.37500000001015
35.36607142858158
35.35714285715301
35.34821428572444
35.33928571429587
35.3303571428673
35.32142857143873
35.31250000001016
35.30357142858159
35.29464285715302
35.28571428572445
35.27678571429588
35.267857142867314
35.258928571438744
35.250000000010175
35.241071428581606
35.232142857153036
35.22321428572447
35.2142857142959
35.20535714286733
35.19642857143876
35.18750000001019
35.17857142858162
35.16964285715305
35.16071428572448
35.15178571429591
35.14285714286734
35.13392857143877
35.1250000000102
35.116071428581634
35.107142857153065
35.098214285724495
35.089285714295926
35.080357142867356
35.07142857143879
35.06250000001022
35.05357142858165
35.04464285715308
35.03571428572451
35.02678571429594
35.01785714286737
35.0089285714388
35.00000000001023
34.99107142858166
34.98214285715309
34.973214285724524
34.964285714295954
34.955357142867385
34.946428571438815
34.937500000010246
34.92857142858168
34.91964285715311
34.91071428572454
34.90178571429597
34.8928571428674
34.88392857143883
34.87500000001026
34.86607142858169
34.85714285715312
34.84821428572455
34.83928571429598
34.83035714286741
34.821428571438844
34.812500000010274
34.803571428581705
34.794642857153136
34.785714285724566
34.776785714296
34.76785714286743
34.75892857143886
34.75000000001029
34.74107142858172
34.73214285715315
34.72321428572458
34.71428571429601
34.70535714286744
34.69642857143887
34.6875000000103
34.67857142858173
34.669642857153164
34.660714285724595
34.651785714296025
34.642857142867456
34.63392857143889
34.62500000001032
34.61607142858175
34.60714285715318
34.59821428572461
34.58928571429604
34.58035714286747
34.5714285714389
34.56250000001033
34.55357142858176
34.54464285715319
34.53571428572462
34.526785714296054
34.517857142867484
34.508928571438915
34.500000000010346
34.491071428581776
34.48214285715321
34.47321428572464
34.46428571429607
34.4553571428675
34.44642857143893
34.43750000001036
34.42857142858179
34.41964285715322
34.41071428572465
34.40178571429608
34.39285714286751
34.38392857143894
34.375000000010374
34.366071428581805
34.357142857153235
34.348214285724666
34.339285714296096
34.33035714286753
34.32142857143896
34.31250000001039
34.30357142858182
34.29464285715325
34.28571428572468
34.27678571429611
34.26785714286754
34.25892857143897
34.2500000000104
34.24107142858183
34.23214285715326
34.223214285724694
34.214285714296125
34.205357142867555
34.196428571438986
34.18750000001042
34.17857142858185
34.16964285715328
34.16071428572471
34.15178571429614
34.14285714286757
34.133928571439
34.12500000001043
34.11607142858186
34.10714285715329
34.09821428572472
34.08928571429615
34.080357142867584
34.071428571439014
34.062500000010445
34.053571428581876
34.044642857153306
34.03571428572474
34.02678571429617
34.0178571428676
34.00892857143903
34.00000000001046
33.99107142858189
33.98214285715332
33.97321428572475
33.96428571429618
33.95535714286761
33.94642857143904
33.93750000001047
33.928571428581904
33.919642857153335
33.910714285724765
33.901785714296196
33.892857142867626
33.88392857143906
33.87500000001049
33.86607142858192
33.85714285715335
33.84821428572478
33.83928571429621
33.83035714286764
33.82142857143907
33.8125000000105
33.80357142858193
33.79464285715336
33.785714285724794
33.776785714296224
33.767857142867655
33.758928571439085
33.750000000010516
33.74107142858195
33.73214285715338
33.72321428572481
33.71428571429624
33.70535714286767
33.6964285714391
33.68750000001053
33.67857142858196
33.66964285715339
33.66071428572482
33.65178571429625
33.64285714286768
33.633928571439114
33.625000000010544
33.616071428581975
33.607142857153406
33.598214285724836
33.58928571429627
33.5803571428677
33.57142857143913
33.56250000001056
33.55357142858199
33.54464285715342
33.53571428572485
33.52678571429628
33.51785714286771
33.50892857143914
33.50000000001057
33.491071428582
33.482142857153434
33.473214285724865
33.464285714296295
33.455357142867726
33.44642857143916
33.43750000001059
33.42857142858202
33.41964285715345
33.41071428572488
33.40178571429631
33.39285714286774
33.38392857143917
33.3750000000106
33.36607142858203
33.35714285715346
33.34821428572489
33.339285714296324
33.330357142867754
33.321428571439185
33.312500000010616
33.303571428582046
33.29464285715348
33.28571428572491
33.27678571429634
33.26785714286777
33.2589285714392
33.25000000001063
33.24107142858206
33.23214285715349
33.22321428572492
33.21428571429635
33.20535714286778
33.19642857143921
33.187500000010644
33.178571428582075
33.169642857153505
33.160714285724936
33.151785714296366
33.1428571428678
33.13392857143923
33.12500000001066
33.11607142858209
33.10714285715352
33.09821428572495
33.08928571429638
33.08035714286781
33.07142857143924
33.06250000001067
33.0535714285821
33.044642857153534
33.035714285724964
33.026785714296395
33.017857142867825
33.008928571439256
33.00000000001069
32.99107142858212
32.98214285715355
32.97321428572498
32.96428571429641
32.95535714286784
32.94642857143927
32.9375000000107
32.92857142858213
32.91964285715356
32.91071428572499
32.90178571429642
32.892857142867854
32.883928571439284
32.875000000010715
32.866071428582146
32.857142857153576
32.84821428572501
32.83928571429644
32.83035714286787
32.8214285714393
32.81250000001073
32.80357142858216
32.79464285715359
32.78571428572502
32.77678571429645
32.76785714286788
32.75892857143931
32.75000000001074
32.741071428582174
32.732142857153605
32.723214285725035
32.714285714296466
32.705357142867896
32.69642857143933
32.68750000001076
32.67857142858219
32.66964285715362
32.66071428572505
32.65178571429648
32.64285714286791
32.63392857143934
32.62500000001077
32.6160714285822
32.60714285715363
32.598214285725064
32.589285714296494
32.580357142867925
32.571428571439355
32.562500000010786
32.55357142858222
32.54464285715365
32.53571428572508
32.52678571429651
32.51785714286794
32.50892857143937
32.5000000000108
32.49107142858223
32.48214285715366
32.47321428572509
32.46428571429652
32.45535714286795
32.446428571439384
32.437500000010814
32.428571428582245
32.419642857153676
32.410714285725106
32.40178571429654
32.39285714286797
32.3839285714394
32.37500000001083
32.36607142858226
32.35714285715369
32.34821428572512
32.33928571429655
32.33035714286798
32.32142857143941
32.31250000001084
32.30357142858227
32.294642857153704
32.285714285725135
32.276785714296565
32.267857142867996
32.25892857143943
32.25000000001086
32.24107142858229
32.23214285715372
32.22321428572515
32.21428571429658
32.20535714286801
32.19642857143944
32.18750000001087
32.1785714285823
32.16964285715373
32.16071428572516
32.151785714296594
32.142857142868024
32.133928571439455
32.125000000010886
32.116071428582316
32.10714285715375
32.09821428572518
32.08928571429661
32.08035714286804
32.07142857143947
32.0625000000109
32.05357142858233
32.04464285715376
32.03571428572519
32.02678571429662
32.01785714286805
32.00892857143948
32.000000000010914
31.991071428582345
31.982142857153775
31.973214285725206
31.964285714296636
31.955357142868067
31.946428571439498
31.937500000010928
31.92857142858236
31.91964285715379
31.91071428572522
31.90178571429665
31.89285714286808
31.88392857143951
31.875000000010942
31.866071428582373
31.857142857153804
31.848214285725234
31.839285714296665
31.830357142868095
31.821428571439526
31.812500000010957
31.803571428582387
31.794642857153818
31.78571428572525
31.77678571429668
31.76785714286811
31.75892857143954
31.75000000001097
31.7410714285824
31.732142857153832
31.723214285725263
31.714285714296693
31.705357142868124
31.696428571439554
31.687500000010985
31.678571428582416
31.669642857153846
31.660714285725277
31.651785714296707
31.642857142868138
31.63392857143957
31.625000000011
31.61607142858243
31.60714285715386
31.59821428572529
31.58928571429672
31.580357142868152
31.571428571439583
31.562500000011013
31.553571428582444
31.544642857153875
31.535714285725305
31.526785714296736
31.517857142868166
31.508928571439597
31.500000000011028
31.49107142858246
31.48214285715389
31.47321428572532
31.46428571429675
31.45535714286818
31.44642857143961
31.437500000011042
31.428571428582472
31.419642857153903
31.410714285725334
31.401785714296764
31.392857142868195
31.383928571439625
31.375000000011056
31.366071428582487
31.357142857153917
31.348214285725348
31.33928571429678
31.33035714286821
31.32142857143964
31.31250000001107
31.3035714285825
31.29464285715393
31.285714285725362
31.276785714296793
31.267857142868223
31.258928571439654
31.250000000011084
31.241071428582515
31.232142857153946
31.223214285725376
31.214285714296807
31.205357142868237
31.196428571439668
31.1875000000111
31.17857142858253
31.16964285715396
31.16071428572539
31.15178571429682
31.14285714286825
31.133928571439682
31.125000000011113
31.116071428582543
31.107142857153974
31.098214285725405
31.089285714296835
31.080357142868266
31.071428571439696
31.062500000011127
31.053571428582558
31.04464285715399
31.03571428572542
31.02678571429685
31.01785714286828
31.00892857143971
31.00000000001114
30.991071428582572
30.982142857154003
30.973214285725433
30.964285714296864
30.955357142868294
30.946428571439725
30.937500000011156
30.928571428582586
30.919642857154017
30.910714285725447
30.901785714296878
30.89285714286831
30.88392857143974
30.87500000001117
30.8660714285826
30.85714285715403
30.84821428572546
30.839285714296892
30.830357142868323
30.821428571439753
30.812500000011184
30.803571428582615
30.794642857154045
30.785714285725476
30.776785714296906
30.767857142868337
30.758928571439768
30.750000000011198
30.74107142858263
30.73214285715406
30.72321428572549
30.71428571429692
30.70535714286835
30.69642857143978
30.687500000011212
30.678571428582643
30.669642857154074
30.660714285725504
30.651785714296935
30.642857142868365
30.633928571439796
30.625000000011227
30.616071428582657
30.607142857154088
30.59821428572552
30.58928571429695
30.58035714286838
30.57142857143981
30.56250000001124
30.55357142858267
30.544642857154102
30.535714285725533
30.526785714296963
30.517857142868394
30.508928571439824
30.500000000011255
30.491071428582686
30.482142857154116
30.473214285725547
30.464285714296977
30.455357142868408
30.44642857143984
30.43750000001127
30.4285714285827
30.41964285715413
30.41071428572556
30.40178571429699
30.392857142868422
30.383928571439853
30.375000000011283
30.366071428582714
30.357142857154145
30.348214285725575
30.339285714297006
30.330357142868436
30.321428571439867
30.312500000011298
30.30357142858273
30.29464285715416
30.28571428572559
30.27678571429702
30.26785714286845
30.25892857143988
30.250000000011312
30.241071428582742
30.232142857154173
30.223214285725604
30.214285714297034
30.205357142868465
30.196428571439895
30.187500000011326
30.178571428582757
30.169642857154187
30.160714285725618
30.15178571429705
30.14285714286848
30.13392857143991
30.12500000001134
30.11607142858277
30.1071428571542
30.098214285725632
30.089285714297063
30.080357142868493
30.071428571439924
30.062500000011354
30.053571428582785
30.044642857154216
30.035714285725646
30.026785714297077
30.017857142868507
30.008928571439938
30.00000000001137
29.9910714285828
29.98214285715423
29.97321428572566
29.96428571429709
29.95535714286852
29.946428571439952
29.937500000011383
29.928571428582813
29.919642857154244
29.910714285725675
29.901785714297105
29.892857142868536
29.883928571439967
29.875000000011397
29.866071428582828
29.85714285715426
29.84821428572569
29.83928571429712
29.83035714286855
29.82142857143998
29.81250000001141
29.803571428582842
29.794642857154273
29.785714285725703
29.776785714297134
29.767857142868564
29.758928571439995
29.750000000011426
29.741071428582856
29.732142857154287
29.723214285725717
29.714285714297148
29.70535714286858
29.69642857144001
29.68750000001144
29.67857142858287
29.6696428571543
29.66071428572573
29.651785714297162
29.642857142868593
29.633928571440023
29.625000000011454
29.616071428582885
29.607142857154315
29.598214285725746
29.589285714297176
29.580357142868607
29.571428571440038
29.562500000011468
29.5535714285829
29.54464285715433
29.53571428572576
29.52678571429719
29.51785714286862
29.50892857144005
29.500000000011482
29.491071428582913
29.482142857154344
29.473214285725774
29.464285714297205
29.455357142868635
29.446428571440066
29.437500000011497
29.428571428582927
29.419642857154358
29.41071428572579
29.40178571429722
29.39285714286865
29.38392857144008
29.37500000001151
29.36607142858294
29.357142857154372
29.348214285725803
29.339285714297233
29.330357142868664
29.321428571440094
29.312500000011525
29.303571428582956
29.294642857154386
29.285714285725817
29.276785714297247
29.267857142868678
29.25892857144011
29.25000000001154
29.24107142858297
29.2321428571544
29.22321428572583
29.21428571429726
29.205357142868692
29.196428571440123
29.187500000011553
29.178571428582984
29.169642857154415
29.160714285725845
29.151785714297276
29.142857142868706
29.133928571440137
29.125000000011568
29.116071428583
29.10714285715443
29.09821428572586
29.08928571429729
29.08035714286872
29.07142857144015
29.062500000011582
29.053571428583012
29.044642857154443
29.035714285725874
29.026785714297304
29.017857142868735
29.008928571440165
29.000000000011596
28.991071428583027
28.982142857154457
28.973214285725888
28.96428571429732
28.95535714286875
28.94642857144018
28.93750000001161
28.92857142858304
28.91964285715447
28.910714285725902
28.901785714297333
28.892857142868763
28.883928571440194
28.875000000011624
28.866071428583055
28.857142857154486
28.848214285725916
28.839285714297347
28.830357142868777
28.821428571440208
28.81250000001164
28.80357142858307
28.7946428571545
28.78571428572593
28.77678571429736
28.76785714286879
28.758928571440222
28.750000000011653
28.741071428583084
28.732142857154514
28.723214285725945
28.714285714297375
28.705357142868806
28.696428571440237
28.687500000011667
28.678571428583098
28.66964285715453
28.66071428572596
28.65178571429739
28.64285714286882
28.63392857144025
28.62500000001168
28.616071428583112
28.607142857154543
28.598214285725973
28.589285714297404
28.580357142868834
28.571428571440265
28.562500000011696
28.553571428583126
28.544642857154557
28.535714285725987
28.526785714297418
28.51785714286885
28.50892857144028
28.50000000001171
28.49107142858314
28.48214285715457
28.473214285726
28.464285714297432
28.455357142868863
28.446428571440293
28.437500000011724
28.428571428583155
28.419642857154585
28.410714285726016
28.401785714297446
28.392857142868877
28.383928571440308
28.375000000011738
28.36607142858317
28.3571428571546
28.34821428572603
28.33928571429746
28.33035714286889
28.32142857144032
28.312500000011752
28.303571428583183
28.294642857154614
28.285714285726044
28.276785714297475
28.267857142868905
28.258928571440336
28.250000000011767
28.241071428583197
28.232142857154628
28.22321428572606
28.21428571429749
28.20535714286892
28.19642857144035
28.18750000001178
28.17857142858321
28.169642857154642
28.160714285726073
28.151785714297503
28.142857142868934
28.133928571440364
28.125000000011795
28.116071428583226
28.107142857154656
28.098214285726087
28.089285714297517
28.080357142868948
28.07142857144038
28.06250000001181
28.05357142858324
28.04464285715467
28.0357142857261
28.02678571429753
28.017857142868962
28.008928571440393
28.000000000011823
27.991071428583254
27.982142857154685
27.973214285726115
27.964285714297546
27.955357142868976
27.946428571440407
27.937500000011838
27.92857142858327
27.9196428571547
27.91071428572613
27.90178571429756
27.89285714286899
27.88392857144042
27.875000000011852
27.866071428583282
27.857142857154713
27.848214285726144
27.839285714297574
27.830357142869005
27.821428571440435
27.812500000011866
27.803571428583297
27.794642857154727
27.785714285726158
27.77678571429759
27.76785714286902
27.75892857144045
27.75000000001188
27.74107142858331
27.73214285715474
27.723214285726172
27.714285714297603
27.705357142869033
27.696428571440464
27.687500000011894
27.678571428583325
27.669642857154756
27.660714285726186
27.651785714297617
27.642857142869047
27.633928571440478
27.62500000001191
27.61607142858334
27.60714285715477
27.5982142857262
27.58928571429763
27.58035714286906
27.571428571440492
27.562500000011923
27.553571428583354
27.544642857154784
27.535714285726215
27.526785714297645
27.517857142869076
27.508928571440507
27.500000000011937
27.491071428583368
27.4821428571548
27.47321428572623
27.46428571429766
27.45535714286909
27.44642857144052
27.43750000001195
27.428571428583382
27.419642857154813
27.410714285726243
27.401785714297674
27.392857142869104
27.383928571440535
27.375000000011966
27.366071428583396
27.357142857154827
27.348214285726257
27.339285714297688
27.33035714286912
27.32142857144055
27.31250000001198
27.30357142858341
27.29464285715484
27.28571428572627
27.276785714297702
27.267857142869133
27.258928571440563
27.250000000011994
27.241071428583425
27.232142857154855
27.223214285726286
27.214285714297716
27.205357142869147
27.196428571440578
27.187500000012008
27.17857142858344
27.16964285715487
27.1607142857263
27.15178571429773
27.14285714286916
27.133928571440592
27.125000000012022
27.116071428583453
27.107142857154884
27.098214285726314
27.089285714297745
27.080357142869175
27.071428571440606
27.062500000012037
27.053571428583467
27.044642857154898
27.03571428572633
27.02678571429776
27.01785714286919
27.00892857144062
27.00000000001205
26.99107142858348
26.982142857154912
26.973214285726343
26.964285714297773
26.955357142869204
26.946428571440634
26.937500000012065
26.928571428583496
26.919642857154926
26.910714285726357
26.901785714297787
26.892857142869218
26.88392857144065
26.87500000001208
26.86607142858351
26.85714285715494
26.84821428572637
26.8392857142978
26.830357142869232
26.821428571440663
26.812500000012093
26.803571428583524
26.794642857154955
26.785714285726385
26.776785714297816
26.767857142869246
26.758928571440677
26.750000000012108
26.74107142858354
26.73214285715497
26.7232142857264
26.71428571429783
26.70535714286926
26.69642857144069
26.687500000012122
26.678571428583552
26.669642857154983
26.660714285726414
26.651785714297844
26.642857142869275
26.633928571440705
26.625000000012136
26.616071428583567
26.607142857154997
26.598214285726428
26.58928571429786
26.58035714286929
26.57142857144072
26.56250000001215
26.55357142858358
26.54464285715501
26.535714285726442
26.526785714297873
26.517857142869303
26.508928571440734
26.500000000012164
26.491071428583595
26.482142857155026
26.473214285726456
26.464285714297887
26.455357142869317
26.446428571440748
26.43750000001218
26.42857142858361
26.41964285715504
26.41071428572647
26.4017857142979
26.39285714286933
26.383928571440762
26.375000000012193
26.366071428583624
26.357142857155054
26.348214285726485
26.339285714297915
26.330357142869346
26.321428571440777
26.312500000012207
26.303571428583638
26.29464285715507
26.2857142857265
26.27678571429793
26.26785714286936
26.25892857144079
26.25000000001222
26.241071428583652
26.232142857155083
26.223214285726513
26.214285714297944
26.205357142869374
26.196428571440805
26.187500000012236
26.178571428583666
26.169642857155097
26.160714285726527
26.151785714297958
26.14285714286939
26.13392857144082
26.12500000001225
26.11607142858368
26.10714285715511
26.09821428572654
26.089285714297972
26.080357142869403
26.071428571440833
26.062500000012264
26.053571428583695
26.044642857155125
26.035714285726556
26.026785714297986
26.017857142869417
26.008928571440848
26.000000000012278
25.99107142858371
25.98214285715514
25.97321428572657
25.964285714298
25.95535714286943
25.946428571440862
25.937500000012292
25.928571428583723
25.919642857155154
25.910714285726584
25.901785714298015
25.892857142869445
25.883928571440876
25.875000000012307
25.866071428583737
25.857142857155168
25.8482142857266
25.83928571429803
25.83035714286946
25.82142857144089
25.81250000001232
25.80357142858375
25.794642857155182
25.785714285726613
25.776785714298043
25.767857142869474
25.758928571440904
25.750000000012335
25.741071428583766
25.732142857155196
25.723214285726627
25.714285714298057
25.705357142869488
25.69642857144092
25.68750000001235
25.67857142858378
25.66964285715521
25.66071428572664
25.65178571429807
25.642857142869502
25.633928571440933
25.625000000012363
25.616071428583794
25.607142857155225
25.598214285726655
25.589285714298086
25.580357142869516
25.571428571440947
25.562500000012378
25.55357142858381
25.54464285715524
25.53571428572667
25.5267857142981
25.51785714286953
25.50892857144096
25.500000000012392
25.491071428583822
25.482142857155253
25.473214285726684
25.464285714298114
25.455357142869545
25.446428571440975
25.437500000012406
25.428571428583837
25.419642857155267
25.410714285726698
25.40178571429813
25.39285714286956
25.38392857144099
25.37500000001242
25.36607142858385
25.35714285715528
25.348214285726712
25.339285714298143
25.330357142869573
25.321428571441004
25.312500000012434
25.303571428583865
25.294642857155296
25.285714285726726
25.276785714298157
25.267857142869588
25.258928571441018
25.25000000001245
25.24107142858388
25.23214285715531
25.22321428572674
25.21428571429817
25.2053571428696
25.196428571441032
25.187500000012463
25.178571428583894
25.169642857155324
25.160714285726755
25.151785714298185
25.142857142869616
25.133928571441047
25.125000000012477
25.116071428583908
25.10714285715534
25.09821428572677
25.0892857142982
25.08035714286963
25.07142857144106
25.06250000001249
25.053571428583922
25.044642857155353
25.035714285726783
25.026785714298214
25.017857142869644
25.008928571441075
25.000000000012506
24.991071428583936
24.982142857155367
24.973214285726797
24.964285714298228
24.95535714286966
24.94642857144109
24.93750000001252
24.92857142858395
24.91964285715538
24.91071428572681
24.901785714298242
24.892857142869673
24.883928571441103
24.875000000012534
24.866071428583965
24.857142857155395
24.848214285726826
24.839285714298256
24.830357142869687
24.821428571441118
24.812500000012548
24.80357142858398
24.79464285715541
24.78571428572684
24.77678571429827
24.7678571428697
24.758928571441132
24.750000000012562
24.741071428583993
24.732142857155424
24.723214285726854
24.714285714298285
24.705357142869715
24.696428571441146
24.687500000012577
24.678571428584007
24.669642857155438
24.66071428572687
24.6517857142983
24.64285714286973
24.63392857144116
24.62500000001259
24.61607142858402
24.607142857155452
24.598214285726883
24.589285714298313
24.580357142869744
24.571428571441174
24.562500000012605
24.553571428584036
24.544642857155466
24.535714285726897
24.526785714298327
24.517857142869758
24.50892857144119
24.50000000001262
24.49107142858405
24.48214285715548
24.47321428572691
24.46428571429834
24.455357142869772
24.446428571441203
24.437500000012633
24.428571428584064
24.419642857155495
24.410714285726925
24.401785714298356
24.392857142869786
24.383928571441217
24.375000000012648
24.36607142858408
24.35714285715551
24.34821428572694
24.33928571429837
24.3303571428698
24.32142857144123
24.312500000012662
24.303571428584092
24.294642857155523
24.285714285726954
24.276785714298384
24.267857142869815
24.258928571441245
24.250000000012676
24.241071428584107
24.232142857155537
24.223214285726968
24.2142857142984
24.20535714286983
24.19642857144126
24.18750000001269
24.17857142858412
24.16964285715555
24.160714285726982
24.151785714298413
24.142857142869843
24.133928571441274
24.125000000012705
24.116071428584135
24.107142857155566
24.098214285726996
24.089285714298427
24.080357142869858
24.071428571441288
24.06250000001272
24.05357142858415
24.04464285715558
24.03571428572701
24.02678571429844
24.01785714286987
24.008928571441302
24.000000000012733
23.991071428584164
23.982142857155594
23.973214285727025
23.964285714298455
23.955357142869886
23.946428571441317
23.937500000012747
23.928571428584178
23.91964285715561
23.91071428572704
23.90178571429847
23.8928571428699
23.88392857144133
23.87500000001276
23.866071428584192
23.857142857155623
23.848214285727053
23.839285714298484
23.830357142869914
23.821428571441345
23.812500000012776
23.803571428584206
23.794642857155637
23.785714285727067
23.776785714298498
23.76785714286993
23.75892857144136
23.75000000001279
23.74107142858422
23.73214285715565
23.72321428572708
23.714285714298512
23.705357142869943
23.696428571441373
23.687500000012804
23.678571428584235
23.669642857155665
23.660714285727096
23.651785714298526
23.642857142869957
23.633928571441388
23.625000000012818
23.61607142858425
23.60714285715568
23.59821428572711
23.58928571429854
23.58035714286997
23.571428571441402
23.562500000012832
23.553571428584263
23.544642857155694
23.535714285727124
23.526785714298555
23.517857142869985
23.508928571441416
23.500000000012847
23.491071428584277
23.482142857155708
23.47321428572714
23.46428571429857
23.45535714287
23.44642857144143
23.43750000001286
23.42857142858429
23.419642857155722
23.410714285727153
23.401785714298583
23.392857142870014
23.383928571441444
23.375000000012875
23.366071428584306
23.357142857155736
23.348214285727167
23.339285714298597
23.330357142870028
23.32142857144146
23.31250000001289
23.30357142858432
23.29464285715575
23.28571428572718
23.27678571429861
23.267857142870042
23.258928571441473
23.250000000012903
23.241071428584334
23.232142857155765
23.223214285727195
23.214285714298626
23.205357142870056
23.196428571441487
23.187500000012918
23.17857142858435
23.16964285715578
23.16071428572721
23.15178571429864
23.14285714287007
23.1339285714415
23.125000000012932
23.116071428584362
23.107142857155793
23.098214285727224
23.089285714298654
23.080357142870085
23.071428571441515
23.062500000012946
23.053571428584377
23.044642857155807
23.035714285727238
23.02678571429867
23.0178571428701
23.00892857144153
23.00000000001296
22.99107142858439
22.98214285715582
22.973214285727252
22.964285714298683
22.955357142870113
22.946428571441544
22.937500000012975
22.928571428584405
22.919642857155836
22.910714285727266
22.901785714298697
22.892857142870128
22.883928571441558
22.87500000001299
22.86607142858442
22.85714285715585
22.84821428572728
22.83928571429871
22.83035714287014
22.821428571441572
22.812500000013003
22.803571428584434
22.794642857155864
22.785714285727295
22.776785714298725
22.767857142870156
22.758928571441587
22.750000000013017
22.741071428584448
22.73214285715588
22.72321428572731
22.71428571429874
22.70535714287017
22.6964285714416
22.68750000001303
22.678571428584462
22.669642857155893
22.660714285727323
22.651785714298754
22.642857142870184
22.633928571441615
22.625000000013046
22.616071428584476
22.607142857155907
22.598214285727337
22.589285714298768
22.5803571428702
22.57142857144163
22.56250000001306
22.55357142858449
22.54464285715592
22.53571428572735
22.526785714298782
22.517857142870213
22.508928571441643
22.500000000013074
22.491071428584505
22.482142857155935
22.473214285727366
22.464285714298796
22.455357142870227
22.446428571441658
22.437500000013088
22.42857142858452
22.41964285715595
22.41071428572738
22.40178571429881
22.39285714287024
22.383928571441672
22.375000000013102
22.366071428584533
22.357142857155964
22.348214285727394
22.339285714298825
22.330357142870255
22.321428571441686
22.312500000013117
22.303571428584547
22.294642857155978
22.28571428572741
22.27678571429884
22.26785714287027
22.2589285714417
22.25000000001313
22.24107142858456
22.232142857155992
22.223214285727423
22.214285714298853
22.205357142870284
22.196428571441714
22.187500000013145
22.178571428584576
22.169642857156006
22.160714285727437
22.151785714298867
22.142857142870298
22.13392857144173
22.12500000001316
22.11607142858459
22.10714285715602
22.09821428572745
22.08928571429888
22.080357142870312
22.071428571441743
22.062500000013173
22.053571428584604
22.044642857156035
22.035714285727465
22.026785714298896
22.017857142870326
22.008928571441757
22.000000000013188
21.99107142858462
21.98214285715605
21.97321428572748
21.96428571429891
21.95535714287034
21.94642857144177
21.937500000013202
21.928571428584632
21.919642857156063
21.910714285727494
21.901785714298924
21.892857142870355
21.883928571441785
21.875000000013216
21.866071428584647
21.857142857156077
21.848214285727508
21.83928571429894
21.83035714287037
21.8214285714418
21.81250000001323
21.80357142858466
21.79464285715609
21.785714285727522
21.776785714298953
21.767857142870383
21.758928571441814
21.750000000013245
21.741071428584675
21.732142857156106
21.723214285727536
21.714285714298967
21.705357142870398
21.696428571441828
21.68750000001326
21.67857142858469
21.66964285715612
21.66071428572755
21.65178571429898
21.64285714287041
21.633928571441842
21.625000000013273
21.616071428584704
21.607142857156134
21.598214285727565
21.589285714298995
21.580357142870426
21.571428571441857
21.562500000013287
21.553571428584718
21.54464285715615
21.53571428572758
21.52678571429901
21.51785714287044
21.50892857144187
21.5000000000133
21.491071428584732
21.482142857156163
21.473214285727593
21.464285714299024
21.455357142870454
21.446428571441885
21.437500000013316
21.428571428584746
21.419642857156177
21.410714285727607
21.401785714299038
21.39285714287047
21.3839285714419
21.37500000001333
21.36607142858476
21.35714285715619
21.34821428572762
21.339285714299052
21.330357142870483
21.321428571441913
21.312500000013344
21.303571428584775
21.294642857156205
21.285714285727636
21.276785714299066
21.267857142870497
21.258928571441928
21.250000000013358
21.24107142858479
21.23214285715622
21.22321428572765
21.21428571429908
21.20535714287051
21.196428571441942
21.187500000013372
21.178571428584803
21.169642857156234
21.160714285727664
21.151785714299095
21.142857142870525
21.133928571441956
21.125000000013387
21.116071428584817
21.107142857156248
21.09821428572768
21.08928571429911
21.08035714287054
21.07142857144197
21.0625000000134
21.05357142858483
21.044642857156262
21.035714285727693
21.026785714299123
21.017857142870554
21.008928571441984
21.000000000013415
20.991071428584846
20.982142857156276
20.973214285727707
20.964285714299137
20.955357142870568
20.946428571442
20.93750000001343
20.92857142858486
20.91964285715629
20.91071428572772
20.90178571429915
20.892857142870582
20.883928571442013
20.875000000013443
20.866071428584874
20.857142857156305
20.848214285727735
20.839285714299166
20.830357142870596
20.821428571442027
20.812500000013458
20.80357142858489
20.79464285715632
20.78571428572775
20.77678571429918
20.76785714287061
20.75892857144204
20.750000000013472
20.741071428584902
20.732142857156333
20.723214285727764
20.714285714299194
20.705357142870625
20.696428571442055
20.687500000013486
20.678571428584917
20.669642857156347
20.660714285727778
20.65178571429921
20.64285714287064
20.63392857144207
20.6250000000135
20.61607142858493
20.60714285715636
20.598214285727792
20.589285714299223
20.580357142870653
20.571428571442084
20.562500000013515
20.553571428584945
20.544642857156376
20.535714285727806
20.526785714299237
20.517857142870668
20.508928571442098
20.50000000001353
20.49107142858496
20.48214285715639
20.47321428572782
20.46428571429925
20.45535714287068
20.446428571442112
20.437500000013543
20.428571428584974
20.419642857156404
20.410714285727835
20.401785714299265
20.392857142870696
20.383928571442127
20.375000000013557
20.366071428584988
20.35714285715642
20.34821428572785
20.33928571429928
20.33035714287071
20.32142857144214
20.31250000001357
20.303571428585002
20.294642857156433
20.285714285727863
20.276785714299294
20.267857142870724
20.258928571442155
20.250000000013586
20.241071428585016
20.232142857156447
20.223214285727877
20.214285714299308
20.20535714287074
20.19642857144217
20.1875000000136
20.17857142858503
20.16964285715646
20.16071428572789
20.151785714299322
20.142857142870753
20.133928571442183
20.125000000013614
20.116071428585045
20.107142857156475
20.098214285727906
20.089285714299336
20.080357142870767
20.071428571442198
20.062500000013628
20.05357142858506
20.04464285715649
20.03571428572792
20.02678571429935
20.01785714287078
20.008928571442212
20.000000000013642
19.991071428585073
19.982142857156504
19.973214285727934
19.964285714299365
19.955357142870795
19.946428571442226
19.937500000013657
19.928571428585087
19.919642857156518
19.91071428572795
19.90178571429938
19.89285714287081
19.88392857144224
19.87500000001367
19.8660714285851
19.857142857156532
19.848214285727963
19.839285714299393
19.830357142870824
19.821428571442254
19.812500000013685
19.803571428585116
19.794642857156546
19.785714285727977
19.776785714299407
19.767857142870838
19.75892857144227
19.7500000000137
19.74107142858513
19.73214285715656
19.72321428572799
19.71428571429942
19.705357142870852
19.696428571442283
19.687500000013713
19.678571428585144
19.669642857156575
19.660714285728005
19.651785714299436
19.642857142870866
19.633928571442297
19.625000000013728
19.61607142858516
19.60714285715659
19.59821428572802
19.58928571429945
19.58035714287088
19.57142857144231
19.562500000013742
19.553571428585172
19.544642857156603
19.535714285728034
19.526785714299464
19.517857142870895
19.508928571442326
19.500000000013756
19.491071428585187
19.482142857156617
19.473214285728048
19.46428571429948
19.45535714287091
19.44642857144234
19.43750000001377
19.4285714285852
19.41964285715663
19.410714285728062
19.401785714299493
19.392857142870923
19.383928571442354
19.375000000013785
19.366071428585215
19.357142857156646
19.348214285728076
19.339285714299507
19.330357142870938
19.321428571442368
19.3125000000138
19.30357142858523
19.29464285715666
19.28571428572809
19.27678571429952
19.26785714287095
19.258928571442382
19.250000000013813
19.241071428585244
19.232142857156674
19.223214285728105
19.214285714299535
19.205357142870966
19.196428571442397
19.187500000013827
19.178571428585258
19.16964285715669
19.16071428572812
19.15178571429955
19.14285714287098
19.13392857144241
19.12500000001384
19.116071428585272
19.107142857156703
19.098214285728133
19.089285714299564
19.080357142870994
19.071428571442425
19.062500000013856
19.053571428585286
19.044642857156717
19.035714285728147
19.026785714299578
19.01785714287101
19.00892857144244
19.00000000001387
18.9910714285853
18.98214285715673
18.97321428572816
18.964285714299592
18.955357142871023
18.946428571442453
18.937500000013884
18.928571428585315
18.919642857156745
18.910714285728176
18.901785714299606
18.892857142871037
18.883928571442468
18.875000000013898
18.86607142858533
18.85714285715676
18.84821428572819
18.83928571429962
18.83035714287105
18.821428571442482
18.812500000013912
18.803571428585343
18.794642857156774
18.785714285728204
18.776785714299635
18.767857142871065
18.758928571442496
18.750000000013927
18.741071428585357
18.732142857156788
18.72321428572822
18.71428571429965
18.70535714287108
18.69642857144251
18.68750000001394
18.67857142858537
18.669642857156802
18.660714285728233
18.651785714299663
18.642857142871094
18.633928571442524
18.625000000013955
18.616071428585386
18.607142857156816
18.598214285728247
18.589285714299677
18.580357142871108
18.57142857144254
18.56250000001397
18.5535714285854
18.54464285715683
18.53571428572826
18.52678571429969
18.517857142871122
18.508928571442553
18.500000000013983
18.491071428585414
18.482142857156845
18.473214285728275
18.464285714299706
18.455357142871136
18.446428571442567
18.437500000013998
18.42857142858543
18.41964285715686
18.41071428572829
18.40178571429972
18.39285714287115
18.38392857144258
18.375000000014012
18.366071428585443
18.357142857156873
18.348214285728304
18.339285714299734
18.330357142871165
18.321428571442596
18.312500000014026
18.303571428585457
18.294642857156887
18.285714285728318
18.27678571429975
18.26785714287118
18.25892857144261
18.25000000001404
18.24107142858547
18.2321428571569
18.223214285728332
18.214285714299763
18.205357142871193
18.196428571442624
18.187500000014055
18.178571428585485
18.169642857156916
18.160714285728346
18.151785714299777
18.142857142871208
18.133928571442638
18.12500000001407
18.1160714285855
18.10714285715693
18.09821428572836
18.08928571429979
18.08035714287122
18.071428571442652
18.062500000014083
18.053571428585514
18.044642857156944
18.035714285728375
18.026785714299805
18.017857142871236
18.008928571442667
18.000000000014097
17.991071428585528
17.98214285715696
17.97321428572839
17.96428571429982
17.95535714287125
17.94642857144268
17.93750000001411
17.928571428585542
17.919642857156973
17.910714285728403
17.901785714299834
17.892857142871264
17.883928571442695
17.875000000014126
17.866071428585556
17.857142857156987
17.848214285728417
17.839285714299848
17.83035714287128
17.82142857144271
17.81250000001414
17.80357142858557
17.794642857157
17.78571428572843
17.776785714299862
17.767857142871293
17.758928571442723
17.750000000014154
17.741071428585585
17.732142857157015
17.723214285728446
17.714285714299876
17.705357142871307
17.696428571442738
17.687500000014168
17.6785714285856
17.66964285715703
17.66071428572846
17.65178571429989
17.64285714287132
17.633928571442752
17.625000000014182
17.616071428585613
17.607142857157044
17.598214285728474
17.589285714299905
17.580357142871335
17.571428571442766
17.562500000014197
17.553571428585627
17.544642857157058
17.53571428572849
17.52678571429992
17.51785714287135
17.50892857144278
17.50000000001421
17.49107142858564
17.482142857157072
17.473214285728503
17.464285714299933
17.455357142871364
17.446428571442794
17.437500000014225
17.428571428585656
17.419642857157086
17.410714285728517
17.401785714299947
17.392857142871378
17.38392857144281
17.37500000001424
17.36607142858567
17.3571428571571
17.34821428572853
17.33928571429996
17.330357142871392
17.321428571442823
17.312500000014253
17.303571428585684
17.294642857157115
17.285714285728545
17.276785714299976
17.267857142871406
17.258928571442837
17.250000000014268
17.2410714285857
17.23214285715713
17.22321428572856
17.21428571429999
17.20535714287142
17.19642857144285
17.187500000014282
17.178571428585713
17.169642857157143
17.160714285728574
17.151785714300004
17.142857142871435
17.133928571442866
17.125000000014296
17.116071428585727
17.107142857157157
17.098214285728588
17.08928571430002
17.08035714287145
17.07142857144288
17.06250000001431
17.05357142858574
17.04464285715717
17.035714285728602
17.026785714300033
17.017857142871463
17.008928571442894
17.000000000014325
16.991071428585755
16.982142857157186
16.973214285728616
16.964285714300047
16.955357142871478
16.946428571442908
16.93750000001434
16.92857142858577
16.9196428571572
16.91071428572863
16.90178571430006
16.89285714287149
16.883928571442922
16.875000000014353
16.866071428585784
16.857142857157214
16.848214285728645
16.839285714300075
16.830357142871506
16.821428571442937
16.812500000014367
16.803571428585798
16.79464285715723
16.78571428572866
16.77678571430009
16.76785714287152
16.75892857144295
16.75000000001438
16.741071428585812
16.732142857157243
16.723214285728673
16.714285714300104
16.705357142871534
16.696428571442965
16.687500000014396
16.678571428585826
16.669642857157257
16.660714285728687
16.651785714300118
16.64285714287155
16.63392857144298
16.62500000001441
16.61607142858584
16.60714285715727
16.5982142857287
16.589285714300132
16.580357142871563
16.571428571442993
16.562500000014424
16.553571428585855
16.544642857157285
16.535714285728716
16.526785714300146
16.517857142871577
16.508928571443008
16.50000000001444
16.49107142858587
16.4821428571573
16.47321428572873
16.46428571430016
16.45535714287159
16.446428571443022
16.437500000014452
16.428571428585883
16.419642857157314
16.410714285728744
16.401785714300175
16.392857142871605
16.383928571443036
16.375000000014467
16.366071428585897
16.357142857157328
16.34821428572876
16.33928571430019
16.33035714287162
16.32142857144305
16.31250000001448
16.30357142858591
16.294642857157342
16.285714285728773
16.276785714300203
16.267857142871634
16.258928571443064
16.250000000014495
16.241071428585926
16.232142857157356
16.223214285728787
16.214285714300217
16.205357142871648
16.19642857144308
16.18750000001451
16.17857142858594
16.16964285715737
16.1607142857288
16.15178571430023
16.142857142871662
16.133928571443093
16.125000000014523
16.116071428585954
16.107142857157385
16.098214285728815
16.089285714300246
16.080357142871677
16.071428571443107
16.062500000014538
16.05357142858597
16.0446428571574
16.03571428572883
16.02678571430026
16.01785714287169
16.00892857144312
16.000000000014552
15.991071428585983
15.982142857157413
15.973214285728844
15.964285714300274
15.955357142871705
15.946428571443136
15.937500000014566
15.928571428585997
15.919642857157427
15.910714285728858
15.901785714300289
15.89285714287172
15.88392857144315
15.87500000001458
15.866071428586011
15.857142857157442
15.848214285728872
15.839285714300303
15.830357142871733
15.821428571443164
15.812500000014595
15.803571428586025
15.794642857157456
15.785714285728886
15.776785714300317
15.767857142871748
15.758928571443178
15.750000000014609
15.74107142858604
15.73214285715747
15.7232142857289
15.714285714300331
15.705357142871762
15.696428571443192
15.687500000014623
15.678571428586054
15.669642857157484
15.660714285728915
15.651785714300345
15.642857142871776
15.633928571443207
15.625000000014637
15.616071428586068
15.607142857157498
15.598214285728929
15.58928571430036
15.58035714287179
15.57142857144322
15.562500000014651
15.553571428586082
15.544642857157513
15.535714285728943
15.526785714300374
15.517857142871804
15.508928571443235
15.500000000014666
15.491071428586096
15.482142857157527
15.473214285728957
15.464285714300388
15.455357142871819
15.44642857144325
15.43750000001468
15.42857142858611
15.419642857157541
15.410714285728972
15.401785714300402
15.392857142871833
15.383928571443263
15.375000000014694
15.366071428586125
15.357142857157555
15.348214285728986
15.339285714300416
15.330357142871847
15.321428571443278
15.312500000014708
15.303571428586139
15.29464285715757
15.285714285729
15.27678571430043
15.267857142871861
15.258928571443292
15.250000000014722
15.241071428586153
15.232142857157584
15.223214285729014
15.214285714300445
15.205357142871875
15.196428571443306
15.187500000014737
15.178571428586167
15.169642857157598
15.160714285729028
15.151785714300459
15.14285714287189
15.13392857144332
15.12500000001475
15.116071428586181
15.107142857157612
15.098214285729043
15.089285714300473
15.080357142871904
15.071428571443334
15.062500000014765
15.053571428586196
15.044642857157626
15.035714285729057
15.026785714300487
15.017857142871918
15.008928571443349
15.00000000001478
14.99107142858621
14.98214285715764
14.973214285729071
14.964285714300502
14.955357142871932
14.946428571443363
14.937500000014793
14.928571428586224
14.919642857157655
14.910714285729085
14.901785714300516
14.892857142871947
14.883928571443377
14.875000000014808
14.866071428586238
14.857142857157669
14.8482142857291
14.83928571430053
14.83035714287196
14.821428571443391
14.812500000014822
14.803571428586253
14.794642857157683
14.785714285729114
14.776785714300544
14.767857142871975
14.758928571443406
14.750000000014836
14.741071428586267
14.732142857157697
14.723214285729128
14.714285714300559
14.70535714287199
14.69642857144342
14.68750000001485
14.678571428586281
14.669642857157712
14.660714285729142
14.651785714300573
14.642857142872003
14.633928571443434
14.625000000014865
14.616071428586295
14.607142857157726
14.598214285729156
14.589285714300587
14.580357142872018
14.571428571443448
14.562500000014879
14.55357142858631
14.54464285715774
14.53571428572917
14.526785714300601
14.517857142872032
14.508928571443462
14.500000000014893
14.491071428586324
14.482142857157754
14.473214285729185
14.464285714300615
14.455357142872046
14.446428571443477
14.437500000014907
14.428571428586338
14.419642857157768
14.410714285729199
14.40178571430063
14.39285714287206
14.38392857144349
14.375000000014921
14.366071428586352
14.357142857157783
14.348214285729213
14.339285714300644
14.330357142872074
14.321428571443505
14.312500000014936
14.303571428586366
14.294642857157797
14.285714285729227
14.276785714300658
14.267857142872089
14.25892857144352
14.25000000001495
14.24107142858638
14.232142857157811
14.223214285729242
14.214285714300672
14.205357142872103
14.196428571443533
14.187500000014964
14.178571428586395
14.169642857157825
14.160714285729256
14.151785714300686
14.142857142872117
14.133928571443548
14.125000000014978
14.116071428586409
14.10714285715784
14.09821428572927
14.0892857143007
14.080357142872131
14.071428571443562
14.062500000014992
14.053571428586423
14.044642857157854
14.035714285729284
14.026785714300715
14.017857142872145
14.008928571443576
14.000000000015007
13.991071428586437
13.982142857157868
13.973214285729298
13.964285714300729
13.95535714287216
13.94642857144359
13.93750000001502
13.928571428586451
13.919642857157882
13.910714285729313
13.901785714300743
13.892857142872174
13.883928571443604
13.875000000015035
13.866071428586466
13.857142857157896
13.848214285729327
13.839285714300757
13.830357142872188
13.821428571443619
13.81250000001505
13.80357142858648
13.79464285715791
13.785714285729341
13.776785714300772
13.767857142872202
13.758928571443633
13.750000000015064
13.741071428586494
13.732142857157925
13.723214285729355
13.714285714300786
13.705357142872217
13.696428571443647
13.687500000015078
13.678571428586508
13.669642857157939
13.66071428572937
13.6517857143008
13.64285714287223
13.633928571443661
13.625000000015092
13.616071428586523
13.607142857157953
13.598214285729384
13.589285714300814
13.580357142872245
13.571428571443676
13.562500000015106
13.553571428586537
13.544642857157967
13.535714285729398
13.526785714300829
13.51785714287226
13.50892857144369
13.50000000001512
13.491071428586551
13.482142857157982
13.473214285729412
13.464285714300843
13.455357142872273
13.446428571443704
13.437500000015135
13.428571428586565
13.419642857157996
13.410714285729426
13.401785714300857
13.392857142872288
13.383928571443718
13.375000000015149
13.36607142858658
13.35714285715801
13.34821428572944
13.339285714300871
13.330357142872302
13.321428571443732
13.312500000015163
13.303571428586594
13.294642857158024
13.285714285729455
13.276785714300885
13.267857142872316
13.258928571443747
13.250000000015177
13.241071428586608
13.232142857158038
13.223214285729469
13.2142857143009
13.20535714287233
13.19642857144376
13.187500000015191
13.178571428586622
13.169642857158053
13.160714285729483
13.151785714300914
13.142857142872344
13.133928571443775
13.125000000015206
13.116071428586636
13.107142857158067
13.098214285729497
13.089285714300928
13.080357142872359
13.07142857144379
13.06250000001522
13.05357142858665
13.044642857158081
13.035714285729512
13.026785714300942
13.017857142872373
13.008928571443803
13.000000000015234
12.991071428586665
12.982142857158095
12.973214285729526
12.964285714300956
12.955357142872387
12.946428571443818
12.937500000015248
12.928571428586679
12.91964285715811
12.91071428572954
12.90178571430097
12.892857142872401
12.883928571443832
12.875000000015262
12.866071428586693
12.857142857158124
12.848214285729554
12.839285714300985
12.830357142872415
12.821428571443846
12.812500000015277
12.803571428586707
12.794642857158138
12.785714285729568
12.776785714300999
12.76785714287243
12.75892857144386
12.75000000001529
12.741071428586721
12.732142857158152
12.723214285729583
12.714285714301013
12.705357142872444
12.696428571443874
12.687500000015305
12.678571428586736
12.669642857158166
12.660714285729597
12.651785714301027
12.642857142872458
12.633928571443889
12.62500000001532
12.61607142858675
12.60714285715818
12.598214285729611
12.589285714301042
12.580357142872472
12.571428571443903
12.562500000015334
12.553571428586764
12.544642857158195
12.535714285729625
12.526785714301056
12.517857142872487
12.508928571443917
12.500000000015348
12.491071428586778
12.482142857158209
12.47321428572964
12.46428571430107
12.4553571428725
12.446428571443931
12.437500000015362
12.428571428586793
12.419642857158223
12.410714285729654
12.401785714301084
12.392857142872515
12.383928571443946
12.375000000015376
12.366071428586807
12.357142857158237
12.348214285729668
12.339285714301099
12.33035714287253
12.32142857144396
12.31250000001539
12.303571428586821
12.294642857158252
12.285714285729682
12.276785714301113
12.267857142872543
12.258928571443974
12.250000000015405
12.241071428586835
12.232142857158266
12.223214285729696
12.214285714301127
12.205357142872558
12.196428571443988
12.187500000015419
12.17857142858685
12.16964285715828
12.16071428572971
12.151785714301141
12.142857142872572
12.133928571444002
12.125000000015433
12.116071428586864
12.107142857158294
12.098214285729725
12.089285714301155
12.080357142872586
12.071428571444017
12.062500000015447
12.053571428586878
12.044642857158308
12.035714285729739
12.02678571430117
12.0178571428726
12.00892857144403
12.000000000015461
11.991071428586892
11.982142857158323
11.973214285729753
11.964285714301184
11.955357142872614
11.946428571444045
11.937500000015476
11.928571428586906
11.919642857158337
11.910714285729767
11.901785714301198
11.892857142872629
11.88392857144406
11.87500000001549
11.86607142858692
11.857142857158351
11.848214285729782
11.839285714301212
11.830357142872643
11.821428571444073
11.812500000015504
11.803571428586935
11.794642857158365
11.785714285729796
11.776785714301226
11.767857142872657
11.758928571444088
11.750000000015518
11.741071428586949
11.73214285715838
11.72321428572981
11.71428571430124
11.705357142872671
11.696428571444102
11.687500000015532
11.678571428586963
11.669642857158394
11.660714285729824
11.651785714301255
11.642857142872685
11.633928571444116
11.625000000015547
11.616071428586977
11.607142857158408
11.598214285729838
11.589285714301269
11.5803571428727
11.57142857144413
11.56250000001556
11.553571428586991
11.544642857158422
11.535714285729853
11.526785714301283
11.517857142872714
11.508928571444144
11.500000000015575
11.491071428587006
11.482142857158436
11.473214285729867
11.464285714301298
11.455357142872728
11.446428571444159
11.43750000001559
11.42857142858702
11.41964285715845
11.410714285729881
11.401785714301312
11.392857142872742
11.383928571444173
11.375000000015604
11.366071428587034
11.357142857158465
11.348214285729895
11.339285714301326
11.330357142872757
11.321428571444187
11.312500000015618
11.303571428587048
11.294642857158479
11.28571428572991
11.27678571430134
11.26785714287277
11.258928571444201
11.250000000015632
11.241071428587063
11.232142857158493
11.223214285729924
11.214285714301354
11.205357142872785
11.196428571444216
11.187500000015646
11.178571428587077
11.169642857158507
11.160714285729938
11.151785714301369
11.1428571428728
11.13392857144423
11.12500000001566
11.116071428587091
11.107142857158522
11.098214285729952
11.089285714301383
11.080357142872813
11.071428571444244
11.062500000015675
11.053571428587105
11.044642857158536
11.035714285729966
11.026785714301397
11.017857142872828
11.008928571444258
11.000000000015689
10.99107142858712
10.98214285715855
10.97321428572998
10.964285714301411
10.955357142872842
10.946428571444272
10.937500000015703
10.928571428587134
10.919642857158564
10.910714285729995
10.901785714301425
10.892857142872856
10.883928571444287
10.875000000015717
10.866071428587148
10.857142857158578
10.848214285730009
10.83928571430144
10.83035714287287
10.8214285714443
10.812500000015731
10.803571428587162
10.794642857158593
10.785714285730023
10.776785714301454
10.767857142872884
10.758928571444315
10.750000000015746
10.741071428587176
10.732142857158607
10.723214285730037
10.714285714301468
10.705357142872899
10.69642857144433
10.68750000001576
10.67857142858719
10.669642857158621
10.660714285730052
10.651785714301482
10.642857142872913
10.633928571444343
10.625000000015774
10.616071428587205
10.607142857158635
10.598214285730066
10.589285714301496
10.580357142872927
10.571428571444358
10.562500000015788
10.553571428587219
10.54464285715865
10.53571428573008
10.52678571430151
10.517857142872941
10.508928571444372
10.500000000015802
10.491071428587233
10.482142857158664
10.473214285730094
10.464285714301525
10.455357142872955
10.446428571444386
10.437500000015817
10.428571428587247
10.419642857158678
10.410714285730108
10.401785714301539
10.39285714287297
10.3839285714444
10.375000000015831
10.366071428587261
10.357142857158692
10.348214285730123
10.339285714301553
10.330357142872984
10.321428571444415
10.312500000015845
10.303571428587276
10.294642857158706
10.285714285730137
10.276785714301568
10.267857142872998
10.258928571444429
10.25000000001586
10.24107142858729
10.23214285715872
10.223214285730151
10.214285714301582
10.205357142873012
10.196428571444443
10.187500000015874
10.178571428587304
10.169642857158735
10.160714285730165
10.151785714301596
10.142857142873027
10.133928571444457
10.125000000015888
10.116071428587318
10.107142857158749
10.09821428573018
10.08928571430161
10.08035714287304
10.071428571444471
10.062500000015902
10.053571428587333
10.044642857158763
10.035714285730194
10.026785714301624
10.017857142873055
10.008928571444486
10.000000000015916
9.991071428587347
9.982142857158777
9.973214285730208
9.964285714301639
9.95535714287307
9.9464285714445
9.93750000001593
9.928571428587361
9.919642857158792
9.910714285730222
9.901785714301653
9.892857142873083
9.883928571444514
9.875000000015945
9.866071428587375
9.857142857158806
9.848214285730236
9.839285714301667
9.830357142873098
9.821428571444528
9.812500000015959
9.80357142858739
9.79464285715882
9.78571428573025
9.776785714301681
9.767857142873112
9.758928571444542
9.750000000015973
9.741071428587404
9.732142857158834
9.723214285730265
9.714285714301695
9.705357142873126
9.696428571444557
9.687500000015987
9.678571428587418
9.669642857158848
9.660714285730279
9.65178571430171
9.64285714287314
9.63392857144457
9.625000000016001
9.616071428587432
9.607142857158863
9.598214285730293
9.589285714301724
9.580357142873154
9.571428571444585
9.562500000016016
9.553571428587446
9.544642857158877
9.535714285730307
9.526785714301738
9.517857142873169
9.5089285714446
9.50000000001603
9.49107142858746
9.482142857158891
9.473214285730322
9.464285714301752
9.455357142873183
9.446428571444613
9.437500000016044
9.428571428587475
9.419642857158905
9.410714285730336
9.401785714301766
9.392857142873197
9.383928571444628
9.375000000016058
9.366071428587489
9.35714285715892
9.34821428573035
9.33928571430178
9.330357142873211
9.321428571444642
9.312500000016072
9.303571428587503
9.294642857158934
9.285714285730364
9.276785714301795
9.267857142873225
9.258928571444656
9.250000000016087
9.241071428587517
9.232142857158948
9.223214285730378
9.214285714301809
9.20535714287324
9.19642857144467
9.187500000016101
9.178571428587531
9.169642857158962
9.160714285730393
9.151785714301823
9.142857142873254
9.133928571444685
9.125000000016115
9.116071428587546
9.107142857158976
9.098214285730407
9.089285714301838
9.080357142873268
9.071428571444699
9.06250000001613
9.05357142858756
9.04464285715899
9.035714285730421
9.026785714301852
9.017857142873282
9.008928571444713
9.000000000016144
8.991071428587574
8.982142857159005
8.973214285730435
8.964285714301866
8.955357142873297
8.946428571444727
8.937500000016158
8.928571428587588
8.919642857159019
8.91071428573045
8.90178571430188
8.89285714287331
8.883928571444741
8.875000000016172
8.866071428587603
8.857142857159033
8.848214285730464
8.839285714301894
8.830357142873325
8.821428571444756
8.812500000016186
8.803571428587617
8.794642857159047
8.785714285730478
8.776785714301909
8.76785714287334
8.75892857144477
8.7500000000162
8.741071428587631
8.732142857159062
8.723214285730492
8.714285714301923
8.705357142873353
8.696428571444784
8.687500000016215
8.678571428587645
8.669642857159076
8.660714285730506
8.651785714301937
8.642857142873368
8.633928571444798
8.625000000016229
8.61607142858766
8.60714285715909
8.59821428573052
8.589285714301951
8.580357142873382
8.571428571444812
8.562500000016243
8.553571428587674
8.544642857159104
8.535714285730535
8.526785714301965
8.517857142873396
8.508928571444827
8.500000000016257
8.491071428587688
8.482142857159118
8.473214285730549
8.46428571430198
8.45535714287341
8.44642857144484
8.437500000016271
8.428571428587702
8.419642857159133
8.410714285730563
8.401785714301994
8.392857142873424
8.383928571444855
8.375000000016286
8.366071428587716
8.357142857159147
8.348214285730577
8.339285714302008
8.330357142873439
8.32142857144487
8.3125000000163
8.30357142858773
8.294642857159161
8.285714285730592
8.276785714302022
8.267857142873453
8.258928571444883
8.250000000016314
8.241071428587745
8.232142857159175
8.223214285730606
8.214285714302036
8.205357142873467
8.196428571444898
8.187500000016328
8.178571428587759
8.16964285715919
8.16071428573062
8.15178571430205
8.142857142873481
8.133928571444912
8.125000000016342
8.116071428587773
8.107142857159204
8.098214285730634
8.089285714302065
8.080357142873495
8.071428571444926
8.062500000016357
8.053571428587787
8.044642857159218
8.035714285730648
8.026785714302079
8.01785714287351
8.00892857144494
8.000000000016371
7.9910714285878015
7.982142857159232
7.973214285730663
7.964285714302093
7.955357142873524
7.9464285714449545
7.937500000016385
7.928571428587816
7.919642857159246
7.910714285730677
7.9017857143021075
7.892857142873538
7.883928571444969
7.875000000016399
7.86607142858783
7.8571428571592605
7.848214285730691
7.839285714302122
7.830357142873552
7.821428571444983
7.8125000000164135
7.803571428587844
7.794642857159275
7.785714285730705
7.776785714302136
7.7678571428735665
7.758928571444997
7.750000000016428
7.741071428587858
7.732142857159289
7.7232142857307196
7.71428571430215
7.705357142873581
7.696428571445011
7.687500000016442
7.678571428587873
7.669642857159303
7.660714285730734
7.651785714302164
7.642857142873595
7.633928571445026
7.625000000016456
7.616071428587887
7.607142857159317
7.598214285730748
7.589285714302179
7.580357142873609
7.57142857144504
7.56250000001647
7.553571428587901
7.544642857159332
7.535714285730762
7.526785714302193
7.517857142873623
7.508928571445054
7.500000000016485
7.491071428587915
7.482142857159346
7.473214285730776
7.464285714302207
7.455357142873638
7.446428571445068
7.437500000016499
7.428571428587929
7.41964285715936
7.410714285730791
7.401785714302221
7.392857142873652
7.383928571445082
7.375000000016513
7.366071428587944
7.357142857159374
7.348214285730805
7.339285714302235
7.330357142873666
7.321428571445097
7.312500000016527
7.303571428587958
7.294642857159388
7.285714285730819
7.27678571430225
7.26785714287368
7.258928571445111
7.250000000016541
7.241071428587972
7.232142857159403
7.223214285730833
7.214285714302264
7.205357142873694
7.196428571445125
7.187500000016556
7.178571428587986
7.169642857159417
7.1607142857308475
7.151785714302278
7.142857142873709
7.133928571445139
7.12500000001657
7.1160714285880005
7.107142857159431
7.098214285730862
7.089285714302292
7.080357142873723
7.0714285714451535
7.062500000016584
7.053571428588015
7.044642857159445
7.035714285730876
7.0267857143023065
7.017857142873737
7.008928571445168
7.000000000016598
6.991071428588029
6.9821428571594595
6.97321428573089
6.964285714302321
6.955357142873751
6.946428571445182
6.9375000000166125
6.928571428588043
6.919642857159474
6.910714285730904
6.901785714302335
6.8928571428737655
6.883928571445196
6.875000000016627
6.866071428588057
6.857142857159488
6.8482142857309185
6.839285714302349
6.83035714287378
6.82142857144521
6.812500000016641
6.8035714285880715
6.794642857159502
6.785714285730933
6.776785714302363
6.767857142873794
6.7589285714452245
6.750000000016655
6.741071428588086
6.732142857159516
6.723214285730947
6.7142857143023775
6.705357142873808
6.696428571445239
6.687500000016669
6.6785714285881
6.6696428571595305
6.660714285730961
6.651785714302392
6.642857142873822
6.633928571445253
6.6250000000166835
6.616071428588114
6.607142857159545
6.598214285730975
6.589285714302406
6.5803571428738366
6.571428571445267
6.562500000016698
6.553571428588128
6.544642857159559
6.53571428573099
6.52678571430242
6.517857142873851
6.508928571445281
6.500000000016712
6.491071428588143
6.482142857159573
6.473214285731004
6.464285714302434
6.455357142873865
6.446428571445296
6.437500000016726
6.428571428588157
6.419642857159587
6.410714285731018
6.401785714302449
6.392857142873879
6.38392857144531
6.37500000001674
6.366071428588171
6.357142857159602
6.348214285731032
6.339285714302463
6.330357142873893
6.321428571445324
6.312500000016755
6.303571428588185
6.294642857159616
6.285714285731046
6.276785714302477
6.267857142873908
6.258928571445338
6.250000000016769
6.241071428588199
6.23214285715963
6.223214285731061
6.214285714302491
6.205357142873922
6.196428571445352
6.187500000016783
6.178571428588214
6.169642857159644
6.160714285731075
6.151785714302505
6.142857142873936
6.133928571445367
6.125000000016797
6.116071428588228
6.107142857159658
6.098214285731089
6.08928571430252
6.08035714287395
6.071428571445381
6.062500000016811
6.053571428588242
6.044642857159673
6.035714285731103
6.026785714302534
6.0178571428739644
6.008928571445395
6.000000000016826
5.991071428588256
5.982142857159687
5.9732142857311175
5.964285714302548
5.955357142873979
5.946428571445409
5.93750000001684
5.9285714285882705
5.919642857159701
5.910714285731132
5.901785714302562
5.892857142873993
5.8839285714454235
5.875000000016854
5.866071428588285
5.857142857159715
5.848214285731146
5.8392857143025765
5.830357142874007
5.821428571445438
5.812500000016868
5.803571428588299
5.7946428571597295
5.78571428573116
5.776785714302591
5.767857142874021
5.758928571445452
5.7500000000168825
5.741071428588313
5.732142857159744
5.723214285731174
5.714285714302605
5.7053571428740355
5.696428571445466
5.687500000016897
5.678571428588327
5.669642857159758
5.6607142857311885
5.651785714302619
5.64285714287405
5.63392857144548
5.625000000016911
5.6160714285883415
5.607142857159772
5.598214285731203
5.589285714302633
5.580357142874064
5.5714285714454945
5.562500000016925
5.553571428588356
5.544642857159786
5.535714285731217
5.5267857143026475
5.517857142874078
5.508928571445509
5.500000000016939
5.49107142858837
5.4821428571598005
5.473214285731231
5.464285714302662
5.455357142874092
5.446428571445523
5.4375000000169535
5.428571428588384
5.419642857159815
5.410714285731245
5.401785714302676
5.392857142874107
5.383928571445537
5.375000000016968
5.366071428588398
5.357142857159829
5.34821428573126
5.33928571430269
5.330357142874121
5.321428571445551
5.312500000016982
5.303571428588413
5.294642857159843
5.285714285731274
5.276785714302704
5.267857142874135
5.258928571445566
5.250000000016996
5.241071428588427
5.232142857159857
5.223214285731288
5.214285714302719
5.205357142874149
5.19642857144558
5.18750000001701
5.178571428588441
5.169642857159872
5.160714285731302
5.151785714302733
5.142857142874163
5.133928571445594
5.125000000017025
5.116071428588455
5.107142857159886
5.098214285731316
5.089285714302747
5.080357142874178
5.071428571445608
5.062500000017039
5.053571428588469
5.0446428571599
5.035714285731331
5.026785714302761
5.017857142874192
5.008928571445622
5.000000000017053
4.991071428588484
4.982142857159914
4.973214285731345
4.964285714302775
4.955357142874206
4.946428571445637
4.937500000017067
4.928571428588498
4.919642857159928
4.910714285731359
4.90178571430279
4.89285714287422
4.883928571445651
4.8750000000170814
4.866071428588512
4.857142857159943
4.848214285731373
4.839285714302804
4.8303571428742345
4.821428571445665
4.812500000017096
4.803571428588526
4.794642857159957
4.7857142857313875
4.776785714302818
4.767857142874249
4.758928571445679
4.75000000001711
4.7410714285885405
4.732142857159971
4.723214285731402
4.714285714302832
4.705357142874263
4.6964285714456935
4.687500000017124
4.678571428588555
4.669642857159985
4.660714285731416
4.6517857143028465
4.642857142874277
4.633928571445708
4.625000000017138
4.616071428588569
4.6071428571599995
4.59821428573143
4.589285714302861
4.580357142874291
4.571428571445722
4.5625000000171525
4.553571428588583
4.544642857160014
4.535714285731444
4.526785714302875
4.5178571428743055
4.508928571445736
4.500000000017167
4.491071428588597
4.482142857160028
4.4732142857314585
4.464285714302889
4.45535714287432
4.44642857144575
4.437500000017181
4.4285714285886115
4.419642857160042
4.410714285731473
4.401785714302903
4.392857142874334
4.3839285714457645
4.375000000017195
4.366071428588626
4.357142857160056
4.348214285731487
4.3392857143029175
4.330357142874348
4.321428571445779
4.312500000017209
4.30357142858864
4.2946428571600705
4.285714285731501
4.276785714302932
4.267857142874362
4.258928571445793
4.250000000017224
4.241071428588654
4.232142857160085
4.223214285731515
4.214285714302946
4.205357142874377
4.196428571445807
4.187500000017238
4.178571428588668
4.169642857160099
4.16071428573153
4.15178571430296
4.142857142874391
4.133928571445821
4.125000000017252
4.116071428588683
4.107142857160113
4.098214285731544
4.089285714302974
4.080357142874405
4.071428571445836
4.062500000017266
4.053571428588697
4.044642857160127
4.035714285731558
4.026785714302989
4.017857142874419
4.00892857144585
4.00000000001728
3.991071428588711
3.9821428571601416
3.973214285731572
3.964285714303003
3.9553571428744334
3.946428571445864
3.9375000000172946
3.928571428588725
3.919642857160156
3.9107142857315864
3.901785714303017
3.8928571428744476
3.883928571445878
3.875000000017309
3.8660714285887394
3.85714285716017
3.8482142857316006
3.8392857143030312
3.830357142874462
3.8214285714458924
3.812500000017323
3.8035714285887536
3.7946428571601842
3.785714285731615
3.7767857143030454
3.767857142874476
3.7589285714459066
3.7500000000173372
3.741071428588768
3.7321428571601984
3.723214285731629
3.7142857143030596
3.7053571428744903
3.696428571445921
3.6875000000173515
3.678571428588782
3.6696428571602127
3.6607142857316433
3.651785714303074
3.6428571428745045
3.633928571445935
3.6250000000173657
3.6160714285887963
3.607142857160227
3.5982142857316575
3.589285714303088
3.5803571428745187
3.5714285714459493
3.56250000001738
3.5535714285888105
3.544642857160241
3.5357142857316717
3.5267857143031023
3.517857142874533
3.5089285714459635
3.500000000017394
3.4910714285888247
3.4821428571602553
3.473214285731686
3.4642857143031165
3.455357142874547
3.4464285714459777
3.4375000000174083
3.428571428588839
3.4196428571602695
3.4107142857317
3.4017857143031307
3.3928571428745613
3.383928571445992
3.3750000000174225
3.366071428588853
3.3571428571602837
3.3482142857317143
3.339285714303145
3.3303571428745755
3.321428571446006
3.3125000000174367
3.3035714285888673
3.294642857160298
3.2857142857317285
3.276785714303159
3.2678571428745897
3.2589285714460203
3.250000000017451
3.2410714285888815
3.232142857160312
3.2232142857317427
3.2142857143031733
3.205357142874604
3.1964285714460345
3.187500000017465
3.1785714285888957
3.1696428571603263
3.160714285731757
3.1517857143031875
3.142857142874618
3.1339285714460487
3.1250000000174794
3.11607142858891
3.1071428571603406
3.098214285731771
3.0892857143032018
3.0803571428746324
3.071428571446063
3.0625000000174936
3.053571428588924
3.0446428571603548
3.0357142857317854
3.026785714303216
3.0178571428746466
3.008928571446077
3.0000000000175078
2.9910714285889384
2.982142857160369
2.9732142857317996
2.96428571430323
2.955357142874661
2.9464285714460914
2.937500000017522
2.9285714285889526
2.919642857160383
2.910714285731814
2.9017857143032444
2.892857142874675
2.8839285714461056
2.875000000017536
2.866071428588967
2.8571428571603974
2.848214285731828
2.8392857143032586
2.830357142874689
2.82142857144612
2.8125000000175504
2.803571428588981
2.7946428571604116
2.785714285731842
2.776785714303273
2.7678571428747034
2.758928571446134
2.7500000000175646
2.741071428588995
2.732142857160426
2.7232142857318564
2.714285714303287
2.7053571428747176
2.6964285714461482
2.687500000017579
2.6785714285890094
2.66964285716044
2.6607142857318706
2.6517857143033012
2.642857142874732
2.6339285714461624
2.625000000017593
2.6160714285890236
2.6071428571604542
2.598214285731885
2.5892857143033154
2.580357142874746
2.5714285714461766
2.5625000000176072
2.553571428589038
2.5446428571604685
2.535714285731899
2.5267857143033297
2.5178571428747603
2.508928571446191
2.5000000000176215
2.491071428589052
2.4821428571604827
2.4732142857319133
2.464285714303344
2.4553571428747745
2.446428571446205
2.4375000000176357
2.4285714285890663
2.419642857160497
2.4107142857319275
2.401785714303358
2.3928571428747887
2.3839285714462193
2.37500000001765
2.3660714285890805
2.357142857160511
2.3482142857319417
2.3392857143033723
2.330357142874803
2.3214285714462335
2.312500000017664
2.3035714285890947
2.2946428571605253
2.285714285731956
2.2767857143033865
2.267857142874817
2.2589285714462477
2.2500000000176783
2.241071428589109
2.2321428571605395
2.22321428573197
2.2142857143034007
2.2053571428748313
2.196428571446262
2.1875000000176925
2.178571428589123
2.1696428571605537
2.1607142857319843
2.151785714303415
2.1428571428748455
2.133928571446276
2.1250000000177067
2.1160714285891373
2.107142857160568
2.0982142857319985
2.089285714303429
2.0803571428748597
2.0714285714462903
2.062500000017721
2.0535714285891515
2.044642857160582
2.0357142857320127
2.0267857143034433
2.017857142874874
2.0089285714463045
2.000000000017735
1.9910714285891657
1.9821428571605963
1.973214285732027
1.9642857143034576
1.9553571428748882
1.9464285714463188
1.9375000000177494
1.92857142858918
1.9196428571606106
1.9107142857320412
1.9017857143034718
1.8928571428749024
1.883928571446333
1.8750000000177636
1.8660714285891942
1.8571428571606248
1.8482142857320554
1.839285714303486
1.8303571428749166
1.8214285714463472
1.8125000000177778
1.8035714285892084
1.794642857160639
1.7857142857320696
1.7767857143035002
1.7678571428749308
1.7589285714463614
1.750000000017792
1.7410714285892226
1.7321428571606532
1.7232142857320838
1.7142857143035144
1.705357142874945
1.6964285714463756
1.6875000000178062
1.6785714285892368
1.6696428571606674
1.660714285732098
1.6517857143035286
1.6428571428749592
1.6339285714463898
1.6250000000178204
1.616071428589251
1.6071428571606816
1.5982142857321122
1.5892857143035428
1.5803571428749734
1.571428571446404
1.5625000000178346
1.5535714285892652
1.5446428571606958
1.5357142857321264
1.526785714303557
1.5178571428749876
1.5089285714464182
1.5000000000178488
1.4910714285892794
1.48214285716071
1.4732142857321406
1.4642857143035712
1.4553571428750018
1.4464285714464324
1.437500000017863
1.4285714285892936
1.4196428571607242
1.4107142857321548
1.4017857143035855
1.392857142875016
1.3839285714464467
1.3750000000178773
1.3660714285893079
1.3571428571607385
1.348214285732169
1.3392857143035997
1.3303571428750303
1.3214285714464609
1.3125000000178915
1.303571428589322
1.2946428571607527
1.2857142857321833
1.2767857143036139
1.2678571428750445
1.258928571446475
1.2500000000179057
1.2410714285893363
1.2321428571607669
1.2232142857321975
1.214285714303628
1.2053571428750587
1.1964285714464893
1.1875000000179199
1.1785714285893505
1.169642857160781
1.1607142857322117
1.1517857143036423
1.142857142875073
1.1339285714465035
1.125000000017934
1.1160714285893647
1.1071428571607953
1.098214285732226
1.0892857143036565
1.080357142875087
1.0714285714465177
1.0625000000179483
1.053571428589379
1.0446428571608095
1.0357142857322401
1.0267857143036707
1.0178571428751013
1.008928571446532
1.0000000000179625
0.9910714285893931
0.9821428571608237
0.9732142857322543
0.9642857143036849
0.9553571428751155
0.9464285714465461
0.9375000000179767
0.9285714285894073
0.9196428571608379
0.9107142857322685
0.9017857143036991
0.8928571428751297
0.8839285714465603
0.8750000000179909
0.8660714285894215
0.8571428571608521
0.8482142857322827
0.8392857143037133
0.830357142875144
0.8214285714465746
0.8125000000180052
0.8035714285894358
0.7946428571608664
0.785714285732297
0.7767857143037276
0.7678571428751582
0.7589285714465888
0.7500000000180194
0.74107142858945
0.7321428571608806
0.7232142857323112
0.7142857143037418
0.7053571428751724
0.696428571446603
0.6875000000180336
0.6785714285894642
0.6696428571608948
0.6607142857323254
0.651785714303756
0.6428571428751866
0.6339285714466172
0.6250000000180478
0.6160714285894784
0.607142857160909
0.5982142857323396
0.5892857143037702
0.5803571428752008
0.5714285714466314
0.562500000018062
0.5535714285894926
0.5446428571609232
0.5357142857323538
0.5267857143037844
0.517857142875215
0.5089285714466456
0.5000000000180762
0.4910714285895068
0.4821428571609374
0.473214285732368
0.4642857143037986
0.4553571428752292
0.4464285714466598
0.4375000000180904
0.428571428589521
0.4196428571609516
0.4107142857323822
0.4017857143038128
0.3928571428752434
0.383928571446674
0.37500000001810463
0.36607142858953523
0.35714285716096583
0.34821428573239643
0.33928571430382704
0.33035714287525764
0.32142857144668824
0.31250000001811884
0.30357142858954944
0.29464285716098004
0.28571428573241064
0.27678571430384125
0.26785714287527185
0.25892857144670245
0.25000000001813305
0.24107142858956365
0.23214285716099425
0.22321428573242486
0.21428571430385546
0.20535714287528606
0.19642857144671666
0.18750000001814726
0.17857142858957786
0.16964285716100846
0.16071428573243907
0.15178571430386967
0.14285714287530027
0.13392857144673087
0.12500000001816147
0.11607142858959207
0.10714285716102268
0.09821428573245328
0.08928571430388388
0.08035714287531448
0.07142857144674508
0.06250000001817568
0.053571428589606285
0.044642857161036886
0.03571428573246749
0.02678571430389809
0.01785714287532869
0.008928571446759292
1.8189894035458565E-11
-0.008928571410379504
-0.017857142838948903
-0.0267857142675183
-0.0357142856960877
-0.0446428571246571
-0.0535714285532265
-0.062499999981795895
-0.0714285714103653
-0.08035714283893469
-0.08928571426750409
-0.09821428569607349
-0.10714285712464289
-0.11607142855321229
-0.12499999998178168
-0.13392857141035108
-0.14285714283892048
-0.15178571426748988
-0.16071428569605928
-0.16964285712462868
-0.17857142855319807
-0.18749999998176747
-0.19642857141033687
-0.20535714283890627
-0.21428571426747567
-0.22321428569604507
-0.23214285712461447
-0.24107142855318386
-0.24999999998175326
-0.25892857141032266
-0.26785714283889206
-0.27678571426746146
-0.28571428569603086
-0.29464285712460025
-0.30357142855316965
-0.31249999998173905
-0.32142857141030845
-0.33035714283887785
-0.33928571426744725
-0.34821428569601665
-0.35714285712458604
-0.36607142855315544
-0.37499999998172484
-0.38392857141029424
-0.39285714283886364
-0.40178571426743304
-0.41071428569600243
-0.41964285712457183
-0.42857142855314123
-0.43749999998171063
-0.44642857141028003
-0.4553571428388494
-0.4642857142674188
-0.4732142856959882
-0.4821428571245576
-0.491071428553127
-0.4999999999816964
-0.5089285714102658
-0.5178571428388352
-0.5267857142674046
-0.535714285695974
-0.5446428571245434
-0.5535714285531128
-0.5624999999816822
-0.5714285714102516
-0.580357142838821
-0.5892857142673904
-0.5982142856959598
-0.6071428571245292
-0.6160714285530986
-0.624999999981668
-0.6339285714102374
-0.6428571428388068
-0.6517857142673762
-0.6607142856959456
-0.669642857124515
-0.6785714285530844
-0.6874999999816538
-0.6964285714102232
-0.7053571428387926
-0.714285714267362
-0.7232142856959314
-0.7321428571245008
-0.7410714285530702
-0.7499999999816396
-0.758928571410209
-0.7678571428387784
-0.7767857142673478
-0.7857142856959172
-0.7946428571244866
-0.803571428553056
-0.8124999999816254
-0.8214285714101948
-0.8303571428387642
-0.8392857142673336
-0.848214285695903
-0.8571428571244724
-0.8660714285530418
-0.8749999999816112
-0.8839285714101806
-0.89285714283875
-0.9017857142673193
-0.9107142856958887
-0.9196428571244581
-0.9285714285530275
-0.9374999999815969
-0.9464285714101663
-0.9553571428387357
-0.9642857142673051
-0.9732142856958745
-0.9821428571244439
-0.9910714285530133
-0.9999999999815827
-1.0089285714101521
-1.0178571428387215
-1.026785714267291
-1.0357142856958603
-1.0446428571244297
-1.0535714285529991
-1.0624999999815685
-1.071428571410138
-1.0803571428387073
-1.0892857142672767
-1.0982142856958461
-1.1071428571244155
-1.116071428552985
-1.1249999999815543
-1.1339285714101237
-1.142857142838693
-1.1517857142672625
-1.160714285695832
-1.1696428571244013
-1.1785714285529707
-1.18749999998154
-1.1964285714101095
-1.205357142838679
-1.2142857142672483
-1.2232142856958177
-1.232142857124387
-1.2410714285529565
-1.2499999999815259
-1.2589285714100953
-1.2678571428386647
-1.276785714267234
-1.2857142856958035
-1.2946428571243729
-1.3035714285529423
-1.3124999999815117
-1.321428571410081
-1.3303571428386505
-1.3392857142672199
-1.3482142856957893
-1.3571428571243587
-1.366071428552928
-1.3749999999814975
-1.3839285714100669
-1.3928571428386363
-1.4017857142672057
-1.410714285695775
-1.4196428571243445
-1.4285714285529139
-1.4374999999814833
-1.4464285714100527
-1.455357142838622
-1.4642857142671915
-1.4732142856957609
-1.4821428571243302
-1.4910714285528996
-1.499999999981469
-1.5089285714100384
-1.5178571428386078
-1.5267857142671772
-1.5357142856957466
-1.544642857124316
-1.5535714285528854
-1.5624999999814548
-1.5714285714100242
-1.5803571428385936
-1.589285714267163
-1.5982142856957324
-1.6071428571243018
-1.6160714285528712
-1.6249999999814406
-1.63392857141001
-1.6428571428385794
-1.6517857142671488
-1.6607142856957182
-1.6696428571242876
-1.678571428552857
-1.6874999999814264
-1.6964285714099958
-1.7053571428385652
-1.7142857142671346
-1.723214285695704
-1.7321428571242734
-1.7410714285528428
-1.7499999999814122
-1.7589285714099816
-1.767857142838551
-1.7767857142671204
-1.7857142856956898
-1.7946428571242592
-1.8035714285528286
-1.812499999981398
-1.8214285714099674
-1.8303571428385368
-1.8392857142671062
-1.8482142856956756
-1.857142857124245
-1.8660714285528144
-1.8749999999813838
-1.8839285714099532
-1.8928571428385226
-1.901785714267092
-1.9107142856956614
-1.9196428571242308
-1.9285714285528002
-1.9374999999813696
-1.946428571409939
-1.9553571428385084
-1.9642857142670778
-1.9732142856956472
-1.9821428571242166
-1.991071428552786
-1.9999999999813554
-2.0089285714099248
-2.017857142838494
-2.0267857142670636
-2.035714285695633
-2.0446428571242024
-2.0535714285527717
-2.062499999981341
-2.0714285714099105
-2.08035714283848
-2.0892857142670493
-2.0982142856956187
-2.107142857124188
-2.1160714285527575
-2.124999999981327
-2.1339285714098963
-2.1428571428384657
-2.151785714267035
-2.1607142856956045
-2.169642857124174
-2.1785714285527433
-2.1874999999813127
-2.196428571409882
-2.2053571428384515
-2.214285714267021
-2.2232142856955903
-2.2321428571241597
-2.241071428552729
-2.2499999999812985
-2.258928571409868
-2.2678571428384373
-2.2767857142670067
-2.285714285695576
-2.2946428571241455
-2.303571428552715
-2.3124999999812843
-2.3214285714098537
-2.330357142838423
-2.3392857142669925
-2.348214285695562
-2.3571428571241313
-2.3660714285527007
-2.37499999998127
-2.3839285714098395
-2.392857142838409
-2.4017857142669783
-2.4107142856955477
-2.419642857124117
-2.4285714285526865
-2.437499999981256
-2.4464285714098253
-2.4553571428383947
-2.464285714266964
-2.4732142856955335
-2.482142857124103
-2.4910714285526723
-2.4999999999812417
-2.508928571409811
-2.5178571428383805
-2.52678571426695
-2.5357142856955193
-2.5446428571240887
-2.553571428552658
-2.5624999999812275
-2.571428571409797
-2.5803571428383663
-2.5892857142669357
-2.598214285695505
-2.6071428571240745
-2.616071428552644
-2.6249999999812133
-2.6339285714097826
-2.642857142838352
-2.6517857142669214
-2.660714285695491
-2.6696428571240602
-2.6785714285526296
-2.687499999981199
-2.6964285714097684
-2.705357142838338
-2.7142857142669072
-2.7232142856954766
-2.732142857124046
-2.7410714285526154
-2.749999999981185
-2.7589285714097542
-2.7678571428383236
-2.776785714266893
-2.7857142856954624
-2.794642857124032
-2.803571428552601
-2.8124999999811706
-2.82142857140974
-2.8303571428383094
-2.839285714266879
-2.848214285695448
-2.8571428571240176
-2.866071428552587
-2.8749999999811564
-2.883928571409726
-2.892857142838295
-2.9017857142668646
-2.910714285695434
-2.9196428571240034
-2.928571428552573
-2.937499999981142
-2.9464285714097116
-2.955357142838281
-2.9642857142668504
-2.97321428569542
-2.982142857123989
-2.9910714285525586
-2.999999999981128
-3.0089285714096974
-3.017857142838267
-3.026785714266836
-3.0357142856954056
-3.044642857123975
-3.0535714285525444
-3.0624999999811138
-3.071428571409683
-3.0803571428382526
-3.089285714266822
-3.0982142856953914
-3.1071428571239608
-3.11607142855253
-3.1249999999810996
-3.133928571409669
-3.1428571428382384
-3.1517857142668078
-3.160714285695377
-3.1696428571239466
-3.178571428552516
-3.1874999999810854
-3.1964285714096548
-3.205357142838224
-3.2142857142667935
-3.223214285695363
-3.2321428571239323
-3.2410714285525017
-3.249999999981071
-3.2589285714096405
-3.26785714283821
-3.2767857142667793
-3.2857142856953487
-3.294642857123918
-3.3035714285524875
-3.312499999981057
-3.3214285714096263
-3.3303571428381957
-3.339285714266765
-3.3482142856953345
-3.357142857123904
-3.3660714285524733
-3.3749999999810427
-3.383928571409612
-3.3928571428381815
-3.401785714266751
-3.4107142856953203
-3.4196428571238897
-3.428571428552459
-3.4374999999810285
-3.446428571409598
-3.4553571428381673
-3.4642857142667367
-3.473214285695306
-3.4821428571238755
-3.491071428552445
-3.4999999999810143
-3.5089285714095837
-3.517857142838153
-3.5267857142667225
-3.535714285695292
-3.5446428571238613
-3.5535714285524307
-3.562499999981
-3.5714285714095695
-3.580357142838139
-3.5892857142667083
-3.5982142856952777
-3.607142857123847
-3.6160714285524165
-3.624999999980986
-3.6339285714095553
-3.6428571428381247
-3.651785714266694
-3.6607142856952635
-3.669642857123833
-3.6785714285524023
-3.6874999999809717
-3.696428571409541
-3.7053571428381105
-3.71428571426668
-3.7232142856952493
-3.7321428571238187
-3.741071428552388
-3.7499999999809575
-3.758928571409527
-3.7678571428380963
-3.7767857142666657
-3.785714285695235
-3.7946428571238044
-3.803571428552374
-3.8124999999809432
-3.8214285714095126
-3.830357142838082
-3.8392857142666514
-3.848214285695221
-3.8571428571237902
-3.8660714285523596
-3.874999999980929
-3.8839285714094984
-3.892857142838068
-3.9017857142666372
-3.9107142856952066
-3.919642857123776
-3.9285714285523454
-3.937499999980915
-3.946428571409484
-3.9553571428380536
-3.964285714266623
-3.9732142856951924
-3.982142857123762
-3.991071428552331
-3.9999999999809006
-4.00892857140947
-4.017857142838039
-4.026785714266609
-4.035714285695178
-4.044642857123748
-4.053571428552317
-4.062499999980886
-4.071428571409456
-4.080357142838025
-4.089285714266595
-4.098214285695164
-4.107142857123733
-4.116071428552303
-4.124999999980872
-4.133928571409442
-4.142857142838011
-4.15178571426658
-4.16071428569515
-4.169642857123719
-4.178571428552289
-4.187499999980858
-4.196428571409427
-4.205357142837997
-4.214285714266566
-4.223214285695136
-4.232142857123705
-4.241071428552274
-4.249999999980844
-4.258928571409413
-4.267857142837983
-4.276785714266552
-4.285714285695121
-4.294642857123691
-4.30357142855226
-4.31249999998083
-4.321428571409399
-4.330357142837968
-4.339285714266538
-4.348214285695107
-4.3571428571236765
-4.366071428552246
-4.374999999980815
-4.383928571409385
-4.392857142837954
-4.4017857142665235
-4.410714285695093
-4.419642857123662
-4.428571428552232
-4.437499999980801
-4.4464285714093705
-4.45535714283794
-4.464285714266509
-4.473214285695079
-4.482142857123648
-4.4910714285522175
-4.499999999980787
-4.508928571409356
-4.517857142837926
-4.526785714266495
-4.5357142856950645
-4.544642857123634
-4.553571428552203
-4.562499999980773
-4.571428571409342
-4.5803571428379115
-4.589285714266481
-4.59821428569505
-4.60714285712362
-4.616071428552189
-4.6249999999807585
-4.633928571409328
-4.642857142837897
-4.651785714266467
-4.660714285695036
-4.6696428571236055
-4.678571428552175
-4.687499999980744
-4.696428571409314
-4.705357142837883
-4.7142857142664525
-4.723214285695022
-4.732142857123591
-4.741071428552161
-4.74999999998073
-4.7589285714092995
-4.767857142837869
-4.776785714266438
-4.785714285695008
-4.794642857123577
-4.8035714285521465
-4.812499999980716
-4.821428571409285
-4.830357142837855
-4.839285714266424
-4.8482142856949935
-4.857142857123563
-4.866071428552132
-4.874999999980702
-4.883928571409271
-4.8928571428378405
-4.90178571426641
-4.910714285694979
-4.919642857123549
-4.928571428552118
-4.9374999999806874
-4.946428571409257
-4.955357142837826
-4.964285714266396
-4.973214285694965
-4.982142857123534
-4.991071428552104
-4.999999999980673
-5.008928571409243
-5.017857142837812
-5.026785714266381
-5.035714285694951
-5.04464285712352
-5.05357142855209
-5.062499999980659
-5.071428571409228
-5.080357142837798
-5.089285714266367
-5.098214285694937
-5.107142857123506
-5.116071428552075
-5.124999999980645
-5.133928571409214
-5.142857142837784
-5.151785714266353
-5.160714285694922
-5.169642857123492
-5.178571428552061
-5.187499999980631
-5.1964285714092
-5.205357142837769
-5.214285714266339
-5.223214285694908
-5.232142857123478
-5.241071428552047
-5.249999999980616
-5.258928571409186
-5.267857142837755
-5.276785714266325
-5.285714285694894
-5.294642857123463
-5.303571428552033
-5.312499999980602
-5.321428571409172
-5.330357142837741
-5.33928571426631
-5.34821428569488
-5.357142857123449
-5.366071428552019
-5.374999999980588
-5.383928571409157
-5.392857142837727
-5.401785714266296
-5.410714285694866
-5.419642857123435
-5.428571428552004
-5.437499999980574
-5.446428571409143
-5.455357142837713
-5.464285714266282
-5.473214285694851
-5.482142857123421
-5.49107142855199
-5.4999999999805596
-5.508928571409129
-5.517857142837698
-5.526785714266268
-5.535714285694837
-5.5446428571234065
-5.553571428551976
-5.562499999980545
-5.571428571409115
-5.580357142837684
-5.5892857142662535
-5.598214285694823
-5.607142857123392
-5.616071428551962
-5.624999999980531
-5.6339285714091005
-5.64285714283767
-5.651785714266239
-5.660714285694809
-5.669642857123378
-5.6785714285519475
-5.687499999980517
-5.696428571409086
-5.705357142837656
-5.714285714266225
-5.7232142856947945
-5.732142857123364
-5.741071428551933
-5.749999999980503
-5.758928571409072
-5.7678571428376415
-5.776785714266211
-5.78571428569478
-5.79464285712335
-5.803571428551919
-5.8124999999804885
-5.821428571409058
-5.830357142837627
-5.839285714266197
-5.848214285694766
-5.8571428571233355
-5.866071428551905
-5.874999999980474
-5.883928571409044
-5.892857142837613
-5.9017857142661825
-5.910714285694752
-5.919642857123321
-5.928571428551891
-5.93749999998046
-5.9464285714090295
-5.955357142837599
-5.964285714266168
-5.973214285694738
-5.982142857123307
-5.9910714285518765
-5.999999999980446
-6.008928571409015
-6.017857142837585
-6.026785714266154
-6.0357142856947235
-6.044642857123293
-6.053571428551862
-6.062499999980432
-6.071428571409001
-6.0803571428375704
-6.08928571426614
-6.098214285694709
-6.107142857123279
-6.116071428551848
-6.124999999980417
-6.133928571408987
-6.142857142837556
-6.151785714266126
-6.160714285694695
-6.169642857123264
-6.178571428551834
-6.187499999980403
-6.196428571408973
-6.205357142837542
-6.214285714266111
-6.223214285694681
-6.23214285712325
-6.24107142855182
-6.249999999980389
-6.258928571408958
-6.267857142837528
-6.276785714266097
-6.285714285694667
-6.294642857123236
-6.303571428551805
-6.312499999980375
-6.321428571408944
-6.330357142837514
-6.339285714266083
-6.348214285694652
-6.357142857123222
-6.366071428551791
-6.374999999980361
-6.38392857140893
-6.392857142837499
-6.401785714266069
-6.410714285694638
-6.419642857123208
-6.428571428551777
-6.437499999980346
-6.446428571408916
-6.455357142837485
-6.464285714266055
-6.473214285694624
-6.482142857123193
-6.491071428551763
-6.499999999980332
-6.508928571408902
-6.517857142837471
-6.52678571426604
-6.53571428569461
-6.544642857123179
-6.553571428551749
-6.562499999980318
-6.571428571408887
-6.580357142837457
-6.589285714266026
-6.598214285694596
-6.607142857123165
-6.616071428551734
-6.624999999980304
-6.633928571408873
-6.6428571428374426
-6.651785714266012
-6.660714285694581
-6.669642857123151
-6.67857142855172
-6.6874999999802895
-6.696428571408859
-6.705357142837428
-6.714285714265998
-6.723214285694567
-6.7321428571231365
-6.741071428551706
-6.749999999980275
-6.758928571408845
-6.767857142837414
-6.7767857142659835
-6.785714285694553
-6.794642857123122
-6.803571428551692
-6.812499999980261
-6.8214285714088305
-6.8303571428374
-6.839285714265969
-6.848214285694539
-6.857142857123108
-6.8660714285516775
-6.874999999980247
-6.883928571408816
-6.892857142837386
-6.901785714265955
-6.9107142856945245
-6.919642857123094
-6.928571428551663
-6.937499999980233
-6.946428571408802
-6.9553571428373715
-6.964285714265941
-6.97321428569451
-6.98214285712308
-6.991071428551649
-6.9999999999802185
-7.008928571408788
-7.017857142837357
-7.026785714265927
-7.035714285694496
-7.0446428571230655
-7.053571428551635
-7.062499999980204
-7.071428571408774
-7.080357142837343
-7.0892857142659125
-7.098214285694482
-7.107142857123051
-7.116071428551621
-7.12499999998019
-7.1339285714087595
-7.142857142837329
-7.151785714265898
-7.160714285694468
-7.169642857123037
-7.1785714285516065
-7.187499999980176
-7.196428571408745
-7.205357142837315
-7.214285714265884
-7.2232142856944535
-7.232142857123023
-7.241071428551592
-7.249999999980162
-7.258928571408731
-7.2678571428373
-7.27678571426587
-7.285714285694439
-7.294642857123009
-7.303571428551578
-7.312499999980147
-7.321428571408717
-7.330357142837286
-7.339285714265856
-7.348214285694425
-7.357142857122994
-7.366071428551564
-7.374999999980133
-7.383928571408703
-7.392857142837272
-7.401785714265841
-7.410714285694411
-7.41964285712298
-7.42857142855155
-7.437499999980119
-7.446428571408688
-7.455357142837258
-7.464285714265827
-7.473214285694397
-7.482142857122966
-7.491071428551535
-7.499999999980105
-7.508928571408674
-7.517857142837244
-7.526785714265813
-7.535714285694382
-7.544642857122952
-7.553571428551521
-7.562499999980091
-7.57142857140866
-7.580357142837229
-7.589285714265799
-7.598214285694368
-7.607142857122938
-7.616071428551507
-7.624999999980076
-7.633928571408646
-7.642857142837215
-7.651785714265785
-7.660714285694354
-7.669642857122923
-7.678571428551493
-7.687499999980062
-7.696428571408632
-7.705357142837201
-7.71428571426577
-7.72321428569434
-7.732142857122909
-7.741071428551479
-7.749999999980048
-7.758928571408617
-7.767857142837187
-7.776785714265756
-7.7857142856943256
-7.794642857122895
-7.803571428551464
-7.812499999980034
-7.821428571408603
-7.8303571428371725
-7.839285714265742
-7.848214285694311
-7.857142857122881
-7.86607142855145
-7.8749999999800195
-7.883928571408589
-7.892857142837158
-7.901785714265728
-7.910714285694297
-7.9196428571228665
-7.928571428551436
-7.937499999980005
-7.946428571408575
-7.955357142837144
-7.9642857142657135
-7.973214285694283
-7.982142857122852
-7.991071428551422
-7.999999999979991
-8.00892857140856
-8.01785714283713
-8.0267857142657
-8.035714285694269
-8.044642857122838
-8.053571428551408
-8.062499999979977
-8.071428571408546
-8.080357142837116
-8.089285714265685
-8.098214285694254
-8.107142857122824
-8.116071428551393
-8.124999999979963
-8.133928571408532
-8.142857142837101
-8.151785714265671
-8.16071428569424
-8.16964285712281
-8.178571428551379
-8.187499999979948
-8.196428571408518
-8.205357142837087
-8.214285714265657
-8.223214285694226
-8.232142857122795
-8.241071428551365
-8.249999999979934
-8.258928571408504
-8.267857142837073
-8.276785714265642
-8.285714285694212
-8.294642857122781
-8.30357142855135
-8.31249999997992
-8.32142857140849
-8.330357142837059
-8.339285714265628
-8.348214285694198
-8.357142857122767
-8.366071428551336
-8.374999999979906
-8.383928571408475
-8.392857142837045
-8.401785714265614
-8.410714285694183
-8.419642857122753
-8.428571428551322
-8.437499999979892
-8.446428571408461
-8.45535714283703
-8.4642857142656
-8.47321428569417
-8.482142857122739
-8.491071428551308
-8.499999999979877
-8.508928571408447
-8.517857142837016
-8.526785714265586
-8.535714285694155
-8.544642857122724
-8.553571428551294
-8.562499999979863
-8.571428571408433
-8.580357142837002
-8.589285714265571
-8.59821428569414
-8.60714285712271
-8.61607142855128
-8.624999999979849
-8.633928571408418
-8.642857142836988
-8.651785714265557
-8.660714285694127
-8.669642857122696
-8.678571428551265
-8.687499999979835
-8.696428571408404
-8.705357142836974
-8.714285714265543
-8.723214285694112
-8.732142857122682
-8.741071428551251
-8.74999999997982
-8.75892857140839
-8.76785714283696
-8.776785714265529
-8.785714285694098
-8.794642857122668
-8.803571428551237
-8.812499999979806
-8.821428571408376
-8.830357142836945
-8.839285714265515
-8.848214285694084
-8.857142857122653
-8.866071428551223
-8.874999999979792
-8.883928571408362
-8.892857142836931
-8.9017857142655
-8.91071428569407
-8.91964285712264
-8.928571428551209
-8.937499999979778
-8.946428571408347
-8.955357142836917
-8.964285714265486
-8.973214285694056
-8.982142857122625
-8.991071428551194
-8.999999999979764
-9.008928571408333
-9.017857142836903
-9.026785714265472
-9.035714285694041
-9.04464285712261
-9.05357142855118
-9.06249999997975
-9.071428571408319
-9.080357142836888
-9.089285714265458
-9.098214285694027
-9.107142857122597
-9.116071428551166
-9.124999999979735
-9.133928571408305
-9.142857142836874
-9.151785714265444
-9.160714285694013
-9.169642857122582
-9.178571428551152
-9.187499999979721
-9.19642857140829
-9.20535714283686
-9.21428571426543
-9.223214285693999
-9.232142857122568
-9.241071428551138
-9.249999999979707
-9.258928571408276
-9.267857142836846
-9.276785714265415
-9.285714285693984
-9.294642857122554
-9.303571428551123
-9.312499999979693
-9.321428571408262
-9.330357142836831
-9.3392857142654
-9.34821428569397
-9.35714285712254
-9.366071428551109
-9.374999999979678
-9.383928571408248
-9.392857142836817
-9.401785714265387
-9.410714285693956
-9.419642857122525
-9.428571428551095
-9.437499999979664
-9.446428571408234
-9.455357142836803
-9.464285714265372
-9.473214285693942
-9.482142857122511
-9.49107142855108
-9.49999999997965
-9.50892857140822
-9.517857142836789
-9.526785714265358
-9.535714285693928
-9.544642857122497
-9.553571428551066
-9.562499999979636
-9.571428571408205
-9.580357142836775
-9.589285714265344
-9.598214285693913
-9.607142857122483
-9.616071428551052
-9.624999999979622
-9.633928571408191
-9.64285714283676
-9.65178571426533
-9.6607142856939
-9.669642857122469
-9.678571428551038
-9.687499999979607
-9.696428571408177
-9.705357142836746
-9.714285714265316
-9.723214285693885
-9.732142857122454
-9.741071428551024
-9.749999999979593
-9.758928571408163
-9.767857142836732
-9.776785714265301
-9.78571428569387
-9.79464285712244
-9.80357142855101
-9.812499999979579
-9.821428571408148
-9.830357142836718
-9.839285714265287
-9.848214285693857
-9.857142857122426
-9.866071428550995
-9.874999999979565
-9.883928571408134
-9.892857142836704
-9.901785714265273
-9.910714285693842
-9.919642857122412
-9.928571428550981
-9.93749999997955
-9.94642857140812
-9.95535714283669
-9.964285714265259
-9.973214285693828
-9.982142857122398
-9.991071428550967
-9.999999999979536
-10.008928571408106
-10.017857142836675
-10.026785714265245
-10.035714285693814
-10.044642857122383
-10.053571428550953
-10.062499999979522
-10.071428571408092
-10.080357142836661
-10.08928571426523
-10.0982142856938
-10.10714285712237
-10.116071428550939
-10.124999999979508
-10.133928571408077
-10.142857142836647
-10.151785714265216
-10.160714285693786
-10.169642857122355
-10.178571428550924
-10.187499999979494
-10.196428571408063
-10.205357142836633
-10.214285714265202
-10.223214285693771
-10.23214285712234
-10.24107142855091
-10.24999999997948
-10.258928571408049
-10.267857142836618
-10.276785714265188
-10.285714285693757
-10.294642857122327
-10.303571428550896
-10.312499999979465
-10.321428571408035
-10.330357142836604
-10.339285714265174
-10.348214285693743
-10.357142857122312
-10.366071428550882
-10.374999999979451
-10.38392857140802
-10.39285714283659
-10.40178571426516
-10.410714285693729
-10.419642857122298
-10.428571428550867
-10.437499999979437
-10.446428571408006
-10.455357142836576
-10.464285714265145
-10.473214285693714
-10.482142857122284
-10.491071428550853
-10.499999999979423
-10.508928571407992
-10.517857142836561
-10.52678571426513
-10.5357142856937
-10.54464285712227
-10.553571428550839
-10.562499999979408
-10.571428571407978
-10.580357142836547
-10.589285714265117
-10.598214285693686
-10.607142857122255
-10.616071428550825
-10.624999999979394
-10.633928571407964
-10.642857142836533
-10.651785714265102
-10.660714285693672
-10.669642857122241
-10.67857142855081
-10.68749999997938
-10.69642857140795
-10.705357142836519
-10.714285714265088
-10.723214285693658
-10.732142857122227
-10.741071428550796
-10.749999999979366
-10.758928571407935
-10.767857142836505
-10.776785714265074
-10.785714285693643
-10.794642857122213
-10.803571428550782
-10.812499999979352
-10.821428571407921
-10.83035714283649
-10.83928571426506
-10.84821428569363
-10.857142857122199
-10.866071428550768
-10.874999999979337
-10.883928571407907
-10.892857142836476
-10.901785714265046
-10.910714285693615
-10.919642857122184
-10.928571428550754
-10.937499999979323
-10.946428571407893
-10.955357142836462
-10.964285714265031
-10.9732142856936
-10.98214285712217
-10.99107142855074
-10.999999999979309
-11.008928571407878
-11.017857142836448
-11.026785714265017
-11.035714285693587
-11.044642857122156
-11.053571428550725
-11.062499999979295
-11.071428571407864
-11.080357142836434
-11.089285714265003
-11.098214285693572
-11.107142857122142
-11.116071428550711
-11.12499999997928
-11.13392857140785
-11.14285714283642
-11.151785714264989
-11.160714285693558
-11.169642857122128
-11.178571428550697
-11.187499999979266
-11.196428571407836
-11.205357142836405
-11.214285714264975
-11.223214285693544
-11.232142857122113
-11.241071428550683
-11.249999999979252
-11.258928571407822
-11.267857142836391
-11.27678571426496
-11.28571428569353
-11.2946428571221
-11.303571428550669
-11.312499999979238
-11.321428571407807
-11.330357142836377
-11.339285714264946
-11.348214285693516
-11.357142857122085
-11.366071428550654
-11.374999999979224
-11.383928571407793
-11.392857142836363
-11.401785714264932
-11.410714285693501
-11.41964285712207
-11.42857142855064
-11.43749999997921
-11.446428571407779
-11.455357142836348
-11.464285714264918
-11.473214285693487
-11.482142857122057
-11.491071428550626
-11.499999999979195
-11.508928571407765
-11.517857142836334
-11.526785714264904
-11.535714285693473
-11.544642857122042
-11.553571428550612
-11.562499999979181
-11.57142857140775
-11.58035714283632
-11.58928571426489
-11.598214285693459
-11.607142857122028
-11.616071428550597
-11.624999999979167
-11.633928571407736
-11.642857142836306
-11.651785714264875
-11.660714285693444
-11.669642857122014
-11.678571428550583
-11.687499999979153
-11.696428571407722
-11.705357142836291
-11.71428571426486
-11.72321428569343
-11.732142857122
-11.741071428550569
-11.749999999979138
-11.758928571407708
-11.767857142836277
-11.776785714264847
-11.785714285693416
-11.794642857121985
-11.803571428550555
-11.812499999979124
-11.821428571407694
-11.830357142836263
-11.839285714264832
-11.848214285693402
-11.857142857121971
-11.86607142855054
-11.87499999997911
-11.88392857140768
-11.892857142836249
-11.901785714264818
-11.910714285693388
-11.919642857121957
-11.928571428550526
-11.937499999979096
-11.946428571407665
-11.955357142836235
-11.964285714264804
-11.973214285693373
-11.982142857121943
-11.991071428550512
-11.999999999979082
-12.008928571407651
-12.01785714283622
-12.02678571426479
-12.03571428569336
-12.044642857121929
-12.053571428550498
-12.062499999979067
-12.071428571407637
-12.080357142836206
-12.089285714264776
-12.098214285693345
-12.107142857121914
-12.116071428550484
-12.124999999979053
-12.133928571407623
-12.142857142836192
-12.151785714264761
-12.16071428569333
-12.1696428571219
-12.17857142855047
-12.187499999979039
-12.196428571407608
-12.205357142836178
-12.214285714264747
-12.223214285693317
-12.232142857121886
-12.241071428550455
-12.249999999979025
-12.258928571407594
-12.267857142836164
-12.276785714264733
-12.285714285693302
-12.294642857121872
-12.303571428550441
-12.31249999997901
-12.32142857140758
-12.33035714283615
-12.339285714264719
-12.348214285693288
-12.357142857121858
-12.366071428550427
-12.374999999978996
-12.383928571407566
-12.392857142836135
-12.401785714264705
-12.410714285693274
-12.419642857121843
-12.428571428550413
-12.437499999978982
-12.446428571407552
-12.455357142836121
-12.46428571426469
-12.47321428569326
-12.48214285712183
-12.491071428550399
-12.499999999978968
-12.508928571407537
-12.517857142836107
-12.526785714264676
-12.535714285693246
-12.544642857121815
-12.553571428550384
-12.562499999978954
-12.571428571407523
-12.580357142836093
-12.589285714264662
-12.598214285693231
-12.6071428571218
-12.61607142855037
-12.62499999997894
-12.633928571407509
-12.642857142836078
-12.651785714264648
-12.660714285693217
-12.669642857121787
-12.678571428550356
-12.687499999978925
-12.696428571407495
-12.705357142836064
-12.714285714264633
-12.723214285693203
-12.732142857121772
-12.741071428550342
-12.749999999978911
-12.75892857140748
-12.76785714283605
-12.77678571426462
-12.785714285693189
-12.794642857121758
-12.803571428550327
-12.812499999978897
-12.821428571407466
-12.830357142836036
-12.839285714264605
-12.848214285693174
-12.857142857121744
-12.866071428550313
-12.874999999978883
-12.883928571407452
-12.892857142836021
-12.90178571426459
-12.91071428569316
-12.91964285712173
-12.928571428550299
-12.937499999978868
-12.946428571407438
-12.955357142836007
-12.964285714264577
-12.973214285693146
-12.982142857121715
-12.991071428550285
-12.999999999978854
-13.008928571407424
-13.017857142835993
-13.026785714264562
-13.035714285693132
-13.044642857121701
-13.05357142855027
-13.06249999997884
-13.07142857140741
-13.080357142835979
-13.089285714264548
-13.098214285693118
-13.107142857121687
-13.116071428550256
-13.124999999978826
-13.133928571407395
-13.142857142835965
-13.151785714264534
-13.160714285693103
-13.169642857121673
-13.178571428550242
-13.187499999978812
-13.196428571407381
-13.20535714283595
-13.21428571426452
-13.22321428569309
-13.232142857121659
-13.241071428550228
-13.249999999978797
-13.258928571407367
-13.267857142835936
-13.276785714264506
-13.285714285693075
-13.294642857121644
-13.303571428550214
-13.312499999978783
-13.321428571407353
-13.330357142835922
-13.339285714264491
-13.34821428569306
-13.35714285712163
-13.3660714285502
-13.374999999978769
-13.383928571407338
-13.392857142835908
-13.401785714264477
-13.410714285693047
-13.419642857121616
-13.428571428550185
-13.437499999978755
-13.446428571407324
-13.455357142835894
-13.464285714264463
-13.473214285693032
-13.482142857121602
-13.491071428550171
-13.49999999997874
-13.50892857140731
-13.51785714283588
-13.526785714264449
-13.535714285693018
-13.544642857121588
-13.553571428550157
-13.562499999978726
-13.571428571407296
-13.580357142835865
-13.589285714264435
-13.598214285693004
-13.607142857121573
-13.616071428550143
-13.624999999978712
-13.633928571407282
-13.642857142835851
-13.65178571426442
-13.66071428569299
-13.66964285712156
-13.678571428550129
-13.687499999978698
-13.696428571407267
-13.705357142835837
-13.714285714264406
-13.723214285692976
-13.732142857121545
-13.741071428550114
-13.749999999978684
-13.758928571407253
-13.767857142835823
-13.776785714264392
-13.785714285692961
-13.79464285712153
-13.8035714285501
-13.81249999997867
-13.821428571407239
-13.830357142835808
-13.839285714264378
-13.848214285692947
-13.857142857121516
-13.866071428550086
-13.874999999978655
-13.883928571407225
-13.892857142835794
-13.901785714264363
-13.910714285692933
-13.919642857121502
-13.928571428550072
-13.937499999978641
-13.94642857140721
-13.95535714283578
-13.96428571426435
-13.973214285692919
-13.982142857121488
-13.991071428550057
-13.999999999978627
-14.008928571407196
-14.017857142835766
-14.026785714264335
-14.035714285692904
-14.044642857121474
-14.053571428550043
-14.062499999978613
-14.071428571407182
-14.080357142835751
-14.08928571426432
-14.09821428569289
-14.10714285712146
-14.116071428550029
-14.124999999978598
-14.133928571407168
-14.142857142835737
-14.151785714264307
-14.160714285692876
-14.169642857121445
-14.178571428550015
-14.187499999978584
-14.196428571407154
-14.205357142835723
-14.214285714264292
-14.223214285692862
-14.232142857121431
-14.24107142855
-14.24999999997857
-14.25892857140714
-14.267857142835709
-14.276785714264278
-14.285714285692848
-14.294642857121417
-14.303571428549986
-14.312499999978556
-14.321428571407125
-14.330357142835695
-14.339285714264264
-14.348214285692833
-14.357142857121403
-14.366071428549972
-14.374999999978542
-14.383928571407111
-14.39285714283568
-14.40178571426425
-14.41071428569282
-14.419642857121389
-14.428571428549958
-14.437499999978527
-14.446428571407097
-14.455357142835666
-14.464285714264236
-14.473214285692805
-14.482142857121374
-14.491071428549944
-14.499999999978513
-14.508928571407083
-14.517857142835652
-14.526785714264221
-14.53571428569279
-14.54464285712136
-14.55357142854993
-14.562499999978499
-14.571428571407068
-14.580357142835638
-14.589285714264207
-14.598214285692777
-14.607142857121346
-14.616071428549915
-14.624999999978485
-14.633928571407054
-14.642857142835624
-14.651785714264193
-14.660714285692762
-14.669642857121332
-14.678571428549901
-14.68749999997847
-14.69642857140704
-14.70535714283561
-14.714285714264179
-14.723214285692748
-14.732142857121318
-14.741071428549887
-14.749999999978456
-14.758928571407026
-14.767857142835595
-14.776785714264165
-14.785714285692734
-14.794642857121303
-14.803571428549873
-14.812499999978442
-14.821428571407012
-14.830357142835581
-14.83928571426415
-14.84821428569272
-14.85714285712129
-14.866071428549859
-14.874999999978428
-14.883928571406997
-14.892857142835567
-14.901785714264136
-14.910714285692706
-14.919642857121275
-14.928571428549844
-14.937499999978414
-14.946428571406983
-14.955357142835553
-14.964285714264122
-14.973214285692691
-14.98214285712126
-14.99107142854983
-14.9999999999784
-15.008928571406969
-15.017857142835538
-15.026785714264108
-15.035714285692677
-15.044642857121246
-15.053571428549816
-15.062499999978385
-15.071428571406955
-15.080357142835524
-15.089285714264093
-15.098214285692663
-15.107142857121232
-15.116071428549802
-15.124999999978371
-15.13392857140694
-15.14285714283551
-15.15178571426408
-15.160714285692649
-15.169642857121218
-15.178571428549787
-15.187499999978357
-15.196428571406926
-15.205357142835496
-15.214285714264065
-15.223214285692634
-15.232142857121204
-15.241071428549773
-15.249999999978343
-15.258928571406912
-15.267857142835481
-15.27678571426405
-15.28571428569262
-15.29464285712119
-15.303571428549759
-15.312499999978328
-15.321428571406898
-15.330357142835467
-15.339285714264037
-15.348214285692606
-15.357142857121175
-15.366071428549745
-15.374999999978314
-15.383928571406884
-15.392857142835453
-15.401785714264022
-15.410714285692592
-15.419642857121161
-15.42857142854973
-15.4374999999783
-15.44642857140687
-15.455357142835439
-15.464285714264008
-15.473214285692578
-15.482142857121147
-15.491071428549716
-15.499999999978286
-15.508928571406855
-15.517857142835425
-15.526785714263994
-15.535714285692563
-15.544642857121133
-15.553571428549702
-15.562499999978272
-15.571428571406841
-15.58035714283541
-15.58928571426398
-15.59821428569255
-15.607142857121119
-15.616071428549688
-15.624999999978257
-15.633928571406827
-15.642857142835396
-15.651785714263966
-15.660714285692535
-15.669642857121104
-15.678571428549674
-15.687499999978243
-15.696428571406813
-15.705357142835382
-15.714285714263951
-15.72321428569252
-15.73214285712109
-15.74107142854966
-15.749999999978229
-15.758928571406798
-15.767857142835368
-15.776785714263937
-15.785714285692507
-15.794642857121076
-15.803571428549645
-15.812499999978215
-15.821428571406784
-15.830357142835354
-15.839285714263923
-15.848214285692492
-15.857142857121062
-15.866071428549631
-15.8749999999782
-15.88392857140677
-15.89285714283534
-15.901785714263909
-15.910714285692478
-15.919642857121048
-15.928571428549617
-15.937499999978186
-15.946428571406756
-15.955357142835325
-15.964285714263895
-15.973214285692464
-15.982142857121033
-15.991071428549603
-15.999999999978172
-16.00892857140674
-16.01785714283531
-16.02678571426388
-16.03571428569245
-16.04464285712102
-16.05357142854959
-16.062499999978158
-16.071428571406727
-16.080357142835297
-16.089285714263866
-16.098214285692436
-16.107142857121005
-16.116071428549574
-16.124999999978144
-16.133928571406713
-16.142857142835283
-16.151785714263852
-16.16071428569242
-16.16964285712099
-16.17857142854956
-16.18749999997813
-16.1964285714067
-16.20535714283527
-16.214285714263838
-16.223214285692407
-16.232142857120976
-16.241071428549546
-16.249999999978115
-16.258928571406685
-16.267857142835254
-16.276785714263823
-16.285714285692393
-16.294642857120962
-16.30357142854953
-16.3124999999781
-16.32142857140667
-16.33035714283524
-16.33928571426381
-16.34821428569238
-16.357142857120948
-16.366071428549517
-16.374999999978087
-16.383928571406656
-16.392857142835226
-16.401785714263795
-16.410714285692364
-16.419642857120934
-16.428571428549503
-16.437499999978073
-16.446428571406642
-16.45535714283521
-16.46428571426378
-16.47321428569235
-16.48214285712092
-16.49107142854949
-16.49999999997806
-16.508928571406628
-16.517857142835197
-16.526785714263767
-16.535714285692336
-16.544642857120905
-16.553571428549475
-16.562499999978044
-16.571428571406614
-16.580357142835183
-16.589285714263752
-16.598214285692322
-16.60714285712089
-16.61607142854946
-16.62499999997803
-16.6339285714066
-16.64285714283517
-16.651785714263738
-16.660714285692308
-16.669642857120877
-16.678571428549446
-16.687499999978016
-16.696428571406585
-16.705357142835155
-16.714285714263724
-16.723214285692293
-16.732142857120863
-16.741071428549432
-16.749999999978
-16.75892857140657
-16.76785714283514
-16.77678571426371
-16.78571428569228
-16.79464285712085
-16.803571428549418
-16.812499999977987
-16.821428571406557
-16.830357142835126
-16.839285714263696
-16.848214285692265
-16.857142857120834
-16.866071428549404
-16.874999999977973
-16.883928571406543
-16.892857142835112
-16.90178571426368
-16.91071428569225
-16.91964285712082
-16.92857142854939
-16.93749999997796
-16.94642857140653
-16.955357142835098
-16.964285714263667
-16.973214285692237
-16.982142857120806
-16.991071428549375
-16.999999999977945
-17.008928571406514
-17.017857142835084
-17.026785714263653
-17.035714285692222
-17.04464285712079
-17.05357142854936
-17.06249999997793
-17.0714285714065
-17.08035714283507
-17.08928571426364
-17.098214285692208
-17.107142857120778
-17.116071428549347
-17.124999999977916
-17.133928571406486
-17.142857142835055
-17.151785714263625
-17.160714285692194
-17.169642857120763
-17.178571428549333
-17.187499999977902
-17.19642857140647
-17.20535714283504
-17.21428571426361
-17.22321428569218
-17.23214285712075
-17.24107142854932
-17.249999999977888
-17.258928571406457
-17.267857142835027
-17.276785714263596
-17.285714285692166
-17.294642857120735
-17.303571428549304
-17.312499999977874
-17.321428571406443
-17.330357142835012
-17.339285714263582
-17.34821428569215
-17.35714285712072
-17.36607142854929
-17.37499999997786
-17.38392857140643
-17.392857142835
-17.401785714263568
-17.410714285692137
-17.419642857120706
-17.428571428549276
-17.437499999977845
-17.446428571406415
-17.455357142834984
-17.464285714263553
-17.473214285692123
-17.482142857120692
-17.49107142854926
-17.49999999997783
-17.5089285714064
-17.51785714283497
-17.52678571426354
-17.53571428569211
-17.544642857120678
-17.553571428549247
-17.562499999977817
-17.571428571406386
-17.580357142834956
-17.589285714263525
-17.598214285692094
-17.607142857120664
-17.616071428549233
-17.624999999977803
-17.633928571406372
-17.64285714283494
-17.65178571426351
-17.66071428569208
-17.66964285712065
-17.67857142854922
-17.68749999997779
-17.696428571406358
-17.705357142834927
-17.714285714263497
-17.723214285692066
-17.732142857120635
-17.741071428549205
-17.749999999977774
-17.758928571406344
-17.767857142834913
-17.776785714263482
-17.785714285692052
-17.79464285712062
-17.80357142854919
-17.81249999997776
-17.82142857140633
-17.8303571428349
-17.839285714263468
-17.848214285692038
-17.857142857120607
-17.866071428549176
-17.874999999977746
-17.883928571406315
-17.892857142834885
-17.901785714263454
-17.910714285692023
-17.919642857120593
-17.928571428549162
-17.93749999997773
-17.9464285714063
-17.95535714283487
-17.96428571426344
-17.97321428569201
-17.98214285712058
-17.991071428549148
-17.999999999977717
-18.008928571406287
-18.017857142834856
-18.026785714263426
-18.035714285691995
-18.044642857120564
-18.053571428549134
-18.062499999977703
-18.071428571406273
-18.080357142834842
-18.08928571426341
-18.09821428569198
-18.10714285712055
-18.11607142854912
-18.12499999997769
-18.13392857140626
-18.142857142834828
-18.151785714263397
-18.160714285691967
-18.169642857120536
-18.178571428549105
-18.187499999977675
-18.196428571406244
-18.205357142834814
-18.214285714263383
-18.223214285691952
-18.23214285712052
-18.24107142854909
-18.24999999997766
-18.25892857140623
-18.2678571428348
-18.27678571426337
-18.285714285691938
-18.294642857120508
-18.303571428549077
-18.312499999977646
-18.321428571406216
-18.330357142834785
-18.339285714263355
-18.348214285691924
-18.357142857120493
-18.366071428549063
-18.374999999977632
-18.3839285714062
-18.39285714283477
-18.40178571426334
-18.41071428569191
-18.41964285712048
-18.42857142854905
-18.437499999977618
-18.446428571406187
-18.455357142834757
-18.464285714263326
-18.473214285691895
-18.482142857120465
-18.491071428549034
-18.499999999977604
-18.508928571406173
-18.517857142834742
-18.526785714263312
-18.53571428569188
-18.54464285712045
-18.55357142854902
-18.56249999997759
-18.57142857140616
-18.58035714283473
-18.589285714263298
-18.598214285691867
-18.607142857120436
-18.616071428549006
-18.624999999977575
-18.633928571406145
-18.642857142834714
-18.651785714263283
-18.660714285691853
-18.669642857120422
-18.67857142854899
-18.68749999997756
-18.69642857140613
-18.7053571428347
-18.71428571426327
-18.72321428569184
-18.732142857120408
-18.741071428548977
-18.749999999977547
-18.758928571406116
-18.767857142834686
-18.776785714263255
-18.785714285691824
-18.794642857120394
-18.803571428548963
-18.812499999977533
-18.821428571406102
-18.83035714283467
-18.83928571426324
-18.84821428569181
-18.85714285712038
-18.86607142854895
-18.87499999997752
-18.883928571406088
-18.892857142834657
-18.901785714263227
-18.910714285691796
-18.919642857120365
-18.928571428548935
-18.937499999977504
-18.946428571406074
-18.955357142834643
-18.964285714263212
-18.973214285691782
-18.98214285712035
-18.99107142854892
-18.99999999997749
-19.00892857140606
-19.01785714283463
-19.026785714263198
-19.035714285691768
-19.044642857120337
-19.053571428548906
-19.062499999977476
-19.071428571406045
-19.080357142834615
-19.089285714263184
-19.098214285691753
-19.107142857120323
-19.116071428548892
-19.12499999997746
-19.13392857140603
-19.1428571428346
-19.15178571426317
-19.16071428569174
-19.16964285712031
-19.178571428548878
-19.187499999977447
-19.196428571406017
-19.205357142834586
-19.214285714263156
-19.223214285691725
-19.232142857120294
-19.241071428548864
-19.249999999977433
-19.258928571406003
-19.267857142834572
-19.27678571426314
-19.28571428569171
-19.29464285712028
-19.30357142854885
-19.31249999997742
-19.32142857140599
-19.330357142834558
-19.339285714263127
-19.348214285691697
-19.357142857120266
-19.366071428548835
-19.374999999977405
-19.383928571405974
-19.392857142834544
-19.401785714263113
-19.410714285691682
-19.41964285712025
-19.42857142854882
-19.43749999997739
-19.44642857140596
-19.45535714283453
-19.4642857142631
-19.473214285691668
-19.482142857120238
-19.491071428548807
-19.499999999977376
-19.508928571405946
-19.517857142834515
-19.526785714263085
-19.535714285691654
-19.544642857120223
-19.553571428548793
-19.562499999977362
-19.57142857140593
-19.5803571428345
-19.58928571426307
-19.59821428569164
-19.60714285712021
-19.61607142854878
-19.624999999977348
-19.633928571405917
-19.642857142834487
-19.651785714263056
-19.660714285691625
-19.669642857120195
-19.678571428548764
-19.687499999977334
-19.696428571405903
-19.705357142834472
-19.714285714263042
-19.72321428569161
-19.73214285712018
-19.74107142854875
-19.74999999997732
-19.75892857140589
-19.76785714283446
-19.776785714263028
-19.785714285691597
-19.794642857120166
-19.803571428548736
-19.812499999977305
-19.821428571405875
-19.830357142834444
-19.839285714263013
-19.848214285691583
-19.857142857120152
-19.86607142854872
-19.87499999997729
-19.88392857140586
-19.89285714283443
-19.901785714263
-19.91071428569157
-19.919642857120138
-19.928571428548707
-19.937499999977277
-19.946428571405846
-19.955357142834416
-19.964285714262985
-19.973214285691554
-19.982142857120124
-19.991071428548693
-19.999999999977263
-20.008928571405832
-20.0178571428344
-20.02678571426297
-20.03571428569154
-20.04464285712011
-20.05357142854868
-20.06249999997725
-20.071428571405818
-20.080357142834387
-20.089285714262957
-20.098214285691526
-20.107142857120095
-20.116071428548665
-20.124999999977234
-20.133928571405804
-20.142857142834373
-20.151785714262942
-20.160714285691512
-20.16964285712008
-20.17857142854865
-20.18749999997722
-20.19642857140579
-20.20535714283436
-20.214285714262928
-20.223214285691498
-20.232142857120067
-20.241071428548636
-20.249999999977206
-20.258928571405775
-20.267857142834345
-20.276785714262914
-20.285714285691483
-20.294642857120053
-20.303571428548622
-20.31249999997719
-20.32142857140576
-20.33035714283433
-20.3392857142629
-20.34821428569147
-20.35714285712004
-20.366071428548608
-20.374999999977177
-20.383928571405747
-20.392857142834316
-20.401785714262886
-20.410714285691455
-20.419642857120024
-20.428571428548594
-20.437499999977163
-20.446428571405733
-20.455357142834302
-20.46428571426287
-20.47321428569144
-20.48214285712001
-20.49107142854858
-20.49999999997715
-20.50892857140572
-20.517857142834288
-20.526785714262857
-20.535714285691427
-20.544642857119996
-20.553571428548565
-20.562499999977135
-20.571428571405704
-20.580357142834274
-20.589285714262843
-20.598214285691412
-20.60714285711998
-20.61607142854855
-20.62499999997712
-20.63392857140569
-20.64285714283426
-20.65178571426283
-20.660714285691398
-20.669642857119968
-20.678571428548537
-20.687499999977106
-20.696428571405676
-20.705357142834245
-20.714285714262815
-20.723214285691384
-20.732142857119953
-20.741071428548523
-20.749999999977092
-20.75892857140566
-20.76785714283423
-20.7767857142628
-20.78571428569137
-20.79464285711994
-20.80357142854851
-20.812499999977078
-20.821428571405647
-20.830357142834217
-20.839285714262786
-20.848214285691355
-20.857142857119925
-20.866071428548494
-20.874999999977064
-20.883928571405633
-20.892857142834202
-20.901785714262772
-20.91071428569134
-20.91964285711991
-20.92857142854848
-20.93749999997705
-20.94642857140562
-20.95535714283419
-20.964285714262758
-20.973214285691327
-20.982142857119896
-20.991071428548466
-20.999999999977035
-21.008928571405605
-21.017857142834174
-21.026785714262743
-21.035714285691313
-21.044642857119882
-21.05357142854845
-21.06249999997702
-21.07142857140559
-21.08035714283416
-21.08928571426273
-21.0982142856913
-21.107142857119868
-21.116071428548437
-21.124999999977007
-21.133928571405576
-21.142857142834146
-21.151785714262715
-21.160714285691284
-21.169642857119854
-21.178571428548423
-21.187499999976993
-21.196428571405562
-21.20535714283413
-21.2142857142627
-21.22321428569127
-21.23214285711984
-21.24107142854841
-21.24999999997698
-21.258928571405548
-21.267857142834117
-21.276785714262687
-21.285714285691256
-21.294642857119825
-21.303571428548395
-21.312499999976964
-21.321428571405534
-21.330357142834103
-21.339285714262672
-21.348214285691242
-21.35714285711981
-21.36607142854838
-21.37499999997695
-21.38392857140552
-21.39285714283409
-21.401785714262658
-21.410714285691228
-21.419642857119797
-21.428571428548366
-21.437499999976936
-21.446428571405505
-21.455357142834075
-21.464285714262644
-21.473214285691213
-21.482142857119783
-21.491071428548352
-21.49999999997692
-21.50892857140549
-21.51785714283406
-21.52678571426263
-21.5357142856912
-21.54464285711977
-21.553571428548338
-21.562499999976907
-21.571428571405477
-21.580357142834046
-21.589285714262616
-21.598214285691185
-21.607142857119754
-21.616071428548324
-21.624999999976893
-21.633928571405463
-21.642857142834032
-21.6517857142626
-21.66071428569117
-21.66964285711974
-21.67857142854831
-21.68749999997688
-21.69642857140545
-21.705357142834018
-21.714285714262587
-21.723214285691157
-21.732142857119726
-21.741071428548295
-21.749999999976865
-21.758928571405434
-21.767857142834004
-21.776785714262573
-21.785714285691142
-21.79464285711971
-21.80357142854828
-21.81249999997685
-21.82142857140542
-21.83035714283399
-21.83928571426256
-21.848214285691128
-21.857142857119698
-21.866071428548267
-21.874999999976836
-21.883928571405406
-21.892857142833975
-21.901785714262545
-21.910714285691114
-21.919642857119683
-21.928571428548253
-21.937499999976822
-21.94642857140539
-21.95535714283396
-21.96428571426253
-21.9732142856911
-21.98214285711967
-21.99107142854824
-21.999999999976808
-22.008928571405377
-22.017857142833947
-22.026785714262516
-22.035714285691085
-22.044642857119655
-22.053571428548224
-22.062499999976794
-22.071428571405363
-22.080357142833932
-22.089285714262502
-22.09821428569107
-22.10714285711964
-22.11607142854821
-22.12499999997678
-22.13392857140535
-22.14285714283392
-22.151785714262488
-22.160714285691057
-22.169642857119626
-22.178571428548196
-22.187499999976765
-22.196428571405335
-22.205357142833904
-22.214285714262473
-22.223214285691043
-22.232142857119612
-22.24107142854818
-22.24999999997675
-22.25892857140532
-22.26785714283389
-22.27678571426246
-22.28571428569103
-22.294642857119598
-22.303571428548167
-22.312499999976737
-22.321428571405306
-22.330357142833876
-22.339285714262445
-22.348214285691014
-22.357142857119584
-22.366071428548153
-22.374999999976723
-22.383928571405292
-22.39285714283386
-22.40178571426243
-22.410714285691
-22.41964285711957
-22.42857142854814
-22.43749999997671
-22.446428571405278
-22.455357142833847
-22.464285714262417
-22.473214285690986
-22.482142857119555
-22.491071428548125
-22.499999999976694
-22.508928571405264
-22.517857142833833
-22.526785714262402
-22.535714285690972
-22.54464285711954
-22.55357142854811
-22.56249999997668
-22.57142857140525
-22.58035714283382
-22.589285714262388
-22.598214285690958
-22.607142857119527
-22.616071428548096
-22.624999999976666
-22.633928571405235
-22.642857142833805
-22.651785714262374
-22.660714285690943
-22.669642857119513
-22.678571428548082
-22.68749999997665
-22.69642857140522
-22.70535714283379
-22.71428571426236
-22.72321428569093
-22.7321428571195
-22.741071428548068
-22.749999999976637
-22.758928571405207
-22.767857142833776
-22.776785714262346
-22.785714285690915
-22.794642857119484
-22.803571428548054
-22.812499999976623
-22.821428571405193
-22.830357142833762
-22.83928571426233
-22.8482142856909
-22.85714285711947
-22.86607142854804
-22.87499999997661
-22.88392857140518
-22.892857142833748
-22.901785714262317
-22.910714285690887
-22.919642857119456
-22.928571428548025
-22.937499999976595
-22.946428571405164
-22.955357142833734
-22.964285714262303
-22.973214285690872
-22.98214285711944
-22.99107142854801
-22.99999999997658
-23.00892857140515
-23.01785714283372
-23.02678571426229
-23.035714285690858
-23.044642857119428
-23.053571428547997
-23.062499999976566
-23.071428571405136
-23.080357142833705
-23.089285714262274
-23.098214285690844
-23.107142857119413
-23.116071428547983
-23.124999999976552
-23.13392857140512
-23.14285714283369
-23.15178571426226
-23.16071428569083
-23.1696428571194
-23.17857142854797
-23.187499999976538
-23.196428571405107
-23.205357142833677
-23.214285714262246
-23.223214285690815
-23.232142857119385
-23.241071428547954
-23.249999999976524
-23.258928571405093
-23.267857142833662
-23.276785714262232
-23.2857142856908
-23.29464285711937
-23.30357142854794
-23.31249999997651
-23.32142857140508
-23.33035714283365
-23.339285714262218
-23.348214285690787
-23.357142857119356
-23.366071428547926
-23.374999999976495
-23.383928571405065
-23.392857142833634
-23.401785714262203
-23.410714285690773
-23.419642857119342
-23.42857142854791
-23.43749999997648
-23.44642857140505
-23.45535714283362
-23.46428571426219
-23.47321428569076
-23.482142857119328
-23.491071428547897
-23.499999999976467
-23.508928571405036
-23.517857142833606
-23.526785714262175
-23.535714285690744
-23.544642857119314
-23.553571428547883
-23.562499999976453
-23.571428571405022
-23.58035714283359
-23.58928571426216
-23.59821428569073
-23.6071428571193
-23.61607142854787
-23.62499999997644
-23.633928571405008
-23.642857142833577
-23.651785714262147
-23.660714285690716
-23.669642857119285
-23.678571428547855
-23.687499999976424
-23.696428571404994
-23.705357142833563
-23.714285714262132
-23.723214285690702
-23.73214285711927
-23.74107142854784
-23.74999999997641
-23.75892857140498
-23.76785714283355
-23.776785714262118
-23.785714285690688
-23.794642857119257
-23.803571428547826
-23.812499999976396
-23.821428571404965
-23.830357142833535
-23.839285714262104
-23.848214285690673
-23.857142857119243
-23.866071428547812
-23.87499999997638
-23.88392857140495
-23.89285714283352
-23.90178571426209
-23.91071428569066
-23.91964285711923
-23.928571428547798
-23.937499999976367
-23.946428571404937
-23.955357142833506
-23.964285714262076
-23.973214285690645
-23.982142857119214
-23.991071428547784
-23.999999999976353
-24.008928571404923
-24.017857142833492
-24.02678571426206
-24.03571428569063
-24.0446428571192
-24.05357142854777
-24.06249999997634
-24.07142857140491
-24.080357142833478
-24.089285714262047
-24.098214285690617
-24.107142857119186
-24.116071428547755
-24.124999999976325
-24.133928571404894
-24.142857142833464
-24.151785714262033
-24.160714285690602
-24.16964285711917
-24.17857142854774
-24.18749999997631
-24.19642857140488
-24.20535714283345
-24.21428571426202
-24.223214285690588
-24.232142857119157
-24.241071428547727
-24.249999999976296
-24.258928571404866
-24.267857142833435
-24.276785714262004
-24.285714285690574
-24.294642857119143
-24.303571428547713
-24.312499999976282
-24.32142857140485
-24.33035714283342
-24.33928571426199
-24.34821428569056
-24.35714285711913
-24.3660714285477
-24.374999999976268
-24.383928571404837
-24.392857142833407
-24.401785714261976
-24.410714285690545
-24.419642857119115
-24.428571428547684
-24.437499999976254
-24.446428571404823
-24.455357142833392
-24.464285714261962
-24.47321428569053
-24.4821428571191
-24.49107142854767
-24.49999999997624
-24.50892857140481
-24.51785714283338
-24.526785714261948
-24.535714285690517
-24.544642857119086
-24.553571428547656
-24.562499999976225
-24.571428571404795
-24.580357142833364
-24.589285714261933
-24.598214285690503
-24.607142857119072
-24.61607142854764
-24.62499999997621
-24.63392857140478
-24.64285714283335
-24.65178571426192
-24.66071428569049
-24.669642857119058
-24.678571428547627
-24.687499999976197
-24.696428571404766
-24.705357142833336
-24.714285714261905
-24.723214285690474
-24.732142857119044
-24.741071428547613
-24.749999999976183
-24.758928571404752
-24.76785714283332
-24.77678571426189
-24.78571428569046
-24.79464285711903
-24.8035714285476
-24.81249999997617
-24.821428571404738
-24.830357142833307
-24.839285714261877
-24.848214285690446
-24.857142857119015
-24.866071428547585
-24.874999999976154
-24.883928571404724
-24.892857142833293
-24.901785714261862
-24.910714285690432
-24.919642857119
-24.92857142854757
-24.93749999997614
-24.94642857140471
-24.95535714283328
-24.964285714261848
-24.973214285690418
-24.982142857118987
-24.991071428547556
-24.999999999976126
-25.008928571404695
-25.017857142833265
-25.026785714261834
-25.035714285690403
-25.044642857118973
-25.053571428547542
-25.06249999997611
-25.07142857140468
-25.08035714283325
-25.08928571426182
-25.09821428569039
-25.10714285711896
-25.116071428547528
-25.124999999976097
-25.133928571404667
-25.142857142833236
-25.151785714261806
-25.160714285690375
-25.169642857118944
-25.178571428547514
-25.187499999976083
-25.196428571404653
-25.205357142833222
-25.21428571426179
-25.22321428569036
-25.23214285711893
-25.2410714285475
-25.24999999997607
-25.25892857140464
-25.267857142833208
-25.276785714261777
-25.285714285690347
-25.294642857118916
-25.303571428547485
-25.312499999976055
-25.321428571404624
-25.330357142833194
-25.339285714261763
-25.348214285690332
-25.3571428571189
-25.36607142854747
-25.37499999997604
-25.38392857140461
-25.39285714283318
-25.40178571426175
-25.410714285690318
-25.419642857118887
-25.428571428547457
-25.437499999976026
-25.446428571404596
-25.455357142833165
-25.464285714261734
-25.473214285690304
-25.482142857118873
-25.491071428547443
-25.499999999976012
-25.50892857140458
-25.51785714283315
-25.52678571426172
-25.53571428569029
-25.54464285711886
-25.55357142854743
-25.562499999975998
-25.571428571404567
-25.580357142833137
-25.589285714261706
-25.598214285690275
-25.607142857118845
-25.616071428547414
-25.624999999975984
-25.633928571404553
-25.642857142833122
-25.651785714261692
-25.66071428569026
-25.66964285711883
-25.6785714285474
-25.68749999997597
-25.69642857140454
-25.70535714283311
-25.714285714261678
-25.723214285690247
-25.732142857118816
-25.741071428547386
-25.749999999975955
-25.758928571404525
-25.767857142833094
-25.776785714261663
-25.785714285690233
-25.794642857118802
-25.80357142854737
-25.81249999997594
-25.82142857140451
-25.83035714283308
-25.83928571426165
-25.84821428569022
-25.857142857118788
-25.866071428547357
-25.874999999975927
-25.883928571404496
-25.892857142833066
-25.901785714261635
-25.910714285690204
-25.919642857118774
-25.928571428547343
-25.937499999975913
-25.946428571404482
-25.95535714283305
-25.96428571426162
-25.97321428569019
-25.98214285711876
-25.99107142854733
-25.9999999999759
-26.008928571404468
-26.017857142833037
-26.026785714261607
-26.035714285690176
-26.044642857118745
-26.053571428547315
-26.062499999975884
-26.071428571404454
-26.080357142833023
-26.089285714261592
-26.09821428569016
-26.10714285711873
-26.1160714285473
-26.12499999997587
-26.13392857140444
-26.14285714283301
-26.151785714261578
-26.160714285690148
-26.169642857118717
-26.178571428547286
-26.187499999975856
-26.196428571404425
-26.205357142832995
-26.214285714261564
-26.223214285690133
-26.232142857118703
-26.241071428547272
-26.24999999997584
-26.25892857140441
-26.26785714283298
-26.27678571426155
-26.28571428569012
-26.29464285711869
-26.303571428547258
-26.312499999975827
-26.321428571404397
-26.330357142832966
-26.339285714261536
-26.348214285690105
-26.357142857118674
-26.366071428547244
-26.374999999975813
-26.383928571404383
-26.392857142832952
-26.40178571426152
-26.41071428569009
-26.41964285711866
-26.42857142854723
-26.4374999999758
-26.44642857140437
-26.455357142832938
-26.464285714261507
-26.473214285690077
-26.482142857118646
-26.491071428547215
-26.499999999975785
-26.508928571404354
-26.517857142832924
-26.526785714261493
-26.535714285690062
-26.54464285711863
-26.5535714285472
-26.56249999997577
-26.57142857140434
-26.58035714283291
-26.58928571426148
-26.598214285690048
-26.607142857118617
-26.616071428547187
-26.624999999975756
-26.633928571404326
-26.642857142832895
-26.651785714261464
-26.660714285690034
-26.669642857118603
-26.678571428547173
-26.687499999975742
-26.69642857140431
-26.70535714283288
-26.71428571426145
-26.72321428569002
-26.73214285711859
-26.74107142854716
-26.749999999975728
-26.758928571404297
-26.767857142832867
-26.776785714261436
-26.785714285690005
-26.794642857118575
-26.803571428547144
-26.812499999975714
-26.821428571404283
-26.830357142832852
-26.839285714261422
-26.84821428568999
-26.85714285711856
-26.86607142854713
-26.8749999999757
-26.88392857140427
-26.89285714283284
-26.901785714261408
-26.910714285689977
-26.919642857118546
-26.928571428547116
-26.937499999975685
-26.946428571404255
-26.955357142832824
-26.964285714261393
-26.973214285689963
-26.982142857118532
-26.9910714285471
-26.99999999997567
-27.00892857140424
-27.01785714283281
-27.02678571426138
-27.03571428568995
-27.044642857118518
-27.053571428547087
-27.062499999975657
-27.071428571404226
-27.080357142832796
-27.089285714261365
-27.098214285689934
-27.107142857118504
-27.116071428547073
-27.124999999975643
-27.133928571404212
-27.14285714283278
-27.15178571426135
-27.16071428568992
-27.16964285711849
-27.17857142854706
-27.18749999997563
-27.196428571404198
-27.205357142832767
-27.214285714261337
-27.223214285689906
-27.232142857118475
-27.241071428547045
-27.249999999975614
-27.258928571404184
-27.267857142832753
-27.276785714261322
-27.28571428568989
-27.29464285711846
-27.30357142854703
-27.3124999999756
-27.32142857140417
-27.33035714283274
-27.339285714261308
-27.348214285689878
-27.357142857118447
-27.366071428547016
-27.374999999975586
-27.383928571404155
-27.392857142832725
-27.401785714261294
-27.410714285689863
-27.419642857118433
-27.428571428547002
-27.43749999997557
-27.44642857140414
-27.45535714283271
-27.46428571426128
-27.47321428568985
-27.48214285711842
-27.491071428546988
-27.499999999975557
-27.508928571404127
-27.517857142832696
-27.526785714261266
-27.535714285689835
-27.544642857118404
-27.553571428546974
-27.562499999975543
-27.571428571404113
-27.580357142832682
-27.58928571426125
-27.59821428568982
-27.60714285711839
-27.61607142854696
-27.62499999997553
-27.6339285714041
-27.642857142832668
-27.651785714261237
-27.660714285689807
-27.669642857118376
-27.678571428546945
-27.687499999975515
-27.696428571404084
-27.705357142832653
-27.714285714261223
-27.723214285689792
-27.73214285711836
-27.74107142854693
-27.7499999999755
-27.75892857140407
-27.76785714283264
-27.77678571426121
-27.785714285689778
-27.794642857118347
-27.803571428546917
-27.812499999975486
-27.821428571404056
-27.830357142832625
-27.839285714261194
-27.848214285689764
-27.857142857118333
-27.866071428546903
-27.874999999975472
-27.88392857140404
-27.89285714283261
-27.90178571426118
-27.91071428568975
-27.91964285711832
-27.92857142854689
-27.937499999975458
-27.946428571404027
-27.955357142832597
-27.964285714261166
-27.973214285689735
-27.982142857118305
-27.991071428546874
-27.999999999975444
-28.008928571404013
-28.017857142832582
-28.026785714261152
-28.03571428568972
-28.04464285711829
-28.05357142854686
-28.06249999997543
-28.071428571404
-28.08035714283257
-28.089285714261138
-28.098214285689707
-28.107142857118276
-28.116071428546846
-28.124999999975415
-28.133928571403985
-28.142857142832554
-28.151785714261123
-28.160714285689693
-28.169642857118262
-28.17857142854683
-28.1874999999754
-28.19642857140397
-28.20535714283254
-28.21428571426111
-28.22321428568968
-28.232142857118248
-28.241071428546817
-28.249999999975387
-28.258928571403956
-28.267857142832526
-28.276785714261095
-28.285714285689664
-28.294642857118234
-28.303571428546803
-28.312499999975373
-28.321428571403942
-28.33035714283251
-28.33928571426108
-28.34821428568965
-28.35714285711822
-28.36607142854679
-28.37499999997536
-28.383928571403928
-28.392857142832497
-28.401785714261067
-28.410714285689636
-28.419642857118205
-28.428571428546775
-28.437499999975344
-28.446428571403914
-28.455357142832483
-28.464285714261052
-28.47321428568962
-28.48214285711819
-28.49107142854676
-28.49999999997533
-28.5089285714039
-28.51785714283247
-28.526785714261038
-28.535714285689608
-28.544642857118177
-28.553571428546746
-28.562499999975316
-28.571428571403885
-28.580357142832455
-28.589285714261024
-28.598214285689593
-28.607142857118163
-28.616071428546732
-28.6249999999753
-28.63392857140387
-28.64285714283244
-28.65178571426101
-28.66071428568958
-28.66964285711815
-28.678571428546718
-28.687499999975287
-28.696428571403857
-28.705357142832426
-28.714285714260996
-28.723214285689565
-28.732142857118134
-28.741071428546704
-28.749999999975273
-28.758928571403843
-28.767857142832412
-28.77678571426098
-28.78571428568955
-28.79464285711812
-28.80357142854669
-28.81249999997526
-28.82142857140383
-28.830357142832398
-28.839285714260967
-28.848214285689536
-28.857142857118106
-28.866071428546675
-28.874999999975245
-28.883928571403814
-28.892857142832383
-28.901785714260953
-28.910714285689522
-28.91964285711809
-28.92857142854666
-28.93749999997523
-28.9464285714038
-28.95535714283237
-28.96428571426094
-28.973214285689508
-28.982142857118077
-28.991071428546647
-28.999999999975216
-29.008928571403786
-29.017857142832355
-29.026785714260924
-29.035714285689494
-29.044642857118063
-29.053571428546633
-29.062499999975202
-29.07142857140377
-29.08035714283234
-29.08928571426091
-29.09821428568948
-29.10714285711805
-29.11607142854662
-29.124999999975188
-29.133928571403757
-29.142857142832327
-29.151785714260896
-29.160714285689465
-29.169642857118035
-29.178571428546604
-29.187499999975174
-29.196428571403743
-29.205357142832312
-29.214285714260882
-29.22321428568945
-29.23214285711802
-29.24107142854659
-29.24999999997516
-29.25892857140373
-29.267857142832298
-29.276785714260868
-29.285714285689437
-29.294642857118006
-29.303571428546576
-29.312499999975145
-29.321428571403715
-29.330357142832284
-29.339285714260853
-29.348214285689423
-29.357142857117992
-29.36607142854656
-29.37499999997513
-29.3839285714037
-29.39285714283227
-29.40178571426084
-29.41071428568941
-29.419642857117978
-29.428571428546547
-29.437499999975117
-29.446428571403686
-29.455357142832256
-29.464285714260825
-29.473214285689394
-29.482142857117964
-29.491071428546533
-29.499999999975103
-29.508928571403672
-29.51785714283224
-29.52678571426081
-29.53571428568938
-29.54464285711795
-29.55357142854652
-29.56249999997509
-29.571428571403658
-29.580357142832227
-29.589285714260797
-29.598214285689366
-29.607142857117935
-29.616071428546505
-29.624999999975074
-29.633928571403644
-29.642857142832213
-29.651785714260782
-29.66071428568935
-29.66964285711792
-29.67857142854649
-29.68749999997506
-29.69642857140363
-29.7053571428322
-29.714285714260768
-29.723214285689338
-29.732142857117907
-29.741071428546476
-29.749999999975046
-29.758928571403615
-29.767857142832185
-29.776785714260754
-29.785714285689323
-29.794642857117893
-29.803571428546462
-29.81249999997503
-29.8214285714036
-29.83035714283217
-29.83928571426074
-29.84821428568931
-29.85714285711788
-29.866071428546448
-29.874999999975017
-29.883928571403587
-29.892857142832156
-29.901785714260726
-29.910714285689295
-29.919642857117864
-29.928571428546434
-29.937499999975003
-29.946428571403573
-29.955357142832142
-29.96428571426071
-29.97321428568928
-29.98214285711785
-29.99107142854642
-29.99999999997499
-30.00892857140356
-30.017857142832128
-30.026785714260697
-30.035714285689266
-30.044642857117836
-30.053571428546405
-30.062499999974975
-30.071428571403544
-30.080357142832113
-30.089285714260683
-30.098214285689252
-30.10714285711782
-30.11607142854639
-30.12499999997496
-30.13392857140353
-30.1428571428321
-30.15178571426067
-30.160714285689238
-30.169642857117807
-30.178571428546377
-30.187499999974946
-30.196428571403516
-30.205357142832085
-30.214285714260654
-30.223214285689224
-30.232142857117793
-30.241071428546363
-30.249999999974932
-30.2589285714035
-30.26785714283207
-30.27678571426064
-30.28571428568921
-30.29464285711778
-30.30357142854635
-30.312499999974918
-30.321428571403487
-30.330357142832057
-30.339285714260626
-30.348214285689195
-30.357142857117765
-30.366071428546334
-30.374999999974904
-30.383928571403473
-30.392857142832042
-30.401785714260612
-30.41071428568918
-30.41964285711775
-30.42857142854632
-30.43749999997489
-30.44642857140346
-30.455357142832028
-30.464285714260598
-30.473214285689167
-30.482142857117736
-30.491071428546306
-30.499999999974875
-30.508928571403445
-30.517857142832014
-30.526785714260583
-30.535714285689153
-30.544642857117722
-30.55357142854629
-30.56249999997486
-30.57142857140343
-30.580357142832
-30.58928571426057
-30.59821428568914
-30.607142857117708
-30.616071428546277
-30.624999999974847
-30.633928571403416
-30.642857142831986
-30.651785714260555
-30.660714285689124
-30.669642857117694
-30.678571428546263
-30.687499999974833
-30.696428571403402
-30.70535714283197
-30.71428571426054
-30.72321428568911
-30.73214285711768
-30.74107142854625
-30.74999999997482
-30.758928571403388
-30.767857142831957
-30.776785714260527
-30.785714285689096
-30.794642857117665
-30.803571428546235
-30.812499999974804
-30.821428571403374
-30.830357142831943
-30.839285714260512
-30.84821428568908
-30.85714285711765
-30.86607142854622
-30.87499999997479
-30.88392857140336
-30.89285714283193
-30.901785714260498
-30.910714285689068
-30.919642857117637
-30.928571428546206
-30.937499999974776
-30.946428571403345
-30.955357142831915
-30.964285714260484
-30.973214285689053
-30.982142857117623
-30.991071428546192
-30.99999999997476
-31.00892857140333
-31.0178571428319
-31.02678571426047
-31.03571428568904
-31.04464285711761
-31.053571428546178
-31.062499999974747
-31.071428571403317
-31.080357142831886
-31.089285714260456
-31.098214285689025
-31.107142857117594
-31.116071428546164
-31.124999999974733
-31.133928571403302
-31.142857142831872
-31.15178571426044
-31.16071428568901
-31.16964285711758
-31.17857142854615
-31.18749999997472
-31.19642857140329
-31.205357142831858
-31.214285714260427
-31.223214285688996
-31.232142857117566
-31.241071428546135
-31.249999999974705
-31.258928571403274
-31.267857142831843
-31.276785714260413
-31.285714285688982
-31.29464285711755
-31.30357142854612
-31.31249999997469
-31.32142857140326
-31.33035714283183
-31.3392857142604
-31.348214285688968
-31.357142857117537
-31.366071428546107
-31.374999999974676
-31.383928571403246
-31.392857142831815
-31.401785714260384
-31.410714285688954
-31.419642857117523
-31.428571428546093
-31.437499999974662
-31.44642857140323
-31.4553571428318
-31.46428571426037
-31.47321428568894
-31.48214285711751
-31.49107142854608
-31.499999999974648
-31.508928571403217
-31.517857142831787
-31.526785714260356
-31.535714285688925
-31.544642857117495
-31.553571428546064
-31.562499999974634
-31.571428571403203
-31.580357142831772
-31.589285714260342
-31.59821428568891
-31.60714285711748
-31.61607142854605
-31.62499999997462
-31.63392857140319
-31.642857142831758
-31.651785714260328
-31.660714285688897
-31.669642857117466
-31.678571428546036
-31.687499999974605
-31.696428571403175
-31.705357142831744
-31.714285714260313
-31.723214285688883
-31.732142857117452
-31.74107142854602
-31.74999999997459
-31.75892857140316
-31.76785714283173
-31.7767857142603
-31.78571428568887
-31.794642857117438
-31.803571428546007
-31.812499999974577
-31.821428571403146
-31.830357142831716
-31.839285714260285
-31.848214285688854
-31.857142857117424
-31.866071428545993
-31.874999999974563
-31.883928571403132
-31.8928571428317
-31.90178571426027
-31.91071428568884
-31.91964285711741
-31.92857142854598
-31.93749999997455
-31.946428571403118
-31.955357142831687
-31.964285714260257
-31.973214285688826
-31.982142857117395
-31.991071428545965
-31.999999999974534
-32.0089285714031
-32.01785714283167
-32.02678571426024
-32.03571428568881
-32.04464285711738
-32.05357142854595
-32.06249999997452
-32.07142857140309
-32.08035714283166
-32.08928571426023
-32.0982142856888
-32.10714285711737
-32.116071428545936
-32.124999999974506
-32.133928571403075
-32.142857142831645
-32.151785714260214
-32.16071428568878
-32.16964285711735
-32.17857142854592
-32.18749999997449
-32.19642857140306
-32.20535714283163
-32.2142857142602
-32.22321428568877
-32.23214285711734
-32.24107142854591
-32.24999999997448
-32.25892857140305
-32.267857142831616
-32.276785714260186
-32.285714285688755
-32.294642857117324
-32.303571428545894
-32.31249999997446
-32.32142857140303
-32.3303571428316
-32.33928571426017
-32.34821428568874
-32.35714285711731
-32.36607142854588
-32.37499999997445
-32.38392857140302
-32.39285714283159
-32.40178571426016
-32.41071428568873
-32.419642857117296
-32.428571428545865
-32.437499999974435
-32.446428571403004
-32.45535714283157
-32.46428571426014
-32.47321428568871
-32.48214285711728
-32.49107142854585
-32.49999999997442
-32.50892857140299
-32.51785714283156
-32.52678571426013
-32.5357142856887
-32.54464285711727
-32.55357142854584
-32.562499999974406
-32.571428571402976
-32.580357142831545
-32.589285714260114
-32.598214285688684
-32.60714285711725
-32.61607142854582
-32.62499999997439
-32.63392857140296
-32.64285714283153
-32.6517857142601
-32.66071428568867
-32.66964285711724
-32.67857142854581
-32.68749999997438
-32.69642857140295
-32.70535714283152
-32.714285714260086
-32.723214285688655
-32.732142857117225
-32.741071428545794
-32.749999999974364
-32.75892857140293
-32.7678571428315
-32.77678571426007
-32.78571428568864
-32.79464285711721
-32.80357142854578
-32.81249999997435
-32.82142857140292
-32.83035714283149
-32.83928571426006
-32.84821428568863
-32.857142857117196
-32.866071428545766
-32.874999999974335
-32.883928571402905
-32.892857142831474
-32.90178571426004
-32.91071428568861
-32.91964285711718
-32.92857142854575
-32.93749999997432
-32.94642857140289
-32.95535714283146
-32.96428571426003
-32.9732142856886
-32.98214285711717
-32.99107142854574
-32.99999999997431
-33.008928571402876
-33.017857142831446
-33.026785714260015
-33.035714285688584
-33.044642857117154
-33.05357142854572
-33.06249999997429
-33.07142857140286
-33.08035714283143
-33.08928571426
-33.09821428568857
-33.10714285711714
-33.11607142854571
-33.12499999997428
-33.13392857140285
-33.14285714283142
-33.15178571425999
-33.160714285688556
-33.169642857117125
-33.178571428545695
-33.187499999974264
-33.19642857140283
-33.2053571428314
-33.21428571425997
-33.22321428568854
-33.23214285711711
-33.24107142854568
-33.24999999997425
-33.25892857140282
-33.26785714283139
-33.27678571425996
-33.28571428568853
-33.2946428571171
-33.303571428545666
-33.312499999974236
-33.321428571402805
-33.330357142831375
-33.339285714259944
-33.34821428568851
-33.35714285711708
-33.36607142854565
-33.37499999997422
-33.38392857140279
-33.39285714283136
-33.40178571425993
-33.4107142856885
-33.41964285711707
-33.42857142854564
-33.43749999997421
-33.44642857140278
-33.455357142831346
-33.464285714259915
-33.473214285688485
-33.482142857117054
-33.491071428545624
-33.49999999997419
-33.50892857140276
-33.51785714283133
-33.5267857142599
-33.53571428568847
-33.54464285711704
-33.55357142854561
-33.56249999997418
-33.57142857140275
-33.58035714283132
-33.58928571425989
-33.59821428568846
-33.607142857117026
-33.616071428545595
-33.624999999974165
-33.633928571402734
-33.6428571428313
-33.65178571425987
-33.66071428568844
-33.66964285711701
-33.67857142854558
-33.68749999997415
-33.69642857140272
-33.70535714283129
-33.71428571425986
-33.72321428568843
-33.732142857117
-33.74107142854557
-33.749999999974136
-33.758928571402706
-33.767857142831275
-33.776785714259844
-33.785714285688414
-33.79464285711698
-33.80357142854555
-33.81249999997412
-33.82142857140269
-33.83035714283126
-33.83928571425983
-33.8482142856884
-33.85714285711697
-33.86607142854554
-33.87499999997411
-33.88392857140268
-33.89285714283125
-33.901785714259816
-33.910714285688385
-33.919642857116955
-33.928571428545524
-33.937499999974094
-33.94642857140266
-33.95535714283123
-33.9642857142598
-33.97321428568837
-33.98214285711694
-33.99107142854551
-33.99999999997408
-34.00892857140265
-34.01785714283122
-34.02678571425979
-34.03571428568836
-34.044642857116926
-34.053571428545496
-34.062499999974065
-34.071428571402635
-34.080357142831204
-34.08928571425977
-34.09821428568834
-34.10714285711691
-34.11607142854548
-34.12499999997405
-34.13392857140262
-34.14285714283119
-34.15178571425976
-34.16071428568833
-34.1696428571169
-34.17857142854547
-34.18749999997404
-34.196428571402606
-34.205357142831176
-34.214285714259745
-34.223214285688314
-34.232142857116884
-34.24107142854545
-34.24999999997402
-34.25892857140259
-34.26785714283116
-34.27678571425973
-34.2857142856883
-34.29464285711687
-34.30357142854544
-34.31249999997401
-34.32142857140258
-34.33035714283115
-34.33928571425972
-34.348214285688286
-34.357142857116855
-34.366071428545425
-34.374999999973994
-34.38392857140256
-34.39285714283113
-34.4017857142597
-34.41071428568827
-34.41964285711684
-34.42857142854541
-34.43749999997398
-34.44642857140255
-34.45535714283112
-34.46428571425969
-34.47321428568826
-34.48214285711683
-34.491071428545396
-34.499999999973966
-34.508928571402535
-34.517857142831105
-34.526785714259674
-34.53571428568824
-34.54464285711681
-34.55357142854538
-34.56249999997395
-34.57142857140252
-34.58035714283109
-34.58928571425966
-34.59821428568823
-34.6071428571168
-34.61607142854537
-34.62499999997394
-34.63392857140251
-34.642857142831076
-34.651785714259645
-34.660714285688215
-34.669642857116784
-34.678571428545354
-34.68749999997392
-34.69642857140249
-34.70535714283106
-34.71428571425963
-34.7232142856882
-34.73214285711677
-34.74107142854534
-34.74999999997391
-34.75892857140248
-34.76785714283105
-34.77678571425962
-34.78571428568819
-34.794642857116756
-34.803571428545325
-34.812499999973895
-34.821428571402464
-34.83035714283103
-34.8392857142596
-34.84821428568817
-34.85714285711674
-34.86607142854531
-34.87499999997388
-34.88392857140245
-34.89285714283102
-34.90178571425959
-34.91071428568816
-34.91964285711673
-34.9285714285453
-34.937499999973866
-34.946428571402436
-34.955357142831005
-34.964285714259574
-34.973214285688144
-34.98214285711671
-34.99107142854528
-34.99999999997385
-35.00892857140242
-35.01785714283099
-35.02678571425956
-35.03571428568813
-35.0446428571167
-35.05357142854527
-35.06249999997384
-35.07142857140241
-35.08035714283098
-35.089285714259546
-35.098214285688115
-35.107142857116685
-35.116071428545254
-35.124999999973824
-35.13392857140239
-35.14285714283096
-35.15178571425953
-35.1607142856881
-35.16964285711667
-35.17857142854524
-35.18749999997381
-35.19642857140238
-35.20535714283095
-35.21428571425952
-35.22321428568809
-35.232142857116656
-35.241071428545226
-35.249999999973795
-35.258928571402365
-35.267857142830934
-35.2767857142595
-35.28571428568807
-35.29464285711664
-35.30357142854521
-35.31249999997378
-35.32142857140235
-35.33035714283092
-35.33928571425949
-35.34821428568806
-35.35714285711663
-35.3660714285452
-35.37499999997377
-35.383928571402336
-35.392857142830906
-35.401785714259475
-35.410714285688044
-35.419642857116614
-35.42857142854518
-35.43749999997375
-35.44642857140232
-35.45535714283089
-35.46428571425946
-35.47321428568803
-35.4821428571166
-35.49107142854517
-35.49999999997374
-35.50892857140231
-35.51785714283088
-35.52678571425945
-35.535714285688016
-35.544642857116585
-35.553571428545155
-35.562499999973724
-35.57142857140229
-35.58035714283086
-35.58928571425943
-35.598214285688
-35.60714285711657
-35.61607142854514
-35.62499999997371
-35.63392857140228
-35.64285714283085
-35.65178571425942
-35.66071428568799
-35.66964285711656
-35.678571428545126
-35.687499999973696
-35.696428571402265
-35.705357142830835
-35.714285714259404
-35.72321428568797
-35.73214285711654
-35.74107142854511
-35.74999999997368
-35.75892857140225
-35.76785714283082
-35.77678571425939
-35.78571428568796
-35.79464285711653
-35.8035714285451
-35.81249999997367
-35.82142857140224
-35.830357142830806
-35.839285714259375
-35.848214285687945
-35.857142857116514
-35.866071428545084
-35.87499999997365
-35.88392857140222
-35.89285714283079
-35.90178571425936
-35.91071428568793
-35.9196428571165
-35.92857142854507
-35.93749999997364
-35.94642857140221
-35.95535714283078
-35.96428571425935
-35.97321428568792
-35.982142857116486
-35.991071428545055
-35.999999999973625
-36.008928571402194
-36.01785714283076
-36.02678571425933
-36.0357142856879
-36.04464285711647
-36.05357142854504
-36.06249999997361
-36.07142857140218
-36.08035714283075
-36.08928571425932
-36.09821428568789
-36.10714285711646
-36.11607142854503
-36.124999999973596
-36.133928571402166
-36.142857142830735
-36.151785714259304
-36.160714285687874
-36.16964285711644
-36.17857142854501
-36.18749999997358
-36.19642857140215
-36.20535714283072
-36.21428571425929
-36.22321428568786
-36.23214285711643
-36.241071428545
-36.24999999997357
-36.25892857140214
-36.26785714283071
-36.276785714259276
-36.285714285687845
-36.294642857116415
-36.303571428544984
-36.312499999973554
-36.32142857140212
-36.33035714283069
-36.33928571425926
-36.34821428568783
-36.3571428571164
-36.36607142854497
-36.37499999997354
-36.38392857140211
-36.39285714283068
-36.40178571425925
-36.41071428568782
-36.419642857116386
-36.428571428544956
-36.437499999973525
-36.446428571402095
-36.455357142830664
-36.46428571425923
-36.4732142856878
-36.48214285711637
-36.49107142854494
-36.49999999997351
-36.50892857140208
-36.51785714283065
-36.52678571425922
-36.53571428568779
-36.54464285711636
-36.55357142854493
-36.5624999999735
-36.571428571402066
-36.580357142830636
-36.589285714259205
-36.598214285687774
-36.607142857116344
-36.61607142854491
-36.62499999997348
-36.63392857140205
-36.64285714283062
-36.65178571425919
-36.66071428568776
-36.66964285711633
-36.6785714285449
-36.68749999997347
-36.69642857140204
-36.70535714283061
-36.71428571425918
-36.723214285687746
-36.732142857116315
-36.741071428544885
-36.749999999973454
-36.75892857140202
-36.76785714283059
-36.77678571425916
-36.78571428568773
-36.7946428571163
-36.80357142854487
-36.81249999997344
-36.82142857140201
-36.83035714283058
-36.83928571425915
-36.84821428568772
-36.85714285711629
-36.866071428544856
-36.874999999973426
-36.883928571401995
-36.892857142830564
-36.901785714259134
-36.9107142856877
-36.91964285711627
-36.92857142854484
-36.93749999997341
-36.94642857140198
-36.95535714283055
-36.96428571425912
-36.97321428568769
-36.98214285711626
-36.99107142854483
-36.9999999999734
-37.00892857140197
-37.017857142830536
-37.026785714259105
-37.035714285687675
-37.044642857116244
-37.053571428544814
-37.06249999997338
-37.07142857140195
-37.08035714283052
-37.08928571425909
-37.09821428568766
-37.10714285711623
-37.1160714285448
-37.12499999997337
-37.13392857140194
-37.14285714283051
-37.15178571425908
-37.16071428568765
-37.169642857116216
-37.178571428544785
-37.187499999973355
-37.196428571401924
-37.20535714283049
-37.21428571425906
-37.22321428568763
-37.2321428571162
-37.24107142854477
-37.24999999997334
-37.25892857140191
-37.26785714283048
-37.27678571425905
-37.28571428568762
-37.29464285711619
-37.30357142854476
-37.312499999973326
-37.321428571401896
-37.330357142830465
-37.339285714259034
-37.348214285687604
-37.35714285711617
-37.36607142854474
-37.37499999997331
-37.38392857140188
-37.39285714283045
-37.40178571425902
-37.41071428568759
-37.41964285711616
-37.42857142854473
-37.4374999999733
-37.44642857140187
-37.45535714283044
-37.464285714259006
-37.473214285687575
-37.482142857116145
-37.491071428544714
-37.499999999973284
-37.50892857140185
-37.51785714283042
-37.52678571425899
-37.53571428568756
-37.54464285711613
-37.5535714285447
-37.56249999997327
-37.57142857140184
-37.58035714283041
-37.58928571425898
-37.59821428568755
-37.607142857116116
-37.616071428544686
-37.624999999973255
-37.633928571401825
-37.642857142830394
-37.65178571425896
-37.66071428568753
-37.6696428571161
-37.67857142854467
-37.68749999997324
-37.69642857140181
-37.70535714283038
-37.71428571425895
-37.72321428568752
-37.73214285711609
-37.74107142854466
-37.74999999997323
-37.758928571401796
-37.767857142830366
-37.776785714258935
-37.785714285687504
-37.794642857116074
-37.80357142854464
-37.81249999997321
-37.82142857140178
-37.83035714283035
-37.83928571425892
-37.84821428568749
-37.85714285711606
-37.86607142854463
-37.8749999999732
-37.88392857140177
-37.89285714283034
-37.90178571425891
-37.910714285687476
-37.919642857116045
-37.928571428544615
-37.937499999973184
-37.94642857140175
-37.95535714283032
-37.96428571425889
-37.97321428568746
-37.98214285711603
-37.9910714285446
-37.99999999997317
-38.00892857140174
-38.01785714283031
-38.02678571425888
-38.03571428568745
-38.04464285711602
-38.053571428544586
-38.062499999973156
-38.071428571401725
-38.080357142830294
-38.089285714258864
-38.09821428568743
-38.107142857116
-38.11607142854457
-38.12499999997314
-38.13392857140171
-38.14285714283028
-38.15178571425885
-38.16071428568742
-38.16964285711599
-38.17857142854456
-38.18749999997313
-38.1964285714017
-38.205357142830266
-38.214285714258835
-38.223214285687405
-38.232142857115974
-38.241071428544544
-38.24999999997311
-38.25892857140168
-38.26785714283025
-38.27678571425882
-38.28571428568739
-38.29464285711596
-38.30357142854453
-38.3124999999731
-38.32142857140167
-38.33035714283024
-38.33928571425881
-38.348214285687376
-38.357142857115946
-38.366071428544515
-38.374999999973085
-38.383928571401654
-38.39285714283022
-38.40178571425879
-38.41071428568736
-38.41964285711593
-38.4285714285445
-38.43749999997307
-38.44642857140164
-38.45535714283021
-38.46428571425878
-38.47321428568735
-38.48214285711592
-38.49107142854449
-38.499999999973056
-38.508928571401626
-38.517857142830195
-38.526785714258764
-38.535714285687334
-38.5446428571159
-38.55357142854447
-38.56249999997304
-38.57142857140161
-38.58035714283018
-38.58928571425875
-38.59821428568732
-38.60714285711589
-38.61607142854446
-38.62499999997303
-38.6339285714016
-38.64285714283017
-38.651785714258736
-38.660714285687305
-38.669642857115875
-38.678571428544444
-38.687499999973014
-38.69642857140158
-38.70535714283015
-38.71428571425872
-38.72321428568729
-38.73214285711586
-38.74107142854443
-38.749999999973
-38.75892857140157
-38.76785714283014
-38.77678571425871
-38.78571428568728
-38.794642857115846
-38.803571428544416
-38.812499999972985
-38.821428571401555
-38.830357142830124
-38.83928571425869
-38.84821428568726
-38.85714285711583
-38.8660714285444
-38.87499999997297
-38.88392857140154
-38.89285714283011
-38.90178571425868
-38.91071428568725
-38.91964285711582
-38.92857142854439
-38.93749999997296
-38.946428571401526
-38.955357142830096
-38.964285714258665
-38.973214285687234
-38.982142857115804
-38.99107142854437
-38.99999999997294
-39.00892857140151
-39.01785714283008
-39.02678571425865
-39.03571428568722
-39.04464285711579
-39.05357142854436
-39.06249999997293
-39.0714285714015
-39.08035714283007
-39.08928571425864
-39.098214285687206
-39.107142857115775
-39.116071428544345
-39.124999999972914
-39.13392857140148
-39.14285714283005
-39.15178571425862
-39.16071428568719
-39.16964285711576
-39.17857142854433
-39.1874999999729
-39.19642857140147
-39.20535714283004
-39.21428571425861
-39.22321428568718
-39.23214285711575
-39.241071428544316
-39.249999999972886
-39.258928571401455
-39.267857142830024
-39.276785714258594
-39.28571428568716
-39.29464285711573
-39.3035714285443
-39.31249999997287
-39.32142857140144
-39.33035714283001
-39.33928571425858
-39.34821428568715
-39.35714285711572
-39.36607142854429
-39.37499999997286
-39.38392857140143
-39.392857142829996
-39.401785714258565
-39.410714285687135
-39.419642857115704
-39.428571428544274
-39.43749999997284
-39.44642857140141
-39.45535714282998
-39.46428571425855
-39.47321428568712
-39.48214285711569
-39.49107142854426
-39.49999999997283
-39.5089285714014
-39.51785714282997
-39.52678571425854
-39.535714285687106
-39.544642857115676
-39.553571428544245
-39.562499999972815
-39.571428571401384
-39.58035714282995
-39.58928571425852
-39.59821428568709
-39.60714285711566
-39.61607142854423
-39.6249999999728
-39.63392857140137
-39.64285714282994
-39.65178571425851
-39.66071428568708
-39.66964285711565
-39.67857142854422
-39.687499999972786
-39.696428571401356
-39.705357142829925
-39.714285714258494
-39.723214285687064
-39.73214285711563
-39.7410714285442
-39.74999999997277
-39.75892857140134
-39.76785714282991
-39.77678571425848
-39.78571428568705
-39.79464285711562
-39.80357142854419
-39.81249999997276
-39.82142857140133
-39.8303571428299
-39.839285714258466
-39.848214285687035
-39.857142857115605
-39.866071428544174
-39.874999999972744
-39.88392857140131
-39.89285714282988
-39.90178571425845
-39.91071428568702
-39.91964285711559
-39.92857142854416
-39.93749999997273
-39.9464285714013
-39.95535714282987
-39.96428571425844
-39.97321428568701
-39.982142857115576
-39.991071428544146
-39.999999999972715
-40.008928571401285
-40.017857142829854
-40.02678571425842
-40.03571428568699
-40.04464285711556
-40.05357142854413
-40.0624999999727
-40.07142857140127
-40.08035714282984
-40.08928571425841
-40.09821428568698
-40.10714285711555
-40.11607142854412
-40.12499999997269
-40.133928571401256
-40.142857142829826
-40.151785714258395
-40.160714285686964
-40.169642857115534
-40.1785714285441
-40.18749999997267
-40.19642857140124
-40.20535714282981
-40.21428571425838
-40.22321428568695
-40.23214285711552
-40.24107142854409
-40.24999999997266
-40.25892857140123
-40.2678571428298
-40.27678571425837
-40.285714285686936
-40.294642857115505
-40.303571428544075
-40.312499999972644
-40.32142857140121
-40.33035714282978
-40.33928571425835
-40.34821428568692
-40.35714285711549
-40.36607142854406
-40.37499999997263
-40.3839285714012
-40.39285714282977
-40.40178571425834
-40.41071428568691
-40.41964285711548
-40.428571428544046
-40.437499999972616
-40.446428571401185
-40.455357142829754
-40.464285714258324
-40.47321428568689
-40.48214285711546
-40.49107142854403
-40.4999999999726
-40.50892857140117
-40.51785714282974
-40.52678571425831
-40.53571428568688
-40.54464285711545
-40.55357142854402
-40.56249999997259
-40.57142857140116
-40.580357142829726
-40.589285714258295
-40.598214285686865
-40.607142857115434
-40.616071428544004
-40.62499999997257
-40.63392857140114
-40.64285714282971
-40.65178571425828
-40.66071428568685
-40.66964285711542
-40.67857142854399
-40.68749999997256
-40.69642857140113
-40.7053571428297
-40.71428571425827
-40.723214285686836
-40.732142857115406
-40.741071428543975
-40.749999999972545
-40.758928571401114
-40.76785714282968
-40.77678571425825
-40.78571428568682
-40.79464285711539
-40.80357142854396
-40.81249999997253
-40.8214285714011
-40.83035714282967
-40.83928571425824
-40.84821428568681
-40.85714285711538
-40.86607142854395
-40.874999999972516
-40.883928571401086
-40.892857142829655
-40.901785714258224
-40.910714285686794
-40.91964285711536
-40.92857142854393
-40.9374999999725
-40.94642857140107
-40.95535714282964
-40.96428571425821
-40.97321428568678
-40.98214285711535
-40.99107142854392
-40.99999999997249
-41.00892857140106
-41.01785714282963
-41.026785714258196
-41.035714285686765
-41.044642857115335
-41.053571428543904
-41.062499999972474
-41.07142857140104
-41.08035714282961
-41.08928571425818
-41.09821428568675
-41.10714285711532
-41.11607142854389
-41.12499999997246
-41.13392857140103
-41.1428571428296
-41.15178571425817
-41.16071428568674
-41.169642857115306
-41.178571428543876
-41.187499999972445
-41.196428571401015
-41.205357142829584
-41.21428571425815
-41.22321428568672
-41.23214285711529
-41.24107142854386
-41.24999999997243
-41.258928571401
-41.26785714282957
-41.27678571425814
-41.28571428568671
-41.29464285711528
-41.30357142854385
-41.31249999997242
-41.321428571400986
-41.330357142829556
-41.339285714258125
-41.348214285686694
-41.357142857115264
-41.36607142854383
-41.3749999999724
-41.38392857140097
-41.39285714282954
-41.40178571425811
-41.41071428568668
-41.41964285711525
-41.42857142854382
-41.43749999997239
-41.44642857140096
-41.45535714282953
-41.4642857142581
-41.473214285686666
-41.482142857115235
-41.491071428543805
-41.499999999972374
-41.50892857140094
-41.51785714282951
-41.52678571425808
-41.53571428568665
-41.54464285711522
-41.55357142854379
-41.56249999997236
-41.57142857140093
-41.5803571428295
-41.58928571425807
-41.59821428568664
-41.60714285711521
-41.616071428543776
-41.624999999972346
-41.633928571400915
-41.642857142829484
-41.651785714258054
-41.66071428568662
-41.66964285711519
-41.67857142854376
-41.68749999997233
-41.6964285714009
-41.70535714282947
-41.71428571425804
-41.72321428568661
-41.73214285711518
-41.74107142854375
-41.74999999997232
-41.75892857140089
-41.767857142829456
-41.776785714258025
-41.785714285686595
-41.794642857115164
-41.803571428543734
-41.8124999999723
-41.82142857140087
-41.83035714282944
-41.83928571425801
-41.84821428568658
-41.85714285711515
-41.86607142854372
-41.87499999997229
-41.88392857140086
-41.89285714282943
-41.901785714258
-41.910714285686566
-41.919642857115136
-41.928571428543705
-41.937499999972275
-41.946428571400844
-41.95535714282941
-41.96428571425798
-41.97321428568655
-41.98214285711512
-41.99107142854369
-41.99999999997226
-42.00892857140083
-42.0178571428294
-42.02678571425797
-42.03571428568654
-42.04464285711511
-42.05357142854368
-42.062499999972246
-42.071428571400816
-42.080357142829385
-42.089285714257954
-42.098214285686524
-42.10714285711509
-42.11607142854366
-42.12499999997223
-42.1339285714008
-42.14285714282937
-42.15178571425794
-42.16071428568651
-42.16964285711508
-42.17857142854365
-42.18749999997222
-42.19642857140079
-42.20535714282936
-42.214285714257926
-42.223214285686495
-42.232142857115065
-42.241071428543634
-42.249999999972204
-42.25892857140077
-42.26785714282934
-42.27678571425791
-42.28571428568648
-42.29464285711505
-42.30357142854362
-42.31249999997219
-42.32142857140076
-42.33035714282933
-42.3392857142579
-42.34821428568647
-42.357142857115036
-42.366071428543606
-42.374999999972175
-42.383928571400745
-42.392857142829314
-42.40178571425788
-42.41071428568645
-42.41964285711502
-42.42857142854359
-42.43749999997216
-42.44642857140073
-42.4553571428293
-42.46428571425787
-42.47321428568644
-42.48214285711501
-42.49107142854358
-42.49999999997215
-42.508928571400716
-42.517857142829286
-42.526785714257855
-42.535714285686424
-42.544642857114994
-42.55357142854356
-42.56249999997213
-42.5714285714007
-42.58035714282927
-42.58928571425784
-42.59821428568641
-42.60714285711498
-42.61607142854355
-42.62499999997212
-42.63392857140069
-42.64285714282926
-42.65178571425783
-42.660714285686396
-42.669642857114965
-42.678571428543535
-42.687499999972104
-42.69642857140067
-42.70535714282924
-42.71428571425781
-42.72321428568638
-42.73214285711495
-42.74107142854352
-42.74999999997209
-42.75892857140066
-42.76785714282923
-42.7767857142578
-42.78571428568637
-42.79464285711494
-42.803571428543506
-42.812499999972076
-42.821428571400645
-42.830357142829214
-42.839285714257784
-42.84821428568635
-42.85714285711492
-42.86607142854349
-42.87499999997206
-42.88392857140063
-42.8928571428292
-42.90178571425777
-42.91071428568634
-42.91964285711491
-42.92857142854348
-42.93749999997205
-42.94642857140062
-42.955357142829186
-42.964285714257755
-42.973214285686325
-42.982142857114894
-42.991071428543464
-42.99999999997203
-43.0089285714006
-43.01785714282917
-43.02678571425774
-43.03571428568631
-43.04464285711488
-43.05357142854345
-43.06249999997202
-43.07142857140059
-43.08035714282916
-43.08928571425773
-43.098214285686296
-43.107142857114866
-43.116071428543435
-43.124999999972005
-43.133928571400574
-43.14285714282914
-43.15178571425771
-43.16071428568628
-43.16964285711485
-43.17857142854342
-43.18749999997199
-43.19642857140056
-43.20535714282913
-43.2142857142577
-43.22321428568627
-43.23214285711484
-43.24107142854341
-43.249999999971976
-43.258928571400546
-43.267857142829115
-43.276785714257684
-43.285714285686254
-43.29464285711482
-43.30357142854339
-43.31249999997196
-43.32142857140053
-43.3303571428291
-43.33928571425767
-43.34821428568624
-43.35714285711481
-43.36607142854338
-43.37499999997195
-43.38392857140052
-43.39285714282909
-43.401785714257656
-43.410714285686225
-43.419642857114795
-43.428571428543364
-43.437499999971934
-43.4464285714005
-43.45535714282907
-43.46428571425764
-43.47321428568621
-43.48214285711478
-43.49107142854335
-43.49999999997192
-43.50892857140049
-43.51785714282906
-43.52678571425763
-43.5357142856862
-43.544642857114766
-43.553571428543336
-43.562499999971905
-43.571428571400475
-43.580357142829044
-43.58928571425761
-43.59821428568618
-43.60714285711475
-43.61607142854332
-43.62499999997189
-43.63392857140046
-43.64285714282903
-43.6517857142576
-43.66071428568617
-43.66964285711474
-43.67857142854331
-43.68749999997188
-43.696428571400446
-43.705357142829016
-43.714285714257585
-43.723214285686154
-43.732142857114724
-43.74107142854329
-43.74999999997186
-43.75892857140043
-43.767857142829
-43.77678571425757
-43.78571428568614
-43.79464285711471
-43.80357142854328
-43.81249999997185
-43.82142857140042
-43.83035714282899
-43.83928571425756
-43.848214285686126
-43.857142857114695
-43.866071428543265
-43.874999999971834
-43.8839285714004
-43.89285714282897
-43.90178571425754
-43.91071428568611
-43.91964285711468
-43.92857142854325
-43.93749999997182
-43.94642857140039
-43.95535714282896
-43.96428571425753
-43.9732142856861
-43.98214285711467
-43.991071428543236
-43.999999999971806
-44.008928571400375
-44.017857142828944
-44.026785714257514
-44.03571428568608
-44.04464285711465
-44.05357142854322
-44.06249999997179
-44.07142857140036
-44.08035714282893
-44.0892857142575
-44.09821428568607
-44.10714285711464
-44.11607142854321
-44.12499999997178
-44.13392857140035
-44.142857142828916
-44.151785714257485
-44.160714285686055
-44.169642857114624
-44.178571428543194
-44.18749999997176
-44.19642857140033
-44.2053571428289
-44.21428571425747
-44.22321428568604
-44.23214285711461
-44.24107142854318
-44.24999999997175
-44.25892857140032
-44.26785714282889
-44.27678571425746
-44.285714285686026
-44.294642857114596
-44.303571428543165
-44.312499999971735
-44.321428571400304
-44.33035714282887
-44.33928571425744
-44.34821428568601
-44.35714285711458
-44.36607142854315
-44.37499999997172
-44.38392857140029
-44.39285714282886
-44.40178571425743
-44.410714285686
-44.41964285711457
-44.42857142854314
-44.437499999971706
-44.446428571400276
-44.455357142828845
-44.464285714257414
-44.473214285685984
-44.48214285711455
-44.49107142854312
-44.49999999997169
-44.50892857140026
-44.51785714282883
-44.5267857142574
-44.53571428568597
-44.54464285711454
-44.55357142854311
-44.56249999997168
-44.57142857140025
-44.58035714282882
-44.589285714257386
-44.598214285685955
-44.607142857114525
-44.616071428543094
-44.624999999971664
-44.63392857140023
-44.6428571428288
-44.65178571425737
-44.66071428568594
-44.66964285711451
-44.67857142854308
-44.68749999997165
-44.69642857140022
-44.70535714282879
-44.71428571425736
-44.72321428568593
-44.732142857114496
-44.741071428543066
-44.749999999971635
-44.758928571400205
-44.767857142828774
-44.77678571425734
-44.78571428568591
-44.79464285711448
-44.80357142854305
-44.81249999997162
-44.82142857140019
-44.83035714282876
-44.83928571425733
-44.8482142856859
-44.85714285711447
-44.86607142854304
-44.87499999997161
-44.883928571400176
-44.892857142828746
-44.901785714257315
-44.910714285685884
-44.919642857114454
-44.92857142854302
-44.93749999997159
-44.94642857140016
-44.95535714282873
-44.9642857142573
-44.97321428568587
-44.98214285711444
-44.99107142854301
-44.99999999997158
-45.00892857140015
-45.01785714282872
-45.02678571425729
-45.035714285685856
-45.044642857114425
-45.053571428542995
-45.062499999971564
-45.07142857140013
-45.0803571428287
-45.08928571425727
-45.09821428568584
-45.10714285711441
-45.11607142854298
-45.12499999997155
-45.13392857140012
-45.14285714282869
-45.15178571425726
-45.16071428568583
-45.1696428571144
-45.178571428542966
-45.187499999971536
-45.196428571400105
-45.205357142828674
-45.214285714257244
-45.22321428568581
-45.23214285711438
-45.24107142854295
-45.24999999997152
-45.25892857140009
-45.26785714282866
-45.27678571425723
-45.2857142856858
-45.29464285711437
-45.30357142854294
-45.31249999997151
-45.32142857140008
-45.330357142828646
-45.339285714257215
-45.348214285685785
-45.357142857114354
-45.366071428542924
-45.37499999997149
-45.38392857140006
-45.39285714282863
-45.4017857142572
-45.41071428568577
-45.41964285711434
-45.42857142854291
-45.43749999997148
-45.44642857140005
-45.45535714282862
-45.46428571425719
-45.473214285685756
-45.482142857114326
-45.491071428542895
-45.499999999971465
-45.508928571400034
-45.5178571428286
-45.52678571425717
-45.53571428568574
-45.54464285711431
-45.55357142854288
-45.56249999997145
-45.57142857140002
-45.58035714282859
-45.58928571425716
-45.59821428568573
-45.6071428571143
-45.61607142854287
-45.624999999971436
-45.633928571400006
-45.642857142828575
-45.651785714257144
-45.660714285685714
-45.66964285711428
-45.67857142854285
-45.68749999997142
-45.69642857139999
-45.70535714282856
-45.71428571425713
-45.7232142856857
-45.73214285711427
-45.74107142854284
-45.74999999997141
-45.75892857139998
-45.76785714282855
-45.776785714257116
-45.785714285685685
-45.794642857114255
-45.803571428542824
-45.81249999997139
-45.82142857139996
-45.83035714282853
-45.8392857142571
-45.84821428568567
-45.85714285711424
-45.86607142854281
-45.87499999997138
-45.88392857139995
-45.89285714282852
-45.90178571425709
-45.91071428568566
-45.919642857114226
-45.928571428542796
-45.937499999971365
-45.946428571399935
-45.955357142828504
-45.96428571425707
-45.97321428568564
-45.98214285711421
-45.99107142854278
-45.99999999997135
-46.00892857139992
-46.01785714282849
-46.02678571425706
-46.03571428568563
-46.0446428571142
-46.05357142854277
-46.06249999997134
-46.071428571399906
-46.080357142828476
-46.089285714257045
-46.098214285685614
-46.107142857114184
-46.11607142854275
-46.12499999997132
-46.13392857139989
-46.14285714282846
-46.15178571425703
-46.1607142856856
-46.16964285711417
-46.17857142854274
-46.18749999997131
-46.19642857139988
-46.20535714282845
-46.21428571425702
-46.223214285685586
-46.232142857114155
-46.241071428542725
-46.249999999971294
-46.25892857139986
-46.26785714282843
-46.276785714257
-46.28571428568557
-46.29464285711414
-46.30357142854271
-46.31249999997128
-46.32142857139985
-46.33035714282842
-46.33928571425699
-46.34821428568556
-46.35714285711413
-46.366071428542696
-46.374999999971266
-46.383928571399835
-46.392857142828404
-46.401785714256974
-46.41071428568554
-46.41964285711411
-46.42857142854268
-46.43749999997125
-46.44642857139982
-46.45535714282839
-46.46428571425696
-46.47321428568553
-46.4821428571141
-46.49107142854267
-46.49999999997124
-46.50892857139981
-46.517857142828376
-46.526785714256945
-46.535714285685515
-46.544642857114084
-46.553571428542654
-46.56249999997122
-46.57142857139979
-46.58035714282836
-46.58928571425693
-46.5982142856855
-46.60714285711407
-46.61607142854264
-46.62499999997121
-46.63392857139978
-46.64285714282835
-46.65178571425692
-46.660714285685486
-46.669642857114056
-46.678571428542625
-46.687499999971195
-46.696428571399764
-46.70535714282833
-46.7142857142569
-46.72321428568547
-46.73214285711404
-46.74107142854261
-46.74999999997118
-46.75892857139975
-46.76785714282832
-46.77678571425689
-46.78571428568546
-46.79464285711403
-46.8035714285426
-46.812499999971166
-46.821428571399736
-46.830357142828305
-46.839285714256874
-46.848214285685444
-46.85714285711401
-46.86607142854258
-46.87499999997115
-46.88392857139972
-46.89285714282829
-46.90178571425686
-46.91071428568543
-46.919642857114
-46.92857142854257
-46.93749999997114
-46.94642857139971
-46.95535714282828
-46.964285714256846
-46.973214285685415
-46.982142857113985
-46.991071428542554
-46.99999999997112
-47.00892857139969
-47.01785714282826
-47.02678571425683
-47.0357142856854
-47.04464285711397
-47.05357142854254
-47.06249999997111
-47.07142857139968
-47.08035714282825
-47.08928571425682
-47.09821428568539
-47.107142857113956
-47.116071428542526
-47.124999999971095
-47.133928571399665
-47.142857142828234
-47.1517857142568
-47.16071428568537
-47.16964285711394
-47.17857142854251
-47.18749999997108
-47.19642857139965
-47.20535714282822
-47.21428571425679
-47.22321428568536
-47.23214285711393
-47.2410714285425
-47.24999999997107
-47.258928571399636
-47.267857142828205
-47.276785714256775
-47.285714285685344
-47.294642857113914
-47.30357142854248
-47.31249999997105
-47.32142857139962
-47.33035714282819
-47.33928571425676
-47.34821428568533
-47.3571428571139
-47.36607142854247
-47.37499999997104
-47.38392857139961
-47.39285714282818
-47.40178571425675
-47.410714285685316
-47.419642857113885
-47.428571428542455
-47.437499999971024
-47.44642857139959
-47.45535714282816
-47.46428571425673
-47.4732142856853
-47.48214285711387
-47.49107142854244
-47.49999999997101
-47.50892857139958
-47.51785714282815
-47.52678571425672
-47.53571428568529
-47.54464285711386
-47.553571428542426
-47.562499999970996
-47.571428571399565
-47.580357142828134
-47.589285714256704
-47.59821428568527
-47.60714285711384
-47.61607142854241
-47.62499999997098
-47.63392857139955
-47.64285714282812
-47.65178571425669
-47.66071428568526
-47.66964285711383
-47.6785714285424
-47.68749999997097
-47.69642857139954
-47.705357142828106
-47.714285714256675
-47.723214285685245
-47.732142857113814
-47.741071428542384
-47.74999999997095
-47.75892857139952
-47.76785714282809
-47.77678571425666
-47.78571428568523
-47.7946428571138
-47.80357142854237
-47.81249999997094
-47.82142857139951
-47.83035714282808
-47.83928571425665
-47.848214285685216
-47.857142857113786
-47.866071428542355
-47.874999999970925
-47.883928571399494
-47.89285714282806
-47.90178571425663
-47.9107142856852
-47.91964285711377
-47.92857142854234
-47.93749999997091
-47.94642857139948
-47.95535714282805
-47.96428571425662
-47.97321428568519
-47.98214285711376
-47.99107142854233
-47.999999999970896
-48.00892857139945
-48.017857142828035
-48.02678571425662
-48.035714285685174
-48.04464285711373
-48.05357142854231
-48.062499999970896
-48.07142857139945
-48.08035714282801
-48.08928571425659
-48.098214285685174
-48.10714285711373
-48.116071428542284
-48.12499999997087
-48.13392857139945
-48.14285714282801
-48.15178571425656
-48.160714285685145
-48.16964285711373
-48.178571428542284
-48.18749999997084
-48.19642857139942
-48.20535714282801
-48.21428571425656
-48.22321428568512
-48.2321428571137
-48.241071428542284
-48.24999999997084
-48.258928571399395
-48.26785714282798
-48.27678571425656
-48.28571428568512
-48.29464285711367
-48.303571428542256
-48.31249999997084
-48.321428571399395
-48.33035714282795
-48.33928571425653
-48.34821428568512
-48.35714285711367
-48.36607142854223
-48.37499999997081
-48.383928571399395
-48.39285714282795
-48.401785714256505
-48.41071428568509
-48.41964285711367
-48.42857142854223
-48.43749999997078
-48.446428571399366
-48.45535714282795
-48.464285714256505
-48.47321428568506
-48.482142857113644
-48.49107142854223
-48.49999999997078
-48.50892857139934
-48.51785714282792
-48.526785714256505
-48.53571428568506
-48.544642857113615
-48.5535714285422
-48.56249999997078
-48.57142857139934
-48.58035714282789
-48.58928571425648
-48.59821428568506
-48.607142857113615
-48.61607142854217
-48.624999999970754
-48.63392857139934
-48.64285714282789
-48.65178571425645
-48.66071428568503
-48.669642857113615
-48.67857142854217
-48.687499999970726
-48.69642857139931
-48.70535714282789
-48.71428571425645
-48.723214285685
-48.73214285711359
-48.74107142854217
-48.749999999970726
-48.75892857139928
-48.767857142827864
-48.77678571425645
-48.785714285685
-48.79464285711356
-48.80357142854214
-48.812499999970726
-48.82142857139928
-48.830357142827836
-48.83928571425642
-48.848214285685
-48.85714285711356
-48.866071428542114
-48.8749999999707
-48.88392857139928
-48.892857142827836
-48.90178571425639
-48.910714285684975
-48.91964285711356
-48.928571428542114
-48.93749999997067
-48.94642857139925
-48.955357142827836
-48.96428571425639
-48.973214285684946
-48.98214285711353
-48.991071428542114
-48.99999999997067
-49.008928571399224
-49.01785714282781
-49.02678571425639
-49.035714285684946
-49.0446428571135
-49.053571428542085
-49.06249999997067
-49.071428571399224
-49.08035714282778
-49.08928571425636
-49.098214285684946
-49.1071428571135
-49.11607142854206
-49.12499999997064
-49.133928571399224
-49.14285714282778
-49.151785714256334
-49.16071428568492
-49.1696428571135
-49.17857142854206
-49.18749999997061
-49.196428571399196
-49.20535714282778
-49.214285714256334
-49.22321428568489
-49.23214285711347
-49.24107142854206
-49.24999999997061
-49.25892857139917
-49.26785714282775
-49.276785714256334
-49.28571428568489
-49.294642857113445
-49.30357142854203
-49.31249999997061
-49.32142857139917
-49.33035714282772
-49.339285714256306
-49.34821428568489
-49.357142857113445
-49.366071428542
-49.37499999997058
-49.38392857139917
-49.39285714282772
-49.40178571425628
-49.41071428568486
-49.419642857113445
-49.428571428542
-49.437499999970555
-49.44642857139914
-49.45535714282772
-49.46428571425628
-49.47321428568483
-49.482142857113416
-49.491071428542
-49.499999999970555
-49.50892857139911
-49.517857142827694
-49.52678571425628
-49.53571428568483
-49.54464285711339
-49.55357142854197
-49.562499999970555
-49.57142857139911
-49.580357142827665
-49.58928571425625
-49.59821428568483
-49.60714285711339
-49.61607142854194
-49.62499999997053
-49.63392857139911
-49.642857142827665
-49.65178571425622
-49.660714285684804
-49.66964285711339
-49.67857142854194
-49.6874999999705
-49.69642857139908
-49.705357142827665
-49.71428571425622
-49.723214285684776
-49.73214285711336
-49.74107142854194
-49.7499999999705
-49.75892857139905
-49.76785714282764
-49.77678571425622
-49.785714285684776
-49.79464285711333
-49.803571428541915
-49.8124999999705
-49.82142857139905
-49.83035714282761
-49.83928571425619
-49.848214285684776
-49.85714285711333
-49.866071428541886
-49.87499999997047
-49.88392857139905
-49.89285714282761
-49.901785714256164
-49.91071428568475
-49.91964285711333
-49.928571428541886
-49.93749999997044
-49.946428571399025
-49.95535714282761
-49.964285714256164
-49.97321428568472
-49.9821428571133
-49.991071428541886
-49.99999999997044
-50.008928571399
-50.01785714282758
-50.026785714256164
-50.03571428568472
-50.044642857113274
-50.05357142854186
-50.06249999997044
-50.071428571399
-50.08035714282755
-50.089285714256135
-50.09821428568472
-50.107142857113274
-50.11607142854183
-50.12499999997041
-50.133928571399
-50.14285714282755
-50.15178571425611
-50.16071428568469
-50.169642857113274
-50.17857142854183
-50.187499999970385
-50.19642857139897
-50.20535714282755
-50.21428571425611
-50.22321428568466
-50.232142857113246
-50.24107142854183
-50.249999999970385
-50.25892857139894
-50.26785714282752
-50.27678571425611
-50.28571428568466
-50.29464285711322
-50.3035714285418
-50.312499999970385
-50.32142857139894
-50.330357142827495
-50.33928571425608
-50.34821428568466
-50.35714285711322
-50.36607142854177
-50.374999999970356
-50.38392857139894
-50.392857142827495
-50.40178571425605
-50.410714285684634
-50.41964285711322
-50.42857142854177
-50.43749999997033
-50.44642857139891
-50.455357142827495
-50.46428571425605
-50.473214285684605
-50.48214285711319
-50.49107142854177
-50.49999999997033
-50.50892857139888
-50.51785714282747
-50.52678571425605
-50.535714285684605
-50.54464285711316
-50.553571428541744
-50.56249999997033
-50.57142857139888
-50.58035714282744
-50.58928571425602
-50.598214285684605
-50.60714285711316
-50.616071428541716
-50.6249999999703
-50.63392857139888
-50.64285714282744
-50.65178571425599
-50.66071428568458
-50.66964285711316
-50.678571428541716
-50.68749999997027
-50.696428571398855
-50.70535714282744
-50.71428571425599
-50.72321428568455
-50.73214285711313
-50.741071428541716
-50.74999999997027
-50.758928571398826
-50.76785714282741
-50.77678571425599
-50.78571428568455
-50.794642857113104
-50.80357142854169
-50.81249999997027
-50.821428571398826
-50.83035714282738
-50.839285714255965
-50.84821428568455
-50.857142857113104
-50.86607142854166
-50.87499999997024
-50.883928571398826
-50.89285714282738
-50.90178571425594
-50.91071428568452
-50.919642857113104
-50.92857142854166
-50.937499999970214
-50.9464285713988
-50.95535714282738
-50.96428571425594
-50.97321428568449
-50.982142857113075
-50.99107142854166
-50.999999999970214
-51.00892857139877
-51.01785714282735
-51.02678571425594
-51.03571428568449
-51.04464285711305
-51.05357142854163
-51.062499999970214
-51.07142857139877
-51.080357142827324
-51.08928571425591
-51.09821428568449
-51.10714285711305
-51.1160714285416
-51.124999999970186
-51.13392857139877
-51.142857142827324
-51.15178571425588
-51.16071428568446
-51.16964285711305
-51.1785714285416
-51.18749999997016
-51.19642857139874
-51.205357142827324
-51.21428571425588
-51.223214285684435
-51.23214285711302
-51.2410714285416
-51.24999999997016
-51.25892857139871
-51.267857142827296
-51.27678571425588
-51.285714285684435
-51.29464285711299
-51.303571428541574
-51.31249999997016
-51.32142857139871
-51.33035714282727
-51.33928571425585
-51.348214285684435
-51.35714285711299
-51.366071428541545
-51.37499999997013
-51.38392857139871
-51.39285714282727
-51.40178571425582
-51.410714285684406
-51.41964285711299
-51.428571428541545
-51.4374999999701
-51.446428571398684
-51.45535714282727
-51.46428571425582
-51.47321428568438
-51.48214285711296
-51.491071428541545
-51.4999999999701
-51.508928571398656
-51.51785714282724
-51.52678571425582
-51.53571428568438
-51.54464285711293
-51.55357142854152
-51.5624999999701
-51.571428571398656
-51.58035714282721
-51.589285714255794
-51.59821428568438
-51.60714285711293
-51.61607142854149
-51.62499999997007
-51.633928571398656
-51.64285714282721
-51.651785714255766
-51.66071428568435
-51.66964285711293
-51.67857142854149
-51.68749999997004
-51.69642857139863
-51.70535714282721
-51.714285714255766
-51.72321428568432
-51.732142857112905
-51.74107142854149
-51.74999999997004
-51.7589285713986
-51.76785714282718
-51.776785714255766
-51.78571428568432
-51.794642857112876
-51.80357142854146
-51.81249999997004
-51.8214285713986
-51.830357142827154
-51.83928571425574
-51.84821428568432
-51.857142857112876
-51.86607142854143
-51.874999999970015
-51.8839285713986
-51.892857142827154
-51.90178571425571
-51.91071428568429
-51.919642857112876
-51.92857142854143
-51.93749999996999
-51.94642857139857
-51.955357142827154
-51.96428571425571
-51.973214285684264
-51.98214285711285
-51.99107142854143
-51.99999999996999
-52.00892857139854
-52.017857142827125
-52.02678571425571
-52.035714285684264
-52.04464285711282
-52.0535714285414
-52.06249999996999
-52.07142857139854
-52.0803571428271
-52.08928571425568
-52.098214285684264
-52.10714285711282
-52.116071428541375
-52.12499999996996
-52.13392857139854
-52.1428571428271
-52.15178571425565
-52.160714285684236
-52.16964285711282
-52.178571428541375
-52.18749999996993
-52.19642857139851
-52.2053571428271
-52.21428571425565
-52.22321428568421
-52.23214285711279
-52.241071428541375
-52.24999999996993
-52.258928571398485
-52.26785714282707
-52.27678571425565
-52.28571428568421
-52.29464285711276
-52.303571428541346
-52.31249999996993
-52.321428571398485
-52.33035714282704
-52.339285714255624
-52.34821428568421
-52.35714285711276
-52.36607142854132
-52.3749999999699
-52.383928571398485
-52.39285714282704
-52.401785714255595
-52.41071428568418
-52.41964285711276
-52.42857142854132
-52.43749999996987
-52.44642857139846
-52.45535714282704
-52.464285714255595
-52.47321428568415
-52.482142857112734
-52.49107142854132
-52.49999999996987
-52.50892857139843
-52.51785714282701
-52.526785714255595
-52.53571428568415
-52.544642857112706
-52.55357142854129
-52.56249999996987
-52.57142857139843
-52.58035714282698
-52.58928571425557
-52.59821428568415
-52.607142857112706
-52.61607142854126
-52.624999999969845
-52.63392857139843
-52.64285714282698
-52.65178571425554
-52.66071428568412
-52.669642857112706
-52.67857142854126
-52.687499999969816
-52.6964285713984
-52.70535714282698
-52.71428571425554
-52.723214285684094
-52.73214285711268
-52.74107142854126
-52.749999999969816
-52.75892857139837
-52.767857142826955
-52.77678571425554
-52.785714285684094
-52.79464285711265
-52.80357142854123
-52.812499999969816
-52.82142857139837
-52.83035714282693
-52.83928571425551
-52.848214285684094
-52.85714285711265
-52.866071428541204
-52.87499999996979
-52.88392857139837
-52.89285714282693
-52.90178571425548
-52.910714285684065
-52.91964285711265
-52.928571428541204
-52.93749999996976
-52.94642857139834
-52.95535714282693
-52.96428571425548
-52.97321428568404
-52.98214285711262
-52.991071428541204
-52.99999999996976
-53.008928571398314
-53.0178571428269
-53.02678571425548
-53.03571428568404
-53.04464285711259
-53.053571428541176
-53.06249999996976
-53.071428571398314
-53.08035714282687
-53.08928571425545
-53.09821428568404
-53.10714285711259
-53.11607142854115
-53.12499999996973
-53.133928571398314
-53.14285714282687
-53.151785714255425
-53.16071428568401
-53.16964285711259
-53.17857142854115
-53.1874999999697
-53.196428571398286
-53.20535714282687
-53.214285714255425
-53.22321428568398
-53.232142857112564
-53.24107142854115
-53.2499999999697
-53.25892857139826
-53.26785714282684
-53.276785714255425
-53.28571428568398
-53.294642857112535
-53.30357142854112
-53.3124999999697
-53.32142857139826
-53.33035714282681
-53.339285714255396
-53.34821428568398
-53.357142857112535
-53.36607142854109
-53.374999999969674
-53.38392857139826
-53.39285714282681
-53.40178571425537
-53.41071428568395
-53.419642857112535
-53.42857142854109
-53.437499999969646
-53.44642857139823
-53.45535714282681
-53.46428571425537
-53.47321428568392
-53.48214285711251
-53.49107142854109
-53.499999999969646
-53.5089285713982
-53.517857142826784
-53.52678571425537
-53.53571428568392
-53.54464285711248
-53.55357142854106
-53.562499999969646
-53.5714285713982
-53.580357142826756
-53.58928571425534
-53.59821428568392
-53.60714285711248
-53.616071428541034
-53.62499999996962
-53.6339285713982
-53.642857142826756
-53.65178571425531
-53.660714285683895
-53.66964285711248
-53.678571428541034
-53.68749999996959
-53.69642857139817
-53.705357142826756
-53.71428571425531
-53.723214285683866
-53.73214285711245
-53.741071428541034
-53.74999999996959
-53.758928571398144
-53.76785714282673
-53.77678571425531
-53.785714285683866
-53.79464285711242
-53.803571428541005
-53.81249999996959
-53.821428571398144
-53.8303571428267
-53.83928571425528
-53.848214285683866
-53.85714285711242
-53.86607142854098
-53.87499999996956
-53.883928571398144
-53.8928571428267
-53.901785714255254
-53.91071428568384
-53.91964285711242
-53.92857142854098
-53.93749999996953
-53.946428571398116
-53.9553571428267
-53.964285714255254
-53.97321428568381
-53.98214285711239
-53.99107142854098
-53.99999999996953
-54.00892857139809
-54.01785714282667
-54.026785714255254
-54.03571428568381
-54.044642857112365
-54.05357142854095
-54.06249999996953
-54.07142857139809
-54.08035714282664
-54.089285714255226
-54.09821428568381
-54.107142857112365
-54.11607142854092
-54.1249999999695
-54.13392857139809
-54.14285714282664
-54.1517857142552
-54.16071428568378
-54.169642857112365
-54.17857142854092
-54.187499999969475
-54.19642857139806
-54.20535714282664
-54.2142857142552
-54.22321428568375
-54.232142857112336
-54.24107142854092
-54.249999999969475
-54.25892857139803
-54.267857142826614
-54.2767857142552
-54.28571428568375
-54.29464285711231
-54.30357142854089
-54.312499999969475
-54.32142857139803
-54.330357142826585
-54.33928571425517
-54.34821428568375
-54.35714285711231
-54.36607142854086
-54.37499999996945
-54.38392857139803
-54.392857142826585
-54.40178571425514
-54.410714285683724
-54.41964285711231
-54.42857142854086
-54.43749999996942
-54.446428571398
-54.455357142826585
-54.46428571425514
-54.473214285683696
-54.48214285711228
-54.49107142854086
-54.49999999996942
-54.50892857139797
-54.51785714282656
-54.52678571425514
-54.535714285683696
-54.54464285711225
-54.553571428540835
-54.56249999996942
-54.57142857139797
-54.58035714282653
-54.58928571425511
-54.598214285683696
-54.60714285711225
-54.616071428540806
-54.62499999996939
-54.63392857139797
-54.64285714282653
-54.651785714255084
-54.66071428568367
-54.66964285711225
-54.678571428540806
-54.68749999996936
-54.696428571397945
-54.70535714282653
-54.714285714255084
-54.72321428568364
-54.73214285711222
-54.741071428540806
-54.74999999996936
-54.75892857139792
-54.7678571428265
-54.776785714255084
-54.78571428568364
-54.794642857112194
-54.80357142854078
-54.81249999996936
-54.82142857139792
-54.83035714282647
-54.839285714255055
-54.84821428568364
-54.857142857112194
-54.86607142854075
-54.87499999996933
-54.88392857139792
-54.89285714282647
-54.90178571425503
-54.91071428568361
-54.919642857112194
-54.92857142854075
-54.937499999969305
-54.94642857139789
-54.95535714282647
-54.96428571425503
-54.97321428568358
-54.982142857112166
-54.99107142854075
-54.999999999969305
-55.00892857139786
-55.01785714282644
-55.02678571425503
-55.03571428568358
-55.04464285711214
-55.05357142854072
-55.062499999969305
-55.07142857139786
-55.080357142826415
-55.089285714255
-55.09821428568358
-55.10714285711214
-55.11607142854069
-55.124999999969276
-55.13392857139786
-55.142857142826415
-55.15178571425497
-55.160714285683554
-55.16964285711214
-55.17857142854069
-55.18749999996925
-55.19642857139783
-55.205357142826415
-55.21428571425497
-55.223214285683525
-55.23214285711211
-55.24107142854069
-55.24999999996925
-55.2589285713978
-55.26785714282639
-55.27678571425497
-55.285714285683525
-55.29464285711208
-55.303571428540664
-55.31249999996925
-55.3214285713978
-55.33035714282636
-55.33928571425494
-55.348214285683525
-55.35714285711208
-55.366071428540636
-55.37499999996922
-55.3839285713978
-55.39285714282636
-55.40178571425491
-55.4107142856835
-55.41964285711208
-55.428571428540636
-55.43749999996919
-55.446428571397774
-55.45535714282636
-55.46428571425491
-55.47321428568347
-55.48214285711205
-55.491071428540636
-55.49999999996919
-55.508928571397746
-55.51785714282633
-55.52678571425491
-55.53571428568347
-55.544642857112024
-55.55357142854061
-55.56249999996919
-55.571428571397746
-55.5803571428263
-55.589285714254885
-55.59821428568347
-55.607142857112024
-55.61607142854058
-55.62499999996916
-55.633928571397746
-55.6428571428263
-55.651785714254856
-55.66071428568344
-55.669642857112024
-55.67857142854058
-55.687499999969134
-55.69642857139772
-55.7053571428263
-55.714285714254856
-55.72321428568341
-55.732142857111995
-55.74107142854058
-55.749999999969134
-55.75892857139769
-55.76785714282627
-55.776785714254856
-55.78571428568341
-55.79464285711197
-55.80357142854055
-55.812499999969134
-55.82142857139769
-55.830357142826244
-55.83928571425483
-55.84821428568341
-55.85714285711197
-55.86607142854052
-55.874999999969106
-55.88392857139769
-55.892857142826244
-55.9017857142548
-55.91071428568338
-55.91964285711197
-55.92857142854052
-55.93749999996908
-55.94642857139766
-55.955357142826244
-55.9642857142548
-55.973214285683355
-55.98214285711194
-55.99107142854052
-55.99999999996908
-56.00892857139763
-56.017857142826216
-56.0267857142548
-56.035714285683355
-56.04464285711191
-56.053571428540494
-56.06249999996908
-56.07142857139763
-56.08035714282619
-56.08928571425477
-56.098214285683355
-56.10714285711191
-56.116071428540465
-56.12499999996905
-56.13392857139763
-56.14285714282619
-56.15178571425474
-56.160714285683326
-56.16964285711191
-56.178571428540465
-56.18749999996902
-56.196428571397604
-56.20535714282619
-56.21428571425474
-56.2232142856833
-56.23214285711188
-56.241071428540465
-56.24999999996902
-56.258928571397576
-56.26785714282616
-56.27678571425474
-56.2857142856833
-56.29464285711185
-56.30357142854044
-56.31249999996902
-56.321428571397576
-56.33035714282613
-56.339285714254714
-56.3482142856833
-56.35714285711185
-56.36607142854041
-56.37499999996899
-56.383928571397576
-56.39285714282613
-56.401785714254686
-56.41071428568327
-56.41964285711185
-56.42857142854041
-56.43749999996896
-56.44642857139755
-56.45535714282613
-56.464285714254686
-56.47321428568324
-56.482142857111825
-56.49107142854041
-56.49999999996896
-56.50892857139752
-56.5178571428261
-56.526785714254686
-56.53571428568324
-56.544642857111796
-56.55357142854038
-56.56249999996896
-56.57142857139752
-56.580357142826074
-56.58928571425466
-56.59821428568324
-56.607142857111796
-56.61607142854035
-56.624999999968935
-56.63392857139752
-56.642857142826074
-56.65178571425463
-56.66071428568321
-56.669642857111796
-56.67857142854035
-56.68749999996891
-56.69642857139749
-56.705357142826074
-56.71428571425463
-56.723214285683184
-56.73214285711177
-56.74107142854035
-56.74999999996891
-56.75892857139746
-56.767857142826045
-56.77678571425463
-56.785714285683184
-56.79464285711174
-56.80357142854032
-56.81249999996891
-56.82142857139746
-56.83035714282602
-56.8392857142546
-56.848214285683184
-56.85714285711174
-56.866071428540295
-56.87499999996888
-56.88392857139746
-56.89285714282602
-56.90178571425457
-56.910714285683156
-56.91964285711174
-56.928571428540295
-56.93749999996885
-56.94642857139743
-56.95535714282602
-56.96428571425457
-56.97321428568313
-56.98214285711171
-56.991071428540295
-56.99999999996885
-57.008928571397405
-57.01785714282599
-57.02678571425457
-57.03571428568313
-57.04464285711168
-57.053571428540266
-57.06249999996885
-57.071428571397405
-57.08035714282596
-57.089285714254544
-57.09821428568313
-57.10714285711168
-57.11607142854024
-57.12499999996882
-57.133928571397405
-57.14285714282596
-57.151785714254515
-57.1607142856831
-57.16964285711168
-57.17857142854024
-57.18749999996879
-57.19642857139738
-57.20535714282596
-57.214285714254515
-57.22321428568307
-57.232142857111654
-57.24107142854024
-57.24999999996879
-57.25892857139735
-57.26785714282593
-57.276785714254515
-57.28571428568307
-57.294642857111626
-57.30357142854021
-57.31249999996879
-57.32142857139735
-57.3303571428259
-57.33928571425449
-57.34821428568307
-57.357142857111626
-57.36607142854018
-57.374999999968765
-57.38392857139735
-57.3928571428259
-57.40178571425446
-57.41071428568304
-57.419642857111626
-57.42857142854018
-57.437499999968736
-57.44642857139732
-57.4553571428259
-57.46428571425446
-57.473214285683014
-57.4821428571116
-57.49107142854018
-57.499999999968736
-57.50892857139729
-57.517857142825875
-57.52678571425446
-57.535714285683014
-57.54464285711157
-57.55357142854015
-57.562499999968736
-57.57142857139729
-57.58035714282585
-57.58928571425443
-57.598214285683014
-57.60714285711157
-57.616071428540124
-57.62499999996871
-57.63392857139729
-57.64285714282585
-57.6517857142544
-57.660714285682985
-57.66964285711157
-57.678571428540124
-57.68749999996868
-57.69642857139726
-57.70535714282585
-57.7142857142544
-57.72321428568296
-57.73214285711154
-57.741071428540124
-57.74999999996868
-57.758928571397234
-57.76785714282582
-57.7767857142544
-57.78571428568296
-57.79464285711151
-57.803571428540096
-57.81249999996868
-57.821428571397234
-57.83035714282579
-57.83928571425437
-57.84821428568296
-57.85714285711151
-57.86607142854007
-57.87499999996865
-57.883928571397234
-57.89285714282579
-57.901785714254345
-57.91071428568293
-57.91964285711151
-57.92857142854007
-57.93749999996862
-57.946428571397206
-57.95535714282579
-57.964285714254345
-57.9732142856829
-57.982142857111484
-57.99107142854007
-57.99999999996862
-58.00892857139718
-58.01785714282576
-58.026785714254345
-58.0357142856829
-58.044642857111455
-58.05357142854004
-58.06249999996862
-58.07142857139718
-58.08035714282573
-58.089285714254316
-58.0982142856829
-58.107142857111455
-58.11607142854001
-58.124999999968594
-58.13392857139718
-58.14285714282573
-58.15178571425429
-58.16071428568287
-58.169642857111455
-58.17857142854001
-58.187499999968566
-58.19642857139715
-58.20535714282573
-58.21428571425429
-58.22321428568284
-58.23214285711143
-58.24107142854001
-58.249999999968566
-58.25892857139712
-58.267857142825704
-58.27678571425429
-58.28571428568284
-58.2946428571114
-58.30357142853998
-58.312499999968566
-58.32142857139712
-58.330357142825676
-58.33928571425426
-58.34821428568284
-58.3571428571114
-58.366071428539954
-58.37499999996854
-58.38392857139712
-58.392857142825676
-58.40178571425423
-58.410714285682815
-58.4196428571114
-58.428571428539954
-58.43749999996851
-58.44642857139709
-58.455357142825676
-58.46428571425423
-58.473214285682786
-58.48214285711137
-58.491071428539954
-58.49999999996851
-58.508928571397064
-58.51785714282565
-58.52678571425423
-58.535714285682786
-58.54464285711134
-58.553571428539925
-58.56249999996851
-58.571428571397064
-58.58035714282562
-58.5892857142542
-58.598214285682786
-58.60714285711134
-58.6160714285399
-58.62499999996848
-58.633928571397064
-58.64285714282562
-58.651785714254174
-58.66071428568276
-58.66964285711134
-58.6785714285399
-58.68749999996845
-58.696428571397036
-58.70535714282562
-58.714285714254174
-58.72321428568273
-58.73214285711131
-58.7410714285399
-58.74999999996845
-58.75892857139701
-58.76785714282559
-58.776785714254174
-58.78571428568273
-58.794642857111285
-58.80357142853987
-58.81249999996845
-58.82142857139701
-58.83035714282556
-58.839285714254146
-58.84821428568273
-58.857142857111285
-58.86607142853984
-58.87499999996842
-58.88392857139701
-58.89285714282556
-58.90178571425412
-58.9107142856827
-58.919642857111285
-58.92857142853984
-58.937499999968395
-58.94642857139698
-58.95535714282556
-58.96428571425412
-58.97321428568267
-58.982142857111256
-58.99107142853984
-58.999999999968395
-59.00892857139695
-59.017857142825534
-59.02678571425412
-59.03571428568267
-59.04464285711123
-59.05357142853981
-59.062499999968395
-59.07142857139695
-59.080357142825505
-59.08928571425409
-59.09821428568267
-59.10714285711123
-59.11607142853978
-59.12499999996837
-59.13392857139695
-59.142857142825505
-59.15178571425406
-59.160714285682644
-59.16964285711123
-59.17857142853978
-59.18749999996834
-59.19642857139692
-59.205357142825505
-59.21428571425406
-59.223214285682616
-59.2321428571112
-59.24107142853978
-59.24999999996834
-59.25892857139689
-59.26785714282548
-59.27678571425406
-59.285714285682616
-59.29464285711117
-59.303571428539755
-59.31249999996834
-59.32142857139689
-59.33035714282545
-59.33928571425403
-59.348214285682616
-59.35714285711117
-59.366071428539726
-59.37499999996831
-59.38392857139689
-59.39285714282545
-59.401785714254004
-59.41071428568259
-59.41964285711117
-59.428571428539726
-59.43749999996828
-59.446428571396865
-59.45535714282545
-59.464285714254004
-59.47321428568256
-59.48214285711114
-59.491071428539726
-59.49999999996828
-59.50892857139684
-59.51785714282542
-59.526785714254004
-59.53571428568256
-59.544642857111114
-59.5535714285397
-59.56249999996828
-59.57142857139684
-59.58035714282539
-59.589285714253975
-59.59821428568256
-59.607142857111114
-59.61607142853967
-59.62499999996825
-59.63392857139684
-59.64285714282539
-59.65178571425395
-59.66071428568253
-59.669642857111114
-59.67857142853967
-59.687499999968225
-59.69642857139681
-59.70535714282539
-59.71428571425395
-59.7232142856825
-59.732142857111086
-59.74107142853967
-59.749999999968225
-59.75892857139678
-59.76785714282536
-59.77678571425395
-59.7857142856825
-59.79464285711106
-59.80357142853964
-59.812499999968225
-59.82142857139678
-59.830357142825335
-59.83928571425392
-59.8482142856825
-59.85714285711106
-59.86607142853961
-59.874999999968196
-59.88392857139678
-59.892857142825335
-59.90178571425389
-59.910714285682474
-59.91964285711106
-59.92857142853961
-59.93749999996817
-59.94642857139675
-59.955357142825335
-59.96428571425389
-59.973214285682445
-59.98214285711103
-59.99107142853961
