Lat300m
80.0
79.99702380952381
79.99404761904762
79.99107142857143
79.98809523809524
79.98511904761905
79.98214285714286
79.97916666666667
79.97619047619048
79.97321428571429
79.9702380952381
79.96726190476191
79.96428571428572
79.96130952380953
79.95833333333334
79.95535714285715
79.95238095238096
79.94940476190477
79.94642857142858
79.9434523809524
79.9404761904762
79.93750000000001
79.93452380952382
79.93154761904763
79.92857142857144
79.92559523809526
79.92261904761907
79.91964285714288
79.91666666666669
79.9136904761905
79.9107142857143
79.90773809523812
79.90476190476193
79.90178571428574
79.89880952380955
79.89583333333336
79.89285714285717
79.88988095238098
79.88690476190479
79.8839285714286
79.88095238095241
79.87797619047622
79.87500000000003
79.87202380952384
79.86904761904765
79.86607142857146
79.86309523809527
79.86011904761908
79.85714285714289
79.8541666666667
79.85119047619051
79.84821428571432
79.84523809523813
79.84226190476194
79.83928571428575
79.83630952380956
79.83333333333337
79.83035714285718
79.82738095238099
79.8244047619048
79.82142857142861
79.81845238095242
79.81547619047623
79.81250000000004
79.80952380952385
79.80654761904766
79.80357142857147
79.80059523809528
79.7976190476191
79.7946428571429
79.79166666666671
79.78869047619052
79.78571428571433
79.78273809523814
79.77976190476195
79.77678571428577
79.77380952380958
79.77083333333339
79.7678571428572
79.764880952381
79.76190476190482
79.75892857142863
79.75595238095244
79.75297619047625
79.75000000000006
79.74702380952387
79.74404761904768
79.74107142857149
79.7380952380953
79.73511904761911
79.73214285714292
79.72916666666673
79.72619047619054
79.72321428571435
79.72023809523816
79.71726190476197
79.71428571428578
79.71130952380959
79.7083333333334
79.70535714285721
79.70238095238102
79.69940476190483
79.69642857142864
79.69345238095245
79.69047619047626
79.68750000000007
79.68452380952388
79.68154761904769
79.6785714285715
79.67559523809531
79.67261904761912
79.66964285714293
79.66666666666674
79.66369047619055
79.66071428571436
79.65773809523817
79.65476190476198
79.6517857142858
79.6488095238096
79.64583333333341
79.64285714285722
79.63988095238103
79.63690476190484
79.63392857142865
79.63095238095246
79.62797619047628
79.62500000000009
79.6220238095239
79.6190476190477
79.61607142857152
79.61309523809533
79.61011904761914
79.60714285714295
79.60416666666676
79.60119047619057
79.59821428571438
79.59523809523819
79.592261904762
79.58928571428581
79.58630952380962
79.58333333333343
79.58035714285724
79.57738095238105
79.57440476190486
79.57142857142867
79.56845238095248
79.56547619047629
79.5625000000001
79.55952380952391
79.55654761904772
79.55357142857153
79.55059523809534
79.54761904761915
79.54464285714296
79.54166666666677
79.53869047619058
79.53571428571439
79.5327380952382
79.52976190476201
79.52678571428582
79.52380952380963
79.52083333333344
79.51785714285725
79.51488095238106
79.51190476190487
79.50892857142868
79.5059523809525
79.5029761904763
79.50000000000011
79.49702380952392
79.49404761904773
79.49107142857154
79.48809523809535
79.48511904761916
79.48214285714297
79.47916666666679
79.4761904761906
79.4732142857144
79.47023809523822
79.46726190476203
79.46428571428584
79.46130952380965
79.45833333333346
79.45535714285727
79.45238095238108
79.44940476190489
79.4464285714287
79.44345238095251
79.44047619047632
79.43750000000013
79.43452380952394
79.43154761904775
79.42857142857156
79.42559523809537
79.42261904761918
79.41964285714299
79.4166666666668
79.41369047619061
79.41071428571442
79.40773809523823
79.40476190476204
79.40178571428585
79.39880952380966
79.39583333333347
79.39285714285728
79.38988095238109
79.3869047619049
79.38392857142871
79.38095238095252
79.37797619047633
79.37500000000014
79.37202380952395
79.36904761904776
79.36607142857157
79.36309523809538
79.3601190476192
79.357142857143
79.35416666666681
79.35119047619062
79.34821428571443
79.34523809523824
79.34226190476205
79.33928571428586
79.33630952380967
79.33333333333348
79.3303571428573
79.3273809523811
79.32440476190492
79.32142857142873
79.31845238095254
79.31547619047635
79.31250000000016
79.30952380952397
79.30654761904778
79.30357142857159
79.3005952380954
79.29761904761921
79.29464285714302
79.29166666666683
79.28869047619064
79.28571428571445
79.28273809523826
79.27976190476207
79.27678571428588
79.27380952380969
79.2708333333335
79.26785714285731
79.26488095238112
79.26190476190493
79.25892857142874
79.25595238095255
79.25297619047636
79.25000000000017
79.24702380952398
79.24404761904779
79.2410714285716
79.23809523809541
79.23511904761922
79.23214285714303
79.22916666666684
79.22619047619065
79.22321428571446
79.22023809523827
79.21726190476208
79.2142857142859
79.2113095238097
79.20833333333351
79.20535714285732
79.20238095238113
79.19940476190494
79.19642857142875
79.19345238095256
79.19047619047637
79.18750000000018
79.184523809524
79.1815476190478
79.17857142857162
79.17559523809543
79.17261904761924
79.16964285714305
79.16666666666686
79.16369047619067
79.16071428571448
79.15773809523829
79.1547619047621
79.15178571428591
79.14880952380972
79.14583333333353
79.14285714285734
79.13988095238115
79.13690476190496
79.13392857142877
79.13095238095258
79.12797619047639
79.1250000000002
79.12202380952401
79.11904761904782
79.11607142857163
79.11309523809544
79.11011904761925
79.10714285714306
79.10416666666687
79.10119047619068
79.09821428571449
79.0952380952383
79.09226190476211
79.08928571428592
79.08630952380973
79.08333333333354
79.08035714285735
79.07738095238116
79.07440476190497
79.07142857142878
79.06845238095259
79.0654761904764
79.06250000000021
79.05952380952402
79.05654761904783
79.05357142857164
79.05059523809545
79.04761904761926
79.04464285714307
79.04166666666688
79.0386904761907
79.0357142857145
79.03273809523832
79.02976190476213
79.02678571428594
79.02380952380975
79.02083333333356
79.01785714285737
79.01488095238118
79.01190476190499
79.0089285714288
79.0059523809526
79.00297619047642
79.00000000000023
78.99702380952404
78.99404761904785
78.99107142857166
78.98809523809547
78.98511904761928
78.98214285714309
78.9791666666669
78.97619047619071
78.97321428571452
78.97023809523833
78.96726190476214
78.96428571428595
78.96130952380976
78.95833333333357
78.95535714285738
78.95238095238119
78.949404761905
78.94642857142881
78.94345238095262
78.94047619047643
78.93750000000024
78.93452380952405
78.93154761904786
78.92857142857167
78.92559523809548
78.92261904761929
78.9196428571431
78.91666666666691
78.91369047619072
78.91071428571453
78.90773809523834
78.90476190476215
78.90178571428596
78.89880952380977
78.89583333333358
78.8928571428574
78.8898809523812
78.88690476190501
78.88392857142883
78.88095238095264
78.87797619047645
78.87500000000026
78.87202380952407
78.86904761904788
78.86607142857169
78.8630952380955
78.8601190476193
78.85714285714312
78.85416666666693
78.85119047619074
78.84821428571455
78.84523809523836
78.84226190476217
78.83928571428598
78.83630952380979
78.8333333333336
78.83035714285741
78.82738095238122
78.82440476190503
78.82142857142884
78.81845238095265
78.81547619047646
78.81250000000027
78.80952380952408
78.80654761904789
78.8035714285717
78.80059523809551
78.79761904761932
78.79464285714313
78.79166666666694
78.78869047619075
78.78571428571456
78.78273809523837
78.77976190476218
78.77678571428599
78.7738095238098
78.77083333333361
78.76785714285742
78.76488095238123
78.76190476190504
78.75892857142885
78.75595238095266
78.75297619047647
78.75000000000028
78.7470238095241
78.7440476190479
78.74107142857171
78.73809523809553
78.73511904761934
78.73214285714315
78.72916666666696
78.72619047619077
78.72321428571458
78.72023809523839
78.7172619047622
78.714285714286
78.71130952380982
78.70833333333363
78.70535714285744
78.70238095238125
78.69940476190506
78.69642857142887
78.69345238095268
78.69047619047649
78.6875000000003
78.68452380952411
78.68154761904792
78.67857142857173
78.67559523809554
78.67261904761935
78.66964285714316
78.66666666666697
78.66369047619078
78.66071428571459
78.6577380952384
78.65476190476221
78.65178571428602
78.64880952380983
78.64583333333364
78.64285714285745
78.63988095238126
78.63690476190507
78.63392857142888
78.63095238095269
78.6279761904765
78.62500000000031
78.62202380952412
78.61904761904793
78.61607142857174
78.61309523809555
78.61011904761936
78.60714285714317
78.60416666666698
78.6011904761908
78.5982142857146
78.59523809523841
78.59226190476222
78.58928571428604
78.58630952380985
78.58333333333366
78.58035714285747
78.57738095238128
78.57440476190509
78.5714285714289
78.5684523809527
78.56547619047652
78.56250000000033
78.55952380952414
78.55654761904795
78.55357142857176
78.55059523809557
78.54761904761938
78.54464285714319
78.541666666667
78.53869047619081
78.53571428571462
78.53273809523843
78.52976190476224
78.52678571428605
78.52380952380986
78.52083333333367
78.51785714285748
78.51488095238129
78.5119047619051
78.50892857142891
78.50595238095272
78.50297619047653
78.50000000000034
78.49702380952415
78.49404761904796
78.49107142857177
78.48809523809558
78.48511904761939
78.4821428571432
78.47916666666701
78.47619047619082
78.47321428571463
78.47023809523844
78.46726190476225
78.46428571428606
78.46130952380987
78.45833333333368
78.4553571428575
78.4523809523813
78.44940476190511
78.44642857142892
78.44345238095273
78.44047619047655
78.43750000000036
78.43452380952417
78.43154761904798
78.42857142857179
78.4255952380956
78.4226190476194
78.41964285714322
78.41666666666703
78.41369047619084
78.41071428571465
78.40773809523846
78.40476190476227
78.40178571428608
78.39880952380989
78.3958333333337
78.39285714285751
78.38988095238132
78.38690476190513
78.38392857142894
78.38095238095275
78.37797619047656
78.37500000000037
78.37202380952418
78.36904761904799
78.3660714285718
78.36309523809561
78.36011904761942
78.35714285714323
78.35416666666704
78.35119047619085
78.34821428571466
78.34523809523847
78.34226190476228
78.33928571428609
78.3363095238099
78.33333333333371
78.33035714285752
78.32738095238133
78.32440476190514
78.32142857142895
78.31845238095276
78.31547619047657
78.31250000000038
78.3095238095242
78.306547619048
78.30357142857181
78.30059523809562
78.29761904761943
78.29464285714324
78.29166666666706
78.28869047619087
78.28571428571468
78.28273809523849
78.2797619047623
78.2767857142861
78.27380952380992
78.27083333333373
78.26785714285754
78.26488095238135
78.26190476190516
78.25892857142897
78.25595238095278
78.25297619047659
78.2500000000004
78.24702380952421
78.24404761904802
78.24107142857183
78.23809523809564
78.23511904761945
78.23214285714326
78.22916666666707
78.22619047619088
78.22321428571469
78.2202380952385
78.21726190476231
78.21428571428612
78.21130952380993
78.20833333333374
78.20535714285755
78.20238095238136
78.19940476190517
78.19642857142898
78.19345238095279
78.1904761904766
78.18750000000041
78.18452380952422
78.18154761904803
78.17857142857184
78.17559523809565
78.17261904761946
78.16964285714327
78.16666666666708
78.1636904761909
78.1607142857147
78.15773809523851
78.15476190476232
78.15178571428613
78.14880952380994
78.14583333333375
78.14285714285757
78.13988095238138
78.13690476190519
78.133928571429
78.1309523809528
78.12797619047662
78.12500000000043
78.12202380952424
78.11904761904805
78.11607142857186
78.11309523809567
78.11011904761948
78.10714285714329
78.1041666666671
78.10119047619091
78.09821428571472
78.09523809523853
78.09226190476234
78.08928571428615
78.08630952380996
78.08333333333377
78.08035714285758
78.07738095238139
78.0744047619052
78.07142857142901
78.06845238095282
78.06547619047663
78.06250000000044
78.05952380952425
78.05654761904806
78.05357142857187
78.05059523809568
78.04761904761949
78.0446428571433
78.04166666666711
78.03869047619092
78.03571428571473
78.03273809523854
78.02976190476235
78.02678571428616
78.02380952380997
78.02083333333378
78.0178571428576
78.0148809523814
78.01190476190521
78.00892857142902
78.00595238095283
78.00297619047664
78.00000000000045
77.99702380952426
77.99404761904808
77.99107142857189
77.9880952380957
77.9851190476195
77.98214285714332
77.97916666666713
77.97619047619094
77.97321428571475
77.97023809523856
77.96726190476237
77.96428571428618
77.96130952380999
77.9583333333338
77.95535714285761
77.95238095238142
77.94940476190523
77.94642857142904
77.94345238095285
77.94047619047666
77.93750000000047
77.93452380952428
77.93154761904809
77.9285714285719
77.92559523809571
77.92261904761952
77.91964285714333
77.91666666666714
77.91369047619095
77.91071428571476
77.90773809523857
77.90476190476238
77.90178571428619
77.89880952381
77.89583333333381
77.89285714285762
77.88988095238143
77.88690476190524
77.88392857142905
77.88095238095286
77.87797619047667
77.87500000000048
77.8720238095243
77.8690476190481
77.86607142857191
77.86309523809572
77.86011904761953
77.85714285714334
77.85416666666715
77.85119047619096
77.84821428571477
77.84523809523859
77.8422619047624
77.8392857142862
77.83630952381002
77.83333333333383
77.83035714285764
77.82738095238145
77.82440476190526
77.82142857142907
77.81845238095288
77.81547619047669
77.8125000000005
77.80952380952431
77.80654761904812
77.80357142857193
77.80059523809574
77.79761904761955
77.79464285714336
77.79166666666717
77.78869047619098
77.78571428571479
77.7827380952386
77.77976190476241
77.77678571428622
77.77380952381003
77.77083333333384
77.76785714285765
77.76488095238146
77.76190476190527
77.75892857142908
77.75595238095289
77.7529761904767
77.75000000000051
77.74702380952432
77.74404761904813
77.74107142857194
77.73809523809575
77.73511904761956
77.73214285714337
77.72916666666718
77.726190476191
77.7232142857148
77.72023809523861
77.71726190476242
77.71428571428623
77.71130952381004
77.70833333333385
77.70535714285766
77.70238095238147
77.69940476190528
77.6964285714291
77.6934523809529
77.69047619047672
77.68750000000053
77.68452380952434
77.68154761904815
77.67857142857196
77.67559523809577
77.67261904761958
77.66964285714339
77.6666666666672
77.66369047619101
77.66071428571482
77.65773809523863
77.65476190476244
77.65178571428625
77.64880952381006
77.64583333333387
77.64285714285768
77.63988095238149
77.6369047619053
77.63392857142911
77.63095238095292
77.62797619047673
77.62500000000054
77.62202380952435
77.61904761904816
77.61607142857197
77.61309523809578
77.61011904761959
77.6071428571434
77.60416666666721
77.60119047619102
77.59821428571483
77.59523809523864
77.59226190476245
77.58928571428626
77.58630952381007
77.58333333333388
77.5803571428577
77.5773809523815
77.57440476190531
77.57142857142912
77.56845238095293
77.56547619047674
77.56250000000055
77.55952380952436
77.55654761904817
77.55357142857198
77.5505952380958
77.5476190476196
77.54464285714342
77.54166666666723
77.53869047619104
77.53571428571485
77.53273809523866
77.52976190476247
77.52678571428628
77.52380952381009
77.5208333333339
77.51785714285771
77.51488095238152
77.51190476190533
77.50892857142914
77.50595238095295
77.50297619047676
77.50000000000057
77.49702380952438
77.49404761904819
77.491071428572
77.48809523809581
77.48511904761962
77.48214285714343
77.47916666666724
77.47619047619105
77.47321428571486
77.47023809523867
77.46726190476248
77.46428571428629
77.4613095238101
77.45833333333391
77.45535714285772
77.45238095238153
77.44940476190534
77.44642857142915
77.44345238095296
77.44047619047677
77.43750000000058
77.43452380952439
77.4315476190482
77.42857142857201
77.42559523809582
77.42261904761963
77.41964285714344
77.41666666666725
77.41369047619106
77.41071428571487
77.40773809523868
77.4047619047625
77.4017857142863
77.39880952381012
77.39583333333393
77.39285714285774
77.38988095238155
77.38690476190536
77.38392857142917
77.38095238095298
77.37797619047679
77.3750000000006
77.3720238095244
77.36904761904822
77.36607142857203
77.36309523809584
77.36011904761965
77.35714285714346
77.35416666666727
77.35119047619108
77.34821428571489
77.3452380952387
77.34226190476251
77.33928571428632
77.33630952381013
77.33333333333394
77.33035714285775
77.32738095238156
77.32440476190537
77.32142857142918
77.31845238095299
77.3154761904768
77.31250000000061
77.30952380952442
77.30654761904823
77.30357142857204
77.30059523809585
77.29761904761966
77.29464285714347
77.29166666666728
77.28869047619109
77.2857142857149
77.28273809523871
77.27976190476252
77.27678571428633
77.27380952381014
77.27083333333395
77.26785714285776
77.26488095238157
77.26190476190538
77.2589285714292
77.255952380953
77.25297619047682
77.25000000000063
77.24702380952444
77.24404761904825
77.24107142857206
77.23809523809587
77.23511904761968
77.23214285714349
77.2291666666673
77.2261904761911
77.22321428571492
77.22023809523873
77.21726190476254
77.21428571428635
77.21130952381016
77.20833333333397
77.20535714285778
77.20238095238159
77.1994047619054
77.19642857142921
77.19345238095302
77.19047619047683
77.18750000000064
77.18452380952445
77.18154761904826
77.17857142857207
77.17559523809588
77.17261904761969
77.1696428571435
77.16666666666731
77.16369047619112
77.16071428571493
77.15773809523874
77.15476190476255
77.15178571428636
77.14880952381017
77.14583333333398
77.14285714285779
77.1398809523816
77.13690476190541
77.13392857142922
77.13095238095303
77.12797619047684
77.12500000000065
77.12202380952446
77.11904761904827
77.11607142857208
77.1130952380959
77.1101190476197
77.10714285714351
77.10416666666733
77.10119047619114
77.09821428571495
77.09523809523876
77.09226190476257
77.08928571428638
77.08630952381019
77.083333333334
77.0803571428578
77.07738095238162
77.07440476190543
77.07142857142924
77.06845238095305
77.06547619047686
77.06250000000067
77.05952380952448
77.05654761904829
77.0535714285721
77.05059523809591
77.04761904761972
77.04464285714353
77.04166666666734
77.03869047619115
77.03571428571496
77.03273809523877
77.02976190476258
77.02678571428639
77.0238095238102
77.02083333333401
77.01785714285782
77.01488095238163
77.01190476190544
77.00892857142925
77.00595238095306
77.00297619047687
77.00000000000068
76.99702380952449
76.9940476190483
76.99107142857211
76.98809523809592
76.98511904761973
76.98214285714354
76.97916666666735
76.97619047619116
76.97321428571497
76.97023809523878
76.9672619047626
76.9642857142864
76.96130952381021
76.95833333333402
76.95535714285784
76.95238095238165
76.94940476190546
76.94642857142927
76.94345238095308
76.94047619047689
76.9375000000007
76.9345238095245
76.93154761904832
76.92857142857213
76.92559523809594
76.92261904761975
76.91964285714356
76.91666666666737
76.91369047619118
76.91071428571499
76.9077380952388
76.90476190476261
76.90178571428642
76.89880952381023
76.89583333333404
76.89285714285785
76.88988095238166
76.88690476190547
76.88392857142928
76.88095238095309
76.8779761904769
76.87500000000071
76.87202380952452
76.86904761904833
76.86607142857214
76.86309523809595
76.86011904761976
76.85714285714357
76.85416666666738
76.85119047619119
76.848214285715
76.84523809523881
76.84226190476262
76.83928571428643
76.83630952381024
76.83333333333405
76.83035714285786
76.82738095238167
76.82440476190548
76.8214285714293
76.8184523809531
76.81547619047691
76.81250000000072
76.80952380952453
76.80654761904835
76.80357142857216
76.80059523809597
76.79761904761978
76.79464285714359
76.7916666666674
76.7886904761912
76.78571428571502
76.78273809523883
76.77976190476264
76.77678571428645
76.77380952381026
76.77083333333407
76.76785714285788
76.76488095238169
76.7619047619055
76.75892857142931
76.75595238095312
76.75297619047693
76.75000000000074
76.74702380952455
76.74404761904836
76.74107142857217
76.73809523809598
76.73511904761979
76.7321428571436
76.72916666666741
76.72619047619122
76.72321428571503
76.72023809523884
76.71726190476265
76.71428571428646
76.71130952381027
76.70833333333408
76.70535714285789
76.7023809523817
76.69940476190551
76.69642857142932
76.69345238095313
76.69047619047694
76.68750000000075
76.68452380952456
76.68154761904837
76.67857142857218
76.675595238096
76.6726190476198
76.66964285714361
76.66666666666742
76.66369047619123
76.66071428571504
76.65773809523886
76.65476190476267
76.65178571428648
76.64880952381029
76.6458333333341
76.6428571428579
76.63988095238172
76.63690476190553
76.63392857142934
76.63095238095315
76.62797619047696
76.62500000000077
76.62202380952458
76.61904761904839
76.6160714285722
76.61309523809601
76.61011904761982
76.60714285714363
76.60416666666744
76.60119047619125
76.59821428571506
76.59523809523887
76.59226190476268
76.58928571428649
76.5863095238103
76.58333333333411
76.58035714285792
76.57738095238173
76.57440476190554
76.57142857142935
76.56845238095316
76.56547619047697
76.56250000000078
76.55952380952459
76.5565476190484
76.55357142857221
76.55059523809602
76.54761904761983
76.54464285714364
76.54166666666745
76.53869047619126
76.53571428571507
76.53273809523888
76.5297619047627
76.5267857142865
76.52380952381031
76.52083333333412
76.51785714285793
76.51488095238174
76.51190476190556
76.50892857142937
76.50595238095318
76.50297619047699
76.5000000000008
76.4970238095246
76.49404761904842
76.49107142857223
76.48809523809604
76.48511904761985
76.48214285714366
76.47916666666747
76.47619047619128
76.47321428571509
76.4702380952389
76.46726190476271
76.46428571428652
76.46130952381033
76.45833333333414
76.45535714285795
76.45238095238176
76.44940476190557
76.44642857142938
76.44345238095319
76.440476190477
76.43750000000081
76.43452380952462
76.43154761904843
76.42857142857224
76.42559523809605
76.42261904761986
76.41964285714367
76.41666666666748
76.41369047619129
76.4107142857151
76.40773809523891
76.40476190476272
76.40178571428653
76.39880952381034
76.39583333333415
76.39285714285796
76.38988095238177
76.38690476190558
76.3839285714294
76.3809523809532
76.37797619047701
76.37500000000082
76.37202380952463
76.36904761904844
76.36607142857225
76.36309523809607
76.36011904761988
76.35714285714369
76.3541666666675
76.3511904761913
76.34821428571512
76.34523809523893
76.34226190476274
76.33928571428655
76.33630952381036
76.33333333333417
76.33035714285798
76.32738095238179
76.3244047619056
76.32142857142941
76.31845238095322
76.31547619047703
76.31250000000084
76.30952380952465
76.30654761904846
76.30357142857227
76.30059523809608
76.29761904761989
76.2946428571437
76.29166666666751
76.28869047619132
76.28571428571513
76.28273809523894
76.27976190476275
76.27678571428656
76.27380952381037
76.27083333333418
76.26785714285799
76.2648809523818
76.26190476190561
76.25892857142942
76.25595238095323
76.25297619047704
76.25000000000085
76.24702380952466
76.24404761904847
76.24107142857228
76.2380952380961
76.2351190476199
76.23214285714371
76.22916666666752
76.22619047619133
76.22321428571514
76.22023809523895
76.21726190476276
76.21428571428658
76.21130952381039
76.2083333333342
76.205357142858
76.20238095238182
76.19940476190563
76.19642857142944
76.19345238095325
76.19047619047706
76.18750000000087
76.18452380952468
76.18154761904849
76.1785714285723
76.17559523809611
76.17261904761992
76.16964285714373
76.16666666666754
76.16369047619135
76.16071428571516
76.15773809523897
76.15476190476278
76.15178571428659
76.1488095238104
76.14583333333421
76.14285714285802
76.13988095238183
76.13690476190564
76.13392857142945
76.13095238095326
76.12797619047707
76.12500000000088
76.12202380952469
76.1190476190485
76.11607142857231
76.11309523809612
76.11011904761993
76.10714285714374
76.10416666666755
76.10119047619136
76.09821428571517
76.09523809523898
76.0922619047628
76.0892857142866
76.08630952381041
76.08333333333422
76.08035714285803
76.07738095238184
76.07440476190565
76.07142857142946
76.06845238095327
76.06547619047709
76.0625000000009
76.0595238095247
76.05654761904852
76.05357142857233
76.05059523809614
76.04761904761995
76.04464285714376
76.04166666666757
76.03869047619138
76.03571428571519
76.032738095239
76.02976190476281
76.02678571428662
76.02380952381043
76.02083333333424
76.01785714285805
76.01488095238186
76.01190476190567
76.00892857142948
76.00595238095329
76.0029761904771
76.00000000000091
75.99702380952472
75.99404761904853
75.99107142857234
75.98809523809615
75.98511904761996
75.98214285714377
75.97916666666758
75.97619047619139
75.9732142857152
75.97023809523901
75.96726190476282
75.96428571428663
75.96130952381044
75.95833333333425
75.95535714285806
75.95238095238187
75.94940476190568
75.9464285714295
75.9434523809533
75.94047619047711
75.93750000000092
75.93452380952473
75.93154761904854
75.92857142857235
75.92559523809616
75.92261904761997
75.91964285714378
75.9166666666676
75.9136904761914
75.91071428571522
75.90773809523903
75.90476190476284
75.90178571428665
75.89880952381046
75.89583333333427
75.89285714285808
75.88988095238189
75.8869047619057
75.88392857142951
75.88095238095332
75.87797619047713
75.87500000000094
75.87202380952475
75.86904761904856
75.86607142857237
75.86309523809618
75.86011904761999
75.8571428571438
75.85416666666761
75.85119047619142
75.84821428571523
75.84523809523904
75.84226190476285
75.83928571428666
75.83630952381047
75.83333333333428
75.83035714285809
75.8273809523819
75.82440476190571
75.82142857142952
75.81845238095333
75.81547619047714
75.81250000000095
75.80952380952476
75.80654761904857
75.80357142857238
75.8005952380962
75.79761904762
75.79464285714381
75.79166666666762
75.78869047619143
75.78571428571524
75.78273809523905
75.77976190476286
75.77678571428667
75.77380952381048
75.7708333333343
75.7678571428581
75.76488095238192
75.76190476190573
75.75892857142954
75.75595238095335
75.75297619047716
75.75000000000097
75.74702380952478
75.74404761904859
75.7410714285724
75.73809523809621
75.73511904762002
75.73214285714383
75.72916666666764
75.72619047619145
75.72321428571526
75.72023809523907
75.71726190476288
75.71428571428669
75.7113095238105
75.70833333333431
75.70535714285812
75.70238095238193
75.69940476190574
75.69642857142955
75.69345238095336
75.69047619047717
75.68750000000098
75.68452380952479
75.6815476190486
75.67857142857241
75.67559523809622
75.67261904762003
75.66964285714384
75.66666666666765
75.66369047619146
75.66071428571527
75.65773809523908
75.65476190476289
75.6517857142867
75.64880952381051
75.64583333333432
75.64285714285813
75.63988095238194
75.63690476190575
75.63392857142956
75.63095238095337
75.62797619047718
75.625000000001
75.6220238095248
75.61904761904862
75.61607142857243
75.61309523809624
75.61011904762005
75.60714285714386
75.60416666666767
75.60119047619148
75.59821428571529
75.5952380952391
75.5922619047629
75.58928571428672
75.58630952381053
75.58333333333434
75.58035714285815
75.57738095238196
75.57440476190577
75.57142857142958
75.56845238095339
75.5654761904772
75.56250000000101
75.55952380952482
75.55654761904863
75.55357142857244
75.55059523809625
75.54761904762006
75.54464285714387
75.54166666666768
75.53869047619149
75.5357142857153
75.53273809523911
75.52976190476292
75.52678571428673
75.52380952381054
75.52083333333435
75.51785714285816
75.51488095238197
75.51190476190578
75.50892857142959
75.5059523809534
75.50297619047721
75.50000000000102
75.49702380952483
75.49404761904864
75.49107142857245
75.48809523809626
75.48511904762007
75.48214285714388
75.4791666666677
75.4761904761915
75.47321428571531
75.47023809523913
75.46726190476294
75.46428571428675
75.46130952381056
75.45833333333437
75.45535714285818
75.45238095238199
75.4494047619058
75.4464285714296
75.44345238095342
75.44047619047723
75.43750000000104
75.43452380952485
75.43154761904866
75.42857142857247
75.42559523809628
75.42261904762009
75.4196428571439
75.41666666666771
75.41369047619152
75.41071428571533
75.40773809523914
75.40476190476295
75.40178571428676
75.39880952381057
75.39583333333438
75.39285714285819
75.389880952382
75.38690476190581
75.38392857142962
75.38095238095343
75.37797619047724
75.37500000000105
75.37202380952486
75.36904761904867
75.36607142857248
75.36309523809629
75.3601190476201
75.35714285714391
75.35416666666772
75.35119047619153
75.34821428571534
75.34523809523915
75.34226190476296
75.33928571428677
75.33630952381058
75.3333333333344
75.3303571428582
75.32738095238201
75.32440476190583
75.32142857142964
75.31845238095345
75.31547619047726
75.31250000000107
75.30952380952488
75.30654761904869
75.3035714285725
75.3005952380963
75.29761904762012
75.29464285714393
75.29166666666774
75.28869047619155
75.28571428571536
75.28273809523917
75.27976190476298
75.27678571428679
75.2738095238106
75.27083333333441
75.26785714285822
75.26488095238203
75.26190476190584
75.25892857142965
75.25595238095346
75.25297619047727
75.25000000000108
75.24702380952489
75.2440476190487
75.24107142857251
75.23809523809632
75.23511904762013
75.23214285714394
75.22916666666775
75.22619047619156
75.22321428571537
75.22023809523918
75.21726190476299
75.2142857142868
75.21130952381061
75.20833333333442
75.20535714285823
75.20238095238204
75.19940476190585
75.19642857142966
75.19345238095347
75.19047619047728
75.1875000000011
75.1845238095249
75.18154761904871
75.17857142857252
75.17559523809634
75.17261904762015
75.16964285714396
75.16666666666777
75.16369047619158
75.16071428571539
75.1577380952392
75.154761904763
75.15178571428682
75.14880952381063
75.14583333333444
75.14285714285825
75.13988095238206
75.13690476190587
75.13392857142968
75.13095238095349
75.1279761904773
75.12500000000111
75.12202380952492
75.11904761904873
75.11607142857254
75.11309523809635
75.11011904762016
75.10714285714397
75.10416666666778
75.10119047619159
75.0982142857154
75.09523809523921
75.09226190476302
75.08928571428683
75.08630952381064
75.08333333333445
75.08035714285826
75.07738095238207
75.07440476190588
75.07142857142969
75.0684523809535
75.06547619047731
75.06250000000112
75.05952380952493
75.05654761904874
75.05357142857255
75.05059523809636
75.04761904762017
75.04464285714398
75.0416666666678
75.0386904761916
75.03571428571541
75.03273809523922
75.02976190476303
75.02678571428685
75.02380952381066
75.02083333333447
75.01785714285828
75.01488095238209
75.0119047619059
75.0089285714297
75.00595238095352
75.00297619047733
75.00000000000114
74.99702380952495
74.99404761904876
74.99107142857257
74.98809523809638
74.98511904762019
74.982142857144
74.97916666666781
74.97619047619162
74.97321428571543
74.97023809523924
74.96726190476305
74.96428571428686
74.96130952381067
74.95833333333448
74.95535714285829
74.9523809523821
74.94940476190591
74.94642857142972
74.94345238095353
74.94047619047734
74.93750000000115
74.93452380952496
74.93154761904877
74.92857142857258
74.92559523809639
74.9226190476202
74.91964285714401
74.91666666666782
74.91369047619163
74.91071428571544
74.90773809523925
74.90476190476306
74.90178571428687
74.89880952381068
74.8958333333345
74.8928571428583
74.88988095238211
74.88690476190592
74.88392857142973
74.88095238095354
74.87797619047736
74.87500000000117
74.87202380952498
74.86904761904879
74.8660714285726
74.8630952380964
74.86011904762022
74.85714285714403
74.85416666666784
74.85119047619165
74.84821428571546
74.84523809523927
74.84226190476308
74.83928571428689
74.8363095238107
74.83333333333451
74.83035714285832
74.82738095238213
74.82440476190594
74.82142857142975
74.81845238095356
74.81547619047737
74.81250000000118
74.80952380952499
74.8065476190488
74.80357142857261
74.80059523809642
74.79761904762023
74.79464285714404
74.79166666666785
74.78869047619166
74.78571428571547
74.78273809523928
74.77976190476309
74.7767857142869
74.77380952381071
74.77083333333452
74.76785714285833
74.76488095238214
74.76190476190595
74.75892857142976
74.75595238095357
74.75297619047738
74.7500000000012
74.747023809525
74.74404761904881
74.74107142857262
74.73809523809643
74.73511904762024
74.73214285714405
74.72916666666787
74.72619047619168
74.72321428571549
74.7202380952393
74.7172619047631
74.71428571428692
74.71130952381073
74.70833333333454
74.70535714285835
74.70238095238216
74.69940476190597
74.69642857142978
74.69345238095359
74.6904761904774
74.68750000000121
74.68452380952502
74.68154761904883
74.67857142857264
74.67559523809645
74.67261904762026
74.66964285714407
74.66666666666788
74.66369047619169
74.6607142857155
74.65773809523931
74.65476190476312
74.65178571428693
74.64880952381074
74.64583333333455
74.64285714285836
74.63988095238217
74.63690476190598
74.63392857142979
74.6309523809536
74.62797619047741
74.62500000000122
74.62202380952503
74.61904761904884
74.61607142857265
74.61309523809646
74.61011904762027
74.60714285714408
74.6041666666679
74.6011904761917
74.59821428571551
74.59523809523932
74.59226190476313
74.58928571428694
74.58630952381075
74.58333333333456
74.58035714285838
74.57738095238219
74.574404761906
74.5714285714298
74.56845238095362
74.56547619047743
74.56250000000124
74.55952380952505
74.55654761904886
74.55357142857267
74.55059523809648
74.54761904762029
74.5446428571441
74.54166666666791
74.53869047619172
74.53571428571553
74.53273809523934
74.52976190476315
74.52678571428696
74.52380952381077
74.52083333333458
74.51785714285839
74.5148809523822
74.51190476190601
74.50892857142982
74.50595238095363
74.50297619047744
74.50000000000125
74.49702380952506
74.49404761904887
74.49107142857268
74.48809523809649
74.4851190476203
74.48214285714411
74.47916666666792
74.47619047619173
74.47321428571554
74.47023809523935
74.46726190476316
74.46428571428697
74.46130952381078
74.4583333333346
74.4553571428584
74.45238095238221
74.44940476190602
74.44642857142983
74.44345238095364
74.44047619047745
74.43750000000126
74.43452380952507
74.43154761904889
74.4285714285727
74.4255952380965
74.42261904762032
74.41964285714413
74.41666666666794
74.41369047619175
74.41071428571556
74.40773809523937
74.40476190476318
74.40178571428699
74.3988095238108
74.39583333333461
74.39285714285842
74.38988095238223
74.38690476190604
74.38392857142985
74.38095238095366
74.37797619047747
74.37500000000128
74.37202380952509
74.3690476190489
74.36607142857271
74.36309523809652
74.36011904762033
74.35714285714414
74.35416666666795
74.35119047619176
74.34821428571557
74.34523809523938
74.34226190476319
74.339285714287
74.33630952381081
74.33333333333462
74.33035714285843
74.32738095238224
74.32440476190605
74.32142857142986
74.31845238095367
74.31547619047748
74.3125000000013
74.3095238095251
74.30654761904891
74.30357142857272
74.30059523809653
74.29761904762034
74.29464285714415
74.29166666666796
74.28869047619177
74.28571428571558
74.2827380952394
74.2797619047632
74.27678571428702
74.27380952381083
74.27083333333464
74.26785714285845
74.26488095238226
74.26190476190607
74.25892857142988
74.25595238095369
74.2529761904775
74.25000000000131
74.24702380952512
74.24404761904893
74.24107142857274
74.23809523809655
74.23511904762036
74.23214285714417
74.22916666666798
74.22619047619179
74.2232142857156
74.22023809523941
74.21726190476322
74.21428571428703
74.21130952381084
74.20833333333465
74.20535714285846
74.20238095238227
74.19940476190608
74.19642857142989
74.1934523809537
74.19047619047751
74.18750000000132
74.18452380952513
74.18154761904894
74.17857142857275
74.17559523809656
74.17261904762037
74.16964285714418
74.166666666668
74.1636904761918
74.16071428571561
74.15773809523942
74.15476190476323
74.15178571428704
74.14880952381085
74.14583333333466
74.14285714285847
74.13988095238228
74.1369047619061
74.1339285714299
74.13095238095372
74.12797619047753
74.12500000000134
74.12202380952515
74.11904761904896
74.11607142857277
74.11309523809658
74.11011904762039
74.1071428571442
74.10416666666801
74.10119047619182
74.09821428571563
74.09523809523944
74.09226190476325
74.08928571428706
74.08630952381087
74.08333333333468
74.08035714285849
74.0773809523823
74.07440476190611
74.07142857142992
74.06845238095373
74.06547619047754
74.06250000000135
74.05952380952516
74.05654761904897
74.05357142857278
74.05059523809659
74.0476190476204
74.04464285714421
74.04166666666802
74.03869047619183
74.03571428571564
74.03273809523945
74.02976190476326
74.02678571428707
74.02380952381088
74.02083333333469
74.0178571428585
74.01488095238231
74.01190476190612
74.00892857142993
74.00595238095374
74.00297619047755
74.00000000000136
73.99702380952517
73.99404761904898
73.9910714285728
73.9880952380966
73.98511904762042
73.98214285714423
73.97916666666804
73.97619047619185
73.97321428571566
73.97023809523947
73.96726190476328
73.96428571428709
73.9613095238109
73.9583333333347
73.95535714285852
73.95238095238233
73.94940476190614
73.94642857142995
73.94345238095376
73.94047619047757
73.93750000000138
73.93452380952519
73.931547619049
73.92857142857281
73.92559523809662
73.92261904762043
73.91964285714424
73.91666666666805
73.91369047619186
73.91071428571567
73.90773809523948
73.90476190476329
73.9017857142871
73.89880952381091
73.89583333333472
73.89285714285853
73.88988095238234
73.88690476190615
73.88392857142996
73.88095238095377
73.87797619047758
73.87500000000139
73.8720238095252
73.86904761904901
73.86607142857282
73.86309523809663
73.86011904762044
73.85714285714425
73.85416666666806
73.85119047619187
73.84821428571568
73.8452380952395
73.8422619047633
73.83928571428712
73.83630952381093
73.83333333333474
73.83035714285855
73.82738095238236
73.82440476190617
73.82142857142998
73.81845238095379
73.8154761904776
73.8125000000014
73.80952380952522
73.80654761904903
73.80357142857284
73.80059523809665
73.79761904762046
73.79464285714427
73.79166666666808
73.78869047619189
73.7857142857157
73.78273809523951
73.77976190476332
73.77678571428713
73.77380952381094
73.77083333333475
73.76785714285856
73.76488095238237
73.76190476190618
73.75892857142999
73.7559523809538
73.75297619047761
73.75000000000142
73.74702380952523
73.74404761904904
73.74107142857285
73.73809523809666
73.73511904762047
73.73214285714428
73.72916666666809
73.7261904761919
73.72321428571571
73.72023809523952
73.71726190476333
73.71428571428714
73.71130952381095
73.70833333333476
73.70535714285857
73.70238095238238
73.6994047619062
73.69642857143
73.69345238095381
73.69047619047763
73.68750000000144
73.68452380952525
73.68154761904906
73.67857142857287
73.67559523809668
73.67261904762049
73.6696428571443
73.6666666666681
73.66369047619192
73.66071428571573
73.65773809523954
73.65476190476335
73.65178571428716
73.64880952381097
73.64583333333478
73.64285714285859
73.6398809523824
73.63690476190621
73.63392857143002
73.63095238095383
73.62797619047764
73.62500000000145
73.62202380952526
73.61904761904907
73.61607142857288
73.61309523809669
73.6101190476205
73.60714285714431
73.60416666666812
73.60119047619193
73.59821428571574
73.59523809523955
73.59226190476336
73.58928571428717
73.58630952381098
73.58333333333479
73.5803571428586
73.57738095238241
73.57440476190622
73.57142857143003
73.56845238095384
73.56547619047765
73.56250000000146
73.55952380952527
73.55654761904908
73.5535714285729
73.5505952380967
73.54761904762051
73.54464285714432
73.54166666666814
73.53869047619195
73.53571428571576
73.53273809523957
73.52976190476338
73.52678571428719
73.523809523811
73.5208333333348
73.51785714285862
73.51488095238243
73.51190476190624
73.50892857143005
73.50595238095386
73.50297619047767
73.50000000000148
73.49702380952529
73.4940476190491
73.49107142857291
73.48809523809672
73.48511904762053
73.48214285714434
73.47916666666815
73.47619047619196
73.47321428571577
73.47023809523958
73.46726190476339
73.4642857142872
73.46130952381101
73.45833333333482
73.45535714285863
73.45238095238244
73.44940476190625
73.44642857143006
73.44345238095387
73.44047619047768
73.43750000000149
73.4345238095253
73.43154761904911
73.42857142857292
73.42559523809673
73.42261904762054
73.41964285714435
73.41666666666816
73.41369047619197
73.41071428571578
73.4077380952396
73.4047619047634
73.40178571428721
73.39880952381102
73.39583333333483
73.39285714285865
73.38988095238246
73.38690476190627
73.38392857143008
73.38095238095389
73.3779761904777
73.3750000000015
73.37202380952532
73.36904761904913
73.36607142857294
73.36309523809675
73.36011904762056
73.35714285714437
73.35416666666818
73.35119047619199
73.3482142857158
73.34523809523961
73.34226190476342
73.33928571428723
73.33630952381104
73.33333333333485
73.33035714285866
73.32738095238247
73.32440476190628
73.32142857143009
73.3184523809539
73.31547619047771
73.31250000000152
73.30952380952533
73.30654761904914
73.30357142857295
73.30059523809676
73.29761904762057
73.29464285714438
73.29166666666819
73.288690476192
73.28571428571581
73.28273809523962
73.27976190476343
73.27678571428724
73.27380952381105
73.27083333333486
73.26785714285867
73.26488095238248
73.2619047619063
73.2589285714301
73.25595238095391
73.25297619047772
73.25000000000153
73.24702380952534
73.24404761904916
73.24107142857297
73.23809523809678
73.23511904762059
73.2321428571444
73.2291666666682
73.22619047619202
73.22321428571583
73.22023809523964
73.21726190476345
73.21428571428726
73.21130952381107
73.20833333333488
73.20535714285869
73.2023809523825
73.19940476190631
73.19642857143012
73.19345238095393
73.19047619047774
73.18750000000155
73.18452380952536
73.18154761904917
73.17857142857298
73.17559523809679
73.1726190476206
73.16964285714441
73.16666666666822
73.16369047619203
73.16071428571584
73.15773809523965
73.15476190476346
73.15178571428727
73.14880952381108
73.14583333333489
73.1428571428587
73.13988095238251
73.13690476190632
73.13392857143013
73.13095238095394
73.12797619047775
73.12500000000156
73.12202380952537
73.11904761904918
73.116071428573
73.1130952380968
73.11011904762061
73.10714285714442
73.10416666666823
73.10119047619204
73.09821428571585
73.09523809523967
73.09226190476348
73.08928571428729
73.0863095238111
73.0833333333349
73.08035714285872
73.07738095238253
73.07440476190634
73.07142857143015
73.06845238095396
73.06547619047777
73.06250000000158
73.05952380952539
73.0565476190492
73.05357142857301
73.05059523809682
73.04761904762063
73.04464285714444
73.04166666666825
73.03869047619206
73.03571428571587
73.03273809523968
73.02976190476349
73.0267857142873
73.02380952381111
73.02083333333492
73.01785714285873
73.01488095238254
73.01190476190635
73.00892857143016
73.00595238095397
73.00297619047778
73.00000000000159
72.9970238095254
72.99404761904921
72.99107142857302
72.98809523809683
72.98511904762064
72.98214285714445
72.97916666666826
72.97619047619207
72.97321428571588
72.9702380952397
72.9672619047635
72.96428571428731
72.96130952381112
72.95833333333493
72.95535714285874
72.95238095238255
72.94940476190637
72.94642857143018
72.94345238095399
72.9404761904778
72.9375000000016
72.93452380952542
72.93154761904923
72.92857142857304
72.92559523809685
72.92261904762066
72.91964285714447
72.91666666666828
72.91369047619209
72.9107142857159
72.90773809523971
72.90476190476352
72.90178571428733
72.89880952381114
72.89583333333495
72.89285714285876
72.88988095238257
72.88690476190638
72.88392857143019
72.880952380954
72.87797619047781
72.87500000000162
72.87202380952543
72.86904761904924
72.86607142857305
72.86309523809686
72.86011904762067
72.85714285714448
72.85416666666829
72.8511904761921
72.84821428571591
72.84523809523972
72.84226190476353
72.83928571428734
72.83630952381115
72.83333333333496
72.83035714285877
72.82738095238258
72.8244047619064
72.8214285714302
72.81845238095401
72.81547619047782
72.81250000000163
72.80952380952544
72.80654761904925
72.80357142857306
72.80059523809688
72.79761904762069
72.7946428571445
72.7916666666683
72.78869047619212
72.78571428571593
72.78273809523974
72.77976190476355
72.77678571428736
72.77380952381117
72.77083333333498
72.76785714285879
72.7648809523826
72.76190476190641
72.75892857143022
72.75595238095403
72.75297619047784
72.75000000000165
72.74702380952546
72.74404761904927
72.74107142857308
72.73809523809689
72.7351190476207
72.73214285714451
72.72916666666832
72.72619047619213
72.72321428571594
72.72023809523975
72.71726190476356
72.71428571428737
72.71130952381118
72.70833333333499
72.7053571428588
72.70238095238261
72.69940476190642
72.69642857143023
72.69345238095404
72.69047619047785
72.68750000000166
72.68452380952547
72.68154761904928
72.6785714285731
72.6755952380969
72.67261904762071
72.66964285714452
72.66666666666833
72.66369047619214
72.66071428571595
72.65773809523976
72.65476190476357
72.65178571428739
72.6488095238112
72.645833333335
72.64285714285882
72.63988095238263
72.63690476190644
72.63392857143025
72.63095238095406
72.62797619047787
72.62500000000168
72.62202380952549
72.6190476190493
72.61607142857311
72.61309523809692
72.61011904762073
72.60714285714454
72.60416666666835
72.60119047619216
72.59821428571597
72.59523809523978
72.59226190476359
72.5892857142874
72.58630952381121
72.58333333333502
72.58035714285883
72.57738095238264
72.57440476190645
72.57142857143026
72.56845238095407
72.56547619047788
72.56250000000169
72.5595238095255
72.55654761904931
72.55357142857312
72.55059523809693
72.54761904762074
72.54464285714455
72.54166666666836
72.53869047619217
72.53571428571598
72.5327380952398
72.5297619047636
72.52678571428741
72.52380952381122
72.52083333333503
72.51785714285884
72.51488095238265
72.51190476190646
72.50892857143027
72.50595238095408
72.5029761904779
72.5000000000017
72.49702380952552
72.49404761904933
72.49107142857314
72.48809523809695
72.48511904762076
72.48214285714457
72.47916666666838
72.47619047619219
72.473214285716
72.47023809523981
72.46726190476362
72.46428571428743
72.46130952381124
72.45833333333505
72.45535714285886
72.45238095238267
72.44940476190648
72.44642857143029
72.4434523809541
72.44047619047791
72.43750000000172
72.43452380952553
72.43154761904934
72.42857142857315
72.42559523809696
72.42261904762077
72.41964285714458
72.41666666666839
72.4136904761922
72.41071428571601
72.40773809523982
72.40476190476363
72.40178571428744
72.39880952381125
72.39583333333506
72.39285714285887
72.38988095238268
72.3869047619065
72.3839285714303
72.38095238095411
72.37797619047792
72.37500000000173
72.37202380952554
72.36904761904935
72.36607142857316
72.36309523809697
72.36011904762078
72.3571428571446
72.3541666666684
72.35119047619222
72.34821428571603
72.34523809523984
72.34226190476365
72.33928571428746
72.33630952381127
72.33333333333508
72.33035714285889
72.3273809523827
72.32440476190651
72.32142857143032
72.31845238095413
72.31547619047794
72.31250000000175
72.30952380952556
72.30654761904937
72.30357142857318
72.30059523809699
72.2976190476208
72.29464285714461
72.29166666666842
72.28869047619223
72.28571428571604
72.28273809523985
72.27976190476366
72.27678571428747
72.27380952381128
72.27083333333509
72.2678571428589
72.26488095238271
72.26190476190652
72.25892857143033
72.25595238095414
72.25297619047795
72.25000000000176
72.24702380952557
72.24404761904938
72.24107142857319
72.238095238097
72.23511904762081
72.23214285714462
72.22916666666843
72.22619047619224
72.22321428571605
72.22023809523986
72.21726190476367
72.21428571428748
72.2113095238113
72.2083333333351
72.20535714285892
72.20238095238273
72.19940476190654
72.19642857143035
72.19345238095416
72.19047619047797
72.18750000000178
72.18452380952559
72.1815476190494
72.1785714285732
72.17559523809702
72.17261904762083
72.16964285714464
72.16666666666845
72.16369047619226
72.16071428571607
72.15773809523988
72.15476190476369
72.1517857142875
72.14880952381131
72.14583333333512
72.14285714285893
72.13988095238274
72.13690476190655
72.13392857143036
72.13095238095417
72.12797619047798
72.12500000000179
72.1220238095256
72.11904761904941
72.11607142857322
72.11309523809703
72.11011904762084
72.10714285714465
72.10416666666846
72.10119047619227
72.09821428571608
72.09523809523989
72.0922619047637
72.08928571428751
72.08630952381132
72.08333333333513
72.08035714285894
72.07738095238275
72.07440476190656
72.07142857143037
72.06845238095418
72.065476190478
72.0625000000018
72.05952380952561
72.05654761904943
72.05357142857324
72.05059523809705
72.04761904762086
72.04464285714467
72.04166666666848
72.03869047619229
72.0357142857161
72.0327380952399
72.02976190476372
72.02678571428753
72.02380952381134
72.02083333333515
72.01785714285896
72.01488095238277
72.01190476190658
72.00892857143039
72.0059523809542
72.00297619047801
72.00000000000182
71.99702380952563
71.99404761904944
71.99107142857325
71.98809523809706
71.98511904762087
71.98214285714468
71.97916666666849
71.9761904761923
71.97321428571611
71.97023809523992
71.96726190476373
71.96428571428754
71.96130952381135
71.95833333333516
71.95535714285897
71.95238095238278
71.94940476190659
71.9464285714304
71.94345238095421
71.94047619047802
71.93750000000183
71.93452380952564
71.93154761904945
71.92857142857326
71.92559523809707
71.92261904762088
71.9196428571447
71.9166666666685
71.91369047619231
71.91071428571613
71.90773809523994
71.90476190476375
71.90178571428756
71.89880952381137
71.89583333333518
71.89285714285899
71.8898809523828
71.8869047619066
71.88392857143042
71.88095238095423
71.87797619047804
71.87500000000185
71.87202380952566
71.86904761904947
71.86607142857328
71.86309523809709
71.8601190476209
71.85714285714471
71.85416666666852
71.85119047619233
71.84821428571614
71.84523809523995
71.84226190476376
71.83928571428757
71.83630952381138
71.83333333333519
71.830357142859
71.82738095238281
71.82440476190662
71.82142857143043
71.81845238095424
71.81547619047805
71.81250000000186
71.80952380952567
71.80654761904948
71.80357142857329
71.8005952380971
71.79761904762091
71.79464285714472
71.79166666666853
71.78869047619234
71.78571428571615
71.78273809523996
71.77976190476377
71.77678571428758
71.7738095238114
71.7708333333352
71.76785714285901
71.76488095238282
71.76190476190664
71.75892857143045
71.75595238095426
71.75297619047807
71.75000000000188
71.74702380952569
71.7440476190495
71.7410714285733
71.73809523809712
71.73511904762093
71.73214285714474
71.72916666666855
71.72619047619236
71.72321428571617
71.72023809523998
71.71726190476379
71.7142857142876
71.71130952381141
71.70833333333522
71.70535714285903
71.70238095238284
71.69940476190665
71.69642857143046
71.69345238095427
71.69047619047808
71.68750000000189
71.6845238095257
71.68154761904951
71.67857142857332
71.67559523809713
71.67261904762094
71.66964285714475
71.66666666666856
71.66369047619237
71.66071428571618
71.65773809523999
71.6547619047638
71.65178571428761
71.64880952381142
71.64583333333523
71.64285714285904
71.63988095238285
71.63690476190666
71.63392857143047
71.63095238095428
71.6279761904781
71.6250000000019
71.62202380952571
71.61904761904952
71.61607142857333
71.61309523809715
71.61011904762096
71.60714285714477
71.60416666666858
71.60119047619239
71.5982142857162
71.59523809524
71.59226190476382
71.58928571428763
71.58630952381144
71.58333333333525
71.58035714285906
71.57738095238287
71.57440476190668
71.57142857143049
71.5684523809543
71.56547619047811
71.56250000000192
71.55952380952573
71.55654761904954
71.55357142857335
71.55059523809716
71.54761904762097
71.54464285714478
71.54166666666859
71.5386904761924
71.53571428571621
71.53273809524002
71.52976190476383
71.52678571428764
71.52380952381145
71.52083333333526
71.51785714285907
71.51488095238288
71.51190476190669
71.5089285714305
71.50595238095431
71.50297619047812
71.50000000000193
71.49702380952574
71.49404761904955
71.49107142857336
71.48809523809717
71.48511904762098
71.4821428571448
71.4791666666686
71.47619047619241
71.47321428571622
71.47023809524003
71.46726190476384
71.46428571428766
71.46130952381147
71.45833333333528
71.45535714285909
71.4523809523829
71.4494047619067
71.44642857143052
71.44345238095433
71.44047619047814
71.43750000000195
71.43452380952576
71.43154761904957
71.42857142857338
71.42559523809719
71.422619047621
71.41964285714481
71.41666666666862
71.41369047619243
71.41071428571624
71.40773809524005
71.40476190476386
71.40178571428767
71.39880952381148
71.39583333333529
71.3928571428591
71.38988095238291
71.38690476190672
71.38392857143053
71.38095238095434
71.37797619047815
71.37500000000196
71.37202380952577
71.36904761904958
71.36607142857339
71.3630952380972
71.36011904762101
71.35714285714482
71.35416666666863
71.35119047619244
71.34821428571625
71.34523809524006
71.34226190476387
71.33928571428768
71.3363095238115
71.3333333333353
71.33035714285911
71.32738095238292
71.32440476190673
71.32142857143054
71.31845238095435
71.31547619047817
71.31250000000198
71.30952380952579
71.3065476190496
71.3035714285734
71.30059523809722
71.29761904762103
71.29464285714484
71.29166666666865
71.28869047619246
71.28571428571627
71.28273809524008
71.27976190476389
71.2767857142877
71.27380952381151
71.27083333333532
71.26785714285913
71.26488095238294
71.26190476190675
71.25892857143056
71.25595238095437
71.25297619047818
71.25000000000199
71.2470238095258
71.24404761904961
71.24107142857342
71.23809523809723
71.23511904762104
71.23214285714485
71.22916666666866
71.22619047619247
71.22321428571628
71.22023809524009
71.2172619047639
71.21428571428771
71.21130952381152
71.20833333333533
71.20535714285914
71.20238095238295
71.19940476190676
71.19642857143057
71.19345238095438
71.1904761904782
71.187500000002
71.18452380952581
71.18154761904962
71.17857142857343
71.17559523809724
71.17261904762105
71.16964285714486
71.16666666666868
71.16369047619249
71.1607142857163
71.1577380952401
71.15476190476392
71.15178571428773
71.14880952381154
71.14583333333535
71.14285714285916
71.13988095238297
71.13690476190678
71.13392857143059
71.1309523809544
71.12797619047821
71.12500000000202
71.12202380952583
71.11904761904964
71.11607142857345
71.11309523809726
71.11011904762107
71.10714285714488
71.10416666666869
71.1011904761925
71.09821428571631
71.09523809524012
71.09226190476393
71.08928571428774
71.08630952381155
71.08333333333536
71.08035714285917
71.07738095238298
71.07440476190679
71.0714285714306
71.06845238095441
71.06547619047822
71.06250000000203
71.05952380952584
71.05654761904965
71.05357142857346
71.05059523809727
71.04761904762108
71.0446428571449
71.0416666666687
71.03869047619251
71.03571428571632
71.03273809524013
71.02976190476394
71.02678571428775
71.02380952381156
71.02083333333537
71.01785714285919
71.014880952383
71.0119047619068
71.00892857143062
71.00595238095443
71.00297619047824
71.00000000000205
70.99702380952586
70.99404761904967
70.99107142857348
70.98809523809729
70.9851190476211
70.98214285714491
70.97916666666872
70.97619047619253
70.97321428571634
70.97023809524015
70.96726190476396
70.96428571428777
70.96130952381158
70.95833333333539
70.9553571428592
70.95238095238301
70.94940476190682
70.94642857143063
70.94345238095444
70.94047619047825
70.93750000000206
70.93452380952587
70.93154761904968
70.92857142857349
70.9255952380973
70.92261904762111
70.91964285714492
70.91666666666873
70.91369047619254
70.91071428571635
70.90773809524016
70.90476190476397
70.90178571428778
70.8988095238116
70.8958333333354
70.89285714285921
70.88988095238302
70.88690476190683
70.88392857143064
70.88095238095445
70.87797619047826
70.87500000000207
70.87202380952588
70.8690476190497
70.8660714285735
70.86309523809732
70.86011904762113
70.85714285714494
70.85416666666875
70.85119047619256
70.84821428571637
70.84523809524018
70.84226190476399
70.8392857142878
70.83630952381161
70.83333333333542
70.83035714285923
70.82738095238304
70.82440476190685
70.82142857143066
70.81845238095447
70.81547619047828
70.81250000000209
70.8095238095259
70.80654761904971
70.80357142857352
70.80059523809733
70.79761904762114
70.79464285714495
70.79166666666876
70.78869047619257
70.78571428571638
70.78273809524019
70.779761904764
70.77678571428781
70.77380952381162
70.77083333333543
70.76785714285924
70.76488095238305
70.76190476190686
70.75892857143067
70.75595238095448
70.7529761904783
70.7500000000021
70.74702380952591
70.74404761904972
70.74107142857353
70.73809523809734
70.73511904762115
70.73214285714496
70.72916666666877
70.72619047619258
70.7232142857164
70.7202380952402
70.71726190476402
70.71428571428783
70.71130952381164
70.70833333333545
70.70535714285926
70.70238095238307
70.69940476190688
70.69642857143069
70.6934523809545
70.69047619047831
70.68750000000212
70.68452380952593
70.68154761904974
70.67857142857355
70.67559523809736
70.67261904762117
70.66964285714498
70.66666666666879
70.6636904761926
70.66071428571641
70.65773809524022
70.65476190476403
70.65178571428784
70.64880952381165
70.64583333333546
70.64285714285927
70.63988095238308
70.63690476190689
70.6339285714307
70.63095238095451
70.62797619047832
70.62500000000213
70.62202380952594
70.61904761904975
70.61607142857356
70.61309523809737
70.61011904762118
70.60714285714499
70.6041666666688
70.60119047619261
70.59821428571642
70.59523809524023
70.59226190476404
70.58928571428785
70.58630952381166
70.58333333333547
70.58035714285928
70.5773809523831
70.5744047619069
70.57142857143072
70.56845238095453
70.56547619047834
70.56250000000215
70.55952380952596
70.55654761904977
70.55357142857358
70.55059523809739
70.5476190476212
70.544642857145
70.54166666666882
70.53869047619263
70.53571428571644
70.53273809524025
70.52976190476406
70.52678571428787
70.52380952381168
70.52083333333549
70.5178571428593
70.51488095238311
70.51190476190692
70.50892857143073
70.50595238095454
70.50297619047835
70.50000000000216
70.49702380952597
70.49404761904978
70.49107142857359
70.4880952380974
70.48511904762121
70.48214285714502
70.47916666666883
70.47619047619264
70.47321428571645
70.47023809524026
70.46726190476407
70.46428571428788
70.46130952381169
70.4583333333355
70.45535714285931
70.45238095238312
70.44940476190693
70.44642857143074
70.44345238095455
70.44047619047836
70.43750000000217
70.43452380952598
70.4315476190498
70.4285714285736
70.42559523809742
70.42261904762123
70.41964285714504
70.41666666666885
70.41369047619266
70.41071428571647
70.40773809524028
70.40476190476409
70.4017857142879
70.3988095238117
70.39583333333552
70.39285714285933
70.38988095238314
70.38690476190695
70.38392857143076
70.38095238095457
70.37797619047838
70.37500000000219
70.372023809526
70.36904761904981
70.36607142857362
70.36309523809743
70.36011904762124
70.35714285714505
70.35416666666886
70.35119047619267
70.34821428571648
70.34523809524029
70.3422619047641
70.33928571428791
70.33630952381172
70.33333333333553
70.33035714285934
70.32738095238315
70.32440476190696
70.32142857143077
70.31845238095458
70.31547619047839
70.3125000000022
70.30952380952601
70.30654761904982
70.30357142857363
70.30059523809744
70.29761904762125
70.29464285714506
70.29166666666887
70.28869047619268
70.2857142857165
70.2827380952403
70.27976190476411
70.27678571428793
70.27380952381174
70.27083333333555
70.26785714285936
70.26488095238317
70.26190476190698
70.25892857143079
70.2559523809546
70.2529761904784
70.25000000000222
70.24702380952603
70.24404761904984
70.24107142857365
70.23809523809746
70.23511904762127
70.23214285714508
70.22916666666889
70.2261904761927
70.22321428571651
70.22023809524032
70.21726190476413
70.21428571428794
70.21130952381175
70.20833333333556
70.20535714285937
70.20238095238318
70.19940476190699
70.1964285714308
70.19345238095461
70.19047619047842
70.18750000000223
70.18452380952604
70.18154761904985
70.17857142857366
70.17559523809747
70.17261904762128
70.16964285714509
70.1666666666689
70.16369047619271
70.16071428571652
70.15773809524033
70.15476190476414
70.15178571428795
70.14880952381176
70.14583333333557
70.14285714285938
70.1398809523832
70.136904761907
70.13392857143081
70.13095238095462
70.12797619047844
70.12500000000225
70.12202380952606
70.11904761904987
70.11607142857368
70.11309523809749
70.1101190476213
70.1071428571451
70.10416666666892
70.10119047619273
70.09821428571654
70.09523809524035
70.09226190476416
70.08928571428797
70.08630952381178
70.08333333333559
70.0803571428594
70.07738095238321
70.07440476190702
70.07142857143083
70.06845238095464
70.06547619047845
70.06250000000226
70.05952380952607
70.05654761904988
70.05357142857369
70.0505952380975
70.04761904762131
70.04464285714512
70.04166666666893
70.03869047619274
70.03571428571655
70.03273809524036
70.02976190476417
70.02678571428798
70.02380952381179
70.0208333333356
70.01785714285941
70.01488095238322
70.01190476190703
70.00892857143084
70.00595238095465
70.00297619047846
70.00000000000227
69.99702380952608
69.9940476190499
69.9910714285737
69.98809523809751
69.98511904762132
69.98214285714513
69.97916666666895
69.97619047619276
69.97321428571657
69.97023809524038
69.96726190476419
69.964285714288
69.9613095238118
69.95833333333562
69.95535714285943
69.95238095238324
69.94940476190705
69.94642857143086
69.94345238095467
69.94047619047848
69.93750000000229
69.9345238095261
69.93154761904991
69.92857142857372
69.92559523809753
69.92261904762134
69.91964285714515
69.91666666666896
69.91369047619277
69.91071428571658
69.90773809524039
69.9047619047642
69.90178571428801
69.89880952381182
69.89583333333563
69.89285714285944
69.88988095238325
69.88690476190706
69.88392857143087
69.88095238095468
69.87797619047849
69.8750000000023
69.87202380952611
69.86904761904992
69.86607142857373
69.86309523809754
69.86011904762135
69.85714285714516
69.85416666666897
69.85119047619278
69.8482142857166
69.8452380952404
69.84226190476421
69.83928571428802
69.83630952381183
69.83333333333564
69.83035714285946
69.82738095238327
69.82440476190708
69.82142857143089
69.8184523809547
69.8154761904785
69.81250000000232
69.80952380952613
69.80654761904994
69.80357142857375
69.80059523809756
69.79761904762137
69.79464285714518
69.79166666666899
69.7886904761928
69.78571428571661
69.78273809524042
69.77976190476423
69.77678571428804
69.77380952381185
69.77083333333566
69.76785714285947
69.76488095238328
69.76190476190709
69.7589285714309
69.75595238095471
69.75297619047852
69.75000000000233
69.74702380952614
69.74404761904995
69.74107142857376
69.73809523809757
69.73511904762138
69.73214285714519
69.729166666669
69.72619047619281
69.72321428571662
69.72023809524043
69.71726190476424
69.71428571428805
69.71130952381186
69.70833333333567
69.70535714285948
69.7023809523833
69.6994047619071
69.69642857143091
69.69345238095472
69.69047619047853
69.68750000000234
69.68452380952615
69.68154761904997
69.67857142857378
69.67559523809759
69.6726190476214
69.6696428571452
69.66666666666902
69.66369047619283
69.66071428571664
69.65773809524045
69.65476190476426
69.65178571428807
69.64880952381188
69.64583333333569
69.6428571428595
69.63988095238331
69.63690476190712
69.63392857143093
69.63095238095474
69.62797619047855
69.62500000000236
69.62202380952617
69.61904761904998
69.61607142857379
69.6130952380976
69.61011904762141
69.60714285714522
69.60416666666903
69.60119047619284
69.59821428571665
69.59523809524046
69.59226190476427
69.58928571428808
69.58630952381189
69.5833333333357
69.58035714285951
69.57738095238332
69.57440476190713
69.57142857143094
69.56845238095475
69.56547619047856
69.56250000000237
69.55952380952618
69.55654761905
69.5535714285738
69.55059523809761
69.54761904762142
69.54464285714523
69.54166666666904
69.53869047619285
69.53571428571667
69.53273809524048
69.52976190476429
69.5267857142881
69.5238095238119
69.52083333333572
69.51785714285953
69.51488095238334
69.51190476190715
69.50892857143096
69.50595238095477
69.50297619047858
69.50000000000239
69.4970238095262
69.49404761905001
69.49107142857382
69.48809523809763
69.48511904762144
69.48214285714525
69.47916666666906
69.47619047619287
69.47321428571668
69.47023809524049
69.4672619047643
69.46428571428811
69.46130952381192
69.45833333333573
69.45535714285954
69.45238095238335
69.44940476190716
69.44642857143097
69.44345238095478
69.44047619047859
69.4375000000024
69.43452380952621
69.43154761905002
69.42857142857383
69.42559523809764
69.42261904762145
69.41964285714526
69.41666666666907
69.41369047619288
69.4107142857167
69.4077380952405
69.40476190476431
69.40178571428812
69.39880952381193
69.39583333333574
69.39285714285955
69.38988095238336
69.38690476190718
69.38392857143099
69.3809523809548
69.3779761904786
69.37500000000242
69.37202380952623
69.36904761905004
69.36607142857385
69.36309523809766
69.36011904762147
69.35714285714528
69.35416666666909
69.3511904761929
69.34821428571671
69.34523809524052
69.34226190476433
69.33928571428814
69.33630952381195
69.33333333333576
69.33035714285957
69.32738095238338
69.32440476190719
69.321428571431
69.31845238095481
69.31547619047862
69.31250000000243
69.30952380952624
69.30654761905005
69.30357142857386
69.30059523809767
69.29761904762148
69.29464285714529
69.2916666666691
69.28869047619291
69.28571428571672
69.28273809524053
69.27976190476434
69.27678571428815
69.27380952381196
69.27083333333577
69.26785714285958
69.2648809523834
69.2619047619072
69.25892857143101
69.25595238095482
69.25297619047863
69.25000000000244
69.24702380952625
69.24404761905006
69.24107142857387
69.23809523809769
69.2351190476215
69.2321428571453
69.22916666666912
69.22619047619293
69.22321428571674
69.22023809524055
69.21726190476436
69.21428571428817
69.21130952381198
69.20833333333579
69.2053571428596
69.20238095238341
69.19940476190722
69.19642857143103
69.19345238095484
69.19047619047865
69.18750000000246
69.18452380952627
69.18154761905008
69.17857142857389
69.1755952380977
69.17261904762151
69.16964285714532
69.16666666666913
69.16369047619294
69.16071428571675
69.15773809524056
69.15476190476437
69.15178571428818
69.14880952381199
69.1458333333358
69.14285714285961
69.13988095238342
69.13690476190723
69.13392857143104
69.13095238095485
69.12797619047866
69.12500000000247
69.12202380952628
69.1190476190501
69.1160714285739
69.11309523809771
69.11011904762152
69.10714285714533
69.10416666666914
69.10119047619295
69.09821428571676
69.09523809524057
69.09226190476438
69.0892857142882
69.086309523812
69.08333333333582
69.08035714285963
69.07738095238344
69.07440476190725
69.07142857143106
69.06845238095487
69.06547619047868
69.06250000000249
69.0595238095263
69.05654761905011
69.05357142857392
69.05059523809773
69.04761904762154
69.04464285714535
69.04166666666916
69.03869047619297
69.03571428571678
69.03273809524059
69.0297619047644
69.02678571428821
69.02380952381202
69.02083333333583
69.01785714285964
69.01488095238345
69.01190476190726
69.00892857143107
69.00595238095488
69.00297619047869
69.0000000000025
68.99702380952631
68.99404761905012
68.99107142857393
68.98809523809774
68.98511904762155
68.98214285714536
68.97916666666917
68.97619047619298
68.9732142857168
68.9702380952406
68.96726190476441
68.96428571428822
68.96130952381203
68.95833333333584
68.95535714285965
68.95238095238346
68.94940476190727
68.94642857143108
68.9434523809549
68.9404761904787
68.93750000000252
68.93452380952633
68.93154761905014
68.92857142857395
68.92559523809776
68.92261904762157
68.91964285714538
68.91666666666919
68.913690476193
68.91071428571681
68.90773809524062
68.90476190476443
68.90178571428824
68.89880952381205
68.89583333333586
68.89285714285967
68.88988095238348
68.88690476190729
68.8839285714311
68.88095238095491
68.87797619047872
68.87500000000253
68.87202380952634
68.86904761905015
68.86607142857396
68.86309523809777
68.86011904762158
68.85714285714539
68.8541666666692
68.85119047619301
68.84821428571682
68.84523809524063
68.84226190476444
68.83928571428825
68.83630952381206
68.83333333333587
68.83035714285968
68.82738095238349
68.8244047619073
68.82142857143111
68.81845238095492
68.81547619047873
68.81250000000254
68.80952380952635
68.80654761905016
68.80357142857397
68.80059523809778
68.7976190476216
68.7946428571454
68.79166666666922
68.78869047619303
68.78571428571684
68.78273809524065
68.77976190476446
68.77678571428827
68.77380952381208
68.77083333333589
68.7678571428597
68.7648809523835
68.76190476190732
68.75892857143113
68.75595238095494
68.75297619047875
68.75000000000256
68.74702380952637
68.74404761905018
68.74107142857399
68.7380952380978
68.73511904762161
68.73214285714542
68.72916666666923
68.72619047619304
68.72321428571685
68.72023809524066
68.71726190476447
68.71428571428828
68.71130952381209
68.7083333333359
68.70535714285971
68.70238095238352
68.69940476190733
68.69642857143114
68.69345238095495
68.69047619047876
68.68750000000257
68.68452380952638
68.68154761905019
68.678571428574
68.67559523809781
68.67261904762162
68.66964285714543
68.66666666666924
68.66369047619305
68.66071428571686
68.65773809524067
68.65476190476448
68.6517857142883
68.6488095238121
68.64583333333591
68.64285714285973
68.63988095238354
68.63690476190735
68.63392857143116
68.63095238095497
68.62797619047878
68.62500000000259
68.6220238095264
68.6190476190502
68.61607142857402
68.61309523809783
68.61011904762164
68.60714285714545
68.60416666666926
68.60119047619307
68.59821428571688
68.59523809524069
68.5922619047645
68.58928571428831
68.58630952381212
68.58333333333593
68.58035714285974
68.57738095238355
68.57440476190736
68.57142857143117
68.56845238095498
68.56547619047879
68.5625000000026
68.55952380952641
68.55654761905022
68.55357142857403
68.55059523809784
68.54761904762165
68.54464285714546
68.54166666666927
68.53869047619308
68.53571428571689
68.5327380952407
68.52976190476451
68.52678571428832
68.52380952381213
68.52083333333594
68.51785714285975
68.51488095238356
68.51190476190737
68.50892857143118
68.505952380955
68.5029761904788
68.50000000000261
68.49702380952642
68.49404761905024
68.49107142857405
68.48809523809786
68.48511904762167
68.48214285714548
68.47916666666929
68.4761904761931
68.4732142857169
68.47023809524072
68.46726190476453
68.46428571428834
68.46130952381215
68.45833333333596
68.45535714285977
68.45238095238358
68.44940476190739
68.4464285714312
68.44345238095501
68.44047619047882
68.43750000000263
68.43452380952644
68.43154761905025
68.42857142857406
68.42559523809787
68.42261904762168
68.41964285714549
68.4166666666693
68.41369047619311
68.41071428571692
68.40773809524073
68.40476190476454
68.40178571428835
68.39880952381216
68.39583333333597
68.39285714285978
68.38988095238359
68.3869047619074
68.38392857143121
68.38095238095502
68.37797619047883
68.37500000000264
68.37202380952645
68.36904761905026
68.36607142857407
68.36309523809788
68.3601190476217
68.3571428571455
68.35416666666931
68.35119047619312
68.34821428571694
68.34523809524075
68.34226190476456
68.33928571428837
68.33630952381218
68.33333333333599
68.3303571428598
68.3273809523836
68.32440476190742
68.32142857143123
68.31845238095504
68.31547619047885
68.31250000000266
68.30952380952647
68.30654761905028
68.30357142857409
68.3005952380979
68.29761904762171
68.29464285714552
68.29166666666933
68.28869047619314
68.28571428571695
68.28273809524076
68.27976190476457
68.27678571428838
68.27380952381219
68.270833333336
68.26785714285981
68.26488095238362
68.26190476190743
68.25892857143124
68.25595238095505
68.25297619047886
68.25000000000267
68.24702380952648
68.24404761905029
68.2410714285741
68.23809523809791
68.23511904762172
68.23214285714553
68.22916666666934
68.22619047619315
68.22321428571696
68.22023809524077
68.21726190476458
68.2142857142884
68.2113095238122
68.20833333333601
68.20535714285982
68.20238095238363
68.19940476190745
68.19642857143126
68.19345238095507
68.19047619047888
68.18750000000269
68.1845238095265
68.1815476190503
68.17857142857412
68.17559523809793
68.17261904762174
68.16964285714555
68.16666666666936
68.16369047619317
68.16071428571698
68.15773809524079
68.1547619047646
68.15178571428841
68.14880952381222
68.14583333333603
68.14285714285984
68.13988095238365
68.13690476190746
68.13392857143127
68.13095238095508
68.12797619047889
68.1250000000027
68.12202380952651
68.11904761905032
68.11607142857413
68.11309523809794
68.11011904762175
68.10714285714556
68.10416666666937
68.10119047619318
68.09821428571699
68.0952380952408
68.09226190476461
68.08928571428842
68.08630952381223
68.08333333333604
68.08035714285985
68.07738095238366
68.07440476190747
68.07142857143128
68.0684523809551
68.0654761904789
68.06250000000271
68.05952380952652
68.05654761905033
68.05357142857414
68.05059523809796
68.04761904762177
68.04464285714558
68.04166666666939
68.0386904761932
68.035714285717
68.03273809524082
68.02976190476463
68.02678571428844
68.02380952381225
68.02083333333606
68.01785714285987
68.01488095238368
68.01190476190749
68.0089285714313
68.00595238095511
68.00297619047892
68.00000000000273
67.99702380952654
67.99404761905035
67.99107142857416
67.98809523809797
67.98511904762178
67.98214285714559
67.9791666666694
67.97619047619321
67.97321428571702
67.97023809524083
67.96726190476464
67.96428571428845
67.96130952381226
67.95833333333607
67.95535714285988
67.95238095238369
67.9494047619075
67.94642857143131
67.94345238095512
67.94047619047893
67.93750000000274
67.93452380952655
67.93154761905036
67.92857142857417
67.92559523809798
67.9226190476218
67.9196428571456
67.91666666666941
67.91369047619322
67.91071428571703
67.90773809524084
67.90476190476465
67.90178571428847
67.89880952381228
67.89583333333609
67.8928571428599
67.8898809523837
67.88690476190752
67.88392857143133
67.88095238095514
67.87797619047895
67.87500000000276
67.87202380952657
67.86904761905038
67.86607142857419
67.863095238098
67.86011904762181
67.85714285714562
67.85416666666943
67.85119047619324
67.84821428571705
67.84523809524086
67.84226190476467
67.83928571428848
67.83630952381229
67.8333333333361
67.83035714285991
67.82738095238372
67.82440476190753
67.82142857143134
67.81845238095515
67.81547619047896
67.81250000000277
67.80952380952658
67.80654761905039
67.8035714285742
67.80059523809801
67.79761904762182
67.79464285714563
67.79166666666944
67.78869047619325
67.78571428571706
67.78273809524087
67.77976190476468
67.7767857142885
67.7738095238123
67.77083333333611
67.76785714285992
67.76488095238373
67.76190476190754
67.75892857143135
67.75595238095516
67.75297619047898
67.75000000000279
67.7470238095266
67.7440476190504
67.74107142857422
67.73809523809803
67.73511904762184
67.73214285714565
67.72916666666946
67.72619047619327
67.72321428571708
67.72023809524089
67.7172619047647
67.71428571428851
67.71130952381232
67.70833333333613
67.70535714285994
67.70238095238375
67.69940476190756
67.69642857143137
67.69345238095518
67.69047619047899
67.6875000000028
67.68452380952661
67.68154761905042
67.67857142857423
67.67559523809804
67.67261904762185
67.66964285714566
67.66666666666947
67.66369047619328
67.66071428571709
67.6577380952409
67.65476190476471
67.65178571428852
67.64880952381233
67.64583333333614
67.64285714285995
67.63988095238376
67.63690476190757
67.63392857143138
67.6309523809552
67.627976190479
67.62500000000281
67.62202380952662
67.61904761905043
67.61607142857424
67.61309523809805
67.61011904762186
67.60714285714567
67.60416666666949
67.6011904761933
67.5982142857171
67.59523809524092
67.59226190476473
67.58928571428854
67.58630952381235
67.58333333333616
67.58035714285997
67.57738095238378
67.57440476190759
67.5714285714314
67.56845238095521
67.56547619047902
67.56250000000283
67.55952380952664
67.55654761905045
67.55357142857426
67.55059523809807
67.54761904762188
67.54464285714569
67.5416666666695
67.53869047619331
67.53571428571712
67.53273809524093
67.52976190476474
67.52678571428855
67.52380952381236
67.52083333333617
67.51785714285998
67.51488095238379
67.5119047619076
67.50892857143141
67.50595238095522
67.50297619047903
67.50000000000284
67.49702380952665
67.49404761905046
67.49107142857427
67.48809523809808
67.4851190476219
67.4821428571457
67.47916666666951
67.47619047619332
67.47321428571713
67.47023809524094
67.46726190476475
67.46428571428856
67.46130952381237
67.45833333333618
67.45535714286
67.4523809523838
67.44940476190762
67.44642857143143
67.44345238095524
67.44047619047905
67.43750000000286
67.43452380952667
67.43154761905048
67.42857142857429
67.4255952380981
67.42261904762191
67.41964285714572
67.41666666666953
67.41369047619334
67.41071428571715
67.40773809524096
67.40476190476477
67.40178571428858
67.39880952381239
67.3958333333362
67.39285714286001
67.38988095238382
67.38690476190763
67.38392857143144
67.38095238095525
67.37797619047906
67.37500000000287
67.37202380952668
67.36904761905049
67.3660714285743
67.36309523809811
67.36011904762192
67.35714285714573
67.35416666666954
67.35119047619335
67.34821428571716
67.34523809524097
67.34226190476478
67.3392857142886
67.3363095238124
67.33333333333621
67.33035714286002
67.32738095238383
67.32440476190764
67.32142857143145
67.31845238095526
67.31547619047907
67.31250000000288
67.3095238095267
67.3065476190505
67.30357142857432
67.30059523809813
67.29761904762194
67.29464285714575
67.29166666666956
67.28869047619337
67.28571428571718
67.28273809524099
67.2797619047648
67.27678571428861
67.27380952381242
67.27083333333623
67.26785714286004
67.26488095238385
67.26190476190766
67.25892857143147
67.25595238095528
67.25297619047909
67.2500000000029
67.24702380952671
67.24404761905052
67.24107142857433
67.23809523809814
67.23511904762195
67.23214285714576
67.22916666666957
67.22619047619338
67.22321428571719
67.220238095241
67.21726190476481
67.21428571428862
67.21130952381243
67.20833333333624
67.20535714286005
67.20238095238386
67.19940476190767
67.19642857143148
67.19345238095529
67.1904761904791
67.18750000000291
67.18452380952672
67.18154761905053
67.17857142857434
67.17559523809815
67.17261904762196
67.16964285714577
67.16666666666958
67.1636904761934
67.1607142857172
67.15773809524102
67.15476190476483
67.15178571428864
67.14880952381245
67.14583333333626
67.14285714286007
67.13988095238388
67.13690476190769
67.1339285714315
67.1309523809553
67.12797619047912
67.12500000000293
67.12202380952674
67.11904761905055
67.11607142857436
67.11309523809817
67.11011904762198
67.10714285714579
67.1041666666696
67.10119047619341
67.09821428571722
67.09523809524103
67.09226190476484
67.08928571428865
67.08630952381246
67.08333333333627
67.08035714286008
67.07738095238389
67.0744047619077
67.07142857143151
67.06845238095532
67.06547619047913
67.06250000000294
67.05952380952675
67.05654761905056
67.05357142857437
67.05059523809818
67.04761904762199
67.0446428571458
67.04166666666961
67.03869047619342
67.03571428571723
67.03273809524104
67.02976190476485
67.02678571428866
67.02380952381247
67.02083333333628
67.0178571428601
67.0148809523839
67.01190476190772
67.00892857143153
67.00595238095534
67.00297619047915
67.00000000000296
66.99702380952677
66.99404761905058
66.99107142857439
66.9880952380982
66.985119047622
66.98214285714582
66.97916666666963
66.97619047619344
66.97321428571725
66.97023809524106
66.96726190476487
66.96428571428868
66.96130952381249
66.9583333333363
66.95535714286011
66.95238095238392
66.94940476190773
66.94642857143154
66.94345238095535
66.94047619047916
66.93750000000297
66.93452380952678
66.93154761905059
66.9285714285744
66.92559523809821
66.92261904762202
66.91964285714583
66.91666666666964
66.91369047619345
66.91071428571726
66.90773809524107
66.90476190476488
66.90178571428869
66.8988095238125
66.89583333333631
66.89285714286012
66.88988095238393
66.88690476190774
66.88392857143155
66.88095238095536
66.87797619047917
66.87500000000298
66.8720238095268
66.8690476190506
66.86607142857441
66.86309523809823
66.86011904762204
66.85714285714585
66.85416666666966
66.85119047619347
66.84821428571728
66.84523809524109
66.8422619047649
66.8392857142887
66.83630952381252
66.83333333333633
66.83035714286014
66.82738095238395
66.82440476190776
66.82142857143157
66.81845238095538
66.81547619047919
66.812500000003
66.80952380952681
66.80654761905062
66.80357142857443
66.80059523809824
66.79761904762205
66.79464285714586
66.79166666666967
66.78869047619348
66.78571428571729
66.7827380952411
66.77976190476491
66.77678571428872
66.77380952381253
66.77083333333634
66.76785714286015
66.76488095238396
66.76190476190777
66.75892857143158
66.75595238095539
66.7529761904792
66.75000000000301
66.74702380952682
66.74404761905063
66.74107142857444
66.73809523809825
66.73511904762206
66.73214285714587
66.72916666666968
66.7261904761935
66.7232142857173
66.72023809524111
66.71726190476492
66.71428571428874
66.71130952381255
66.70833333333636
66.70535714286017
66.70238095238398
66.69940476190779
66.6964285714316
66.6934523809554
66.69047619047922
66.68750000000303
66.68452380952684
66.68154761905065
66.67857142857446
66.67559523809827
66.67261904762208
66.66964285714589
66.6666666666697
66.66369047619351
66.66071428571732
66.65773809524113
66.65476190476494
66.65178571428875
66.64880952381256
66.64583333333637
66.64285714286018
66.63988095238399
66.6369047619078
66.63392857143161
66.63095238095542
66.62797619047923
66.62500000000304
66.62202380952685
66.61904761905066
66.61607142857447
66.61309523809828
66.61011904762209
66.6071428571459
66.60416666666971
66.60119047619352
66.59821428571733
66.59523809524114
66.59226190476495
66.58928571428876
66.58630952381257
66.58333333333638
66.5803571428602
66.577380952384
66.57440476190781
66.57142857143162
66.56845238095543
66.56547619047925
66.56250000000306
66.55952380952687
66.55654761905068
66.55357142857449
66.5505952380983
66.5476190476221
66.54464285714592
66.54166666666973
66.53869047619354
66.53571428571735
66.53273809524116
66.52976190476497
66.52678571428878
66.52380952381259
66.5208333333364
66.51785714286021
66.51488095238402
66.51190476190783
66.50892857143164
66.50595238095545
66.50297619047926
66.50000000000307
66.49702380952688
66.49404761905069
66.4910714285745
66.48809523809831
66.48511904762212
66.48214285714593
66.47916666666974
66.47619047619355
66.47321428571736
66.47023809524117
66.46726190476498
66.46428571428879
66.4613095238126
66.45833333333641
66.45535714286022
66.45238095238403
66.44940476190784
66.44642857143165
66.44345238095546
66.44047619047927
66.43750000000308
66.4345238095269
66.4315476190507
66.42857142857451
66.42559523809832
66.42261904762213
66.41964285714594
66.41666666666976
66.41369047619357
66.41071428571738
66.40773809524119
66.404761904765
66.4017857142888
66.39880952381262
66.39583333333643
66.39285714286024
66.38988095238405
66.38690476190786
66.38392857143167
66.38095238095548
66.37797619047929
66.3750000000031
66.37202380952691
66.36904761905072
66.36607142857453
66.36309523809834
66.36011904762215
66.35714285714596
66.35416666666977
66.35119047619358
66.34821428571739
66.3452380952412
66.34226190476501
66.33928571428882
66.33630952381263
66.33333333333644
66.33035714286025
66.32738095238406
66.32440476190787
66.32142857143168
66.31845238095549
66.3154761904793
66.31250000000311
66.30952380952692
66.30654761905073
66.30357142857454
66.30059523809835
66.29761904762216
66.29464285714597
66.29166666666978
66.2886904761936
66.2857142857174
66.28273809524121
66.27976190476502
66.27678571428883
66.27380952381264
66.27083333333645
66.26785714286027
66.26488095238408
66.26190476190789
66.2589285714317
66.2559523809555
66.25297619047932
66.25000000000313
66.24702380952694
66.24404761905075
66.24107142857456
66.23809523809837
66.23511904762218
66.23214285714599
66.2291666666698
66.22619047619361
66.22321428571742
66.22023809524123
66.21726190476504
66.21428571428885
66.21130952381266
66.20833333333647
66.20535714286028
66.20238095238409
66.1994047619079
66.19642857143171
66.19345238095552
66.19047619047933
66.18750000000314
66.18452380952695
66.18154761905076
66.17857142857457
66.17559523809838
66.17261904762219
66.169642857146
66.16666666666981
66.16369047619362
66.16071428571743
66.15773809524124
66.15476190476505
66.15178571428886
66.14880952381267
66.14583333333648
66.1428571428603
66.1398809523841
66.13690476190791
66.13392857143172
66.13095238095553
66.12797619047934
66.12500000000315
66.12202380952697
66.11904761905078
66.11607142857459
66.1130952380984
66.1101190476222
66.10714285714602
66.10416666666983
66.10119047619364
66.09821428571745
66.09523809524126
66.09226190476507
66.08928571428888
66.08630952381269
66.0833333333365
66.08035714286031
66.07738095238412
66.07440476190793
66.07142857143174
66.06845238095555
66.06547619047936
66.06250000000317
66.05952380952698
66.05654761905079
66.0535714285746
66.05059523809841
66.04761904762222
66.04464285714603
66.04166666666984
66.03869047619365
66.03571428571746
66.03273809524127
66.02976190476508
66.02678571428889
66.0238095238127
66.02083333333651
66.01785714286032
66.01488095238413
66.01190476190794
66.00892857143175
66.00595238095556
66.00297619047937
66.00000000000318
65.997023809527
65.9940476190508
65.99107142857461
65.98809523809842
65.98511904762223
65.98214285714604
65.97916666666985
65.97619047619366
65.97321428571748
65.97023809524129
65.9672619047651
65.9642857142889
65.96130952381272
65.95833333333653
65.95535714286034
65.95238095238415
65.94940476190796
65.94642857143177
65.94345238095558
65.94047619047939
65.9375000000032
65.93452380952701
65.93154761905082
65.92857142857463
65.92559523809844
65.92261904762225
65.91964285714606
65.91666666666987
65.91369047619368
65.91071428571749
65.9077380952413
65.90476190476511
65.90178571428892
65.89880952381273
65.89583333333654
65.89285714286035
65.88988095238416
65.88690476190797
65.88392857143178
65.88095238095559
65.8779761904794
65.87500000000321
65.87202380952702
65.86904761905083
65.86607142857464
65.86309523809845
65.86011904762226
65.85714285714607
65.85416666666988
65.8511904761937
65.8482142857175
65.84523809524131
65.84226190476512
65.83928571428893
65.83630952381274
65.83333333333655
65.83035714286036
65.82738095238417
65.82440476190799
65.8214285714318
65.8184523809556
65.81547619047942
65.81250000000323
65.80952380952704
65.80654761905085
65.80357142857466
65.80059523809847
65.79761904762228
65.79464285714609
65.7916666666699
65.78869047619371
65.78571428571752
65.78273809524133
65.77976190476514
65.77678571428895
65.77380952381276
65.77083333333657
65.76785714286038
65.76488095238419
65.761904761908
65.75892857143181
65.75595238095562
65.75297619047943
65.75000000000324
65.74702380952705
65.74404761905086
65.74107142857467
65.73809523809848
65.73511904762229
65.7321428571461
65.72916666666991
65.72619047619372
65.72321428571753
65.72023809524134
65.71726190476515
65.71428571428896
65.71130952381277
65.70833333333658
65.7053571428604
65.7023809523842
65.69940476190801
65.69642857143182
65.69345238095563
65.69047619047944
65.68750000000325
65.68452380952706
65.68154761905087
65.67857142857468
65.6755952380985
65.6726190476223
65.66964285714612
65.66666666666993
65.66369047619374
65.66071428571755
65.65773809524136
65.65476190476517
65.65178571428898
65.64880952381279
65.6458333333366
65.64285714286041
65.63988095238422
65.63690476190803
65.63392857143184
65.63095238095565
65.62797619047946
65.62500000000327
65.62202380952708
65.61904761905089
65.6160714285747
65.61309523809851
65.61011904762232
65.60714285714613
65.60416666666994
65.60119047619375
65.59821428571756
65.59523809524137
65.59226190476518
65.58928571428899
65.5863095238128
65.58333333333661
65.58035714286042
65.57738095238423
65.57440476190804
65.57142857143185
65.56845238095566
65.56547619047947
65.56250000000328
65.5595238095271
65.5565476190509
65.55357142857471
65.55059523809852
65.54761904762233
65.54464285714614
65.54166666666995
65.53869047619376
65.53571428571757
65.53273809524138
65.5297619047652
65.526785714289
65.52380952381282
65.52083333333663
65.51785714286044
65.51488095238425
65.51190476190806
65.50892857143187
65.50595238095568
65.50297619047949
65.5000000000033
65.49702380952711
65.49404761905092
65.49107142857473
65.48809523809854
65.48511904762235
65.48214285714616
65.47916666666997
65.47619047619378
65.47321428571759
65.4702380952414
65.46726190476521
65.46428571428902
65.46130952381283
65.45833333333664
65.45535714286045
65.45238095238426
65.44940476190807
65.44642857143188
65.44345238095569
65.4404761904795
65.43750000000331
65.43452380952712
65.43154761905093
65.42857142857474
65.42559523809855
65.42261904762236
65.41964285714617
65.41666666666998
65.41369047619379
65.4107142857176
65.40773809524141
65.40476190476522
65.40178571428903
65.39880952381284
65.39583333333665
65.39285714286046
65.38988095238427
65.38690476190808
65.3839285714319
65.3809523809557
65.37797619047952
65.37500000000333
65.37202380952714
65.36904761905095
65.36607142857476
65.36309523809857
65.36011904762238
65.35714285714619
65.35416666667
65.3511904761938
65.34821428571762
65.34523809524143
65.34226190476524
65.33928571428905
65.33630952381286
65.33333333333667
65.33035714286048
65.32738095238429
65.3244047619081
65.32142857143191
65.31845238095572
65.31547619047953
65.31250000000334
65.30952380952715
65.30654761905096
65.30357142857477
65.30059523809858
65.29761904762239
65.2946428571462
65.29166666667001
65.28869047619382
65.28571428571763
65.28273809524144
65.27976190476525
65.27678571428906
65.27380952381287
65.27083333333668
65.26785714286049
65.2648809523843
65.26190476190811
65.25892857143192
65.25595238095573
65.25297619047954
65.25000000000335
65.24702380952716
65.24404761905097
65.24107142857478
65.2380952380986
65.2351190476224
65.23214285714621
65.22916666667003
65.22619047619384
65.22321428571765
65.22023809524146
65.21726190476527
65.21428571428908
65.21130952381289
65.2083333333367
65.2053571428605
65.20238095238432
65.19940476190813
65.19642857143194
65.19345238095575
65.19047619047956
65.18750000000337
65.18452380952718
65.18154761905099
65.1785714285748
65.17559523809861
65.17261904762242
65.16964285714623
65.16666666667004
65.16369047619385
65.16071428571766
65.15773809524147
65.15476190476528
65.15178571428909
65.1488095238129
65.14583333333671
65.14285714286052
65.13988095238433
65.13690476190814
65.13392857143195
65.13095238095576
65.12797619047957
65.12500000000338
65.12202380952719
65.119047619051
65.11607142857481
65.11309523809862
65.11011904762243
65.10714285714624
65.10416666667005
65.10119047619386
65.09821428571767
65.09523809524148
65.0922619047653
65.0892857142891
65.08630952381291
65.08333333333672
65.08035714286054
65.07738095238435
65.07440476190816
65.07142857143197
65.06845238095578
65.06547619047959
65.0625000000034
65.0595238095272
65.05654761905102
65.05357142857483
65.05059523809864
65.04761904762245
65.04464285714626
65.04166666667007
65.03869047619388
65.03571428571769
65.0327380952415
65.02976190476531
65.02678571428912
65.02380952381293
65.02083333333674
65.01785714286055
65.01488095238436
65.01190476190817
65.00892857143198
65.00595238095579
65.0029761904796
65.00000000000341
64.99702380952722
64.99404761905103
64.99107142857484
64.98809523809865
64.98511904762246
64.98214285714627
64.97916666667008
64.97619047619389
64.9732142857177
64.97023809524151
64.96726190476532
64.96428571428913
64.96130952381294
64.95833333333675
64.95535714286056
64.95238095238437
64.94940476190818
64.946428571432
64.9434523809558
64.94047619047961
64.93750000000342
64.93452380952724
64.93154761905105
64.92857142857486
64.92559523809867
64.92261904762248
64.91964285714629
64.9166666666701
64.9136904761939
64.91071428571772
64.90773809524153
64.90476190476534
64.90178571428915
64.89880952381296
64.89583333333677
64.89285714286058
64.88988095238439
64.8869047619082
64.88392857143201
64.88095238095582
64.87797619047963
64.87500000000344
64.87202380952725
64.86904761905106
64.86607142857487
64.86309523809868
64.86011904762249
64.8571428571463
64.85416666667011
64.85119047619392
64.84821428571773
64.84523809524154
64.84226190476535
64.83928571428916
64.83630952381297
64.83333333333678
64.83035714286059
64.8273809523844
64.82440476190821
64.82142857143202
64.81845238095583
64.81547619047964
64.81250000000345
64.80952380952726
64.80654761905107
64.80357142857488
64.8005952380987
64.7976190476225
64.79464285714631
64.79166666667012
64.78869047619393
64.78571428571775
64.78273809524156
64.77976190476537
64.77678571428918
64.77380952381299
64.7708333333368
64.7678571428606
64.76488095238442
64.76190476190823
64.75892857143204
64.75595238095585
64.75297619047966
64.75000000000347
64.74702380952728
64.74404761905109
64.7410714285749
64.73809523809871
64.73511904762252
64.73214285714633
64.72916666667014
64.72619047619395
64.72321428571776
64.72023809524157
64.71726190476538
64.71428571428919
64.711309523813
64.70833333333681
64.70535714286062
64.70238095238443
64.69940476190824
64.69642857143205
64.69345238095586
64.69047619047967
64.68750000000348
64.68452380952729
64.6815476190511
64.67857142857491
64.67559523809872
64.67261904762253
64.66964285714634
64.66666666667015
64.66369047619396
64.66071428571777
64.65773809524158
64.6547619047654
64.6517857142892
64.64880952381301
64.64583333333682
64.64285714286063
64.63988095238444
64.63690476190826
64.63392857143207
64.63095238095588
64.62797619047969
64.6250000000035
64.6220238095273
64.61904761905112
64.61607142857493
64.61309523809874
64.61011904762255
64.60714285714636
64.60416666667017
64.60119047619398
64.59821428571779
64.5952380952416
64.59226190476541
64.58928571428922
64.58630952381303
64.58333333333684
64.58035714286065
64.57738095238446
64.57440476190827
64.57142857143208
64.56845238095589
64.5654761904797
64.56250000000351
64.55952380952732
64.55654761905113
64.55357142857494
64.55059523809875
64.54761904762256
64.54464285714637
64.54166666667018
64.53869047619399
64.5357142857178
64.53273809524161
64.52976190476542
64.52678571428923
64.52380952381304
64.52083333333685
64.51785714286066
64.51488095238447
64.51190476190828
64.5089285714321
64.5059523809559
64.50297619047971
64.50000000000352
64.49702380952733
64.49404761905114
64.49107142857495
64.48809523809877
64.48511904762258
64.48214285714639
64.4791666666702
64.476190476194
64.47321428571782
64.47023809524163
64.46726190476544
64.46428571428925
64.46130952381306
64.45833333333687
64.45535714286068
64.45238095238449
64.4494047619083
64.44642857143211
64.44345238095592
64.44047619047973
64.43750000000354
64.43452380952735
64.43154761905116
64.42857142857497
64.42559523809878
64.42261904762259
64.4196428571464
64.41666666667021
64.41369047619402
64.41071428571783
64.40773809524164
64.40476190476545
64.40178571428926
64.39880952381307
64.39583333333688
64.39285714286069
64.3898809523845
64.38690476190831
64.38392857143212
64.38095238095593
64.37797619047974
64.37500000000355
64.37202380952736
64.36904761905117
64.36607142857498
64.3630952380988
64.3601190476226
64.35714285714641
64.35416666667022
64.35119047619403
64.34821428571784
64.34523809524165
64.34226190476546
64.33928571428928
64.33630952381309
64.3333333333369
64.3303571428607
64.32738095238452
64.32440476190833
64.32142857143214
64.31845238095595
64.31547619047976
64.31250000000357
64.30952380952738
64.30654761905119
64.303571428575
64.30059523809881
64.29761904762262
64.29464285714643
64.29166666667024
64.28869047619405
64.28571428571786
64.28273809524167
64.27976190476548
64.27678571428929
64.2738095238131
64.27083333333691
64.26785714286072
64.26488095238453
64.26190476190834
64.25892857143215
64.25595238095596
64.25297619047977
64.25000000000358
64.24702380952739
64.2440476190512
64.24107142857501
64.23809523809882
64.23511904762263
64.23214285714644
64.22916666667025
64.22619047619406
64.22321428571787
64.22023809524168
64.2172619047655
64.2142857142893
64.21130952381311
64.20833333333692
64.20535714286073
64.20238095238454
64.19940476190835
64.19642857143216
64.19345238095597
64.19047619047979
64.1875000000036
64.1845238095274
64.18154761905122
64.17857142857503
64.17559523809884
64.17261904762265
64.16964285714646
64.16666666667027
64.16369047619408
64.16071428571789
64.1577380952417
64.15476190476551
64.15178571428932
64.14880952381313
64.14583333333694
64.14285714286075
64.13988095238456
64.13690476190837
64.13392857143218
64.13095238095599
64.1279761904798
64.12500000000361
64.12202380952742
64.11904761905123
64.11607142857504
64.11309523809885
64.11011904762266
64.10714285714647
64.10416666667028
64.10119047619409
64.0982142857179
64.09523809524171
64.09226190476552
64.08928571428933
64.08630952381314
64.08333333333695
64.08035714286076
64.07738095238457
64.07440476190838
64.0714285714322
64.068452380956
64.06547619047981
64.06250000000362
64.05952380952743
64.05654761905124
64.05357142857505
64.05059523809886
64.04761904762267
64.04464285714648
64.0416666666703
64.0386904761941
64.03571428571792
64.03273809524173
64.02976190476554
64.02678571428935
64.02380952381316
64.02083333333697
64.01785714286078
64.01488095238459
64.0119047619084
64.00892857143221
64.00595238095602
64.00297619047983
64.00000000000364
63.99702380952745
63.99404761905126
63.99107142857507
63.98809523809888
63.98511904762269
63.9821428571465
63.97916666667031
63.97619047619412
63.97321428571793
63.97023809524174
63.96726190476555
63.96428571428936
63.96130952381317
63.95833333333698
63.95535714286079
63.9523809523846
63.94940476190841
63.94642857143222
63.94345238095603
63.94047619047984
63.93750000000365
63.93452380952746
63.93154761905127
63.92857142857508
63.92559523809889
63.9226190476227
63.91964285714651
63.916666666670324
63.913690476194134
63.910714285717944
63.907738095241754
63.904761904765564
63.901785714289375
63.898809523813185
63.895833333336995
63.892857142860805
63.889880952384615
63.886904761908426
63.883928571432236
63.880952380956046
63.877976190479856
63.875000000003666
63.87202380952748
63.86904761905129
63.8660714285751
63.86309523809891
63.86011904762272
63.85714285714653
63.85416666667034
63.85119047619415
63.84821428571796
63.84523809524177
63.84226190476558
63.83928571428939
63.8363095238132
63.83333333333701
63.83035714286082
63.82738095238463
63.82440476190844
63.82142857143225
63.81845238095606
63.81547619047987
63.81250000000368
63.80952380952749
63.8065476190513
63.80357142857511
63.80059523809892
63.79761904762273
63.79464285714654
63.79166666667035
63.78869047619416
63.78571428571797
63.78273809524178
63.77976190476559
63.7767857142894
63.77380952381321
63.77083333333702
63.767857142860834
63.764880952384644
63.761904761908454
63.758928571432264
63.755952380956074
63.752976190479885
63.750000000003695
63.747023809527505
63.744047619051315
63.741071428575125
63.738095238098936
63.735119047622746
63.732142857146556
63.729166666670366
63.726190476194176
63.72321428571799
63.7202380952418
63.71726190476561
63.71428571428942
63.71130952381323
63.70833333333704
63.70535714286085
63.70238095238466
63.69940476190847
63.69642857143228
63.69345238095609
63.6904761904799
63.68750000000371
63.68452380952752
63.68154761905133
63.67857142857514
63.67559523809895
63.67261904762276
63.66964285714657
63.66666666667038
63.66369047619419
63.660714285718
63.65773809524181
63.65476190476562
63.65178571428943
63.64880952381324
63.64583333333705
63.64285714286086
63.63988095238467
63.63690476190848
63.63392857143229
63.6309523809561
63.62797619047991
63.62500000000372
63.62202380952753
63.619047619051344
63.616071428575154
63.613095238098964
63.610119047622774
63.607142857146584
63.604166666670395
63.601190476194205
63.598214285718015
63.595238095241825
63.592261904765635
63.589285714289446
63.586309523813256
63.583333333337066
63.580357142860876
63.57738095238469
63.5744047619085
63.57142857143231
63.56845238095612
63.56547619047993
63.56250000000374
63.55952380952755
63.55654761905136
63.55357142857517
63.55059523809898
63.54761904762279
63.5446428571466
63.54166666667041
63.53869047619422
63.53571428571803
63.53273809524184
63.52976190476565
63.52678571428946
63.52380952381327
63.52083333333708
63.51785714286089
63.5148809523847
63.51190476190851
63.50892857143232
63.50595238095613
63.50297619047994
63.50000000000375
63.49702380952756
63.49404761905137
63.49107142857518
63.48809523809899
63.4851190476228
63.48214285714661
63.47916666667042
63.47619047619423
63.47321428571804
63.470238095241854
63.467261904765664
63.464285714289474
63.461309523813284
63.458333333337094
63.455357142860905
63.452380952384715
63.449404761908525
63.446428571432335
63.443452380956145
63.440476190479956
63.437500000003766
63.434523809527576
63.431547619051386
63.4285714285752
63.42559523809901
63.42261904762282
63.41964285714663
63.41666666667044
63.41369047619425
63.41071428571806
63.40773809524187
63.40476190476568
63.40178571428949
63.3988095238133
63.39583333333711
63.39285714286092
63.38988095238473
63.38690476190854
63.38392857143235
63.38095238095616
63.37797619047997
63.37500000000378
63.37202380952759
63.3690476190514
63.36607142857521
63.36309523809902
63.36011904762283
63.35714285714664
63.35416666667045
63.35119047619426
63.34821428571807
63.34523809524188
63.34226190476569
63.3392857142895
63.33630952381331
63.33333333333712
63.33035714286093
63.32738095238474
63.32440476190855
63.321428571432364
63.318452380956174
63.315476190479984
63.312500000003794
63.309523809527604
63.306547619051415
63.303571428575225
63.300595238099035
63.297619047622845
63.294642857146656
63.291666666670466
63.288690476194276
63.285714285718086
63.282738095241896
63.27976190476571
63.27678571428952
63.27380952381333
63.27083333333714
63.26785714286095
63.26488095238476
63.26190476190857
63.25892857143238
63.25595238095619
63.25297619048
63.25000000000381
63.24702380952762
63.24404761905143
63.24107142857524
63.23809523809905
63.23511904762286
63.23214285714667
63.22916666667048
63.22619047619429
63.2232142857181
63.22023809524191
63.21726190476572
63.21428571428953
63.21130952381334
63.20833333333715
63.20535714286096
63.20238095238477
63.19940476190858
63.19642857143239
63.1934523809562
63.19047619048001
63.18750000000382
63.18452380952763
63.18154761905144
63.17857142857525
63.17559523809906
63.172619047622874
63.169642857146684
63.166666666670494
63.163690476194304
63.160714285718115
63.157738095241925
63.154761904765735
63.151785714289545
63.148809523813355
63.145833333337166
63.142857142860976
63.139880952384786
63.136904761908596
63.133928571432406
63.13095238095622
63.12797619048003
63.12500000000384
63.12202380952765
63.11904761905146
63.11607142857527
63.11309523809908
63.11011904762289
63.1071428571467
63.10416666667051
63.10119047619432
63.09821428571813
63.09523809524194
63.09226190476575
63.08928571428956
63.08630952381337
63.08333333333718
63.08035714286099
63.0773809523848
63.07440476190861
63.07142857143242
63.06845238095623
63.06547619048004
63.06250000000385
63.05952380952766
63.05654761905147
63.05357142857528
63.05059523809909
63.0476190476229
63.04464285714671
63.04166666667052
63.03869047619433
63.03571428571814
63.03273809524195
63.02976190476576
63.02678571428957
63.023809523813384
63.020833333337194
63.017857142861004
63.014880952384814
63.011904761908625
63.008928571432435
63.005952380956245
63.002976190480055
63.000000000003865
62.997023809527676
62.994047619051486
62.991071428575296
62.988095238099106
62.985119047622916
62.98214285714673
62.97916666667054
62.97619047619435
62.97321428571816
62.97023809524197
62.96726190476578
62.96428571428959
62.9613095238134
62.95833333333721
62.95535714286102
62.95238095238483
62.94940476190864
62.94642857143245
62.94345238095626
62.94047619048007
62.93750000000388
62.93452380952769
62.9315476190515
62.92857142857531
62.92559523809912
62.92261904762293
62.91964285714674
62.91666666667055
62.91369047619436
62.91071428571817
62.90773809524198
62.90476190476579
62.9017857142896
62.89880952381341
62.89583333333722
62.89285714286103
62.88988095238484
62.88690476190865
62.88392857143246
62.88095238095627
62.877976190480084
62.875000000003894
62.872023809527704
62.869047619051514
62.866071428575324
62.863095238099135
62.860119047622945
62.857142857146755
62.854166666670565
62.851190476194375
62.848214285718186
62.845238095241996
62.842261904765806
62.839285714289616
62.836309523813426
62.83333333333724
62.83035714286105
62.82738095238486
62.82440476190867
62.82142857143248
62.81845238095629
62.8154761904801
62.81250000000391
62.80952380952772
62.80654761905153
62.80357142857534
62.80059523809915
62.79761904762296
62.79464285714677
62.79166666667058
62.78869047619439
62.7857142857182
62.78273809524201
62.77976190476582
62.77678571428963
62.77380952381344
62.77083333333725
62.76785714286106
62.76488095238487
62.76190476190868
62.75892857143249
62.7559523809563
62.75297619048011
62.75000000000392
62.74702380952773
62.74404761905154
62.74107142857535
62.73809523809916
62.73511904762297
62.73214285714678
62.729166666670594
62.726190476194404
62.723214285718214
62.720238095242024
62.717261904765834
62.714285714289645
62.711309523813455
62.708333333337265
62.705357142861075
62.702380952384885
62.699404761908696
62.696428571432506
62.693452380956316
62.690476190480126
62.687500000003936
62.68452380952775
62.68154761905156
62.67857142857537
62.67559523809918
62.67261904762299
62.6696428571468
62.66666666667061
62.66369047619442
62.66071428571823
62.65773809524204
62.65476190476585
62.65178571428966
62.64880952381347
62.64583333333728
62.64285714286109
62.6398809523849
62.63690476190871
62.63392857143252
62.63095238095633
62.62797619048014
62.62500000000395
62.62202380952776
62.61904761905157
62.61607142857538
62.61309523809919
62.610119047623
62.60714285714681
62.60416666667062
62.60119047619443
62.59821428571824
62.59523809524205
62.59226190476586
62.58928571428967
62.58630952381348
62.58333333333729
62.580357142861104
62.577380952384914
62.574404761908724
62.571428571432534
62.568452380956344
62.565476190480155
62.562500000003965
62.559523809527775
62.556547619051585
62.553571428575395
62.550595238099206
62.547619047623016
62.544642857146826
62.541666666670636
62.538690476194446
62.53571428571826
62.53273809524207
62.52976190476588
62.52678571428969
62.5238095238135
62.52083333333731
62.51785714286112
62.51488095238493
62.51190476190874
62.50892857143255
62.50595238095636
62.50297619048017
62.50000000000398
62.49702380952779
62.4940476190516
62.49107142857541
62.48809523809922
62.48511904762303
62.48214285714684
62.47916666667065
62.47619047619446
62.47321428571827
62.47023809524208
62.46726190476589
62.4642857142897
62.46130952381351
62.45833333333732
62.45535714286113
62.45238095238494
62.44940476190875
62.44642857143256
62.44345238095637
62.44047619048018
62.43750000000399
62.4345238095278
62.431547619051614
62.428571428575424
62.425595238099234
62.422619047623044
62.419642857146854
62.416666666670665
62.413690476194475
62.410714285718285
62.407738095242095
62.404761904765905
62.401785714289716
62.398809523813526
62.395833333337336
62.392857142861146
62.38988095238496
62.38690476190877
62.38392857143258
62.38095238095639
62.3779761904802
62.37500000000401
62.37202380952782
62.36904761905163
62.36607142857544
62.36309523809925
62.36011904762306
62.35714285714687
62.35416666667068
62.35119047619449
62.3482142857183
62.34523809524211
62.34226190476592
62.33928571428973
62.33630952381354
62.33333333333735
62.33035714286116
62.32738095238497
62.32440476190878
62.32142857143259
62.3184523809564
62.31547619048021
62.31250000000402
62.30952380952783
62.30654761905164
62.30357142857545
62.30059523809926
62.29761904762307
62.29464285714688
62.29166666667069
62.2886904761945
62.28571428571831
62.282738095242124
62.279761904765934
62.276785714289744
62.273809523813554
62.270833333337364
62.267857142861175
62.264880952384985
62.261904761908795
62.258928571432605
62.255952380956415
62.252976190480226
62.250000000004036
62.247023809527846
62.244047619051656
62.24107142857547
62.23809523809928
62.23511904762309
62.2321428571469
62.22916666667071
62.22619047619452
62.22321428571833
62.22023809524214
62.21726190476595
62.21428571428976
62.21130952381357
62.20833333333738
62.20535714286119
62.202380952385
62.19940476190881
62.19642857143262
62.19345238095643
62.19047619048024
62.18750000000405
62.18452380952786
62.18154761905167
62.17857142857548
62.17559523809929
62.1726190476231
62.16964285714691
62.16666666667072
62.16369047619453
62.16071428571834
62.15773809524215
62.15476190476596
62.15178571428977
62.14880952381358
62.14583333333739
62.1428571428612
62.13988095238501
62.13690476190882
62.133928571432634
62.130952380956444
62.127976190480254
62.125000000004064
62.122023809527875
62.119047619051685
62.116071428575495
62.113095238099305
62.110119047623115
62.107142857146926
62.104166666670736
62.101190476194546
62.098214285718356
62.095238095242166
62.09226190476598
62.08928571428979
62.0863095238136
62.08333333333741
62.08035714286122
62.07738095238503
62.07440476190884
62.07142857143265
62.06845238095646
62.06547619048027
62.06250000000408
62.05952380952789
62.0565476190517
62.05357142857551
62.05059523809932
62.04761904762313
62.04464285714694
62.04166666667075
62.03869047619456
62.03571428571837
62.03273809524218
62.02976190476599
62.0267857142898
62.02380952381361
62.02083333333742
62.01785714286123
62.01488095238504
62.01190476190885
62.00892857143266
62.00595238095647
62.00297619048028
62.00000000000409
61.9970238095279
61.99404761905171
61.99107142857552
61.98809523809933
61.985119047623144
61.982142857146954
61.979166666670764
61.976190476194574
61.973214285718385
61.970238095242195
61.967261904766005
61.964285714289815
61.961309523813625
61.958333333337436
61.955357142861246
61.952380952385056
61.949404761908866
61.946428571432676
61.94345238095649
61.9404761904803
61.93750000000411
61.93452380952792
61.93154761905173
61.92857142857554
61.92559523809935
61.92261904762316
61.91964285714697
61.91666666667078
61.91369047619459
61.9107142857184
61.90773809524221
61.90476190476602
61.90178571428983
61.89880952381364
61.89583333333745
61.89285714286126
61.88988095238507
61.88690476190888
61.88392857143269
61.8809523809565
61.87797619048031
61.87500000000412
61.87202380952793
61.86904761905174
61.86607142857555
61.86309523809936
61.86011904762317
61.85714285714698
61.85416666667079
61.8511904761946
61.84821428571841
61.84523809524222
61.84226190476603
61.839285714289844
61.836309523813654
61.833333333337464
61.830357142861274
61.827380952385084
61.824404761908895
61.821428571432705
61.818452380956515
61.815476190480325
61.812500000004135
61.809523809527946
61.806547619051756
61.803571428575566
61.800595238099376
61.797619047623186
61.794642857147
61.79166666667081
61.78869047619462
61.78571428571843
61.78273809524224
61.77976190476605
61.77678571428986
61.77380952381367
61.77083333333748
61.76785714286129
61.7648809523851
61.76190476190891
61.75892857143272
61.75595238095653
61.75297619048034
61.75000000000415
61.74702380952796
61.74404761905177
61.74107142857558
61.73809523809939
61.7351190476232
61.73214285714701
61.72916666667082
61.72619047619463
61.72321428571844
61.72023809524225
61.71726190476606
61.71428571428987
61.71130952381368
61.70833333333749
61.7053571428613
61.70238095238511
61.69940476190892
61.69642857143273
61.69345238095654
61.690476190480354
61.687500000004164
61.684523809527974
61.681547619051784
61.678571428575594
61.675595238099405
61.672619047623215
61.669642857147025
61.666666666670835
61.663690476194645
61.660714285718456
61.657738095242266
61.654761904766076
61.651785714289886
61.648809523813696
61.64583333333751
61.64285714286132
61.63988095238513
61.63690476190894
61.63392857143275
61.63095238095656
61.62797619048037
61.62500000000418
61.62202380952799
61.6190476190518
61.61607142857561
61.61309523809942
61.61011904762323
61.60714285714704
61.60416666667085
61.60119047619466
61.59821428571847
61.59523809524228
61.59226190476609
61.5892857142899
61.58630952381371
61.58333333333752
61.58035714286133
61.57738095238514
61.57440476190895
61.57142857143276
61.56845238095657
61.56547619048038
61.56250000000419
61.559523809528
61.55654761905181
61.55357142857562
61.55059523809943
61.54761904762324
61.54464285714705
61.541666666670864
61.538690476194674
61.535714285718484
61.532738095242294
61.529761904766104
61.526785714289915
61.523809523813725
61.520833333337535
61.517857142861345
61.514880952385155
61.511904761908966
61.508928571432776
61.505952380956586
61.502976190480396
61.500000000004206
61.49702380952802
61.49404761905183
61.49107142857564
61.48809523809945
61.48511904762326
61.48214285714707
61.47916666667088
61.47619047619469
61.4732142857185
61.47023809524231
61.46726190476612
61.46428571428993
61.46130952381374
61.45833333333755
61.45535714286136
61.45238095238517
61.44940476190898
61.44642857143279
61.4434523809566
61.44047619048041
61.43750000000422
61.43452380952803
61.43154761905184
61.42857142857565
61.42559523809946
61.42261904762327
61.41964285714708
61.41666666667089
61.4136904761947
61.41071428571851
61.40773809524232
61.40476190476613
61.40178571428994
61.39880952381375
61.39583333333756
61.392857142861374
61.389880952385184
61.386904761908994
61.383928571432804
61.380952380956614
61.377976190480425
61.375000000004235
61.372023809528045
61.369047619051855
61.366071428575665
61.363095238099476
61.360119047623286
61.357142857147096
61.354166666670906
61.351190476194716
61.34821428571853
61.34523809524234
61.34226190476615
61.33928571428996
61.33630952381377
61.33333333333758
61.33035714286139
61.3273809523852
61.32440476190901
61.32142857143282
61.31845238095663
61.31547619048044
61.31250000000425
61.30952380952806
61.30654761905187
61.30357142857568
61.30059523809949
61.2976190476233
61.29464285714711
61.29166666667092
61.28869047619473
61.28571428571854
61.28273809524235
61.27976190476616
61.27678571428997
61.27380952381378
61.27083333333759
61.2678571428614
61.26488095238521
61.26190476190902
61.25892857143283
61.25595238095664
61.25297619048045
61.25000000000426
61.24702380952807
61.244047619051884
61.241071428575694
61.238095238099504
61.235119047623314
61.232142857147124
61.229166666670935
61.226190476194745
61.223214285718555
61.220238095242365
61.217261904766175
61.214285714289986
61.211309523813796
61.208333333337606
61.205357142861416
61.20238095238523
61.19940476190904
61.19642857143285
61.19345238095666
61.19047619048047
61.18750000000428
61.18452380952809
61.1815476190519
61.17857142857571
61.17559523809952
61.17261904762333
61.16964285714714
61.16666666667095
61.16369047619476
61.16071428571857
61.15773809524238
61.15476190476619
61.15178571429
61.14880952381381
61.14583333333762
61.14285714286143
61.13988095238524
61.13690476190905
61.13392857143286
61.13095238095667
61.12797619048048
61.12500000000429
61.1220238095281
61.11904761905191
61.11607142857572
61.11309523809953
61.11011904762334
61.10714285714715
61.10416666667096
61.10119047619477
61.09821428571858
61.095238095242394
61.092261904766204
61.089285714290014
61.086309523813824
61.083333333337634
61.080357142861445
61.077380952385255
61.074404761909065
61.071428571432875
61.068452380956685
61.065476190480496
61.062500000004306
61.059523809528116
61.056547619051926
61.05357142857574
61.05059523809955
61.04761904762336
61.04464285714717
61.04166666667098
61.03869047619479
61.0357142857186
61.03273809524241
61.02976190476622
61.02678571429003
61.02380952381384
61.02083333333765
61.01785714286146
61.01488095238527
61.01190476190908
61.00892857143289
61.0059523809567
61.00297619048051
61.00000000000432
60.99702380952813
60.99404761905194
60.99107142857575
60.98809523809956
60.98511904762337
60.98214285714718
60.97916666667099
60.9761904761948
60.97321428571861
60.97023809524242
60.96726190476623
60.96428571429004
60.96130952381385
60.95833333333766
60.95535714286147
60.95238095238528
60.94940476190909
60.946428571432904
60.943452380956714
60.940476190480524
60.937500000004334
60.934523809528145
60.931547619051955
60.928571428575765
60.925595238099575
60.922619047623385
60.919642857147196
60.916666666671006
60.913690476194816
60.910714285718626
60.907738095242436
60.90476190476625
60.90178571429006
60.89880952381387
60.89583333333768
60.89285714286149
60.8898809523853
60.88690476190911
60.88392857143292
60.88095238095673
60.87797619048054
60.87500000000435
60.87202380952816
60.86904761905197
60.86607142857578
60.86309523809959
60.8601190476234
60.85714285714721
60.85416666667102
60.85119047619483
60.84821428571864
60.84523809524245
60.84226190476626
60.83928571429007
60.83630952381388
60.83333333333769
60.8303571428615
60.82738095238531
60.82440476190912
60.82142857143293
60.81845238095674
60.81547619048055
60.81250000000436
60.80952380952817
60.80654761905198
60.80357142857579
60.8005952380996
60.797619047623414
60.794642857147224
60.791666666671034
60.788690476194844
60.785714285718655
60.782738095242465
60.779761904766275
60.776785714290085
60.773809523813895
60.770833333337706
60.767857142861516
60.764880952385326
60.761904761909136
60.758928571432946
60.75595238095676
60.75297619048057
60.75000000000438
60.74702380952819
60.744047619052
60.74107142857581
60.73809523809962
60.73511904762343
60.73214285714724
60.72916666667105
60.72619047619486
60.72321428571867
60.72023809524248
60.71726190476629
60.7142857142901
60.71130952381391
60.70833333333772
60.70535714286153
60.70238095238534
60.69940476190915
60.69642857143296
60.69345238095677
60.69047619048058
60.68750000000439
60.6845238095282
60.68154761905201
60.67857142857582
60.67559523809963
60.67261904762344
60.66964285714725
60.66666666667106
60.66369047619487
60.66071428571868
60.65773809524249
60.6547619047663
60.651785714290114
60.648809523813924
60.645833333337734
60.642857142861544
60.639880952385354
60.636904761909165
60.633928571432975
60.630952380956785
60.627976190480595
60.625000000004405
60.622023809528216
60.619047619052026
60.616071428575836
60.613095238099646
60.610119047623456
60.60714285714727
60.60416666667108
60.60119047619489
60.5982142857187
60.59523809524251
60.59226190476632
60.58928571429013
60.58630952381394
60.58333333333775
60.58035714286156
60.57738095238537
60.57440476190918
60.57142857143299
60.5684523809568
60.56547619048061
60.56250000000442
60.55952380952823
60.55654761905204
60.55357142857585
60.55059523809966
60.54761904762347
60.54464285714728
60.54166666667109
60.5386904761949
60.53571428571871
60.53273809524252
60.52976190476633
60.52678571429014
60.52380952381395
60.52083333333776
60.51785714286157
60.51488095238538
60.51190476190919
60.508928571433
60.50595238095681
60.502976190480624
60.500000000004434
60.497023809528244
60.494047619052054
60.491071428575864
60.488095238099675
60.485119047623485
60.482142857147295
60.479166666671105
60.476190476194915
60.473214285718726
60.470238095242536
60.467261904766346
60.464285714290156
60.461309523813966
60.45833333333778
60.45535714286159
60.4523809523854
60.44940476190921
60.44642857143302
60.44345238095683
60.44047619048064
60.43750000000445
60.43452380952826
60.43154761905207
60.42857142857588
60.42559523809969
60.4226190476235
60.41964285714731
60.41666666667112
60.41369047619493
60.41071428571874
60.40773809524255
60.40476190476636
60.40178571429017
60.39880952381398
60.39583333333779
60.3928571428616
60.38988095238541
60.38690476190922
60.38392857143303
60.38095238095684
60.37797619048065
60.37500000000446
60.37202380952827
60.36904761905208
60.36607142857589
60.3630952380997
60.36011904762351
60.35714285714732
60.354166666671134
60.351190476194944
60.348214285718754
60.345238095242564
60.342261904766374
60.339285714290185
60.336309523813995
60.333333333337805
60.330357142861615
60.327380952385425
60.324404761909236
60.321428571433046
60.318452380956856
60.315476190480666
60.312500000004476
60.30952380952829
60.3065476190521
60.30357142857591
60.30059523809972
60.29761904762353
60.29464285714734
60.29166666667115
60.28869047619496
60.28571428571877
60.28273809524258
60.27976190476639
60.2767857142902
60.27380952381401
60.27083333333782
60.26785714286163
60.26488095238544
60.26190476190925
60.25892857143306
60.25595238095687
60.25297619048068
60.25000000000449
60.2470238095283
60.24404761905211
60.24107142857592
60.23809523809973
60.23511904762354
60.23214285714735
60.22916666667116
60.22619047619497
60.22321428571878
60.22023809524259
60.2172619047664
60.21428571429021
60.21130952381402
60.20833333333783
60.205357142861644
60.202380952385454
60.199404761909264
60.196428571433074
60.193452380956884
60.190476190480695
60.187500000004505
60.184523809528315
60.181547619052125
60.178571428575935
60.175595238099746
60.172619047623556
60.169642857147366
60.166666666671176
60.163690476194986
60.1607142857188
60.15773809524261
60.15476190476642
60.15178571429023
60.14880952381404
60.14583333333785
60.14285714286166
60.13988095238547
60.13690476190928
60.13392857143309
60.1309523809569
60.12797619048071
60.12500000000452
60.12202380952833
60.11904761905214
60.11607142857595
60.11309523809976
60.11011904762357
60.10714285714738
60.10416666667119
60.101190476195
60.09821428571881
60.09523809524262
60.09226190476643
60.08928571429024
60.08630952381405
60.08333333333786
60.08035714286167
60.07738095238548
60.07440476190929
60.0714285714331
60.06845238095691
60.06547619048072
60.06250000000453
60.05952380952834
60.056547619052154
60.053571428575964
60.050595238099774
60.047619047623584
60.044642857147394
60.041666666671205
60.038690476195015
60.035714285718825
60.032738095242635
60.029761904766445
60.026785714290256
60.023809523814066
60.020833333337876
60.017857142861686
60.0148809523855
60.01190476190931
60.00892857143312
60.00595238095693
60.00297619048074
60.00000000000455
59.99702380952836
59.99404761905217
59.99107142857598
59.98809523809979
59.9851190476236
59.98214285714741
59.97916666667122
59.97619047619503
59.97321428571884
59.97023809524265
59.96726190476646
59.96428571429027
59.96130952381408
59.95833333333789
59.9553571428617
59.95238095238551
59.94940476190932
59.94642857143313
59.94345238095694
59.94047619048075
59.93750000000456
59.93452380952837
59.93154761905218
59.92857142857599
59.9255952380998
59.92261904762361
59.91964285714742
59.91666666667123
59.91369047619504
59.91071428571885
59.907738095242664
59.904761904766474
59.901785714290284
59.898809523814094
59.895833333337904
59.892857142861715
59.889880952385525
59.886904761909335
59.883928571433145
59.880952380956955
59.877976190480766
59.875000000004576
59.872023809528386
59.869047619052196
59.86607142857601
59.86309523809982
59.86011904762363
59.85714285714744
59.85416666667125
59.85119047619506
59.84821428571887
59.84523809524268
59.84226190476649
59.8392857142903
59.83630952381411
59.83333333333792
59.83035714286173
59.82738095238554
59.82440476190935
59.82142857143316
59.81845238095697
59.81547619048078
59.81250000000459
59.8095238095284
59.80654761905221
59.80357142857602
59.80059523809983
59.79761904762364
59.79464285714745
59.79166666667126
59.78869047619507
59.78571428571888
59.78273809524269
59.7797619047665
59.77678571429031
59.77380952381412
59.77083333333793
59.76785714286174
59.76488095238555
59.76190476190936
59.758928571433174
59.755952380956984
59.752976190480794
59.750000000004604
59.747023809528415
59.744047619052225
59.741071428576035
59.738095238099845
59.735119047623655
59.732142857147466
59.729166666671276
59.726190476195086
59.723214285718896
59.720238095242706
59.71726190476652
59.71428571429033
59.71130952381414
59.70833333333795
59.70535714286176
59.70238095238557
59.69940476190938
59.69642857143319
59.693452380957
59.69047619048081
59.68750000000462
59.68452380952843
59.68154761905224
59.67857142857605
59.67559523809986
59.67261904762367
59.66964285714748
59.66666666667129
59.6636904761951
59.66071428571891
59.65773809524272
59.65476190476653
59.65178571429034
59.64880952381415
59.64583333333796
59.64285714286177
59.63988095238558
59.63690476190939
59.6339285714332
59.63095238095701
59.62797619048082
59.62500000000463
59.62202380952844
59.61904761905225
59.61607142857606
59.61309523809987
59.610119047623684
59.607142857147494
59.604166666671304
59.601190476195114
59.598214285718925
59.595238095242735
59.592261904766545
59.589285714290355
59.586309523814165
59.583333333337976
59.580357142861786
59.577380952385596
59.574404761909406
59.571428571433216
59.56845238095703
59.56547619048084
59.56250000000465
59.55952380952846
59.55654761905227
59.55357142857608
59.55059523809989
59.5476190476237
59.54464285714751
59.54166666667132
59.53869047619513
59.53571428571894
59.53273809524275
59.52976190476656
59.52678571429037
59.52380952381418
59.52083333333799
59.5178571428618
59.51488095238561
59.51190476190942
59.50892857143323
59.50595238095704
59.50297619048085
59.50000000000466
59.49702380952847
59.49404761905228
59.49107142857609
59.4880952380999
59.48511904762371
59.48214285714752
59.47916666667133
59.47619047619514
59.47321428571895
59.47023809524276
59.46726190476657
59.464285714290384
59.461309523814194
59.458333333338004
59.455357142861814
59.452380952385624
59.449404761909435
59.446428571433245
59.443452380957055
59.440476190480865
59.437500000004675
59.434523809528486
59.431547619052296
59.428571428576106
59.425595238099916
59.422619047623726
59.41964285714754
59.41666666667135
59.41369047619516
59.41071428571897
59.40773809524278
59.40476190476659
59.4017857142904
59.39880952381421
59.39583333333802
59.39285714286183
59.38988095238564
59.38690476190945
59.38392857143326
59.38095238095707
59.37797619048088
59.37500000000469
59.3720238095285
59.36904761905231
59.36607142857612
59.36309523809993
59.36011904762374
59.35714285714755
59.35416666667136
59.35119047619517
59.34821428571898
59.34523809524279
59.3422619047666
59.33928571429041
59.33630952381422
59.33333333333803
59.33035714286184
59.32738095238565
59.32440476190946
59.32142857143327
59.31845238095708
59.315476190480894
59.312500000004704
59.309523809528514
59.306547619052324
59.303571428576134
59.300595238099945
59.297619047623755
59.294642857147565
59.291666666671375
59.288690476195185
59.285714285718996
59.282738095242806
59.279761904766616
59.276785714290426
59.273809523814236
59.27083333333805
59.26785714286186
59.26488095238567
59.26190476190948
59.25892857143329
59.2559523809571
59.25297619048091
59.25000000000472
59.24702380952853
59.24404761905234
59.24107142857615
59.23809523809996
59.23511904762377
59.23214285714758
59.22916666667139
59.2261904761952
59.22321428571901
59.22023809524282
59.21726190476663
59.21428571429044
59.21130952381425
59.20833333333806
59.20535714286187
59.20238095238568
59.19940476190949
59.1964285714333
59.19345238095711
59.19047619048092
59.18750000000473
59.18452380952854
59.18154761905235
59.17857142857616
59.17559523809997
59.17261904762378
59.16964285714759
59.166666666671404
59.163690476195214
59.160714285719024
59.157738095242834
59.154761904766644
59.151785714290455
59.148809523814265
59.145833333338075
59.142857142861885
59.139880952385695
59.136904761909506
59.133928571433316
59.130952380957126
59.127976190480936
59.125000000004746
59.12202380952856
59.11904761905237
59.11607142857618
59.11309523809999
59.1101190476238
59.10714285714761
59.10416666667142
59.10119047619523
59.09821428571904
59.09523809524285
59.09226190476666
59.08928571429047
59.08630952381428
59.08333333333809
59.0803571428619
59.07738095238571
59.07440476190952
59.07142857143333
59.06845238095714
59.06547619048095
59.06250000000476
59.05952380952857
59.05654761905238
59.05357142857619
59.0505952381
59.04761904762381
59.04464285714762
59.04166666667143
59.03869047619524
59.03571428571905
59.03273809524286
59.02976190476667
59.02678571429048
59.02380952381429
59.0208333333381
59.017857142861914
59.014880952385724
59.011904761909534
59.008928571433344
59.005952380957154
59.002976190480965
59.000000000004775
58.997023809528585
58.994047619052395
58.991071428576205
58.988095238100016
58.985119047623826
58.982142857147636
58.979166666671446
58.97619047619526
58.97321428571907
58.97023809524288
58.96726190476669
58.9642857142905
58.96130952381431
58.95833333333812
58.95535714286193
58.95238095238574
58.94940476190955
58.94642857143336
58.94345238095717
58.94047619048098
58.93750000000479
58.9345238095286
58.93154761905241
58.92857142857622
58.92559523810003
58.92261904762384
58.91964285714765
58.91666666667146
58.91369047619527
58.91071428571908
58.90773809524289
58.9047619047667
58.90178571429051
58.89880952381432
58.89583333333813
58.89285714286194
58.88988095238575
58.88690476190956
58.88392857143337
58.88095238095718
58.87797619048099
58.8750000000048
58.87202380952861
58.869047619052424
58.866071428576234
58.863095238100044
58.860119047623854
58.857142857147664
58.854166666671475
58.851190476195285
58.848214285719095
58.845238095242905
58.842261904766715
58.839285714290526
58.836309523814336
58.833333333338146
58.830357142861956
58.82738095238577
58.82440476190958
58.82142857143339
58.8184523809572
58.81547619048101
58.81250000000482
58.80952380952863
58.80654761905244
58.80357142857625
58.80059523810006
58.79761904762387
58.79464285714768
58.79166666667149
58.7886904761953
58.78571428571911
58.78273809524292
58.77976190476673
58.77678571429054
58.77380952381435
58.77083333333816
58.76785714286197
58.76488095238578
58.76190476190959
58.7589285714334
58.75595238095721
58.75297619048102
58.75000000000483
58.74702380952864
58.74404761905245
58.74107142857626
58.73809523810007
58.73511904762388
58.73214285714769
58.7291666666715
58.72619047619531
58.72321428571912
58.720238095242934
58.717261904766744
58.714285714290554
58.711309523814364
58.708333333338174
58.705357142861985
58.702380952385795
58.699404761909605
58.696428571433415
58.693452380957226
58.690476190481036
58.687500000004846
58.684523809528656
58.681547619052466
58.67857142857628
58.67559523810009
58.6726190476239
58.66964285714771
58.66666666667152
58.66369047619533
58.66071428571914
58.65773809524295
58.65476190476676
58.65178571429057
58.64880952381438
58.64583333333819
58.642857142862
58.63988095238581
58.63690476190962
58.63392857143343
58.63095238095724
58.62797619048105
58.62500000000486
58.62202380952867
58.61904761905248
58.61607142857629
58.6130952381001
58.61011904762391
58.60714285714772
58.60416666667153
58.60119047619534
58.59821428571915
58.59523809524296
58.59226190476677
58.58928571429058
58.58630952381439
58.5833333333382
58.58035714286201
58.57738095238582
58.57440476190963
58.571428571433444
58.568452380957254
58.565476190481064
58.562500000004874
58.559523809528685
58.556547619052495
58.553571428576305
58.550595238100115
58.547619047623925
58.544642857147736
58.541666666671546
58.538690476195356
58.535714285719166
58.532738095242976
58.52976190476679
58.5267857142906
58.52380952381441
58.52083333333822
58.51785714286203
58.51488095238584
58.51190476190965
58.50892857143346
58.50595238095727
58.50297619048108
58.50000000000489
58.4970238095287
58.49404761905251
58.49107142857632
58.48809523810013
58.48511904762394
58.48214285714775
58.47916666667156
58.47619047619537
58.47321428571918
58.47023809524299
58.4672619047668
58.46428571429061
58.46130952381442
58.45833333333823
58.45535714286204
58.45238095238585
58.44940476190966
58.44642857143347
58.44345238095728
58.44047619048109
58.4375000000049
58.43452380952871
58.43154761905252
58.42857142857633
58.42559523810014
58.422619047623954
58.419642857147764
58.416666666671574
58.413690476195384
58.410714285719195
58.407738095243005
58.404761904766815
58.401785714290625
58.398809523814435
58.395833333338246
58.392857142862056
58.389880952385866
58.386904761909676
58.383928571433486
58.3809523809573
58.37797619048111
58.37500000000492
58.37202380952873
58.36904761905254
58.36607142857635
58.36309523810016
58.36011904762397
58.35714285714778
58.35416666667159
58.3511904761954
58.34821428571921
58.34523809524302
58.34226190476683
58.33928571429064
58.33630952381445
58.33333333333826
58.33035714286207
58.32738095238588
58.32440476190969
58.3214285714335
58.31845238095731
58.31547619048112
58.31250000000493
58.30952380952874
58.30654761905255
58.30357142857636
58.30059523810017
58.29761904762398
58.29464285714779
58.2916666666716
58.28869047619541
58.28571428571922
58.28273809524303
58.27976190476684
58.276785714290654
58.273809523814464
58.270833333338274
58.267857142862084
58.264880952385894
58.261904761909705
58.258928571433515
58.255952380957325
58.252976190481135
58.250000000004945
58.247023809528756
58.244047619052566
58.241071428576376
58.238095238100186
58.235119047623996
58.23214285714781
58.22916666667162
58.22619047619543
58.22321428571924
58.22023809524305
58.21726190476686
58.21428571429067
58.21130952381448
58.20833333333829
58.2053571428621
58.20238095238591
58.19940476190972
58.19642857143353
58.19345238095734
58.19047619048115
58.18750000000496
58.18452380952877
58.18154761905258
58.17857142857639
58.1755952381002
58.17261904762401
58.16964285714782
58.16666666667163
58.16369047619544
58.16071428571925
58.15773809524306
58.15476190476687
58.15178571429068
58.14880952381449
58.1458333333383
58.14285714286211
58.13988095238592
58.13690476190973
58.13392857143354
58.13095238095735
58.127976190481164
58.125000000004974
58.122023809528784
58.119047619052594
58.116071428576404
58.113095238100215
58.110119047624025
58.107142857147835
58.104166666671645
58.101190476195455
58.098214285719266
58.095238095243076
58.092261904766886
58.089285714290696
58.086309523814506
58.08333333333832
58.08035714286213
58.07738095238594
58.07440476190975
58.07142857143356
58.06845238095737
58.06547619048118
58.06250000000499
58.0595238095288
58.05654761905261
58.05357142857642
58.05059523810023
58.04761904762404
58.04464285714785
58.04166666667166
58.03869047619547
58.03571428571928
58.03273809524309
58.0297619047669
58.02678571429071
58.02380952381452
58.02083333333833
58.01785714286214
58.01488095238595
58.01190476190976
58.00892857143357
58.00595238095738
58.00297619048119
58.000000000005
57.99702380952881
57.99404761905262
57.99107142857643
57.98809523810024
57.98511904762405
57.98214285714786
57.979166666671674
57.976190476195484
57.973214285719294
57.970238095243104
57.967261904766914
57.964285714290725
57.961309523814535
57.958333333338345
57.955357142862155
57.952380952385965
57.949404761909776
57.946428571433586
57.943452380957396
57.940476190481206
57.937500000005016
57.93452380952883
57.93154761905264
57.92857142857645
57.92559523810026
57.92261904762407
57.91964285714788
57.91666666667169
57.9136904761955
57.91071428571931
57.90773809524312
57.90476190476693
57.90178571429074
57.89880952381455
57.89583333333836
57.89285714286217
57.88988095238598
57.88690476190979
57.8839285714336
57.88095238095741
57.87797619048122
57.87500000000503
57.87202380952884
57.86904761905265
57.86607142857646
57.86309523810027
57.86011904762408
57.85714285714789
57.8541666666717
57.85119047619551
57.84821428571932
57.84523809524313
57.84226190476694
57.83928571429075
57.83630952381456
57.83333333333837
57.830357142862184
57.827380952385994
57.824404761909804
57.821428571433614
57.818452380957424
57.815476190481235
57.812500000005045
57.809523809528855
57.806547619052665
57.803571428576475
57.800595238100286
57.797619047624096
57.794642857147906
57.791666666671716
57.78869047619553
57.78571428571934
57.78273809524315
57.77976190476696
57.77678571429077
57.77380952381458
57.77083333333839
57.7678571428622
57.76488095238601
57.76190476190982
57.75892857143363
57.75595238095744
57.75297619048125
57.75000000000506
57.74702380952887
57.74404761905268
57.74107142857649
57.7380952381003
57.73511904762411
57.73214285714792
57.72916666667173
57.72619047619554
57.72321428571935
57.72023809524316
57.71726190476697
57.71428571429078
57.71130952381459
57.7083333333384
57.70535714286221
57.70238095238602
57.69940476190983
57.69642857143364
57.69345238095745
57.69047619048126
57.68750000000507
57.68452380952888
57.681547619052694
57.678571428576504
57.675595238100314
57.672619047624124
57.669642857147934
57.666666666671745
57.663690476195555
57.660714285719365
57.657738095243175
57.654761904766985
57.651785714290796
57.648809523814606
57.645833333338416
57.642857142862226
57.63988095238604
57.63690476190985
57.63392857143366
57.63095238095747
57.62797619048128
57.62500000000509
57.6220238095289
57.61904761905271
57.61607142857652
57.61309523810033
57.61011904762414
57.60714285714795
57.60416666667176
57.60119047619557
57.59821428571938
57.59523809524319
57.592261904767
57.58928571429081
57.58630952381462
57.58333333333843
57.58035714286224
57.57738095238605
57.57440476190986
57.57142857143367
57.56845238095748
57.56547619048129
57.5625000000051
57.55952380952891
57.55654761905272
57.55357142857653
57.55059523810034
57.54761904762415
57.54464285714796
57.54166666667177
57.53869047619558
57.53571428571939
57.532738095243204
57.529761904767014
57.526785714290824
57.523809523814634
57.520833333338445
57.517857142862255
57.514880952386065
57.511904761909875
57.508928571433685
57.505952380957496
57.502976190481306
57.500000000005116
57.497023809528926
57.494047619052736
57.49107142857655
57.48809523810036
57.48511904762417
57.48214285714798
57.47916666667179
57.4761904761956
57.47321428571941
57.47023809524322
57.46726190476703
57.46428571429084
57.46130952381465
57.45833333333846
57.45535714286227
57.45238095238608
57.44940476190989
57.4464285714337
57.44345238095751
57.44047619048132
57.43750000000513
57.43452380952894
57.43154761905275
57.42857142857656
57.42559523810037
57.42261904762418
57.41964285714799
57.4166666666718
57.41369047619561
57.41071428571942
57.40773809524323
57.40476190476704
57.40178571429085
57.39880952381466
57.39583333333847
57.39285714286228
57.38988095238609
57.3869047619099
57.383928571433714
57.380952380957524
57.377976190481334
57.375000000005144
57.372023809528955
57.369047619052765
57.366071428576575
57.363095238100385
57.360119047624195
57.357142857148006
57.354166666671816
57.351190476195626
57.348214285719436
57.345238095243246
57.34226190476706
57.33928571429087
57.33630952381468
57.33333333333849
57.3303571428623
57.32738095238611
57.32440476190992
57.32142857143373
57.31845238095754
57.31547619048135
57.31250000000516
57.30952380952897
57.30654761905278
57.30357142857659
57.3005952381004
57.29761904762421
57.29464285714802
57.29166666667183
57.28869047619564
57.28571428571945
57.28273809524326
57.27976190476707
57.27678571429088
57.27380952381469
57.2708333333385
57.26785714286231
57.26488095238612
57.26190476190993
57.25892857143374
57.25595238095755
57.25297619048136
57.25000000000517
57.24702380952898
57.24404761905279
57.2410714285766
57.238095238100414
57.235119047624224
57.232142857148034
57.229166666671844
57.226190476195654
57.223214285719465
57.220238095243275
57.217261904767085
57.214285714290895
57.211309523814705
57.208333333338516
57.205357142862326
57.202380952386136
57.199404761909946
57.196428571433756
57.19345238095757
57.19047619048138
57.18750000000519
57.184523809529
57.18154761905281
57.17857142857662
57.17559523810043
57.17261904762424
57.16964285714805
57.16666666667186
57.16369047619567
57.16071428571948
57.15773809524329
57.1547619047671
57.15178571429091
57.14880952381472
57.14583333333853
57.14285714286234
57.13988095238615
57.13690476190996
57.13392857143377
57.13095238095758
57.12797619048139
57.1250000000052
57.12202380952901
57.11904761905282
57.11607142857663
57.11309523810044
57.11011904762425
57.10714285714806
57.10416666667187
57.10119047619568
57.09821428571949
57.0952380952433
57.09226190476711
57.089285714290924
57.086309523814734
57.083333333338544
57.080357142862354
57.077380952386164
57.074404761909975
57.071428571433785
57.068452380957595
57.065476190481405
57.062500000005215
57.059523809529026
57.056547619052836
57.053571428576646
57.050595238100456
57.047619047624266
57.04464285714808
57.04166666667189
57.0386904761957
57.03571428571951
57.03273809524332
57.02976190476713
57.02678571429094
57.02380952381475
57.02083333333856
57.01785714286237
57.01488095238618
57.01190476190999
57.0089285714338
57.00595238095761
57.00297619048142
57.00000000000523
56.99702380952904
56.99404761905285
56.99107142857666
56.98809523810047
56.98511904762428
56.98214285714809
56.9791666666719
56.97619047619571
56.97321428571952
56.97023809524333
56.96726190476714
56.96428571429095
56.96130952381476
56.95833333333857
56.95535714286238
56.95238095238619
56.94940476191
56.94642857143381
56.94345238095762
56.940476190481434
56.937500000005244
56.934523809529054
56.931547619052864
56.928571428576674
56.925595238100485
56.922619047624295
56.919642857148105
56.916666666671915
56.913690476195725
56.910714285719536
56.907738095243346
56.904761904767156
56.901785714290966
56.898809523814776
56.89583333333859
56.8928571428624
56.88988095238621
56.88690476191002
56.88392857143383
56.88095238095764
56.87797619048145
56.87500000000526
56.87202380952907
56.86904761905288
56.86607142857669
56.8630952381005
56.86011904762431
56.85714285714812
56.85416666667193
56.85119047619574
56.84821428571955
56.84523809524336
56.84226190476717
56.83928571429098
56.83630952381479
56.8333333333386
56.83035714286241
56.82738095238622
56.82440476191003
56.82142857143384
56.81845238095765
56.81547619048146
56.81250000000527
56.80952380952908
56.80654761905289
56.8035714285767
56.80059523810051
56.79761904762432
56.79464285714813
56.791666666671944
56.788690476195754
56.785714285719564
56.782738095243374
56.779761904767184
56.776785714290995
56.773809523814805
56.770833333338615
56.767857142862425
56.764880952386235
56.761904761910046
56.758928571433856
56.755952380957666
56.752976190481476
56.750000000005286
56.7470238095291
56.74404761905291
56.74107142857672
56.73809523810053
56.73511904762434
56.73214285714815
56.72916666667196
56.72619047619577
56.72321428571958
56.72023809524339
56.7172619047672
56.71428571429101
56.71130952381482
56.70833333333863
56.70535714286244
56.70238095238625
56.69940476191006
56.69642857143387
56.69345238095768
56.69047619048149
56.6875000000053
56.68452380952911
56.68154761905292
56.67857142857673
56.67559523810054
56.67261904762435
56.66964285714816
56.66666666667197
56.66369047619578
56.66071428571959
56.6577380952434
56.65476190476721
56.65178571429102
56.64880952381483
56.64583333333864
56.642857142862454
56.639880952386264
56.636904761910074
56.633928571433884
56.630952380957694
56.627976190481505
56.625000000005315
56.622023809529125
56.619047619052935
56.616071428576745
56.613095238100556
56.610119047624366
56.607142857148176
56.604166666671986
56.6011904761958
56.59821428571961
56.59523809524342
56.59226190476723
56.58928571429104
56.58630952381485
56.58333333333866
56.58035714286247
56.57738095238628
56.57440476191009
56.5714285714339
56.56845238095771
56.56547619048152
56.56250000000533
56.55952380952914
56.55654761905295
56.55357142857676
56.55059523810057
56.54761904762438
56.54464285714819
56.541666666672
56.53869047619581
56.53571428571962
56.53273809524343
56.52976190476724
56.52678571429105
56.52380952381486
56.52083333333867
56.51785714286248
56.51488095238629
56.5119047619101
56.50892857143391
56.50595238095772
56.50297619048153
56.50000000000534
56.49702380952915
56.494047619052964
56.491071428576774
56.488095238100584
56.485119047624394
56.482142857148204
56.479166666672015
56.476190476195825
56.473214285719635
56.470238095243445
56.467261904767255
56.464285714291066
56.461309523814876
56.458333333338686
56.455357142862496
56.45238095238631
56.44940476191012
56.44642857143393
56.44345238095774
56.44047619048155
56.43750000000536
56.43452380952917
56.43154761905298
56.42857142857679
56.4255952381006
56.42261904762441
56.41964285714822
56.41666666667203
56.41369047619584
56.41071428571965
56.40773809524346
56.40476190476727
56.40178571429108
56.39880952381489
56.3958333333387
56.39285714286251
56.38988095238632
56.38690476191013
56.38392857143394
56.38095238095775
56.37797619048156
56.37500000000537
56.37202380952918
56.36904761905299
56.3660714285768
56.36309523810061
56.36011904762442
56.35714285714823
56.35416666667204
56.35119047619585
56.34821428571966
56.345238095243474
56.342261904767284
56.339285714291094
56.336309523814904
56.333333333338715
56.330357142862525
56.327380952386335
56.324404761910145
56.321428571433955
56.318452380957766
56.315476190481576
56.312500000005386
56.309523809529196
56.306547619053006
56.30357142857682
56.30059523810063
56.29761904762444
56.29464285714825
56.29166666667206
56.28869047619587
56.28571428571968
56.28273809524349
56.2797619047673
56.27678571429111
56.27380952381492
56.27083333333873
56.26785714286254
56.26488095238635
56.26190476191016
56.25892857143397
56.25595238095778
56.25297619048159
56.2500000000054
56.24702380952921
56.24404761905302
56.24107142857683
56.23809523810064
56.23511904762445
56.23214285714826
56.22916666667207
56.22619047619588
56.22321428571969
56.2202380952435
56.21726190476731
56.21428571429112
56.21130952381493
56.20833333333874
56.20535714286255
56.20238095238636
56.19940476191017
56.196428571433984
56.193452380957794
56.190476190481604
56.187500000005414
56.184523809529225
56.181547619053035
56.178571428576845
56.175595238100655
56.172619047624465
56.169642857148276
56.166666666672086
56.163690476195896
56.160714285719706
56.157738095243516
56.15476190476733
56.15178571429114
56.14880952381495
56.14583333333876
56.14285714286257
56.13988095238638
56.13690476191019
56.133928571434
56.13095238095781
56.12797619048162
56.12500000000543
56.12202380952924
56.11904761905305
56.11607142857686
56.11309523810067
56.11011904762448
56.10714285714829
56.1041666666721
56.10119047619591
56.09821428571972
56.09523809524353
56.09226190476734
56.08928571429115
56.08630952381496
56.08333333333877
56.08035714286258
56.07738095238639
56.0744047619102
56.07142857143401
56.06845238095782
56.06547619048163
56.06250000000544
56.05952380952925
56.05654761905306
56.05357142857687
56.050595238100684
56.047619047624494
56.044642857148304
56.041666666672114
56.038690476195924
56.035714285719735
56.032738095243545
56.029761904767355
56.026785714291165
56.023809523814975
56.020833333338786
56.017857142862596
56.014880952386406
56.011904761910216
56.008928571434026
56.00595238095784
56.00297619048165
56.00000000000546
55.99702380952927
55.99404761905308
55.99107142857689
55.9880952381007
55.98511904762451
55.98214285714832
55.97916666667213
55.97619047619594
55.97321428571975
55.97023809524356
55.96726190476737
55.96428571429118
55.96130952381499
55.9583333333388
55.95535714286261
55.95238095238642
55.94940476191023
55.94642857143404
55.94345238095785
55.94047619048166
55.93750000000547
55.93452380952928
55.93154761905309
55.9285714285769
55.92559523810071
55.92261904762452
55.91964285714833
55.91666666667214
55.91369047619595
55.91071428571976
55.90773809524357
55.90476190476738
55.901785714291194
55.898809523815004
55.895833333338814
55.892857142862624
55.889880952386434
55.886904761910245
55.883928571434055
55.880952380957865
55.877976190481675
55.875000000005485
55.872023809529296
55.869047619053106
55.866071428576916
55.863095238100726
55.860119047624536
55.85714285714835
55.85416666667216
55.85119047619597
55.84821428571978
55.84523809524359
55.8422619047674
55.83928571429121
55.83630952381502
55.83333333333883
55.83035714286264
55.82738095238645
55.82440476191026
55.82142857143407
55.81845238095788
55.81547619048169
55.8125000000055
55.80952380952931
55.80654761905312
55.80357142857693
55.80059523810074
55.79761904762455
55.79464285714836
55.79166666667217
55.78869047619598
55.78571428571979
55.7827380952436
55.77976190476741
55.77678571429122
55.77380952381503
55.77083333333884
55.76785714286265
55.76488095238646
55.76190476191027
55.75892857143408
55.75595238095789
55.752976190481704
55.750000000005514
55.747023809529324
55.744047619053134
55.741071428576944
55.738095238100755
55.735119047624565
55.732142857148375
55.729166666672185
55.726190476195995
55.723214285719806
55.720238095243616
55.717261904767426
55.714285714291236
55.711309523815046
55.70833333333886
55.70535714286267
55.70238095238648
55.69940476191029
55.6964285714341
55.69345238095791
55.69047619048172
55.68750000000553
55.68452380952934
55.68154761905315
55.67857142857696
55.67559523810077
55.67261904762458
55.66964285714839
55.6666666666722
55.66369047619601
55.66071428571982
55.65773809524363
55.65476190476744
55.65178571429125
55.64880952381506
55.64583333333887
55.64285714286268
55.63988095238649
55.6369047619103
55.63392857143411
55.63095238095792
55.62797619048173
55.62500000000554
55.62202380952935
55.61904761905316
55.61607142857697
55.61309523810078
55.61011904762459
55.6071428571484
55.604166666672214
55.601190476196024
55.598214285719834
55.595238095243644
55.592261904767454
55.589285714291265
55.586309523815075
55.583333333338885
55.580357142862695
55.577380952386505
55.574404761910316
55.571428571434126
55.568452380957936
55.565476190481746
55.562500000005556
55.55952380952937
55.55654761905318
55.55357142857699
55.5505952381008
55.54761904762461
55.54464285714842
55.54166666667223
55.53869047619604
55.53571428571985
55.53273809524366
55.52976190476747
55.52678571429128
55.52380952381509
55.5208333333389
55.51785714286271
55.51488095238652
55.51190476191033
55.50892857143414
55.50595238095795
55.50297619048176
55.50000000000557
55.49702380952938
55.49404761905319
55.491071428577
55.48809523810081
55.48511904762462
55.48214285714843
55.47916666667224
55.47619047619605
55.47321428571986
55.47023809524367
55.46726190476748
55.46428571429129
55.4613095238151
55.45833333333891
55.455357142862724
55.452380952386534
55.449404761910344
55.446428571434154
55.443452380957964
55.440476190481775
55.437500000005585
55.434523809529395
55.431547619053205
55.428571428577015
55.425595238100826
55.422619047624636
55.419642857148446
55.416666666672256
55.41369047619607
55.41071428571988
55.40773809524369
55.4047619047675
55.40178571429131
55.39880952381512
55.39583333333893
55.39285714286274
55.38988095238655
55.38690476191036
55.38392857143417
55.38095238095798
55.37797619048179
55.3750000000056
55.37202380952941
55.36904761905322
55.36607142857703
55.36309523810084
55.36011904762465
55.35714285714846
55.35416666667227
55.35119047619608
55.34821428571989
55.3452380952437
55.34226190476751
55.33928571429132
55.33630952381513
55.33333333333894
55.33035714286275
55.32738095238656
55.32440476191037
55.32142857143418
55.31845238095799
55.3154761904818
55.31250000000561
55.30952380952942
55.306547619053234
55.303571428577044
55.300595238100854
55.297619047624664
55.294642857148474
55.291666666672285
55.288690476196095
55.285714285719905
55.282738095243715
55.279761904767525
55.276785714291336
55.273809523815146
55.270833333338956
55.267857142862766
55.26488095238658
55.26190476191039
55.2589285714342
55.25595238095801
55.25297619048182
55.25000000000563
55.24702380952944
55.24404761905325
55.24107142857706
55.23809523810087
55.23511904762468
55.23214285714849
55.2291666666723
55.22619047619611
55.22321428571992
55.22023809524373
55.21726190476754
55.21428571429135
55.21130952381516
55.20833333333897
55.20535714286278
55.20238095238659
55.1994047619104
55.19642857143421
55.19345238095802
55.19047619048183
55.18750000000564
55.18452380952945
55.18154761905326
55.17857142857707
55.17559523810088
55.17261904762469
55.1696428571485
55.16666666667231
55.16369047619612
55.16071428571993
55.157738095243744
55.154761904767554
55.151785714291364
55.148809523815174
55.145833333338985
55.142857142862795
55.139880952386605
55.136904761910415
55.133928571434225
55.130952380958036
55.127976190481846
55.125000000005656
55.122023809529466
55.119047619053276
55.11607142857709
55.1130952381009
55.11011904762471
55.10714285714852
55.10416666667233
55.10119047619614
55.09821428571995
55.09523809524376
55.09226190476757
55.08928571429138
55.08630952381519
55.083333333339
55.08035714286281
55.07738095238662
55.07440476191043
55.07142857143424
55.06845238095805
55.06547619048186
55.06250000000567
55.05952380952948
55.05654761905329
55.0535714285771
55.05059523810091
55.04761904762472
55.04464285714853
55.04166666667234
55.03869047619615
55.03571428571996
55.03273809524377
55.02976190476758
55.02678571429139
55.0238095238152
55.02083333333901
55.01785714286282
55.01488095238663
55.01190476191044
55.008928571434254
55.005952380958064
55.002976190481874
55.000000000005684
54.997023809529495
54.994047619053305
54.991071428577115
54.988095238100925
54.985119047624735
54.982142857148546
54.979166666672356
54.976190476196166
54.973214285719976
54.970238095243786
54.9672619047676
54.96428571429141
54.96130952381522
54.95833333333903
54.95535714286284
54.95238095238665
54.94940476191046
54.94642857143427
54.94345238095808
54.94047619048189
54.9375000000057
54.93452380952951
54.93154761905332
54.92857142857713
54.92559523810094
54.92261904762475
54.91964285714856
54.91666666667237
54.91369047619618
54.91071428571999
54.9077380952438
54.90476190476761
54.90178571429142
54.89880952381523
54.89583333333904
54.89285714286285
54.88988095238666
54.88690476191047
54.88392857143428
54.88095238095809
54.8779761904819
54.87500000000571
54.87202380952952
54.86904761905333
54.86607142857714
54.863095238100954
54.860119047624764
54.857142857148574
54.854166666672384
54.851190476196194
54.848214285720005
54.845238095243815
54.842261904767625
54.839285714291435
54.836309523815245
54.833333333339056
54.830357142862866
54.827380952386676
54.824404761910486
54.821428571434296
54.81845238095811
54.81547619048192
54.81250000000573
54.80952380952954
54.80654761905335
54.80357142857716
54.80059523810097
54.79761904762478
54.79464285714859
54.7916666666724
54.78869047619621
54.78571428572002
54.78273809524383
54.77976190476764
54.77678571429145
54.77380952381526
54.77083333333907
54.76785714286288
54.76488095238669
54.7619047619105
54.75892857143431
54.75595238095812
54.75297619048193
54.75000000000574
54.74702380952955
54.74404761905336
54.74107142857717
54.73809523810098
54.73511904762479
54.7321428571486
54.72916666667241
54.72619047619622
54.72321428572003
54.72023809524384
54.71726190476765
54.714285714291464
54.711309523815274
54.708333333339084
54.705357142862894
54.702380952386704
54.699404761910515
54.696428571434325
54.693452380958135
54.690476190481945
54.687500000005755
54.684523809529566
54.681547619053376
54.678571428577186
54.675595238100996
54.672619047624806
54.66964285714862
54.66666666667243
54.66369047619624
54.66071428572005
54.65773809524386
54.65476190476767
54.65178571429148
54.64880952381529
54.6458333333391
54.64285714286291
54.63988095238672
54.63690476191053
54.63392857143434
54.63095238095815
54.62797619048196
54.62500000000577
54.62202380952958
54.61904761905339
54.6160714285772
54.61309523810101
54.61011904762482
54.60714285714863
54.60416666667244
54.60119047619625
54.59821428572006
54.59523809524387
54.59226190476768
54.58928571429149
54.5863095238153
54.58333333333911
54.58035714286292
54.57738095238673
54.57440476191054
54.57142857143435
54.56845238095816
54.565476190481974
54.562500000005784
54.559523809529594
54.556547619053404
54.553571428577214
54.550595238101025
54.547619047624835
54.544642857148645
54.541666666672455
54.538690476196265
54.535714285720076
54.532738095243886
54.529761904767696
54.526785714291506
54.523809523815316
54.52083333333913
54.51785714286294
54.51488095238675
54.51190476191056
54.50892857143437
54.50595238095818
54.50297619048199
54.5000000000058
54.49702380952961
54.49404761905342
54.49107142857723
54.48809523810104
54.48511904762485
54.48214285714866
54.47916666667247
54.47619047619628
54.47321428572009
54.4702380952439
54.46726190476771
54.46428571429152
54.46130952381533
54.45833333333914
54.45535714286295
54.45238095238676
54.44940476191057
54.44642857143438
54.44345238095819
54.440476190482
54.43750000000581
54.43452380952962
54.43154761905343
54.42857142857724
54.42559523810105
54.42261904762486
54.41964285714867
54.416666666672484
54.413690476196294
54.410714285720104
54.407738095243914
54.404761904767724
54.401785714291535
54.398809523815345
54.395833333339155
54.392857142862965
54.389880952386775
54.386904761910586
54.383928571434396
54.380952380958206
54.377976190482016
54.37500000000583
54.37202380952964
54.36904761905345
54.36607142857726
54.36309523810107
54.36011904762488
54.35714285714869
54.3541666666725
54.35119047619631
54.34821428572012
54.34523809524393
54.34226190476774
54.33928571429155
54.33630952381536
54.33333333333917
54.33035714286298
54.32738095238679
54.3244047619106
54.32142857143441
54.31845238095822
54.31547619048203
54.31250000000584
54.30952380952965
54.30654761905346
54.30357142857727
54.30059523810108
54.29761904762489
54.2946428571487
54.29166666667251
54.28869047619632
54.28571428572013
54.28273809524394
54.27976190476775
54.27678571429156
54.27380952381537
54.27083333333918
54.267857142862994
54.264880952386804
54.261904761910614
54.258928571434424
54.255952380958234
54.252976190482045
54.250000000005855
54.247023809529665
54.244047619053475
54.241071428577285
54.238095238101096
54.235119047624906
54.232142857148716
54.229166666672526
54.22619047619634
54.22321428572015
54.22023809524396
54.21726190476777
54.21428571429158
54.21130952381539
54.2083333333392
54.20535714286301
54.20238095238682
54.19940476191063
54.19642857143444
54.19345238095825
54.19047619048206
54.18750000000587
54.18452380952968
54.18154761905349
54.1785714285773
54.17559523810111
54.17261904762492
54.16964285714873
54.16666666667254
54.16369047619635
54.16071428572016
54.15773809524397
54.15476190476778
54.15178571429159
54.1488095238154
54.14583333333921
54.14285714286302
54.13988095238683
54.13690476191064
54.13392857143445
54.13095238095826
54.12797619048207
54.12500000000588
54.12202380952969
54.119047619053504
54.116071428577314
54.113095238101124
54.110119047624934
54.107142857148744
54.104166666672555
54.101190476196365
54.098214285720175
54.095238095243985
54.092261904767795
54.089285714291606
54.086309523815416
54.083333333339226
54.080357142863036
54.07738095238685
54.07440476191066
54.07142857143447
54.06845238095828
54.06547619048209
54.0625000000059
54.05952380952971
54.05654761905352
54.05357142857733
54.05059523810114
54.04761904762495
54.04464285714876
54.04166666667257
54.03869047619638
54.03571428572019
54.032738095244
54.02976190476781
54.02678571429162
54.02380952381543
54.02083333333924
54.01785714286305
54.01488095238686
54.01190476191067
54.00892857143448
54.00595238095829
54.0029761904821
54.00000000000591
53.99702380952972
53.99404761905353
53.99107142857734
53.98809523810115
53.98511904762496
53.98214285714877
53.97916666667258
53.97619047619639
53.9732142857202
53.970238095244014
53.967261904767824
53.964285714291634
53.961309523815444
53.958333333339255
53.955357142863065
53.952380952386875
53.949404761910685
53.946428571434495
53.943452380958306
53.940476190482116
53.937500000005926
53.934523809529736
53.931547619053546
53.92857142857736
53.92559523810117
53.92261904762498
53.91964285714879
53.9166666666726
53.91369047619641
53.91071428572022
53.90773809524403
53.90476190476784
53.90178571429165
53.89880952381546
53.89583333333927
53.89285714286308
53.88988095238689
53.8869047619107
53.88392857143451
53.88095238095832
53.87797619048213
53.87500000000594
53.87202380952975
53.86904761905356
53.86607142857737
53.86309523810118
53.86011904762499
53.8571428571488
53.85416666667261
53.85119047619642
53.84821428572023
53.84523809524404
53.84226190476785
53.83928571429166
53.83630952381547
53.83333333333928
53.83035714286309
53.8273809523869
53.82440476191071
53.821428571434524
53.818452380958334
53.815476190482144
53.812500000005954
53.809523809529765
53.806547619053575
53.803571428577385
53.800595238101195
53.797619047625005
53.794642857148816
53.791666666672626
53.788690476196436
53.785714285720246
53.782738095244056
53.77976190476787
53.77678571429168
53.77380952381549
53.7708333333393
53.76785714286311
53.76488095238692
53.76190476191073
53.75892857143454
53.75595238095835
53.75297619048216
53.75000000000597
53.74702380952978
53.74404761905359
53.7410714285774
53.73809523810121
53.73511904762502
53.73214285714883
53.72916666667264
53.72619047619645
53.72321428572026
53.72023809524407
53.71726190476788
53.71428571429169
53.7113095238155
53.70833333333931
53.70535714286312
53.70238095238693
53.69940476191074
53.69642857143455
53.69345238095836
53.69047619048217
53.68750000000598
53.68452380952979
53.6815476190536
53.67857142857741
53.675595238101224
53.672619047625034
53.669642857148844
53.666666666672654
53.663690476196464
53.660714285720275
53.657738095244085
53.654761904767895
53.651785714291705
53.648809523815515
53.645833333339326
53.642857142863136
53.639880952386946
53.636904761910756
53.633928571434566
53.63095238095838
53.62797619048219
53.625000000006
53.62202380952981
53.61904761905362
53.61607142857743
53.61309523810124
53.61011904762505
53.60714285714886
53.60416666667267
53.60119047619648
53.59821428572029
53.5952380952441
53.59226190476791
53.58928571429172
53.58630952381553
53.58333333333934
53.58035714286315
53.57738095238696
53.57440476191077
53.57142857143458
53.56845238095839
53.5654761904822
53.56250000000601
53.55952380952982
53.55654761905363
53.55357142857744
53.55059523810125
53.54761904762506
53.54464285714887
53.54166666667268
53.53869047619649
53.5357142857203
53.53273809524411
53.52976190476792
53.526785714291734
53.523809523815544
53.520833333339354
53.517857142863164
53.514880952386974
53.511904761910785
53.508928571434595
53.505952380958405
53.502976190482215
53.500000000006025
53.497023809529836
53.494047619053646
53.491071428577456
53.488095238101266
53.485119047625076
53.48214285714889
53.4791666666727
53.47619047619651
53.47321428572032
53.47023809524413
53.46726190476794
53.46428571429175
53.46130952381556
53.45833333333937
53.45535714286318
53.45238095238699
53.4494047619108
53.44642857143461
53.44345238095842
53.44047619048223
53.43750000000604
53.43452380952985
53.43154761905366
53.42857142857747
53.42559523810128
53.42261904762509
53.4196428571489
53.41666666667271
53.41369047619652
53.41071428572033
53.40773809524414
53.40476190476795
53.40178571429176
53.39880952381557
53.39583333333938
53.39285714286319
53.389880952387
53.38690476191081
53.38392857143462
53.38095238095843
53.377976190482244
53.375000000006054
53.372023809529864
53.369047619053674
53.366071428577484
53.363095238101295
53.360119047625105
53.357142857148915
53.354166666672725
53.351190476196535
53.348214285720346
53.345238095244156
53.342261904767966
53.339285714291776
53.336309523815586
53.3333333333394
53.33035714286321
53.32738095238702
53.32440476191083
53.32142857143464
53.31845238095845
53.31547619048226
53.31250000000607
53.30952380952988
53.30654761905369
53.3035714285775
53.30059523810131
53.29761904762512
53.29464285714893
53.29166666667274
53.28869047619655
53.28571428572036
53.28273809524417
53.27976190476798
53.27678571429179
53.2738095238156
53.27083333333941
53.26785714286322
53.26488095238703
53.26190476191084
53.25892857143465
53.25595238095846
53.25297619048227
53.25000000000608
53.24702380952989
53.2440476190537
53.24107142857751
53.23809523810132
53.23511904762513
53.23214285714894
53.229166666672754
53.226190476196564
53.223214285720374
53.220238095244184
53.217261904767994
53.214285714291805
53.211309523815615
53.208333333339425
53.205357142863235
53.202380952387045
53.199404761910856
53.196428571434666
53.193452380958476
53.190476190482286
53.1875000000061
53.18452380952991
53.18154761905372
53.17857142857753
53.17559523810134
53.17261904762515
53.16964285714896
53.16666666667277
53.16369047619658
53.16071428572039
53.1577380952442
53.15476190476801
53.15178571429182
53.14880952381563
53.14583333333944
53.14285714286325
53.13988095238706
53.13690476191087
53.13392857143468
53.13095238095849
53.1279761904823
53.12500000000611
53.12202380952992
53.11904761905373
53.11607142857754
53.11309523810135
53.11011904762516
53.10714285714897
53.10416666667278
53.10119047619659
53.0982142857204
53.09523809524421
53.09226190476802
53.08928571429183
53.08630952381564
53.08333333333945
53.080357142863264
53.077380952387074
53.074404761910884
53.071428571434694
53.068452380958504
53.065476190482315
53.062500000006125
53.059523809529935
53.056547619053745
53.053571428577555
53.050595238101366
53.047619047625176
53.044642857148986
53.041666666672796
53.03869047619661
53.03571428572042
53.03273809524423
53.02976190476804
53.02678571429185
53.02380952381566
53.02083333333947
53.01785714286328
53.01488095238709
53.0119047619109
53.00892857143471
53.00595238095852
53.00297619048233
53.00000000000614
52.99702380952995
52.99404761905376
52.99107142857757
52.98809523810138
52.98511904762519
52.982142857149
52.97916666667281
52.97619047619662
52.97321428572043
52.97023809524424
52.96726190476805
52.96428571429186
52.96130952381567
52.95833333333948
52.95535714286329
52.9523809523871
52.94940476191091
52.94642857143472
52.94345238095853
52.94047619048234
52.93750000000615
52.93452380952996
52.931547619053774
52.928571428577584
52.925595238101394
52.922619047625204
52.919642857149015
52.916666666672825
52.913690476196635
52.910714285720445
52.907738095244255
52.904761904768066
52.901785714291876
52.898809523815686
52.895833333339496
52.892857142863306
52.88988095238712
52.88690476191093
52.88392857143474
52.88095238095855
52.87797619048236
52.87500000000617
52.87202380952998
52.86904761905379
52.8660714285776
52.86309523810141
52.86011904762522
52.85714285714903
52.85416666667284
52.85119047619665
52.84821428572046
52.84523809524427
52.84226190476808
52.83928571429189
52.8363095238157
52.83333333333951
52.83035714286332
52.82738095238713
52.82440476191094
52.82142857143475
52.81845238095856
52.81547619048237
52.81250000000618
52.80952380952999
52.8065476190538
52.80357142857761
52.80059523810142
52.79761904762523
52.79464285714904
52.79166666667285
52.78869047619666
52.78571428572047
52.782738095244284
52.779761904768094
52.776785714291904
52.773809523815714
52.770833333339525
52.767857142863335
52.764880952387145
52.761904761910955
52.758928571434765
52.755952380958576
52.752976190482386
52.750000000006196
52.747023809530006
52.744047619053816
52.74107142857763
52.73809523810144
52.73511904762525
52.73214285714906
52.72916666667287
52.72619047619668
52.72321428572049
52.7202380952443
52.71726190476811
52.71428571429192
52.71130952381573
52.70833333333954
52.70535714286335
52.70238095238716
52.69940476191097
52.69642857143478
52.69345238095859
52.6904761904824
52.68750000000621
52.68452380953002
52.68154761905383
52.67857142857764
52.67559523810145
52.67261904762526
52.66964285714907
52.66666666667288
52.66369047619669
52.6607142857205
52.65773809524431
52.65476190476812
52.65178571429193
52.64880952381574
52.64583333333955
52.64285714286336
52.63988095238717
52.63690476191098
52.633928571434794
52.630952380958604
52.627976190482414
52.625000000006224
52.622023809530035
52.619047619053845
52.616071428577655
52.613095238101465
52.610119047625275
52.607142857149086
52.604166666672896
52.601190476196706
52.598214285720516
52.595238095244326
52.59226190476814
52.58928571429195
52.58630952381576
52.58333333333957
52.58035714286338
52.57738095238719
52.574404761911
52.57142857143481
52.56845238095862
52.56547619048243
52.56250000000624
52.55952380953005
52.55654761905386
52.55357142857767
52.55059523810148
52.54761904762529
52.5446428571491
52.54166666667291
52.53869047619672
52.53571428572053
52.53273809524434
52.52976190476815
52.52678571429196
52.52380952381577
52.52083333333958
52.51785714286339
52.5148809523872
52.51190476191101
52.50892857143482
52.50595238095863
52.50297619048244
52.50000000000625
52.49702380953006
52.49404761905387
52.49107142857768
52.488095238101494
52.485119047625304
52.482142857149114
52.479166666672924
52.476190476196734
52.473214285720545
52.470238095244355
52.467261904768165
52.464285714291975
52.461309523815785
52.458333333339596
52.455357142863406
52.452380952387216
52.449404761911026
52.446428571434836
52.44345238095865
52.44047619048246
52.43750000000627
52.43452380953008
52.43154761905389
52.4285714285777
52.42559523810151
52.42261904762532
52.41964285714913
52.41666666667294
52.41369047619675
52.41071428572056
52.40773809524437
52.40476190476818
52.40178571429199
52.3988095238158
52.39583333333961
52.39285714286342
52.38988095238723
52.38690476191104
52.38392857143485
52.38095238095866
52.37797619048247
52.37500000000628
52.37202380953009
52.3690476190539
52.36607142857771
52.36309523810152
52.36011904762533
52.35714285714914
52.35416666667295
52.35119047619676
52.34821428572057
52.34523809524438
52.34226190476819
52.339285714292004
52.336309523815814
52.333333333339624
52.330357142863434
52.327380952387244
52.324404761911055
52.321428571434865
52.318452380958675
52.315476190482485
52.312500000006295
52.309523809530106
52.306547619053916
52.303571428577726
52.300595238101536
52.297619047625346
52.29464285714916
52.29166666667297
52.28869047619678
52.28571428572059
52.2827380952444
52.27976190476821
52.27678571429202
52.27380952381583
52.27083333333964
52.26785714286345
52.26488095238726
52.26190476191107
52.25892857143488
52.25595238095869
52.2529761904825
52.25000000000631
52.24702380953012
52.24404761905393
52.24107142857774
52.23809523810155
52.23511904762536
52.23214285714917
52.22916666667298
52.22619047619679
52.2232142857206
52.22023809524441
52.21726190476822
52.21428571429203
52.21130952381584
52.20833333333965
52.20535714286346
52.20238095238727
52.19940476191108
52.19642857143489
52.1934523809587
52.190476190482514
52.187500000006324
52.184523809530134
52.181547619053944
52.178571428577754
52.175595238101565
52.172619047625375
52.169642857149185
52.166666666672995
52.163690476196805
52.160714285720616
52.157738095244426
52.154761904768236
52.151785714292046
52.148809523815856
52.14583333333967
52.14285714286348
52.13988095238729
52.1369047619111
52.13392857143491
52.13095238095872
52.12797619048253
52.12500000000634
52.12202380953015
52.11904761905396
52.11607142857777
52.11309523810158
52.11011904762539
52.1071428571492
52.10416666667301
52.10119047619682
52.09821428572063
52.09523809524444
52.09226190476825
52.08928571429206
52.08630952381587
52.08333333333968
52.08035714286349
52.0773809523873
52.07440476191111
52.07142857143492
52.06845238095873
52.06547619048254
52.06250000000635
52.05952380953016
52.05654761905397
52.05357142857778
52.05059523810159
52.0476190476254
52.04464285714921
52.041666666673024
52.038690476196834
52.035714285720644
52.032738095244454
52.029761904768264
52.026785714292075
52.023809523815885
52.020833333339695
52.017857142863505
52.014880952387315
52.011904761911126
52.008928571434936
52.005952380958746
52.002976190482556
52.00000000000637
51.99702380953018
51.99404761905399
51.9910714285778
51.98809523810161
51.98511904762542
51.98214285714923
51.97916666667304
51.97619047619685
51.97321428572066
51.97023809524447
51.96726190476828
51.96428571429209
51.9613095238159
51.95833333333971
51.95535714286352
51.95238095238733
51.94940476191114
51.94642857143495
51.94345238095876
51.94047619048257
51.93750000000638
51.93452380953019
51.931547619054
51.92857142857781
51.92559523810162
51.92261904762543
51.91964285714924
51.91666666667305
51.91369047619686
51.91071428572067
51.90773809524448
51.90476190476829
51.9017857142921
51.89880952381591
51.89583333333972
51.892857142863534
51.889880952387344
51.886904761911154
51.883928571434964
51.880952380958774
51.877976190482585
51.875000000006395
51.872023809530205
51.869047619054015
51.866071428577825
51.863095238101636
51.860119047625446
51.857142857149256
51.854166666673066
51.85119047619688
51.84821428572069
51.8452380952445
51.84226190476831
51.83928571429212
51.83630952381593
51.83333333333974
51.83035714286355
51.82738095238736
51.82440476191117
51.82142857143498
51.81845238095879
51.8154761904826
51.81250000000641
51.80952380953022
51.80654761905403
51.80357142857784
51.80059523810165
51.79761904762546
51.79464285714927
51.79166666667308
51.78869047619689
51.7857142857207
51.78273809524451
51.77976190476832
51.77678571429213
51.77380952381594
51.77083333333975
51.76785714286356
51.76488095238737
51.76190476191118
51.75892857143499
51.7559523809588
51.75297619048261
51.75000000000642
51.74702380953023
51.744047619054044
51.741071428577854
51.738095238101664
51.735119047625474
51.732142857149285
51.729166666673095
51.726190476196905
51.723214285720715
51.720238095244525
51.717261904768336
51.714285714292146
51.711309523815956
51.708333333339766
51.705357142863576
51.70238095238739
51.6994047619112
51.69642857143501
51.69345238095882
51.69047619048263
51.68750000000644
51.68452380953025
51.68154761905406
51.67857142857787
51.67559523810168
51.67261904762549
51.6696428571493
51.66666666667311
51.66369047619692
51.66071428572073
51.65773809524454
51.65476190476835
51.65178571429216
51.64880952381597
51.64583333333978
51.64285714286359
51.6398809523874
51.63690476191121
51.63392857143502
51.63095238095883
51.62797619048264
51.62500000000645
51.62202380953026
51.61904761905407
51.61607142857788
51.61309523810169
51.6101190476255
51.60714285714931
51.60416666667312
51.60119047619693
51.59821428572074
51.595238095244554
51.592261904768364
51.589285714292174
51.586309523815984
51.583333333339795
51.580357142863605
51.577380952387415
51.574404761911225
51.571428571435035
51.568452380958846
51.565476190482656
51.562500000006466
51.559523809530276
51.556547619054086
51.5535714285779
51.55059523810171
51.54761904762552
51.54464285714933
51.54166666667314
51.53869047619695
51.53571428572076
51.53273809524457
51.52976190476838
51.52678571429219
51.523809523816
51.52083333333981
51.51785714286362
51.51488095238743
51.51190476191124
51.50892857143505
51.50595238095886
51.50297619048267
51.50000000000648
51.49702380953029
51.4940476190541
51.49107142857791
51.48809523810172
51.48511904762553
51.48214285714934
51.47916666667315
51.47619047619696
51.47321428572077
51.47023809524458
51.46726190476839
51.4642857142922
51.46130952381601
51.45833333333982
51.45535714286363
51.45238095238744
51.449404761911254
51.446428571435064
51.443452380958874
51.440476190482684
51.437500000006494
51.434523809530305
51.431547619054115
51.428571428577925
51.425595238101735
51.422619047625545
51.419642857149356
51.416666666673166
51.413690476196976
51.410714285720786
51.407738095244596
51.40476190476841
51.40178571429222
51.39880952381603
51.39583333333984
51.39285714286365
51.38988095238746
51.38690476191127
51.38392857143508
51.38095238095889
51.3779761904827
51.37500000000651
51.37202380953032
51.36904761905413
51.36607142857794
51.36309523810175
51.36011904762556
51.35714285714937
51.35416666667318
51.35119047619699
51.3482142857208
51.34523809524461
51.34226190476842
51.33928571429223
51.33630952381604
51.33333333333985
51.33035714286366
51.32738095238747
51.32440476191128
51.32142857143509
51.3184523809589
51.31547619048271
51.31250000000652
51.30952380953033
51.30654761905414
51.30357142857795
51.300595238101764
51.297619047625574
51.294642857149384
51.291666666673194
51.288690476197004
51.285714285720815
51.282738095244625
51.279761904768435
51.276785714292245
51.273809523816055
51.270833333339866
51.267857142863676
51.264880952387486
51.261904761911296
51.258928571435106
51.25595238095892
51.25297619048273
51.25000000000654
51.24702380953035
51.24404761905416
51.24107142857797
51.23809523810178
51.23511904762559
51.2321428571494
51.22916666667321
51.22619047619702
51.22321428572083
51.22023809524464
51.21726190476845
51.21428571429226
51.21130952381607
51.20833333333988
51.20535714286369
51.2023809523875
51.19940476191131
51.19642857143512
51.19345238095893
51.19047619048274
51.18750000000655
51.18452380953036
51.18154761905417
51.17857142857798
51.17559523810179
51.1726190476256
51.16964285714941
51.16666666667322
51.16369047619703
51.16071428572084
51.15773809524465
51.15476190476846
51.151785714292274
51.148809523816084
51.145833333339894
51.142857142863704
51.139880952387514
51.136904761911325
51.133928571435135
51.130952380958945
51.127976190482755
51.125000000006565
51.122023809530376
51.119047619054186
51.116071428577996
51.113095238101806
51.110119047625616
51.10714285714943
51.10416666667324
51.10119047619705
51.09821428572086
51.09523809524467
51.09226190476848
51.08928571429229
51.0863095238161
51.08333333333991
51.08035714286372
51.07738095238753
51.07440476191134
51.07142857143515
51.06845238095896
51.06547619048277
51.06250000000658
51.05952380953039
51.0565476190542
51.05357142857801
51.05059523810182
51.04761904762563
51.04464285714944
51.04166666667325
51.03869047619706
51.03571428572087
51.03273809524468
51.02976190476849
51.0267857142923
51.02380952381611
51.02083333333992
51.01785714286373
51.01488095238754
51.01190476191135
51.00892857143516
51.00595238095897
51.002976190482784
51.000000000006594
50.997023809530404
50.994047619054214
50.991071428578024
50.988095238101835
50.985119047625645
50.982142857149455
50.979166666673265
50.976190476197075
50.973214285720886
50.970238095244696
50.967261904768506
50.964285714292316
50.961309523816126
50.95833333333994
50.95535714286375
50.95238095238756
50.94940476191137
50.94642857143518
50.94345238095899
50.9404761904828
50.93750000000661
50.93452380953042
50.93154761905423
50.92857142857804
50.92559523810185
50.92261904762566
50.91964285714947
50.91666666667328
50.91369047619709
50.9107142857209
50.90773809524471
50.90476190476852
50.90178571429233
50.89880952381614
50.89583333333995
50.89285714286376
50.88988095238757
50.88690476191138
50.88392857143519
50.880952380959
50.87797619048281
50.87500000000662
50.87202380953043
50.86904761905424
50.86607142857805
50.86309523810186
50.86011904762567
50.85714285714948
50.854166666673294
50.851190476197104
50.848214285720914
50.845238095244724
50.842261904768534
50.839285714292345
50.836309523816155
50.833333333339965
50.830357142863775
50.827380952387585
50.824404761911396
50.821428571435206
50.818452380959016
50.815476190482826
50.81250000000664
50.80952380953045
50.80654761905426
50.80357142857807
50.80059523810188
50.79761904762569
50.7946428571495
50.79166666667331
50.78869047619712
50.78571428572093
50.78273809524474
50.77976190476855
50.77678571429236
50.77380952381617
50.77083333333998
50.76785714286379
50.7648809523876
50.76190476191141
50.75892857143522
50.75595238095903
50.75297619048284
50.75000000000665
50.74702380953046
50.74404761905427
50.74107142857808
50.73809523810189
50.7351190476257
50.73214285714951
50.72916666667332
50.72619047619713
50.72321428572094
50.72023809524475
50.71726190476856
50.71428571429237
50.71130952381618
50.70833333333999
50.705357142863804
50.702380952387614
50.699404761911424
50.696428571435234
50.693452380959044
50.690476190482855
50.687500000006665
50.684523809530475
50.681547619054285
50.678571428578095
50.675595238101906
50.672619047625716
50.669642857149526
50.666666666673336
50.66369047619715
50.66071428572096
50.65773809524477
50.65476190476858
50.65178571429239
50.6488095238162
50.64583333334001
50.64285714286382
50.63988095238763
50.63690476191144
50.63392857143525
50.63095238095906
50.62797619048287
50.62500000000668
50.62202380953049
50.6190476190543
50.61607142857811
50.61309523810192
50.61011904762573
50.60714285714954
50.60416666667335
50.60119047619716
50.59821428572097
50.59523809524478
50.59226190476859
50.5892857142924
50.58630952381621
50.58333333334002
50.58035714286383
50.57738095238764
50.57440476191145
50.57142857143526
50.56845238095907
50.56547619048288
50.56250000000669
50.5595238095305
50.556547619054314
50.553571428578124
50.550595238101934
50.547619047625744
50.544642857149555
50.541666666673365
50.538690476197175
50.535714285720985
50.532738095244795
50.529761904768606
50.526785714292416
50.523809523816226
50.520833333340036
50.517857142863846
50.51488095238766
50.51190476191147
50.50892857143528
50.50595238095909
50.5029761904829
50.50000000000671
50.49702380953052
50.49404761905433
50.49107142857814
50.48809523810195
50.48511904762576
50.48214285714957
50.47916666667338
50.47619047619719
50.473214285721
50.47023809524481
50.46726190476862
50.46428571429243
50.46130952381624
50.45833333334005
50.45535714286386
50.45238095238767
50.44940476191148
50.44642857143529
50.4434523809591
50.44047619048291
50.43750000000672
50.43452380953053
50.43154761905434
50.42857142857815
50.42559523810196
50.42261904762577
50.41964285714958
50.41666666667339
50.4136904761972
50.41071428572101
50.407738095244824
50.404761904768634
50.401785714292444
50.398809523816254
50.395833333340065
50.392857142863875
50.389880952387685
50.386904761911495
50.383928571435305
50.380952380959116
50.377976190482926
50.375000000006736
50.372023809530546
50.369047619054356
50.36607142857817
50.36309523810198
50.36011904762579
50.3571428571496
50.35416666667341
50.35119047619722
50.34821428572103
50.34523809524484
50.34226190476865
50.33928571429246
50.33630952381627
50.33333333334008
50.33035714286389
50.3273809523877
50.32440476191151
50.32142857143532
50.31845238095913
50.31547619048294
50.31250000000675
50.30952380953056
50.30654761905437
50.30357142857818
50.30059523810199
50.2976190476258
50.29464285714961
50.29166666667342
50.28869047619723
50.28571428572104
50.28273809524485
50.27976190476866
50.27678571429247
50.27380952381628
50.27083333334009
50.2678571428639
50.26488095238771
50.261904761911524
50.258928571435334
50.255952380959144
50.252976190482954
50.250000000006764
50.247023809530575
50.244047619054385
50.241071428578195
50.238095238102005
50.235119047625815
50.232142857149626
50.229166666673436
50.226190476197246
50.223214285721056
50.220238095244866
50.21726190476868
50.21428571429249
50.2113095238163
50.20833333334011
50.20535714286392
50.20238095238773
50.19940476191154
50.19642857143535
50.19345238095916
50.19047619048297
50.18750000000678
50.18452380953059
50.1815476190544
50.17857142857821
50.17559523810202
50.17261904762583
50.16964285714964
50.16666666667345
50.16369047619726
50.16071428572107
50.15773809524488
50.15476190476869
50.1517857142925
50.14880952381631
50.14583333334012
50.14285714286393
50.13988095238774
50.13690476191155
50.13392857143536
50.13095238095917
50.12797619048298
50.12500000000679
50.1220238095306
50.11904761905441
50.11607142857822
50.113095238102034
50.110119047625844
50.107142857149654
50.104166666673464
50.101190476197274
50.098214285721085
50.095238095244895
50.092261904768705
50.089285714292515
50.086309523816325
50.083333333340136
50.080357142863946
50.077380952387756
50.074404761911566
50.071428571435376
50.06845238095919
50.065476190483
50.06250000000681
50.05952380953062
50.05654761905443
50.05357142857824
50.05059523810205
50.04761904762586
50.04464285714967
50.04166666667348
50.03869047619729
50.0357142857211
50.03273809524491
50.02976190476872
50.02678571429253
50.02380952381634
50.02083333334015
50.01785714286396
50.01488095238777
50.01190476191158
50.00892857143539
50.0059523809592
50.00297619048301
50.00000000000682
49.99702380953063
49.99404761905444
49.99107142857825
49.98809523810206
49.98511904762587
49.98214285714968
49.97916666667349
49.9761904761973
49.97321428572111
49.97023809524492
49.96726190476873
49.964285714292544
49.961309523816354
49.958333333340164
49.955357142863974
49.952380952387784
49.949404761911595
49.946428571435405
49.943452380959215
49.940476190483025
49.937500000006835
49.934523809530646
49.931547619054456
49.928571428578266
49.925595238102076
49.922619047625886
49.9196428571497
49.91666666667351
49.91369047619732
49.91071428572113
49.90773809524494
49.90476190476875
49.90178571429256
49.89880952381637
49.89583333334018
49.89285714286399
49.8898809523878
49.88690476191161
49.88392857143542
49.88095238095923
49.87797619048304
49.87500000000685
49.87202380953066
49.86904761905447
49.86607142857828
49.86309523810209
49.8601190476259
49.85714285714971
49.85416666667352
49.85119047619733
49.84821428572114
49.84523809524495
49.84226190476876
49.83928571429257
49.83630952381638
49.83333333334019
49.830357142864
49.82738095238781
49.82440476191162
49.82142857143543
49.81845238095924
49.815476190483054
49.812500000006864
49.809523809530674
49.806547619054484
49.803571428578294
49.800595238102105
49.797619047625915
49.794642857149725
49.791666666673535
49.788690476197345
49.785714285721156
49.782738095244966
49.779761904768776
49.776785714292586
49.7738095238164
49.77083333334021
49.76785714286402
49.76488095238783
49.76190476191164
49.75892857143545
49.75595238095926
49.75297619048307
49.75000000000688
49.74702380953069
49.7440476190545
49.74107142857831
49.73809523810212
49.73511904762593
49.73214285714974
49.72916666667355
49.72619047619736
49.72321428572117
49.72023809524498
49.71726190476879
49.7142857142926
49.71130952381641
49.70833333334022
49.70535714286403
49.70238095238784
49.69940476191165
49.69642857143546
49.69345238095927
49.69047619048308
49.68750000000689
49.6845238095307
49.68154761905451
49.67857142857832
49.67559523810213
49.67261904762594
49.66964285714975
49.666666666673564
49.663690476197374
49.660714285721184
49.657738095244994
49.654761904768804
49.651785714292615
49.648809523816425
49.645833333340235
49.642857142864045
49.639880952387855
49.636904761911666
49.633928571435476
49.630952380959286
49.627976190483096
49.62500000000691
49.62202380953072
49.61904761905453
49.61607142857834
49.61309523810215
49.61011904762596
49.60714285714977
49.60416666667358
49.60119047619739
49.5982142857212
49.59523809524501
49.59226190476882
49.58928571429263
49.58630952381644
49.58333333334025
49.58035714286406
49.57738095238787
49.57440476191168
49.57142857143549
49.5684523809593
49.56547619048311
49.56250000000692
49.55952380953073
49.55654761905454
49.55357142857835
49.55059523810216
49.54761904762597
49.54464285714978
49.54166666667359
49.5386904761974
49.53571428572121
49.53273809524502
49.52976190476883
49.52678571429264
49.52380952381645
49.52083333334026
49.517857142864074
49.514880952387884
49.511904761911694
49.508928571435504
49.505952380959314
49.502976190483125
49.500000000006935
49.497023809530745
49.494047619054555
49.491071428578365
49.488095238102176
49.485119047625986
49.482142857149796
49.479166666673606
49.47619047619742
49.47321428572123
49.47023809524504
49.46726190476885
49.46428571429266
49.46130952381647
49.45833333334028
49.45535714286409
49.4523809523879
49.44940476191171
49.44642857143552
49.44345238095933
49.44047619048314
49.43750000000695
49.43452380953076
49.43154761905457
49.42857142857838
49.42559523810219
49.422619047626
49.41964285714981
49.41666666667362
49.41369047619743
49.41071428572124
49.40773809524505
49.40476190476886
49.40178571429267
49.39880952381648
49.39583333334029
49.3928571428641
49.38988095238791
49.38690476191172
49.38392857143553
49.38095238095934
49.37797619048315
49.37500000000696
49.37202380953077
49.369047619054584
49.366071428578394
49.363095238102204
49.360119047626014
49.357142857149825
49.354166666673635
49.351190476197445
49.348214285721255
49.345238095245065
49.342261904768876
49.339285714292686
49.336309523816496
49.333333333340306
49.330357142864116
49.32738095238793
49.32440476191174
49.32142857143555
49.31845238095936
49.31547619048317
49.31250000000698
49.30952380953079
49.3065476190546
49.30357142857841
49.30059523810222
49.29761904762603
49.29464285714984
49.29166666667365
49.28869047619746
49.28571428572127
49.28273809524508
49.27976190476889
49.2767857142927
49.27380952381651
49.27083333334032
49.26785714286413
49.26488095238794
49.26190476191175
49.25892857143556
49.25595238095937
49.25297619048318
49.25000000000699
49.2470238095308
49.24404761905461
49.24107142857842
49.23809523810223
49.23511904762604
49.23214285714985
49.22916666667366
49.22619047619747
49.22321428572128
49.220238095245094
49.217261904768904
49.214285714292714
49.211309523816524
49.208333333340335
49.205357142864145
49.202380952387955
49.199404761911765
49.196428571435575
49.193452380959386
49.190476190483196
49.187500000007006
49.184523809530816
49.181547619054626
49.17857142857844
49.17559523810225
49.17261904762606
49.16964285714987
49.16666666667368
49.16369047619749
49.1607142857213
49.15773809524511
49.15476190476892
49.15178571429273
49.14880952381654
49.14583333334035
49.14285714286416
49.13988095238797
49.13690476191178
49.13392857143559
49.1309523809594
49.12797619048321
49.12500000000702
49.12202380953083
49.11904761905464
49.11607142857845
49.11309523810226
49.11011904762607
49.10714285714988
49.10416666667369
49.1011904761975
49.09821428572131
49.09523809524512
49.09226190476893
49.08928571429274
49.08630952381655
49.08333333334036
49.08035714286417
49.07738095238798
49.074404761911794
49.071428571435604
49.068452380959414
49.065476190483224
49.062500000007034
49.059523809530845
49.056547619054655
49.053571428578465
49.050595238102275
49.047619047626085
49.044642857149896
49.041666666673706
49.038690476197516
49.035714285721326
49.032738095245136
49.02976190476895
49.02678571429276
49.02380952381657
49.02083333334038
49.01785714286419
49.014880952388
49.01190476191181
49.00892857143562
49.00595238095943
49.00297619048324
49.00000000000705
48.99702380953086
48.99404761905467
48.99107142857848
48.98809523810229
48.9851190476261
48.98214285714991
48.97916666667372
48.97619047619753
48.97321428572134
48.97023809524515
48.96726190476896
48.96428571429277
48.96130952381658
48.95833333334039
48.9553571428642
48.95238095238801
48.94940476191182
48.94642857143563
48.94345238095944
48.94047619048325
48.93750000000706
48.93452380953087
48.93154761905468
48.92857142857849
48.925595238102304
48.922619047626114
48.919642857149924
48.916666666673734
48.913690476197544
48.910714285721355
48.907738095245165
48.904761904768975
48.901785714292785
48.898809523816595
48.895833333340406
48.892857142864216
48.889880952388026
48.886904761911836
48.883928571435646
48.88095238095946
48.87797619048327
48.87500000000708
48.87202380953089
48.8690476190547
48.86607142857851
48.86309523810232
48.86011904762613
48.85714285714994
48.85416666667375
48.85119047619756
48.84821428572137
48.84523809524518
48.84226190476899
48.8392857142928
48.83630952381661
48.83333333334042
48.83035714286423
48.82738095238804
48.82440476191185
48.82142857143566
48.81845238095947
48.81547619048328
48.81250000000709
48.8095238095309
48.80654761905471
48.80357142857852
48.80059523810233
48.79761904762614
48.79464285714995
48.79166666667376
48.78869047619757
48.78571428572138
48.78273809524519
48.779761904769
48.776785714292814
48.773809523816624
48.770833333340434
48.767857142864244
48.764880952388054
48.761904761911865
48.758928571435675
48.755952380959485
48.752976190483295
48.750000000007105
48.747023809530916
48.744047619054726
48.741071428578536
48.738095238102346
48.735119047626156
48.73214285714997
48.72916666667378
48.72619047619759
48.7232142857214
48.72023809524521
48.71726190476902
48.71428571429283
48.71130952381664
48.70833333334045
48.70535714286426
48.70238095238807
48.69940476191188
48.69642857143569
48.6934523809595
48.69047619048331
48.68750000000712
48.68452380953093
48.68154761905474
48.67857142857855
48.67559523810236
48.67261904762617
48.66964285714998
48.66666666667379
48.6636904761976
48.66071428572141
48.65773809524522
48.65476190476903
48.65178571429284
48.64880952381665
48.64583333334046
48.64285714286427
48.63988095238808
48.63690476191189
48.6339285714357
48.63095238095951
48.627976190483324
48.625000000007134
48.622023809530944
48.619047619054754
48.616071428578564
48.613095238102375
48.610119047626185
48.607142857149995
48.604166666673805
48.601190476197615
48.598214285721426
48.595238095245236
48.592261904769046
48.589285714292856
48.58630952381667
48.58333333334048
48.58035714286429
48.5773809523881
48.57440476191191
48.57142857143572
48.56845238095953
48.56547619048334
48.56250000000715
48.55952380953096
48.55654761905477
48.55357142857858
48.55059523810239
48.5476190476262
48.54464285715001
48.54166666667382
48.53869047619763
48.53571428572144
48.53273809524525
48.52976190476906
48.52678571429287
48.52380952381668
48.52083333334049
48.5178571428643
48.51488095238811
48.51190476191192
48.50892857143573
48.50595238095954
48.50297619048335
48.50000000000716
48.49702380953097
48.49404761905478
48.49107142857859
48.4880952381024
48.48511904762621
48.48214285715002
48.479166666673834
48.476190476197644
48.473214285721454
48.470238095245264
48.467261904769074
48.464285714292885
48.461309523816695
48.458333333340505
48.455357142864315
48.452380952388125
48.449404761911936
48.446428571435746
48.443452380959556
48.440476190483366
48.43750000000718
48.43452380953099
48.4315476190548
48.42857142857861
48.42559523810242
48.42261904762623
48.41964285715004
48.41666666667385
48.41369047619766
48.41071428572147
48.40773809524528
48.40476190476909
48.4017857142929
48.39880952381671
48.39583333334052
48.39285714286433
48.38988095238814
48.38690476191195
48.38392857143576
48.38095238095957
48.37797619048338
48.37500000000719
48.372023809531
48.36904761905481
48.36607142857862
48.36309523810243
48.36011904762624
48.35714285715005
48.35416666667386
48.35119047619767
48.34821428572148
48.34523809524529
48.3422619047691
48.33928571429291
48.33630952381672
48.33333333334053
48.330357142864344
48.327380952388154
48.324404761911964
48.321428571435774
48.318452380959585
48.315476190483395
48.312500000007205
48.309523809531015
48.306547619054825
48.303571428578636
48.300595238102446
48.297619047626256
48.294642857150066
48.291666666673876
48.28869047619769
48.2857142857215
48.28273809524531
48.27976190476912
48.27678571429293
48.27380952381674
48.27083333334055
48.26785714286436
48.26488095238817
48.26190476191198
48.25892857143579
48.2559523809596
48.25297619048341
48.25000000000722
48.24702380953103
48.24404761905484
48.24107142857865
48.23809523810246
48.23511904762627
48.23214285715008
48.22916666667389
48.2261904761977
48.22321428572151
48.22023809524532
48.21726190476913
48.21428571429294
48.21130952381675
48.20833333334056
48.20535714286437
48.20238095238818
48.19940476191199
48.1964285714358
48.19345238095961
48.19047619048342
48.18750000000723
48.18452380953104
48.181547619054854
48.178571428578664
48.175595238102474
48.172619047626284
48.169642857150095
48.166666666673905
48.163690476197715
48.160714285721525
48.157738095245335
48.154761904769146
48.151785714292956
48.148809523816766
48.145833333340576
48.142857142864386
48.1398809523882
48.13690476191201
48.13392857143582
48.13095238095963
48.12797619048344
48.12500000000725
48.12202380953106
48.11904761905487
48.11607142857868
48.11309523810249
48.1101190476263
48.10714285715011
48.10416666667392
48.10119047619773
48.09821428572154
48.09523809524535
48.09226190476916
48.08928571429297
48.08630952381678
48.08333333334059
48.0803571428644
48.07738095238821
48.07440476191202
48.07142857143583
48.06845238095964
48.06547619048345
48.06250000000726
48.05952380953107
48.05654761905488
48.05357142857869
48.0505952381025
48.04761904762631
48.04464285715012
48.04166666667393
48.03869047619774
48.03571428572155
48.032738095245364
48.029761904769174
48.026785714292984
48.023809523816794
48.020833333340605
48.017857142864415
48.014880952388225
48.011904761912035
48.008928571435845
48.005952380959656
48.002976190483466
48.000000000007276
47.997023809531086
47.994047619054896
47.99107142857871
47.98809523810252
47.98511904762633
47.98214285715014
47.97916666667395
47.97619047619776
47.97321428572157
47.97023809524538
47.96726190476919
47.964285714293
47.96130952381681
47.95833333334062
47.95535714286443
47.95238095238824
47.94940476191205
47.94642857143586
47.94345238095967
47.94047619048348
47.93750000000729
47.9345238095311
47.93154761905491
47.92857142857872
47.92559523810253
47.92261904762634
47.91964285715015
47.91666666667396
47.91369047619777
47.91071428572158
47.90773809524539
47.9047619047692
47.90178571429301
47.89880952381682
47.89583333334063
47.89285714286444
47.88988095238825
47.886904761912064
47.883928571435874
47.880952380959684
47.877976190483494
47.875000000007304
47.872023809531115
47.869047619054925
47.866071428578735
47.863095238102545
47.860119047626355
47.857142857150166
47.854166666673976
47.851190476197786
47.848214285721596
47.845238095245406
47.84226190476922
47.83928571429303
47.83630952381684
47.83333333334065
47.83035714286446
47.82738095238827
47.82440476191208
47.82142857143589
47.8184523809597
47.81547619048351
47.81250000000732
47.80952380953113
47.80654761905494
47.80357142857875
47.80059523810256
47.79761904762637
47.79464285715018
47.79166666667399
47.7886904761978
47.78571428572161
47.78273809524542
47.77976190476923
47.77678571429304
47.77380952381685
47.77083333334066
47.76785714286447
47.76488095238828
47.76190476191209
47.7589285714359
47.75595238095971
47.75297619048352
47.75000000000733
47.74702380953114
47.74404761905495
47.74107142857876
47.738095238102574
47.735119047626384
47.732142857150194
47.729166666674004
47.726190476197814
47.723214285721625
47.720238095245435
47.717261904769245
47.714285714293055
47.711309523816865
47.708333333340676
47.705357142864486
47.702380952388296
47.699404761912106
47.696428571435916
47.69345238095973
47.69047619048354
47.68750000000735
47.68452380953116
47.68154761905497
47.67857142857878
47.67559523810259
47.6726190476264
47.66964285715021
47.66666666667402
47.66369047619783
47.66071428572164
47.65773809524545
47.65476190476926
47.65178571429307
47.64880952381688
47.64583333334069
47.6428571428645
47.63988095238831
47.63690476191212
47.63392857143593
47.63095238095974
47.62797619048355
47.62500000000736
47.62202380953117
47.61904761905498
47.61607142857879
47.6130952381026
47.61011904762641
47.60714285715022
47.60416666667403
47.60119047619784
47.59821428572165
47.59523809524546
47.59226190476927
47.589285714293084
47.586309523816894
47.583333333340704
47.580357142864514
47.577380952388324
47.574404761912135
47.571428571435945
47.568452380959755
47.565476190483565
47.562500000007375
47.559523809531186
47.556547619054996
47.553571428578806
47.550595238102616
47.547619047626426
47.54464285715024
47.54166666667405
47.53869047619786
47.53571428572167
47.53273809524548
47.52976190476929
47.5267857142931
47.52380952381691
47.52083333334072
47.51785714286453
47.51488095238834
47.51190476191215
47.50892857143596
47.50595238095977
47.50297619048358
47.50000000000739
47.4970238095312
47.49404761905501
47.49107142857882
47.48809523810263
47.48511904762644
47.48214285715025
47.47916666667406
47.47619047619787
47.47321428572168
47.47023809524549
47.4672619047693
47.46428571429311
47.46130952381692
47.45833333334073
47.45535714286454
47.45238095238835
47.44940476191216
47.44642857143597
47.44345238095978
47.440476190483594
47.437500000007404
47.434523809531214
47.431547619055024
47.428571428578834
47.425595238102645
47.422619047626455
47.419642857150265
47.416666666674075
47.413690476197885
47.410714285721696
47.407738095245506
47.404761904769316
47.401785714293126
47.39880952381694
47.39583333334075
47.39285714286456
47.38988095238837
47.38690476191218
47.38392857143599
47.3809523809598
47.37797619048361
47.37500000000742
47.37202380953123
47.36904761905504
47.36607142857885
47.36309523810266
47.36011904762647
47.35714285715028
47.35416666667409
47.3511904761979
47.34821428572171
47.34523809524552
47.34226190476933
47.33928571429314
47.33630952381695
47.33333333334076
47.33035714286457
47.32738095238838
47.32440476191219
47.321428571436
47.31845238095981
47.31547619048362
47.31250000000743
47.30952380953124
47.30654761905505
47.30357142857886
47.30059523810267
47.29761904762648
47.29464285715029
47.291666666674104
47.288690476197914
47.285714285721724
47.282738095245534
47.279761904769344
47.276785714293155
47.273809523816965
47.270833333340775
47.267857142864585
47.264880952388395
47.261904761912206
47.258928571436016
47.255952380959826
47.252976190483636
47.25000000000745
47.24702380953126
47.24404761905507
47.24107142857888
47.23809523810269
47.2351190476265
47.23214285715031
47.22916666667412
47.22619047619793
47.22321428572174
47.22023809524555
47.21726190476936
47.21428571429317
47.21130952381698
47.20833333334079
47.2053571428646
47.20238095238841
47.19940476191222
47.19642857143603
47.19345238095984
47.19047619048365
47.18750000000746
47.18452380953127
47.18154761905508
47.17857142857889
47.1755952381027
47.17261904762651
47.16964285715032
47.16666666667413
47.16369047619794
47.16071428572175
47.15773809524556
47.15476190476937
47.15178571429318
47.14880952381699
47.1458333333408
47.142857142864614
47.139880952388424
47.136904761912234
47.133928571436044
47.130952380959855
47.127976190483665
47.125000000007475
47.122023809531285
47.119047619055095
47.116071428578906
47.113095238102716
47.110119047626526
47.107142857150336
47.104166666674146
47.10119047619796
47.09821428572177
47.09523809524558
47.09226190476939
47.0892857142932
47.08630952381701
47.08333333334082
47.08035714286463
47.07738095238844
47.07440476191225
47.07142857143606
47.06845238095987
47.06547619048368
47.06250000000749
47.0595238095313
47.05654761905511
47.05357142857892
47.05059523810273
47.04761904762654
47.04464285715035
47.04166666667416
47.03869047619797
47.03571428572178
47.03273809524559
47.0297619047694
47.02678571429321
47.02380952381702
47.02083333334083
47.01785714286464
47.01488095238845
47.01190476191226
47.00892857143607
47.00595238095988
47.00297619048369
47.0000000000075
46.99702380953131
46.994047619055124
46.991071428578934
46.988095238102744
46.985119047626554
46.982142857150365
46.979166666674175
46.976190476197985
46.973214285721795
46.970238095245605
46.967261904769416
46.964285714293226
46.961309523817036
46.958333333340846
46.955357142864656
46.95238095238847
46.94940476191228
46.94642857143609
46.9434523809599
46.94047619048371
46.93750000000752
46.93452380953133
46.93154761905514
46.92857142857895
46.92559523810276
46.92261904762657
46.91964285715038
46.91666666667419
46.913690476198
46.91071428572181
46.90773809524562
46.90476190476943
46.90178571429324
46.89880952381705
46.89583333334086
46.89285714286467
46.88988095238848
46.88690476191229
46.8839285714361
46.88095238095991
46.87797619048372
46.87500000000753
46.87202380953134
46.86904761905515
46.86607142857896
46.86309523810277
46.86011904762658
46.85714285715039
46.8541666666742
46.85119047619801
46.848214285721824
46.845238095245634
46.842261904769444
46.839285714293254
46.836309523817064
46.833333333340875
46.830357142864685
46.827380952388495
46.824404761912305
46.821428571436115
46.818452380959926
46.815476190483736
46.812500000007546
46.809523809531356
46.806547619055166
46.80357142857898
46.80059523810279
46.7976190476266
46.79464285715041
46.79166666667422
46.78869047619803
46.78571428572184
46.78273809524565
46.77976190476946
46.77678571429327
46.77380952381708
46.77083333334089
46.7678571428647
46.76488095238851
46.76190476191232
46.75892857143613
46.75595238095994
46.75297619048375
46.75000000000756
46.74702380953137
46.74404761905518
46.74107142857899
46.7380952381028
46.73511904762661
46.73214285715042
46.72916666667423
46.72619047619804
46.72321428572185
46.72023809524566
46.71726190476947
46.71428571429328
46.71130952381709
46.7083333333409
46.70535714286471
46.70238095238852
46.699404761912334
46.696428571436144
46.693452380959954
46.690476190483764
46.687500000007574
46.684523809531385
46.681547619055195
46.678571428579005
46.675595238102815
46.672619047626625
46.669642857150436
46.666666666674246
46.663690476198056
46.660714285721866
46.657738095245676
46.65476190476949
46.6517857142933
46.64880952381711
46.64583333334092
46.64285714286473
46.63988095238854
46.63690476191235
46.63392857143616
46.63095238095997
46.62797619048378
46.62500000000759
46.6220238095314
46.61904761905521
46.61607142857902
46.61309523810283
46.61011904762664
46.60714285715045
46.60416666667426
46.60119047619807
46.59821428572188
46.59523809524569
46.5922619047695
46.58928571429331
46.58630952381712
46.58333333334093
46.58035714286474
46.57738095238855
46.57440476191236
46.57142857143617
46.56845238095998
46.56547619048379
46.5625000000076
46.55952380953141
46.55654761905522
46.55357142857903
46.550595238102844
46.547619047626654
46.544642857150464
46.541666666674274
46.538690476198084
46.535714285721895
46.532738095245705
46.529761904769515
46.526785714293325
46.523809523817135
46.520833333340946
46.517857142864756
46.514880952388566
46.511904761912376
46.508928571436186
46.50595238096
46.50297619048381
46.50000000000762
46.49702380953143
46.49404761905524
46.49107142857905
46.48809523810286
46.48511904762667
46.48214285715048
46.47916666667429
46.4761904761981
46.47321428572191
46.47023809524572
46.46726190476953
46.46428571429334
46.46130952381715
46.45833333334096
46.45535714286477
46.45238095238858
46.44940476191239
46.4464285714362
46.44345238096001
46.44047619048382
46.43750000000763
46.43452380953144
46.43154761905525
46.42857142857906
46.42559523810287
46.42261904762668
46.41964285715049
46.4166666666743
46.41369047619811
46.41071428572192
46.40773809524573
46.40476190476954
46.401785714293354
46.398809523817164
46.395833333340974
46.392857142864784
46.389880952388594
46.386904761912405
46.383928571436215
46.380952380960025
46.377976190483835
46.375000000007645
46.372023809531456
46.369047619055266
46.366071428579076
46.363095238102886
46.360119047626696
46.35714285715051
46.35416666667432
46.35119047619813
46.34821428572194
46.34523809524575
46.34226190476956
46.33928571429337
46.33630952381718
46.33333333334099
46.3303571428648
46.32738095238861
46.32440476191242
46.32142857143623
46.31845238096004
46.31547619048385
46.31250000000766
46.30952380953147
46.30654761905528
46.30357142857909
46.3005952381029
46.29761904762671
46.29464285715052
46.29166666667433
46.28869047619814
46.28571428572195
46.28273809524576
46.27976190476957
46.27678571429338
46.27380952381719
46.270833333341
46.26785714286481
46.26488095238862
46.26190476191243
46.25892857143624
46.25595238096005
46.252976190483864
46.250000000007674
46.247023809531484
46.244047619055294
46.241071428579104
46.238095238102915
46.235119047626725
46.232142857150535
46.229166666674345
46.226190476198155
46.223214285721966
46.220238095245776
46.217261904769586
46.214285714293396
46.21130952381721
46.20833333334102
46.20535714286483
46.20238095238864
46.19940476191245
46.19642857143626
46.19345238096007
46.19047619048388
46.18750000000769
46.1845238095315
46.18154761905531
46.17857142857912
46.17559523810293
46.17261904762674
46.16964285715055
46.16666666667436
46.16369047619817
46.16071428572198
46.15773809524579
46.1547619047696
46.15178571429341
46.14880952381722
46.14583333334103
46.14285714286484
46.13988095238865
46.13690476191246
46.13392857143627
46.13095238096008
46.12797619048389
46.1250000000077
46.12202380953151
46.11904761905532
46.11607142857913
46.11309523810294
46.11011904762675
46.10714285715056
46.104166666674374
46.101190476198184
46.098214285721994
46.095238095245804
46.092261904769614
46.089285714293425
46.086309523817235
46.083333333341045
46.080357142864855
46.077380952388665
46.074404761912476
46.071428571436286
46.068452380960096
46.065476190483906
46.06250000000772
46.05952380953153
46.05654761905534
46.05357142857915
46.05059523810296
46.04761904762677
46.04464285715058
46.04166666667439
46.0386904761982
46.03571428572201
46.03273809524582
46.02976190476963
46.02678571429344
46.02380952381725
46.02083333334106
46.01785714286487
46.01488095238868
46.01190476191249
46.0089285714363
46.00595238096011
46.00297619048392
46.00000000000773
45.99702380953154
45.99404761905535
45.99107142857916
45.98809523810297
45.98511904762678
45.98214285715059
45.9791666666744
45.97619047619821
45.97321428572202
45.97023809524583
45.96726190476964
45.96428571429345
45.96130952381726
45.95833333334107
45.955357142864884
45.952380952388694
45.949404761912504
45.946428571436314
45.943452380960125
45.940476190483935
45.937500000007745
45.934523809531555
45.931547619055365
45.928571428579176
45.925595238102986
45.922619047626796
45.919642857150606
45.916666666674416
45.91369047619823
45.91071428572204
45.90773809524585
45.90476190476966
45.90178571429347
45.89880952381728
45.89583333334109
45.8928571428649
45.88988095238871
45.88690476191252
45.88392857143633
45.88095238096014
45.87797619048395
45.87500000000776
45.87202380953157
45.86904761905538
45.86607142857919
45.863095238103
45.86011904762681
45.85714285715062
45.85416666667443
45.85119047619824
45.84821428572205
45.84523809524586
45.84226190476967
45.83928571429348
45.83630952381729
45.8333333333411
45.83035714286491
45.82738095238872
45.82440476191253
45.82142857143634
45.81845238096015
45.81547619048396
45.81250000000777
45.80952380953158
45.806547619055394
45.803571428579204
45.800595238103014
45.797619047626824
45.794642857150635
45.791666666674445
45.788690476198255
45.785714285722065
45.782738095245875
45.779761904769686
45.776785714293496
45.773809523817306
45.770833333341116
45.767857142864926
45.76488095238874
45.76190476191255
45.75892857143636
45.75595238096017
45.75297619048398
45.75000000000779
45.7470238095316
45.74404761905541
45.74107142857922
45.73809523810303
45.73511904762684
45.73214285715065
45.72916666667446
45.72619047619827
45.72321428572208
45.72023809524589
45.7172619047697
45.71428571429351
45.71130952381732
45.70833333334113
45.70535714286494
45.70238095238875
45.69940476191256
45.69642857143637
45.69345238096018
45.69047619048399
45.6875000000078
45.68452380953161
45.68154761905542
45.67857142857923
45.67559523810304
45.67261904762685
45.66964285715066
45.66666666667447
45.66369047619828
45.660714285722094
45.657738095245904
45.654761904769714
45.651785714293524
45.648809523817334
45.645833333341145
45.642857142864955
45.639880952388765
45.636904761912575
45.633928571436385
45.630952380960196
45.627976190484006
45.625000000007816
45.622023809531626
45.619047619055436
45.61607142857925
45.61309523810306
45.61011904762687
45.60714285715068
45.60416666667449
45.6011904761983
45.59821428572211
45.59523809524592
45.59226190476973
45.58928571429354
45.58630952381735
45.58333333334116
45.58035714286497
45.57738095238878
45.57440476191259
45.5714285714364
45.56845238096021
45.56547619048402
45.56250000000783
45.55952380953164
45.55654761905545
45.55357142857926
45.55059523810307
45.54761904762688
45.54464285715069
45.5416666666745
45.53869047619831
45.53571428572212
45.53273809524593
45.52976190476974
45.52678571429355
45.52380952381736
45.52083333334117
45.51785714286498
45.51488095238879
45.511904761912604
45.508928571436414
45.505952380960224
45.502976190484034
45.500000000007844
45.497023809531655
45.494047619055465
45.491071428579275
45.488095238103085
45.485119047626895
45.482142857150706
45.479166666674516
45.476190476198326
45.473214285722136
45.470238095245946
45.46726190476976
45.46428571429357
45.46130952381738
45.45833333334119
45.455357142865
45.45238095238881
45.44940476191262
45.44642857143643
45.44345238096024
45.44047619048405
45.43750000000786
45.43452380953167
45.43154761905548
45.42857142857929
45.4255952381031
45.42261904762691
45.41964285715072
45.41666666667453
45.41369047619834
45.41071428572215
45.40773809524596
45.40476190476977
45.40178571429358
45.39880952381739
45.3958333333412
45.39285714286501
45.38988095238882
45.38690476191263
45.38392857143644
45.38095238096025
45.37797619048406
45.37500000000787
45.37202380953168
45.36904761905549
45.3660714285793
45.363095238103114
45.360119047626924
45.357142857150734
45.354166666674544
45.351190476198354
45.348214285722165
45.345238095245975
45.342261904769785
45.339285714293595
45.336309523817405
45.333333333341216
45.330357142865026
45.327380952388836
45.324404761912646
45.321428571436456
45.31845238096027
45.31547619048408
45.31250000000789
45.3095238095317
45.30654761905551
45.30357142857932
45.30059523810313
45.29761904762694
45.29464285715075
45.29166666667456
45.28869047619837
45.28571428572218
45.28273809524599
45.2797619047698
45.27678571429361
45.27380952381742
45.27083333334123
45.26785714286504
45.26488095238885
45.26190476191266
45.25892857143647
45.25595238096028
45.25297619048409
45.2500000000079
45.24702380953171
45.24404761905552
45.24107142857933
45.23809523810314
45.23511904762695
45.23214285715076
45.22916666667457
45.22619047619838
45.22321428572219
45.220238095246
45.21726190476981
45.214285714293624
45.211309523817434
45.208333333341244
45.205357142865054
45.202380952388864
45.199404761912675
45.196428571436485
45.193452380960295
45.190476190484105
45.187500000007915
45.184523809531726
45.181547619055536
45.178571428579346
45.175595238103156
45.17261904762697
45.16964285715078
45.16666666667459
45.1636904761984
45.16071428572221
45.15773809524602
45.15476190476983
45.15178571429364
45.14880952381745
45.14583333334126
45.14285714286507
45.13988095238888
45.13690476191269
45.1339285714365
45.13095238096031
45.12797619048412
45.12500000000793
45.12202380953174
45.11904761905555
45.11607142857936
45.11309523810317
45.11011904762698
45.10714285715079
45.1041666666746
45.10119047619841
45.09821428572222
45.09523809524603
45.09226190476984
45.08928571429365
45.08630952381746
45.08333333334127
45.08035714286508
45.07738095238889
45.0744047619127
45.07142857143651
45.06845238096032
45.065476190484134
45.062500000007944
45.059523809531754
45.056547619055564
45.053571428579374
45.050595238103185
45.047619047626995
45.044642857150805
45.041666666674615
45.038690476198425
45.035714285722236
45.032738095246046
45.029761904769856
45.026785714293666
45.02380952381748
45.02083333334129
45.0178571428651
45.01488095238891
45.01190476191272
45.00892857143653
45.00595238096034
45.00297619048415
45.00000000000796
44.99702380953177
44.99404761905558
44.99107142857939
44.9880952381032
44.98511904762701
44.98214285715082
44.97916666667463
44.97619047619844
44.97321428572225
44.97023809524606
44.96726190476987
44.96428571429368
44.96130952381749
44.9583333333413
44.95535714286511
44.95238095238892
44.94940476191273
44.94642857143654
44.94345238096035
44.94047619048416
44.93750000000797
44.93452380953178
44.93154761905559
44.9285714285794
44.92559523810321
44.92261904762702
44.91964285715083
44.916666666674644
44.913690476198454
44.910714285722264
44.907738095246074
44.904761904769884
44.901785714293695
44.898809523817505
44.895833333341315
44.892857142865125
44.889880952388935
44.886904761912746
44.883928571436556
44.880952380960366
44.877976190484176
44.87500000000799
44.8720238095318
44.86904761905561
44.86607142857942
44.86309523810323
44.86011904762704
44.85714285715085
44.85416666667466
44.85119047619847
44.84821428572228
44.84523809524609
44.8422619047699
44.83928571429371
44.83630952381752
44.83333333334133
44.83035714286514
44.82738095238895
44.82440476191276
44.82142857143657
44.81845238096038
44.81547619048419
44.812500000008
44.80952380953181
44.80654761905562
44.80357142857943
44.80059523810324
44.79761904762705
44.79464285715086
44.79166666667467
44.78869047619848
44.78571428572229
44.7827380952461
44.77976190476991
44.77678571429372
44.77380952381753
44.77083333334134
44.767857142865154
44.764880952388964
44.761904761912774
44.758928571436584
44.755952380960395
44.752976190484205
44.750000000008015
44.747023809531825
44.744047619055635
44.741071428579446
44.738095238103256
44.735119047627066
44.732142857150876
44.729166666674686
44.7261904761985
44.72321428572231
44.72023809524612
44.71726190476993
44.71428571429374
44.71130952381755
44.70833333334136
44.70535714286517
44.70238095238898
44.69940476191279
44.6964285714366
44.69345238096041
44.69047619048422
44.68750000000803
44.68452380953184
44.68154761905565
44.67857142857946
44.67559523810327
44.67261904762708
44.66964285715089
44.6666666666747
44.66369047619851
44.66071428572232
44.65773809524613
44.65476190476994
44.65178571429375
44.64880952381756
44.64583333334137
44.64285714286518
44.63988095238899
44.6369047619128
44.63392857143661
44.63095238096042
44.62797619048423
44.62500000000804
44.62202380953185
44.619047619055664
44.616071428579474
44.613095238103284
44.610119047627094
44.607142857150905
44.604166666674715
44.601190476198525
44.598214285722335
44.595238095246145
44.592261904769956
44.589285714293766
44.586309523817576
44.583333333341386
44.580357142865196
44.57738095238901
44.57440476191282
44.57142857143663
44.56845238096044
44.56547619048425
44.56250000000806
44.55952380953187
44.55654761905568
44.55357142857949
44.5505952381033
44.54761904762711
44.54464285715092
44.54166666667473
44.53869047619854
44.53571428572235
44.53273809524616
44.52976190476997
44.52678571429378
44.52380952381759
44.5208333333414
44.51785714286521
44.51488095238902
44.51190476191283
44.50892857143664
44.50595238096045
44.50297619048426
44.50000000000807
44.49702380953188
44.49404761905569
44.4910714285795
44.48809523810331
44.48511904762712
44.48214285715093
44.47916666667474
44.47619047619855
44.473214285722364
44.470238095246174
44.467261904769984
44.464285714293794
44.461309523817604
44.458333333341415
44.455357142865225
44.452380952389035
44.449404761912845
44.446428571436655
44.443452380960466
44.440476190484276
44.437500000008086
44.434523809531896
44.431547619055706
44.42857142857952
44.42559523810333
44.42261904762714
44.41964285715095
44.41666666667476
44.41369047619857
44.41071428572238
44.40773809524619
44.40476190477
44.40178571429381
44.39880952381762
44.39583333334143
44.39285714286524
44.38988095238905
44.38690476191286
44.38392857143667
44.38095238096048
44.37797619048429
44.3750000000081
44.37202380953191
44.36904761905572
44.36607142857953
44.36309523810334
44.36011904762715
44.35714285715096
44.35416666667477
44.35119047619858
44.34821428572239
44.3452380952462
44.34226190477001
44.33928571429382
44.33630952381763
44.33333333334144
44.33035714286525
44.32738095238906
44.324404761912874
44.321428571436684
44.318452380960494
44.315476190484304
44.312500000008114
44.309523809531925
44.306547619055735
44.303571428579545
44.300595238103355
44.297619047627165
44.294642857150976
44.291666666674786
44.288690476198596
44.285714285722406
44.282738095246216
44.27976190477003
44.27678571429384
44.27380952381765
44.27083333334146
44.26785714286527
44.26488095238908
44.26190476191289
44.2589285714367
44.25595238096051
44.25297619048432
44.25000000000813
44.24702380953194
44.24404761905575
44.24107142857956
44.23809523810337
44.23511904762718
44.23214285715099
44.2291666666748
44.22619047619861
44.22321428572242
44.22023809524623
44.21726190477004
44.21428571429385
44.21130952381766
44.20833333334147
44.20535714286528
44.20238095238909
44.1994047619129
44.19642857143671
44.19345238096052
44.19047619048433
44.18750000000814
44.18452380953195
44.18154761905576
44.17857142857957
44.175595238103384
44.172619047627194
44.169642857151004
44.166666666674814
44.163690476198624
44.160714285722435
44.157738095246245
44.154761904770055
44.151785714293865
44.148809523817675
44.145833333341486
44.142857142865296
44.139880952389106
44.136904761912916
44.133928571436726
44.13095238096054
44.12797619048435
44.12500000000816
44.12202380953197
44.11904761905578
44.11607142857959
44.1130952381034
44.11011904762721
44.10714285715102
44.10416666667483
44.10119047619864
44.09821428572245
44.09523809524626
44.09226190477007
44.08928571429388
44.08630952381769
44.0833333333415
44.08035714286531
44.07738095238912
44.07440476191293
44.07142857143674
44.06845238096055
44.06547619048436
44.06250000000817
44.05952380953198
44.05654761905579
44.0535714285796
44.05059523810341
44.04761904762722
44.04464285715103
44.04166666667484
44.03869047619865
44.03571428572246
44.03273809524627
44.02976190477008
44.026785714293894
44.023809523817704
44.020833333341514
44.017857142865324
44.014880952389134
44.011904761912945
44.008928571436755
44.005952380960565
44.002976190484375
44.000000000008185
43.997023809531996
43.994047619055806
43.991071428579616
43.988095238103426
43.98511904762724
43.98214285715105
43.97916666667486
43.97619047619867
43.97321428572248
43.97023809524629
43.9672619047701
43.96428571429391
43.96130952381772
43.95833333334153
43.95535714286534
43.95238095238915
43.94940476191296
43.94642857143677
43.94345238096058
43.94047619048439
43.9375000000082
43.93452380953201
43.93154761905582
43.92857142857963
43.92559523810344
43.92261904762725
43.91964285715106
43.91666666667487
43.91369047619868
43.91071428572249
43.9077380952463
43.90476190477011
43.90178571429392
43.89880952381773
43.89583333334154
43.89285714286535
43.88988095238916
43.88690476191297
43.88392857143678
43.88095238096059
43.877976190484404
43.875000000008214
43.872023809532024
43.869047619055834
43.866071428579644
43.863095238103455
43.860119047627265
43.857142857151075
43.854166666674885
43.851190476198695
43.848214285722506
43.845238095246316
43.842261904770126
43.839285714293936
43.83630952381775
43.83333333334156
43.83035714286537
43.82738095238918
43.82440476191299
43.8214285714368
43.81845238096061
43.81547619048442
43.81250000000823
43.80952380953204
43.80654761905585
43.80357142857966
43.80059523810347
43.79761904762728
43.79464285715109
43.7916666666749
43.78869047619871
43.78571428572252
43.78273809524633
43.77976190477014
43.77678571429395
43.77380952381776
43.77083333334157
43.76785714286538
43.76488095238919
43.761904761913
43.75892857143681
43.75595238096062
43.75297619048443
43.75000000000824
43.74702380953205
43.74404761905586
43.74107142857967
43.73809523810348
43.73511904762729
43.7321428571511
43.729166666674914
43.726190476198724
43.723214285722534
43.720238095246344
43.717261904770155
43.714285714293965
43.711309523817775
43.708333333341585
43.705357142865395
43.702380952389206
43.699404761913016
43.696428571436826
43.693452380960636
43.690476190484446
43.68750000000826
43.68452380953207
43.68154761905588
43.67857142857969
43.6755952381035
43.67261904762731
43.66964285715112
43.66666666667493
43.66369047619874
43.66071428572255
43.65773809524636
43.65476190477017
43.65178571429398
43.64880952381779
43.6458333333416
43.64285714286541
43.63988095238922
43.63690476191303
43.63392857143684
43.63095238096065
43.62797619048446
43.62500000000827
43.62202380953208
43.61904761905589
43.6160714285797
43.61309523810351
43.61011904762732
43.60714285715113
43.60416666667494
43.60119047619875
43.59821428572256
43.59523809524637
43.59226190477018
43.58928571429399
43.5863095238178
43.58333333334161
43.580357142865424
43.577380952389234
43.574404761913044
43.571428571436854
43.568452380960665
43.565476190484475
43.562500000008285
43.559523809532095
43.556547619055905
43.553571428579716
43.550595238103526
43.547619047627336
43.544642857151146
43.541666666674956
43.53869047619877
43.53571428572258
43.53273809524639
43.5297619047702
43.52678571429401
43.52380952381782
43.52083333334163
43.51785714286544
43.51488095238925
43.51190476191306
43.50892857143687
43.50595238096068
43.50297619048449
43.5000000000083
43.49702380953211
43.49404761905592
43.49107142857973
43.48809523810354
43.48511904762735
43.48214285715116
43.47916666667497
43.47619047619878
43.47321428572259
43.4702380952464
43.46726190477021
43.46428571429402
43.46130952381783
43.45833333334164
43.45535714286545
43.45238095238926
43.44940476191307
43.44642857143688
43.44345238096069
43.4404761904845
43.43750000000831
43.43452380953212
43.431547619055934
43.428571428579744
43.425595238103554
43.422619047627364
43.419642857151175
43.416666666674985
43.413690476198795
43.410714285722605
43.407738095246415
43.404761904770226
43.401785714294036
43.398809523817846
43.395833333341656
43.392857142865466
43.38988095238928
43.38690476191309
43.3839285714369
43.38095238096071
43.37797619048452
43.37500000000833
43.37202380953214
43.36904761905595
43.36607142857976
43.36309523810357
43.36011904762738
43.35714285715119
43.354166666675
43.35119047619881
43.34821428572262
43.34523809524643
43.34226190477024
43.33928571429405
43.33630952381786
43.33333333334167
43.33035714286548
43.32738095238929
43.3244047619131
43.32142857143691
43.31845238096072
43.31547619048453
43.31250000000834
43.30952380953215
43.30654761905596
43.30357142857977
43.30059523810358
43.29761904762739
43.2946428571512
43.29166666667501
43.28869047619882
43.285714285722634
43.282738095246444
43.279761904770254
43.276785714294064
43.273809523817874
43.270833333341685
43.267857142865495
43.264880952389305
43.261904761913115
43.258928571436925
43.255952380960736
43.252976190484546
43.250000000008356
43.247023809532166
43.244047619055976
43.24107142857979
43.2380952381036
43.23511904762741
43.23214285715122
43.22916666667503
43.22619047619884
43.22321428572265
43.22023809524646
43.21726190477027
43.21428571429408
43.21130952381789
43.2083333333417
43.20535714286551
43.20238095238932
43.19940476191313
43.19642857143694
43.19345238096075
43.19047619048456
43.18750000000837
43.18452380953218
43.18154761905599
43.1785714285798
43.17559523810361
43.17261904762742
43.16964285715123
43.16666666667504
43.16369047619885
43.16071428572266
43.15773809524647
43.15476190477028
43.15178571429409
43.1488095238179
43.14583333334171
43.14285714286552
43.13988095238933
43.136904761913144
43.133928571436954
43.130952380960764
43.127976190484574
43.125000000008384
43.122023809532195
43.119047619056005
43.116071428579815
43.113095238103625
43.110119047627435
43.107142857151246
43.104166666675056
43.101190476198866
43.098214285722676
43.095238095246486
43.0922619047703
43.08928571429411
43.08630952381792
43.08333333334173
43.08035714286554
43.07738095238935
43.07440476191316
43.07142857143697
43.06845238096078
43.06547619048459
43.0625000000084
43.05952380953221
43.05654761905602
43.05357142857983
43.05059523810364
43.04761904762745
43.04464285715126
43.04166666667507
43.03869047619888
43.03571428572269
43.0327380952465
43.02976190477031
43.02678571429412
43.02380952381793
43.02083333334174
43.01785714286555
43.01488095238936
43.01190476191317
43.00892857143698
43.00595238096079
43.0029761904846
43.00000000000841
42.99702380953222
42.99404761905603
42.99107142857984
42.988095238103654
42.985119047627464
42.982142857151274
42.979166666675084
42.976190476198894
42.973214285722705
42.970238095246515
42.967261904770325
42.964285714294135
42.961309523817945
42.958333333341756
42.955357142865566
42.952380952389376
42.949404761913186
42.946428571436996
42.94345238096081
42.94047619048462
42.93750000000843
42.93452380953224
42.93154761905605
42.92857142857986
42.92559523810367
42.92261904762748
42.91964285715129
42.9166666666751
42.91369047619891
42.91071428572272
42.90773809524653
42.90476190477034
42.90178571429415
42.89880952381796
42.89583333334177
42.89285714286558
42.88988095238939
42.8869047619132
42.88392857143701
42.88095238096082
42.87797619048463
42.87500000000844
42.87202380953225
42.86904761905606
42.86607142857987
42.86309523810368
42.86011904762749
42.8571428571513
42.85416666667511
42.85119047619892
42.84821428572273
42.84523809524654
42.84226190477035
42.839285714294164
42.836309523817974
42.833333333341784
42.830357142865594
42.827380952389404
42.824404761913215
42.821428571437025
42.818452380960835
42.815476190484645
42.812500000008455
42.809523809532266
42.806547619056076
42.803571428579886
42.800595238103696
42.79761904762751
42.79464285715132
42.79166666667513
42.78869047619894
42.78571428572275
42.78273809524656
42.77976190477037
42.77678571429418
42.77380952381799
42.7708333333418
42.76785714286561
42.76488095238942
42.76190476191323
42.75892857143704
42.75595238096085
42.75297619048466
42.75000000000847
42.74702380953228
42.74404761905609
42.7410714285799
42.73809523810371
42.73511904762752
42.73214285715133
42.72916666667514
42.72619047619895
42.72321428572276
42.72023809524657
42.71726190477038
42.71428571429419
42.711309523818
42.70833333334181
42.70535714286562
42.70238095238943
42.69940476191324
42.69642857143705
42.69345238096086
42.690476190484674
42.687500000008484
42.684523809532294
42.681547619056104
42.678571428579914
42.675595238103725
42.672619047627535
42.669642857151345
42.666666666675155
42.663690476198965
42.660714285722776
42.657738095246586
42.654761904770396
42.651785714294206
42.64880952381802
42.64583333334183
42.64285714286564
42.63988095238945
42.63690476191326
42.63392857143707
42.63095238096088
42.62797619048469
42.6250000000085
42.62202380953231
42.61904761905612
42.61607142857993
42.61309523810374
42.61011904762755
42.60714285715136
42.60416666667517
42.60119047619898
42.59821428572279
42.5952380952466
42.59226190477041
42.58928571429422
42.58630952381803
42.58333333334184
42.58035714286565
42.57738095238946
42.57440476191327
42.57142857143708
42.56845238096089
42.5654761904847
42.56250000000851
42.55952380953232
42.55654761905613
42.55357142857994
42.55059523810375
42.54761904762756
42.54464285715137
42.541666666675184
42.538690476198994
42.535714285722804
42.532738095246614
42.529761904770425
42.526785714294235
42.523809523818045
42.520833333341855
42.517857142865665
42.514880952389476
42.511904761913286
42.508928571437096
42.505952380960906
42.502976190484716
42.50000000000853
42.49702380953234
42.49404761905615
42.49107142857996
42.48809523810377
42.48511904762758
42.48214285715139
42.4791666666752
42.47619047619901
42.47321428572282
42.47023809524663
42.46726190477044
42.46428571429425
42.46130952381806
42.45833333334187
42.45535714286568
42.45238095238949
42.4494047619133
42.44642857143711
42.44345238096092
42.44047619048473
42.43750000000854
42.43452380953235
42.43154761905616
42.42857142857997
42.42559523810378
42.42261904762759
42.4196428571514
42.41666666667521
42.41369047619902
42.41071428572283
42.40773809524664
42.40476190477045
42.40178571429426
42.39880952381807
42.39583333334188
42.392857142865694
42.389880952389504
42.386904761913314
42.383928571437124
42.380952380960935
42.377976190484745
42.375000000008555
42.372023809532365
42.369047619056175
42.366071428579986
42.363095238103796
42.360119047627606
42.357142857151416
42.354166666675226
42.35119047619904
42.34821428572285
42.34523809524666
42.34226190477047
42.33928571429428
42.33630952381809
42.3333333333419
42.33035714286571
42.32738095238952
42.32440476191333
42.32142857143714
42.31845238096095
42.31547619048476
42.31250000000857
42.30952380953238
42.30654761905619
42.30357142858
42.30059523810381
42.29761904762762
42.29464285715143
42.29166666667524
42.28869047619905
42.28571428572286
42.28273809524667
42.27976190477048
42.27678571429429
42.2738095238181
42.27083333334191
42.26785714286572
42.26488095238953
42.26190476191334
42.25892857143715
42.25595238096096
42.25297619048477
42.25000000000858
42.247023809532394
42.244047619056204
42.241071428580014
42.238095238103824
42.235119047627634
42.232142857151445
42.229166666675255
42.226190476199065
42.223214285722875
42.220238095246685
42.217261904770496
42.214285714294306
42.211309523818116
42.208333333341926
42.205357142865736
42.20238095238955
42.19940476191336
42.19642857143717
42.19345238096098
42.19047619048479
42.1875000000086
42.18452380953241
42.18154761905622
42.17857142858003
42.17559523810384
42.17261904762765
42.16964285715146
42.16666666667527
42.16369047619908
42.16071428572289
42.1577380952467
42.15476190477051
42.15178571429432
42.14880952381813
42.14583333334194
42.14285714286575
42.13988095238956
42.13690476191337
42.13392857143718
42.13095238096099
42.1279761904848
42.12500000000861
42.12202380953242
42.11904761905623
42.11607142858004
42.11309523810385
42.11011904762766
42.10714285715147
42.10416666667528
42.10119047619909
42.098214285722904
42.095238095246714
42.092261904770524
42.089285714294334
42.086309523818144
42.083333333341955
42.080357142865765
42.077380952389575
42.074404761913385
42.071428571437195
42.068452380961006
42.065476190484816
42.062500000008626
42.059523809532436
42.056547619056246
42.05357142858006
42.05059523810387
42.04761904762768
42.04464285715149
42.0416666666753
42.03869047619911
42.03571428572292
42.03273809524673
42.02976190477054
42.02678571429435
42.02380952381816
42.02083333334197
42.01785714286578
42.01488095238959
42.0119047619134
42.00892857143721
42.00595238096102
42.00297619048483
42.00000000000864
41.99702380953245
41.99404761905626
41.99107142858007
41.98809523810388
41.98511904762769
41.9821428571515
41.97916666667531
41.97619047619912
41.97321428572293
41.97023809524674
41.96726190477055
41.96428571429436
41.96130952381817
41.95833333334198
41.95535714286579
41.9523809523896
41.949404761913414
41.946428571437224
41.943452380961034
41.940476190484844
41.937500000008654
41.934523809532465
41.931547619056275
41.928571428580085
41.925595238103895
41.922619047627705
41.919642857151516
41.916666666675326
41.913690476199136
41.910714285722946
41.907738095246756
41.90476190477057
41.90178571429438
41.89880952381819
41.895833333342
41.89285714286581
41.88988095238962
41.88690476191343
41.88392857143724
41.88095238096105
41.87797619048486
41.87500000000867
41.87202380953248
41.86904761905629
41.8660714285801
41.86309523810391
41.86011904762772
41.85714285715153
41.85416666667534
41.85119047619915
41.84821428572296
41.84523809524677
41.84226190477058
41.83928571429439
41.8363095238182
41.83333333334201
41.83035714286582
41.82738095238963
41.82440476191344
41.82142857143725
41.81845238096106
41.81547619048487
41.81250000000868
41.80952380953249
41.8065476190563
41.80357142858011
41.800595238103924
41.797619047627734
41.794642857151544
41.791666666675354
41.788690476199164
41.785714285722975
41.782738095246785
41.779761904770595
41.776785714294405
41.773809523818215
41.770833333342026
41.767857142865836
41.764880952389646
41.761904761913456
41.758928571437266
41.75595238096108
41.75297619048489
41.7500000000087
41.74702380953251
41.74404761905632
41.74107142858013
41.73809523810394
41.73511904762775
41.73214285715156
41.72916666667537
41.72619047619918
41.72321428572299
41.7202380952468
41.71726190477061
41.71428571429442
41.71130952381823
41.70833333334204
41.70535714286585
41.70238095238966
41.69940476191347
41.69642857143728
41.69345238096109
41.6904761904849
41.68750000000871
41.68452380953252
41.68154761905633
41.67857142858014
41.67559523810395
41.67261904762776
41.66964285715157
41.66666666667538
41.66369047619919
41.660714285723
41.65773809524681
41.65476190477062
41.651785714294434
41.648809523818244
41.645833333342054
41.642857142865864
41.639880952389674
41.636904761913485
41.633928571437295
41.630952380961105
41.627976190484915
41.625000000008725
41.622023809532536
41.619047619056346
41.616071428580156
41.613095238103966
41.61011904762778
41.60714285715159
41.6041666666754
41.60119047619921
41.59821428572302
41.59523809524683
41.59226190477064
41.58928571429445
41.58630952381826
41.58333333334207
41.58035714286588
41.57738095238969
41.5744047619135
41.57142857143731
41.56845238096112
41.56547619048493
41.56250000000874
41.55952380953255
41.55654761905636
41.55357142858017
41.55059523810398
41.54761904762779
41.5446428571516
41.54166666667541
41.53869047619922
41.53571428572303
41.53273809524684
41.52976190477065
41.52678571429446
41.52380952381827
41.52083333334208
41.51785714286589
41.5148809523897
41.51190476191351
41.50892857143732
41.50595238096113
41.502976190484944
41.500000000008754
41.497023809532564
41.494047619056374
41.491071428580184
41.488095238103995
41.485119047627805
41.482142857151615
41.479166666675425
41.476190476199235
41.473214285723046
41.470238095246856
41.467261904770666
41.464285714294476
41.46130952381829
41.4583333333421
41.45535714286591
41.45238095238972
41.44940476191353
41.44642857143734
41.44345238096115
41.44047619048496
41.43750000000877
41.43452380953258
41.43154761905639
41.4285714285802
41.42559523810401
41.42261904762782
41.41964285715163
41.41666666667544
41.41369047619925
41.41071428572306
41.40773809524687
41.40476190477068
41.40178571429449
41.3988095238183
41.39583333334211
41.39285714286592
41.38988095238973
41.38690476191354
41.38392857143735
41.38095238096116
41.37797619048497
41.37500000000878
41.37202380953259
41.3690476190564
41.36607142858021
41.36309523810402
41.36011904762783
41.35714285715164
41.354166666675454
41.351190476199264
41.348214285723074
41.345238095246884
41.342261904770695
41.339285714294505
41.336309523818315
41.333333333342125
41.330357142865935
41.327380952389746
41.324404761913556
41.321428571437366
41.318452380961176
41.315476190484986
41.3125000000088
41.30952380953261
41.30654761905642
41.30357142858023
41.30059523810404
41.29761904762785
41.29464285715166
41.29166666667547
41.28869047619928
41.28571428572309
41.2827380952469
41.27976190477071
41.27678571429452
41.27380952381833
41.27083333334214
41.26785714286595
41.26488095238976
41.26190476191357
41.25892857143738
41.25595238096119
41.252976190485
41.25000000000881
41.24702380953262
41.24404761905643
41.24107142858024
41.23809523810405
41.23511904762786
41.23214285715167
41.22916666667548
41.22619047619929
41.2232142857231
41.22023809524691
41.21726190477072
41.21428571429453
41.21130952381834
41.20833333334215
41.205357142865964
41.202380952389774
41.199404761913584
41.196428571437394
41.193452380961205
41.190476190485015
41.187500000008825
41.184523809532635
41.181547619056445
41.178571428580256
41.175595238104066
41.172619047627876
41.169642857151686
41.166666666675496
41.16369047619931
41.16071428572312
41.15773809524693
41.15476190477074
41.15178571429455
41.14880952381836
41.14583333334217
41.14285714286598
41.13988095238979
41.1369047619136
41.13392857143741
41.13095238096122
41.12797619048503
41.12500000000884
41.12202380953265
41.11904761905646
41.11607142858027
41.11309523810408
41.11011904762789
41.1071428571517
41.10416666667551
41.10119047619932
41.09821428572313
41.09523809524694
41.09226190477075
41.08928571429456
41.08630952381837
41.08333333334218
41.08035714286599
41.0773809523898
41.07440476191361
41.07142857143742
41.06845238096123
41.06547619048504
41.06250000000885
41.059523809532664
41.056547619056474
41.053571428580284
41.050595238104094
41.047619047627904
41.044642857151715
41.041666666675525
41.038690476199335
41.035714285723145
41.032738095246955
41.029761904770766
41.026785714294576
41.023809523818386
41.020833333342196
41.017857142866006
41.01488095238982
41.01190476191363
41.00892857143744
41.00595238096125
41.00297619048506
41.00000000000887
40.99702380953268
40.99404761905649
40.9910714285803
40.98809523810411
40.98511904762792
40.98214285715173
40.97916666667554
40.97619047619935
40.97321428572316
40.97023809524697
40.96726190477078
40.96428571429459
40.9613095238184
40.95833333334221
40.95535714286602
40.95238095238983
40.94940476191364
40.94642857143745
40.94345238096126
40.94047619048507
40.93750000000888
40.93452380953269
40.9315476190565
40.92857142858031
40.92559523810412
40.92261904762793
40.91964285715174
40.91666666667555
40.91369047619936
40.910714285723174
40.907738095246984
40.904761904770794
40.901785714294604
40.898809523818414
40.895833333342225
40.892857142866035
40.889880952389845
40.886904761913655
40.883928571437465
40.880952380961276
40.877976190485086
40.875000000008896
40.872023809532706
40.869047619056516
40.86607142858033
40.86309523810414
40.86011904762795
40.85714285715176
40.85416666667557
40.85119047619938
40.84821428572319
40.845238095247
40.84226190477081
40.83928571429462
40.83630952381843
40.83333333334224
40.83035714286605
40.82738095238986
40.82440476191367
40.82142857143748
40.81845238096129
40.8154761904851
40.81250000000891
40.80952380953272
40.80654761905653
40.80357142858034
40.80059523810415
40.79761904762796
40.79464285715177
40.79166666667558
40.78869047619939
40.7857142857232
40.78273809524701
40.77976190477082
40.77678571429463
40.77380952381844
40.77083333334225
40.76785714286606
40.76488095238987
40.761904761913684
40.758928571437494
40.755952380961304
40.752976190485114
40.750000000008924
40.747023809532735
40.744047619056545
40.741071428580355
40.738095238104165
40.735119047627975
40.732142857151786
40.729166666675596
40.726190476199406
40.723214285723216
40.720238095247026
40.71726190477084
40.71428571429465
40.71130952381846
40.70833333334227
40.70535714286608
40.70238095238989
40.6994047619137
40.69642857143751
40.69345238096132
40.69047619048513
40.68750000000894
40.68452380953275
40.68154761905656
40.67857142858037
40.67559523810418
40.67261904762799
40.6696428571518
40.66666666667561
40.66369047619942
40.66071428572323
40.65773809524704
40.65476190477085
40.65178571429466
40.64880952381847
40.64583333334228
40.64285714286609
40.6398809523899
40.63690476191371
40.63392857143752
40.63095238096133
40.62797619048514
40.62500000000895
40.62202380953276
40.61904761905657
40.61607142858038
40.613095238104194
40.610119047628004
40.607142857151814
40.604166666675624
40.601190476199434
40.598214285723245
40.595238095247055
40.592261904770865
40.589285714294675
40.586309523818485
40.583333333342296
40.580357142866106
40.577380952389916
40.574404761913726
40.57142857143754
40.56845238096135
40.56547619048516
40.56250000000897
40.55952380953278
40.55654761905659
40.5535714285804
40.55059523810421
40.54761904762802
40.54464285715183
40.54166666667564
40.53869047619945
40.53571428572326
40.53273809524707
40.52976190477088
40.52678571429469
40.5238095238185
40.52083333334231
40.51785714286612
40.51488095238993
40.51190476191374
40.50892857143755
40.50595238096136
40.50297619048517
40.50000000000898
40.49702380953279
40.4940476190566
40.49107142858041
40.48809523810422
40.48511904762803
40.48214285715184
40.47916666667565
40.47619047619946
40.47321428572327
40.47023809524708
40.46726190477089
40.464285714294704
40.461309523818514
40.458333333342324
40.455357142866134
40.452380952389944
40.449404761913755
40.446428571437565
40.443452380961375
40.440476190485185
40.437500000008995
40.434523809532806
40.431547619056616
40.428571428580426
40.425595238104236
40.42261904762805
40.41964285715186
40.41666666667567
40.41369047619948
40.41071428572329
40.4077380952471
40.40476190477091
40.40178571429472
40.39880952381853
40.39583333334234
40.39285714286615
40.38988095238996
40.38690476191377
40.38392857143758
40.38095238096139
40.3779761904852
40.37500000000901
40.37202380953282
40.36904761905663
40.36607142858044
40.36309523810425
40.36011904762806
40.35714285715187
40.35416666667568
40.35119047619949
40.3482142857233
40.34523809524711
40.34226190477092
40.33928571429473
40.33630952381854
40.33333333334235
40.33035714286616
40.32738095238997
40.32440476191378
40.32142857143759
40.3184523809614
40.315476190485214
40.312500000009024
40.309523809532834
40.306547619056644
40.303571428580454
40.300595238104265
40.297619047628075
40.294642857151885
40.291666666675695
40.288690476199505
40.285714285723316
40.282738095247126
40.279761904770936
40.276785714294746
40.27380952381856
40.27083333334237
40.26785714286618
40.26488095238999
40.2619047619138
40.25892857143761
40.25595238096142
40.25297619048523
40.25000000000904
40.24702380953285
40.24404761905666
40.24107142858047
40.23809523810428
40.23511904762809
40.2321428571519
40.22916666667571
40.22619047619952
40.22321428572333
40.22023809524714
40.21726190477095
40.21428571429476
40.21130952381857
40.20833333334238
40.20535714286619
40.20238095239
40.19940476191381
40.19642857143762
40.19345238096143
40.19047619048524
40.18750000000905
40.18452380953286
40.18154761905667
40.17857142858048
40.17559523810429
40.1726190476281
40.16964285715191
40.166666666675724
40.163690476199534
40.160714285723344
40.157738095247154
40.154761904770965
40.151785714294775
40.148809523818585
40.145833333342395
40.142857142866205
40.139880952390016
40.136904761913826
40.133928571437636
40.130952380961446
40.127976190485256
40.12500000000907
40.12202380953288
40.11904761905669
40.1160714285805
40.11309523810431
40.11011904762812
40.10714285715193
40.10416666667574
40.10119047619955
40.09821428572336
40.09523809524717
40.09226190477098
40.08928571429479
40.0863095238186
40.08333333334241
40.08035714286622
40.07738095239003
40.07440476191384
40.07142857143765
40.06845238096146
40.06547619048527
40.06250000000908
40.05952380953289
40.0565476190567
40.05357142858051
40.05059523810432
40.04761904762813
40.04464285715194
40.04166666667575
40.03869047619956
40.03571428572337
40.03273809524718
40.02976190477099
40.0267857142948
40.02380952381861
40.02083333334242
40.017857142866234
40.014880952390044
40.011904761913854
40.008928571437664
40.005952380961475
40.002976190485285
40.000000000009095
39.997023809532905
39.994047619056715
39.991071428580526
39.988095238104336
39.985119047628146
39.982142857151956
39.979166666675766
39.97619047619958
39.97321428572339
39.9702380952472
39.96726190477101
39.96428571429482
39.96130952381863
39.95833333334244
39.95535714286625
39.95238095239006
39.94940476191387
39.94642857143768
39.94345238096149
39.9404761904853
39.93750000000911
39.93452380953292
39.93154761905673
39.92857142858054
39.92559523810435
39.92261904762816
39.91964285715197
39.91666666667578
39.91369047619959
39.9107142857234
39.90773809524721
39.90476190477102
39.90178571429483
39.89880952381864
39.89583333334245
39.89285714286626
39.88988095239007
39.88690476191388
39.88392857143769
39.8809523809615
39.87797619048531
39.87500000000912
39.872023809532934
39.869047619056744
39.866071428580554
39.863095238104364
39.860119047628174
39.857142857151985
39.854166666675795
39.851190476199605
39.848214285723415
39.845238095247225
39.842261904771036
39.839285714294846
39.836309523818656
39.833333333342466
39.830357142866276
39.82738095239009
39.8244047619139
39.82142857143771
39.81845238096152
39.81547619048533
39.81250000000914
39.80952380953295
39.80654761905676
39.80357142858057
39.80059523810438
39.79761904762819
39.794642857152
39.79166666667581
39.78869047619962
39.78571428572343
39.78273809524724
39.77976190477105
39.77678571429486
39.77380952381867
39.77083333334248
39.76785714286629
39.7648809523901
39.76190476191391
39.75892857143772
39.75595238096153
39.75297619048534
39.75000000000915
39.74702380953296
39.74404761905677
39.74107142858058
39.73809523810439
39.7351190476282
39.73214285715201
39.72916666667582
39.72619047619963
39.723214285723444
39.720238095247254
39.717261904771064
39.714285714294874
39.711309523818684
39.708333333342495
39.705357142866305
39.702380952390115
39.699404761913925
39.696428571437735
39.693452380961546
39.690476190485356
39.687500000009166
39.684523809532976
39.681547619056786
39.6785714285806
39.67559523810441
39.67261904762822
39.66964285715203
39.66666666667584
39.66369047619965
39.66071428572346
39.65773809524727
39.65476190477108
39.65178571429489
39.6488095238187
39.64583333334251
39.64285714286632
39.63988095239013
39.63690476191394
39.63392857143775
39.63095238096156
39.62797619048537
39.62500000000918
39.62202380953299
39.6190476190568
39.61607142858061
39.61309523810442
39.61011904762823
39.60714285715204
39.60416666667585
39.60119047619966
39.59821428572347
39.59523809524728
39.59226190477109
39.5892857142949
39.58630952381871
39.58333333334252
39.58035714286633
39.57738095239014
39.574404761913954
39.571428571437764
39.568452380961574
39.565476190485384
39.562500000009194
39.559523809533005
39.556547619056815
39.553571428580625
39.550595238104435
39.547619047628245
39.544642857152056
39.541666666675866
39.538690476199676
39.535714285723486
39.532738095247296
39.52976190477111
39.52678571429492
39.52380952381873
39.52083333334254
39.51785714286635
39.51488095239016
39.51190476191397
39.50892857143778
39.50595238096159
39.5029761904854
39.50000000000921
39.49702380953302
39.49404761905683
39.49107142858064
39.48809523810445
39.48511904762826
39.48214285715207
39.47916666667588
39.47619047619969
39.4732142857235
39.47023809524731
39.46726190477112
39.46428571429493
39.46130952381874
39.45833333334255
39.45535714286636
39.45238095239017
39.44940476191398
39.44642857143779
39.4434523809616
39.44047619048541
39.43750000000922
39.43452380953303
39.43154761905684
39.42857142858065
39.425595238104464
39.422619047628274
39.419642857152084
39.416666666675894
39.413690476199704
39.410714285723515
39.407738095247325
39.404761904771135
39.401785714294945
39.398809523818755
39.395833333342566
39.392857142866376
39.389880952390186
39.386904761913996
39.38392857143781
39.38095238096162
39.37797619048543
39.37500000000924
39.37202380953305
39.36904761905686
39.36607142858067
39.36309523810448
39.36011904762829
39.3571428571521
39.35416666667591
39.35119047619972
39.34821428572353
39.34523809524734
39.34226190477115
39.33928571429496
39.33630952381877
39.33333333334258
39.33035714286639
39.3273809523902
39.32440476191401
39.32142857143782
39.31845238096163
39.31547619048544
39.31250000000925
39.30952380953306
39.30654761905687
39.30357142858068
39.30059523810449
39.2976190476283
39.29464285715211
39.29166666667592
39.28869047619973
39.28571428572354
39.28273809524735
39.27976190477116
39.276785714294974
39.273809523818784
39.270833333342594
39.267857142866404
39.264880952390214
39.261904761914025
39.258928571437835
39.255952380961645
39.252976190485455
39.250000000009265
39.247023809533076
39.244047619056886
39.241071428580696
39.238095238104506
39.23511904762832
39.23214285715213
39.22916666667594
39.22619047619975
39.22321428572356
39.22023809524737
39.21726190477118
39.21428571429499
39.2113095238188
39.20833333334261
39.20535714286642
39.20238095239023
39.19940476191404
39.19642857143785
39.19345238096166
39.19047619048547
39.18750000000928
39.18452380953309
39.1815476190569
39.17857142858071
39.17559523810452
39.17261904762833
39.16964285715214
39.16666666667595
39.16369047619976
39.16071428572357
39.15773809524738
39.15476190477119
39.151785714295
39.14880952381881
39.14583333334262
39.14285714286643
39.13988095239024
39.13690476191405
39.13392857143786
39.13095238096167
39.127976190485484
39.125000000009294
39.122023809533104
39.119047619056914
39.116071428580725
39.113095238104535
39.110119047628345
39.107142857152155
39.104166666675965
39.101190476199776
39.098214285723586
39.095238095247396
39.092261904771206
39.089285714295016
39.08630952381883
39.08333333334264
39.08035714286645
39.07738095239026
39.07440476191407
39.07142857143788
39.06845238096169
39.0654761904855
39.06250000000931
39.05952380953312
39.05654761905693
39.05357142858074
39.05059523810455
39.04761904762836
39.04464285715217
39.04166666667598
39.03869047619979
39.0357142857236
39.03273809524741
39.02976190477122
39.02678571429503
39.02380952381884
39.02083333334265
39.01785714286646
39.01488095239027
39.01190476191408
39.00892857143789
39.0059523809617
39.00297619048551
39.00000000000932
38.99702380953313
38.99404761905694
38.99107142858075
38.98809523810456
38.98511904762837
38.98214285715218
38.979166666675994
38.976190476199804
38.973214285723614
38.970238095247424
38.967261904771235
38.964285714295045
38.961309523818855
38.958333333342665
38.955357142866475
38.952380952390286
38.949404761914096
38.946428571437906
38.943452380961716
38.940476190485526
38.93750000000934
38.93452380953315
38.93154761905696
38.92857142858077
38.92559523810458
38.92261904762839
38.9196428571522
38.91666666667601
38.91369047619982
38.91071428572363
38.90773809524744
38.90476190477125
38.90178571429506
38.89880952381887
38.89583333334268
38.89285714286649
38.8898809523903
38.88690476191411
38.88392857143792
38.88095238096173
38.87797619048554
38.87500000000935
38.87202380953316
38.86904761905697
38.86607142858078
38.86309523810459
38.8601190476284
38.85714285715221
38.85416666667602
38.85119047619983
38.84821428572364
38.84523809524745
38.84226190477126
38.83928571429507
38.83630952381888
38.83333333334269
38.830357142866504
38.827380952390314
38.824404761914124
38.821428571437934
38.818452380961745
38.815476190485555
38.812500000009365
38.809523809533175
38.806547619056985
38.803571428580796
38.800595238104606
38.797619047628416
38.794642857152226
38.791666666676036
38.78869047619985
38.78571428572366
38.78273809524747
38.77976190477128
38.77678571429509
38.7738095238189
38.77083333334271
38.76785714286652
38.76488095239033
38.76190476191414
38.75892857143795
38.75595238096176
38.75297619048557
38.75000000000938
38.74702380953319
38.744047619057
38.74107142858081
38.73809523810462
38.73511904762843
38.73214285715224
38.72916666667605
38.72619047619986
38.72321428572367
38.72023809524748
38.71726190477129
38.7142857142951
38.71130952381891
38.70833333334272
38.70535714286653
38.70238095239034
38.69940476191415
38.69642857143796
38.69345238096177
38.69047619048558
38.68750000000939
38.684523809533204
38.681547619057014
38.678571428580824
38.675595238104634
38.672619047628444
38.669642857152255
38.666666666676065
38.663690476199875
38.660714285723685
38.657738095247495
38.654761904771306
38.651785714295116
38.648809523818926
38.645833333342736
38.642857142866546
38.63988095239036
38.63690476191417
38.63392857143798
38.63095238096179
38.6279761904856
38.62500000000941
38.62202380953322
38.61904761905703
38.61607142858084
38.61309523810465
38.61011904762846
38.60714285715227
38.60416666667608
38.60119047619989
38.5982142857237
38.59523809524751
38.59226190477132
38.58928571429513
38.58630952381894
38.58333333334275
38.58035714286656
38.57738095239037
38.57440476191418
38.57142857143799
38.5684523809618
38.56547619048561
38.56250000000942
38.55952380953323
38.55654761905704
38.55357142858085
38.55059523810466
38.54761904762847
38.54464285715228
38.54166666667609
38.5386904761999
38.535714285723714
38.532738095247524
38.529761904771334
38.526785714295144
38.523809523818954
38.520833333342765
38.517857142866575
38.514880952390385
38.511904761914195
38.508928571438005
38.505952380961816
38.502976190485626
38.500000000009436
38.497023809533246
38.494047619057056
38.49107142858087
38.48809523810468
38.48511904762849
38.4821428571523
38.47916666667611
38.47619047619992
38.47321428572373
38.47023809524754
38.46726190477135
38.46428571429516
38.46130952381897
38.45833333334278
38.45535714286659
38.4523809523904
38.44940476191421
38.44642857143802
38.44345238096183
38.44047619048564
38.43750000000945
38.43452380953326
38.43154761905707
38.42857142858088
38.42559523810469
38.4226190476285
38.41964285715231
38.41666666667612
38.41369047619993
38.41071428572374
38.40773809524755
38.40476190477136
38.40178571429517
38.39880952381898
38.39583333334279
38.3928571428666
38.38988095239041
38.386904761914224
38.383928571438034
38.380952380961844
38.377976190485654
38.375000000009464
38.372023809533275
38.369047619057085
38.366071428580895
38.363095238104705
38.360119047628515
38.357142857152326
38.354166666676136
38.351190476199946
38.348214285723756
38.345238095247566
38.34226190477138
38.33928571429519
38.336309523819
38.33333333334281
38.33035714286662
38.32738095239043
38.32440476191424
38.32142857143805
38.31845238096186
38.31547619048567
38.31250000000948
38.30952380953329
38.3065476190571
38.30357142858091
38.30059523810472
38.29761904762853
38.29464285715234
38.29166666667615
38.28869047619996
38.28571428572377
38.28273809524758
38.27976190477139
38.2767857142952
38.27380952381901
38.27083333334282
38.26785714286663
38.26488095239044
38.26190476191425
38.25892857143806
38.25595238096187
38.25297619048568
38.25000000000949
38.2470238095333
38.24404761905711
38.24107142858092
38.238095238104734
38.235119047628544
38.232142857152354
38.229166666676164
38.226190476199974
38.223214285723785
38.220238095247595
38.217261904771405
38.214285714295215
38.211309523819025
38.208333333342836
38.205357142866646
38.202380952390456
38.199404761914266
38.19642857143808
38.19345238096189
38.1904761904857
38.18750000000951
38.18452380953332
38.18154761905713
38.17857142858094
38.17559523810475
38.17261904762856
38.16964285715237
38.16666666667618
38.16369047619999
38.1607142857238
38.15773809524761
38.15476190477142
38.15178571429523
38.14880952381904
38.14583333334285
38.14285714286666
38.13988095239047
38.13690476191428
38.13392857143809
38.1309523809619
38.12797619048571
38.12500000000952
38.12202380953333
38.11904761905714
38.11607142858095
38.11309523810476
38.11011904762857
38.10714285715238
38.10416666667619
38.1011904762
38.09821428572381
38.09523809524762
38.09226190477143
38.089285714295244
38.086309523819054
38.083333333342864
38.080357142866674
38.077380952390484
38.074404761914295
38.071428571438105
38.068452380961915
38.065476190485725
38.062500000009535
38.059523809533346
38.056547619057156
38.053571428580966
38.050595238104776
38.04761904762859
38.0446428571524
38.04166666667621
38.03869047620002
38.03571428572383
38.03273809524764
38.02976190477145
38.02678571429526
38.02380952381907
38.02083333334288
38.01785714286669
38.0148809523905
38.01190476191431
38.00892857143812
38.00595238096193
38.00297619048574
38.00000000000955
37.99702380953336
37.99404761905717
37.99107142858098
37.98809523810479
37.9851190476286
37.98214285715241
37.97916666667622
37.97619047620003
37.97321428572384
37.97023809524765
37.96726190477146
37.96428571429527
37.96130952381908
37.95833333334289
37.9553571428667
37.95238095239051
37.94940476191432
37.94642857143813
37.94345238096194
37.940476190485754
37.937500000009564
37.934523809533374
37.931547619057184
37.928571428580995
37.925595238104805
37.922619047628615
37.919642857152425
37.916666666676235
37.913690476200046
37.910714285723856
37.907738095247666
37.904761904771476
37.901785714295286
37.8988095238191
37.89583333334291
37.89285714286672
37.88988095239053
37.88690476191434
37.88392857143815
37.88095238096196
37.87797619048577
37.87500000000958
37.87202380953339
37.8690476190572
37.86607142858101
37.86309523810482
37.86011904762863
37.85714285715244
37.85416666667625
37.85119047620006
37.84821428572387
37.84523809524768
37.84226190477149
37.8392857142953
37.83630952381911
37.83333333334292
37.83035714286673
37.82738095239054
37.82440476191435
37.82142857143816
37.81845238096197
37.81547619048578
37.81250000000959
37.8095238095334
37.80654761905721
37.80357142858102
37.80059523810483
37.79761904762864
37.79464285715245
37.791666666676264
37.788690476200074
37.785714285723884
37.782738095247694
37.779761904771505
37.776785714295315
37.773809523819125
37.770833333342935
37.767857142866745
37.764880952390556
37.761904761914366
37.758928571438176
37.755952380961986
37.752976190485796
37.75000000000961
37.74702380953342
37.74404761905723
37.74107142858104
37.73809523810485
37.73511904762866
37.73214285715247
37.72916666667628
37.72619047620009
37.7232142857239
37.72023809524771
37.71726190477152
37.71428571429533
37.71130952381914
37.70833333334295
37.70535714286676
37.70238095239057
37.69940476191438
37.69642857143819
37.693452380962
37.69047619048581
37.68750000000962
37.68452380953343
37.68154761905724
37.67857142858105
37.67559523810486
37.67261904762867
37.66964285715248
37.66666666667629
37.6636904762001
37.66071428572391
37.65773809524772
37.65476190477153
37.65178571429534
37.64880952381915
37.645833333342964
37.642857142866774
37.639880952390584
37.636904761914394
37.633928571438204
37.630952380962015
37.627976190485825
37.625000000009635
37.622023809533445
37.619047619057255
37.616071428581066
37.613095238104876
37.610119047628686
37.607142857152496
37.604166666676306
37.60119047620012
37.59821428572393
37.59523809524774
37.59226190477155
37.58928571429536
37.58630952381917
37.58333333334298
37.58035714286679
37.5773809523906
37.57440476191441
37.57142857143822
37.56845238096203
37.56547619048584
37.56250000000965
37.55952380953346
37.55654761905727
37.55357142858108
37.55059523810489
37.5476190476287
37.54464285715251
37.54166666667632
37.53869047620013
37.53571428572394
37.53273809524775
37.52976190477156
37.52678571429537
37.52380952381918
37.52083333334299
37.5178571428668
37.51488095239061
37.51190476191442
37.50892857143823
37.50595238096204
37.50297619048585
37.50000000000966
37.497023809533474
37.494047619057284
37.491071428581094
37.488095238104904
37.485119047628714
37.482142857152525
37.479166666676335
37.476190476200145
37.473214285723955
37.470238095247765
37.467261904771576
37.464285714295386
37.461309523819196
37.458333333343006
37.455357142866816
37.45238095239063
37.44940476191444
37.44642857143825
37.44345238096206
37.44047619048587
37.43750000000968
37.43452380953349
37.4315476190573
37.42857142858111
37.42559523810492
37.42261904762873
37.41964285715254
37.41666666667635
37.41369047620016
37.41071428572397
37.40773809524778
37.40476190477159
37.4017857142954
37.39880952381921
37.39583333334302
37.39285714286683
37.38988095239064
37.38690476191445
37.38392857143826
37.38095238096207
37.37797619048588
37.37500000000969
37.3720238095335
37.36904761905731
37.36607142858112
37.36309523810493
37.36011904762874
37.35714285715255
37.35416666667636
37.35119047620017
37.348214285723984
37.345238095247794
37.342261904771604
37.339285714295414
37.336309523819224
37.333333333343035
37.330357142866845
37.327380952390655
37.324404761914465
37.321428571438275
37.318452380962086
37.315476190485896
37.312500000009706
37.309523809533516
37.306547619057326
37.30357142858114
37.30059523810495
37.29761904762876
37.29464285715257
37.29166666667638
37.28869047620019
37.285714285724
37.28273809524781
37.27976190477162
37.27678571429543
37.27380952381924
37.27083333334305
37.26785714286686
37.26488095239067
37.26190476191448
37.25892857143829
37.2559523809621
37.25297619048591
37.25000000000972
37.24702380953353
37.24404761905734
37.24107142858115
37.23809523810496
37.23511904762877
37.23214285715258
37.22916666667639
37.2261904762002
37.22321428572401
37.22023809524782
37.21726190477163
37.21428571429544
37.21130952381925
37.20833333334306
37.20535714286687
37.20238095239068
37.199404761914494
37.196428571438304
37.193452380962114
37.190476190485924
37.187500000009734
37.184523809533545
37.181547619057355
37.178571428581165
37.175595238104975
37.172619047628785
37.169642857152596
37.166666666676406
37.163690476200216
37.160714285724026
37.157738095247836
37.15476190477165
37.15178571429546
37.14880952381927
37.14583333334308
37.14285714286689
37.1398809523907
37.13690476191451
37.13392857143832
37.13095238096213
37.12797619048594
37.12500000000975
37.12202380953356
37.11904761905737
37.11607142858118
37.11309523810499
37.1101190476288
37.10714285715261
37.10416666667642
37.10119047620023
37.09821428572404
37.09523809524785
37.09226190477166
37.08928571429547
37.08630952381928
37.08333333334309
37.0803571428669
37.07738095239071
37.07440476191452
37.07142857143833
37.06845238096214
37.06547619048595
37.06250000000976
37.05952380953357
37.05654761905738
37.05357142858119
37.050595238105004
37.047619047628814
37.044642857152624
37.041666666676434
37.038690476200244
37.035714285724055
37.032738095247865
37.029761904771675
37.026785714295485
37.023809523819295
37.020833333343106
37.017857142866916
37.014880952390726
37.011904761914536
37.00892857143835
37.00595238096216
37.00297619048597
37.00000000000978
36.99702380953359
36.9940476190574
36.99107142858121
36.98809523810502
36.98511904762883
36.98214285715264
36.97916666667645
36.97619047620026
36.97321428572407
36.97023809524788
36.96726190477169
36.9642857142955
36.96130952381931
36.95833333334312
36.95535714286693
36.95238095239074
36.94940476191455
36.94642857143836
36.94345238096217
36.94047619048598
36.93750000000979
36.9345238095336
36.93154761905741
36.92857142858122
36.92559523810503
36.92261904762884
36.91964285715265
36.91666666667646
36.91369047620027
36.91071428572408
36.90773809524789
36.9047619047717
36.901785714295514
36.898809523819324
36.895833333343134
36.892857142866944
36.889880952390754
36.886904761914565
36.883928571438375
36.880952380962185
36.877976190485995
36.875000000009805
36.872023809533616
36.869047619057426
36.866071428581236
36.863095238105046
36.86011904762886
36.85714285715267
36.85416666667648
36.85119047620029
36.8482142857241
36.84523809524791
36.84226190477172
36.83928571429553
36.83630952381934
36.83333333334315
36.83035714286696
36.82738095239077
36.82440476191458
36.82142857143839
36.8184523809622
36.81547619048601
36.81250000000982
36.80952380953363
36.80654761905744
36.80357142858125
36.80059523810506
36.79761904762887
36.79464285715268
36.79166666667649
36.7886904762003
36.78571428572411
36.78273809524792
36.77976190477173
36.77678571429554
36.77380952381935
36.77083333334316
36.76785714286697
36.76488095239078
36.76190476191459
36.7589285714384
36.75595238096221
36.752976190486024
36.750000000009834
36.747023809533644
36.744047619057454
36.741071428581265
36.738095238105075
36.735119047628885
36.732142857152695
36.729166666676505
36.726190476200316
36.723214285724126
36.720238095247936
36.717261904771746
36.714285714295556
36.71130952381937
36.70833333334318
36.70535714286699
36.7023809523908
36.69940476191461
36.69642857143842
36.69345238096223
36.69047619048604
36.68750000000985
36.68452380953366
36.68154761905747
36.67857142858128
36.67559523810509
36.6726190476289
36.66964285715271
36.66666666667652
36.66369047620033
36.66071428572414
36.65773809524795
36.65476190477176
36.65178571429557
36.64880952381938
36.64583333334319
36.642857142867
36.63988095239081
36.63690476191462
36.63392857143843
36.63095238096224
36.62797619048605
36.62500000000986
36.62202380953367
36.61904761905748
36.61607142858129
36.6130952381051
36.61011904762891
36.60714285715272
36.604166666676534
36.601190476200344
36.598214285724154
36.595238095247964
36.592261904771775
36.589285714295585
36.586309523819395
36.583333333343205
36.580357142867015
36.577380952390826
36.574404761914636
36.571428571438446
36.568452380962256
36.565476190486066
36.56250000000988
36.55952380953369
36.5565476190575
36.55357142858131
36.55059523810512
36.54761904762893
36.54464285715274
36.54166666667655
36.53869047620036
36.53571428572417
36.53273809524798
36.52976190477179
36.5267857142956
36.52380952381941
36.52083333334322
36.51785714286703
36.51488095239084
36.51190476191465
36.50892857143846
36.50595238096227
36.50297619048608
36.50000000000989
36.4970238095337
36.49404761905751
36.49107142858132
36.48809523810513
36.48511904762894
36.48214285715275
36.47916666667656
36.47619047620037
36.47321428572418
36.47023809524799
36.4672619047718
36.46428571429561
36.46130952381942
36.458333333343234
36.455357142867044
36.452380952390854
36.449404761914664
36.446428571438474
36.443452380962285
36.440476190486095
36.437500000009905
36.434523809533715
36.431547619057525
36.428571428581336
36.425595238105146
36.422619047628956
36.419642857152766
36.416666666676576
36.41369047620039
36.4107142857242
36.40773809524801
36.40476190477182
36.40178571429563
36.39880952381944
36.39583333334325
36.39285714286706
36.38988095239087
36.38690476191468
36.38392857143849
36.3809523809623
36.37797619048611
36.37500000000992
36.37202380953373
36.36904761905754
36.36607142858135
36.36309523810516
36.36011904762897
36.35714285715278
36.35416666667659
36.3511904762004
36.34821428572421
36.34523809524802
36.34226190477183
36.33928571429564
36.33630952381945
36.33333333334326
36.33035714286707
36.32738095239088
36.32440476191469
36.3214285714385
36.31845238096231
36.31547619048612
36.31250000000993
36.309523809533744
36.306547619057554
36.303571428581364
36.300595238105174
36.297619047628984
36.294642857152795
36.291666666676605
36.288690476200415
36.285714285724225
36.282738095248035
36.279761904771846
36.276785714295656
36.273809523819466
36.270833333343276
36.267857142867086
36.2648809523909
36.26190476191471
36.25892857143852
36.25595238096233
36.25297619048614
36.25000000000995
36.24702380953376
36.24404761905757
36.24107142858138
36.23809523810519
36.235119047629
36.23214285715281
36.22916666667662
36.22619047620043
36.22321428572424
36.22023809524805
36.21726190477186
36.21428571429567
36.21130952381948
36.20833333334329
36.2053571428671
36.20238095239091
36.19940476191472
36.19642857143853
36.19345238096234
36.19047619048615
36.18750000000996
36.18452380953377
36.18154761905758
36.17857142858139
36.1755952381052
36.17261904762901
36.16964285715282
36.16666666667663
36.16369047620044
36.160714285724254
36.157738095248064
36.154761904771874
36.151785714295684
36.148809523819494
36.145833333343305
36.142857142867115
36.139880952390925
36.136904761914735
36.133928571438545
36.130952380962356
36.127976190486166
36.125000000009976
36.122023809533786
36.119047619057596
36.11607142858141
36.11309523810522
36.11011904762903
36.10714285715284
36.10416666667665
36.10119047620046
36.09821428572427
36.09523809524808
36.09226190477189
36.0892857142957
36.08630952381951
36.08333333334332
36.08035714286713
36.07738095239094
36.07440476191475
36.07142857143856
36.06845238096237
36.06547619048618
36.06250000000999
36.0595238095338
36.05654761905761
36.05357142858142
36.05059523810523
36.04761904762904
36.04464285715285
36.04166666667666
36.03869047620047
36.03571428572428
36.03273809524809
36.0297619047719
36.02678571429571
36.02380952381952
36.02083333334333
36.01785714286714
36.01488095239095
36.011904761914764
36.008928571438574
36.005952380962384
36.002976190486194
36.000000000010004
35.997023809533815
35.994047619057625
35.991071428581435
35.988095238105245
35.985119047629055
35.982142857152866
35.979166666676676
35.976190476200486
35.973214285724296
35.970238095248106
35.96726190477192
35.96428571429573
35.96130952381954
35.95833333334335
35.95535714286716
35.95238095239097
35.94940476191478
35.94642857143859
35.9434523809624
35.94047619048621
35.93750000001002
35.93452380953383
35.93154761905764
35.92857142858145
35.92559523810526
35.92261904762907
35.91964285715288
35.91666666667669
35.9136904762005
35.91071428572431
35.90773809524812
35.90476190477193
35.90178571429574
35.89880952381955
35.89583333334336
35.89285714286717
35.88988095239098
35.88690476191479
35.8839285714386
35.88095238096241
35.87797619048622
35.87500000001003
35.87202380953384
35.86904761905765
35.86607142858146
35.863095238105274
35.860119047629084
35.857142857152894
35.854166666676704
35.851190476200514
35.848214285724325
35.845238095248135
35.842261904771945
35.839285714295755
35.836309523819565
35.833333333343376
35.830357142867186
35.827380952390996
35.824404761914806
35.82142857143862
35.81845238096243
35.81547619048624
35.81250000001005
35.80952380953386
35.80654761905767
35.80357142858148
35.80059523810529
35.7976190476291
35.79464285715291
35.79166666667672
35.78869047620053
35.78571428572434
35.78273809524815
35.77976190477196
35.77678571429577
35.77380952381958
35.77083333334339
35.7678571428672
35.76488095239101
35.76190476191482
35.75892857143863
35.75595238096244
35.75297619048625
35.75000000001006
35.74702380953387
35.74404761905768
35.74107142858149
35.7380952381053
35.73511904762911
35.73214285715292
35.72916666667673
35.72619047620054
35.72321428572435
35.72023809524816
35.71726190477197
35.714285714295784
35.711309523819594
35.708333333343404
35.705357142867214
35.702380952391024
35.699404761914835
35.696428571438645
35.693452380962455
35.690476190486265
35.687500000010075
35.684523809533886
35.681547619057696
35.678571428581506
35.675595238105316
35.67261904762913
35.66964285715294
35.66666666667675
35.66369047620056
35.66071428572437
35.65773809524818
35.65476190477199
35.6517857142958
35.64880952381961
35.64583333334342
35.64285714286723
35.63988095239104
35.63690476191485
35.63392857143866
35.63095238096247
35.62797619048628
35.62500000001009
35.6220238095339
35.61904761905771
35.61607142858152
35.61309523810533
35.61011904762914
35.60714285715295
35.60416666667676
35.60119047620057
35.59821428572438
35.59523809524819
35.592261904772
35.58928571429581
35.58630952381962
35.58333333334343
35.58035714286724
35.57738095239105
35.57440476191486
35.57142857143867
35.56845238096248
35.565476190486294
35.562500000010104
35.559523809533914
35.556547619057724
35.553571428581535
35.550595238105345
35.547619047629155
35.544642857152965
35.541666666676775
35.538690476200586
35.535714285724396
35.532738095248206
35.529761904772016
35.526785714295826
35.52380952381964
35.52083333334345
35.51785714286726
35.51488095239107
35.51190476191488
35.50892857143869
35.5059523809625
35.50297619048631
35.50000000001012
35.49702380953393
35.49404761905774
35.49107142858155
35.48809523810536
35.48511904762917
35.48214285715298
35.47916666667679
35.4761904762006
35.47321428572441
35.47023809524822
35.46726190477203
35.46428571429584
35.46130952381965
35.45833333334346
35.45535714286727
35.45238095239108
35.44940476191489
35.4464285714387
35.44345238096251
35.44047619048632
35.43750000001013
35.43452380953394
35.43154761905775
35.42857142858156
35.42559523810537
35.42261904762918
35.41964285715299
35.416666666676804
35.413690476200614
35.410714285724424
35.407738095248234
35.404761904772045
35.401785714295855
35.398809523819665
35.395833333343475
35.392857142867285
35.389880952391096
35.386904761914906
35.383928571438716
35.380952380962526
35.377976190486336
35.37500000001015
35.37202380953396
35.36904761905777
35.36607142858158
35.36309523810539
35.3601190476292
35.35714285715301
35.35416666667682
35.35119047620063
35.34821428572444
35.34523809524825
35.34226190477206
35.33928571429587
35.33630952381968
35.33333333334349
35.3303571428673
35.32738095239111
35.32440476191492
35.32142857143873
35.31845238096254
35.31547619048635
35.31250000001016
35.30952380953397
35.30654761905778
35.30357142858159
35.3005952381054
35.29761904762921
35.29464285715302
35.29166666667683
35.28869047620064
35.28571428572445
35.28273809524826
35.27976190477207
35.27678571429588
35.27380952381969
35.270833333343504
35.267857142867314
35.264880952391124
35.261904761914934
35.258928571438744
35.255952380962555
35.252976190486365
35.250000000010175
35.247023809533985
35.244047619057795
35.241071428581606
35.238095238105416
35.235119047629226
35.232142857153036
35.229166666676846
35.22619047620066
35.22321428572447
35.22023809524828
35.21726190477209
35.2142857142959
35.21130952381971
35.20833333334352
35.20535714286733
35.20238095239114
35.19940476191495
35.19642857143876
35.19345238096257
35.19047619048638
35.18750000001019
35.184523809534
35.18154761905781
35.17857142858162
35.17559523810543
35.17261904762924
35.16964285715305
35.16666666667686
35.16369047620067
35.16071428572448
35.15773809524829
35.1547619047721
35.15178571429591
35.14880952381972
35.14583333334353
35.14285714286734
35.13988095239115
35.13690476191496
35.13392857143877
35.13095238096258
35.12797619048639
35.1250000000102
35.122023809534014
35.119047619057824
35.116071428581634
35.113095238105444
35.110119047629254
35.107142857153065
35.104166666676875
35.101190476200685
35.098214285724495
35.095238095248305
35.092261904772116
35.089285714295926
35.086309523819736
35.083333333343546
35.080357142867356
35.07738095239117
35.07440476191498
35.07142857143879
35.0684523809626
35.06547619048641
35.06250000001022
35.05952380953403
35.05654761905784
35.05357142858165
35.05059523810546
35.04761904762927
35.04464285715308
35.04166666667689
35.0386904762007
35.03571428572451
35.03273809524832
35.02976190477213
35.02678571429594
35.02380952381975
35.02083333334356
35.01785714286737
35.01488095239118
35.01190476191499
35.0089285714388
35.00595238096261
35.00297619048642
35.00000000001023
34.99702380953404
34.99404761905785
34.99107142858166
34.98809523810547
34.98511904762928
34.98214285715309
34.9791666666769
34.97619047620071
34.973214285724524
34.970238095248334
34.967261904772144
34.964285714295954
34.961309523819764
34.958333333343575
34.955357142867385
34.952380952391195
34.949404761915005
34.946428571438815
34.943452380962626
34.940476190486436
34.937500000010246
34.934523809534056
34.931547619057866
34.92857142858168
34.92559523810549
34.9226190476293
34.91964285715311
34.91666666667692
34.91369047620073
34.91071428572454
34.90773809524835
34.90476190477216
34.90178571429597
34.89880952381978
34.89583333334359
34.8928571428674
34.88988095239121
34.88690476191502
34.88392857143883
34.88095238096264
34.87797619048645
34.87500000001026
34.87202380953407
34.86904761905788
34.86607142858169
34.8630952381055
34.86011904762931
34.85714285715312
34.85416666667693
34.85119047620074
34.84821428572455
34.84523809524836
34.84226190477217
34.83928571429598
34.83630952381979
34.8333333333436
34.83035714286741
34.82738095239122
34.824404761915034
34.821428571438844
34.818452380962654
34.815476190486464
34.812500000010274
34.809523809534085
34.806547619057895
34.803571428581705
34.800595238105515
34.797619047629325
34.794642857153136
34.791666666676946
34.788690476200756
34.785714285724566
34.78273809524838
34.77976190477219
34.776785714296
34.77380952381981
34.77083333334362
34.76785714286743
34.76488095239124
34.76190476191505
34.75892857143886
34.75595238096267
34.75297619048648
34.75000000001029
34.7470238095341
34.74404761905791
34.74107142858172
34.73809523810553
34.73511904762934
34.73214285715315
34.72916666667696
34.72619047620077
34.72321428572458
34.72023809524839
34.7172619047722
34.71428571429601
34.71130952381982
34.70833333334363
34.70535714286744
34.70238095239125
34.69940476191506
34.69642857143887
34.69345238096268
34.69047619048649
34.6875000000103
34.68452380953411
34.68154761905792
34.67857142858173
34.675595238105544
34.672619047629354
34.669642857153164
34.666666666676974
34.663690476200784
34.660714285724595
34.657738095248405
34.654761904772215
34.651785714296025
34.648809523819835
34.645833333343646
34.642857142867456
34.639880952391266
34.636904761915076
34.63392857143889
34.6309523809627
34.62797619048651
34.62500000001032
34.62202380953413
34.61904761905794
34.61607142858175
34.61309523810556
34.61011904762937
34.60714285715318
34.60416666667699
34.6011904762008
34.59821428572461
34.59523809524842
34.59226190477223
34.58928571429604
34.58630952381985
34.58333333334366
34.58035714286747
34.57738095239128
34.57440476191509
34.5714285714389
34.56845238096271
34.56547619048652
34.56250000001033
34.55952380953414
34.55654761905795
34.55357142858176
34.55059523810557
34.54761904762938
34.54464285715319
34.541666666677
34.53869047620081
34.53571428572462
34.53273809524843
34.52976190477224
34.526785714296054
34.523809523819864
34.520833333343674
34.517857142867484
34.514880952391294
34.511904761915105
34.508928571438915
34.505952380962725
34.502976190486535
34.500000000010346
34.497023809534156
34.494047619057966
34.491071428581776
34.488095238105586
34.4851190476294
34.48214285715321
34.47916666667702
34.47619047620083
34.47321428572464
34.47023809524845
34.46726190477226
34.46428571429607
34.46130952381988
34.45833333334369
34.4553571428675
34.45238095239131
34.44940476191512
34.44642857143893
34.44345238096274
34.44047619048655
34.43750000001036
34.43452380953417
34.43154761905798
34.42857142858179
34.4255952381056
34.42261904762941
34.41964285715322
34.41666666667703
34.41369047620084
34.41071428572465
34.40773809524846
34.40476190477227
34.40178571429608
34.39880952381989
34.3958333333437
34.39285714286751
34.38988095239132
34.38690476191513
34.38392857143894
34.38095238096275
34.377976190486564
34.375000000010374
34.372023809534184
34.369047619057994
34.366071428581805
34.363095238105615
34.360119047629425
34.357142857153235
34.354166666677045
34.351190476200856
34.348214285724666
34.345238095248476
34.342261904772286
34.339285714296096
34.33630952381991
34.33333333334372
34.33035714286753
34.32738095239134
34.32440476191515
34.32142857143896
34.31845238096277
34.31547619048658
34.31250000001039
34.3095238095342
34.30654761905801
34.30357142858182
34.30059523810563
34.29761904762944
34.29464285715325
34.29166666667706
34.28869047620087
34.28571428572468
34.28273809524849
34.2797619047723
34.27678571429611
34.27380952381992
34.27083333334373
34.26785714286754
34.26488095239135
34.26190476191516
34.25892857143897
34.25595238096278
34.25297619048659
34.2500000000104
34.24702380953421
34.24404761905802
34.24107142858183
34.23809523810564
34.23511904762945
34.23214285715326
34.229166666677074
34.226190476200884
34.223214285724694
34.220238095248504
34.217261904772315
34.214285714296125
34.211309523819935
34.208333333343745
34.205357142867555
34.202380952391366
34.199404761915176
34.196428571438986
34.193452380962796
34.190476190486606
34.18750000001042
34.18452380953423
34.18154761905804
34.17857142858185
34.17559523810566
34.17261904762947
34.16964285715328
34.16666666667709
34.1636904762009
34.16071428572471
34.15773809524852
34.15476190477233
34.15178571429614
34.14880952381995
34.14583333334376
34.14285714286757
34.13988095239138
34.13690476191519
34.133928571439
34.13095238096281
34.12797619048662
34.12500000001043
34.12202380953424
34.11904761905805
34.11607142858186
34.11309523810567
34.11011904762948
34.10714285715329
34.1041666666771
34.10119047620091
34.09821428572472
34.09523809524853
34.09226190477234
34.08928571429615
34.08630952381996
34.083333333343774
34.080357142867584
34.077380952391394
34.074404761915204
34.071428571439014
34.068452380962825
34.065476190486635
34.062500000010445
34.059523809534255
34.056547619058065
34.053571428581876
34.050595238105686
34.047619047629496
34.044642857153306
34.041666666677116
34.03869047620093
34.03571428572474
34.03273809524855
34.02976190477236
34.02678571429617
34.02380952381998
34.02083333334379
34.0178571428676
34.01488095239141
34.01190476191522
34.00892857143903
34.00595238096284
34.00297619048665
34.00000000001046
33.99702380953427
33.99404761905808
33.99107142858189
33.9880952381057
33.98511904762951
33.98214285715332
33.97916666667713
33.97619047620094
33.97321428572475
33.97023809524856
33.96726190477237
33.96428571429618
33.96130952381999
33.9583333333438
33.95535714286761
33.95238095239142
33.94940476191523
33.94642857143904
33.94345238096285
33.94047619048666
33.93750000001047
33.934523809534284
33.931547619058094
33.928571428581904
33.925595238105714
33.922619047629524
33.919642857153335
33.916666666677145
33.913690476200955
33.910714285724765
33.907738095248575
33.904761904772386
33.901785714296196
33.898809523820006
33.895833333343816
33.892857142867626
33.88988095239144
33.88690476191525
33.88392857143906
33.88095238096287
33.87797619048668
33.87500000001049
33.8720238095343
33.86904761905811
33.86607142858192
33.86309523810573
33.86011904762954
33.85714285715335
33.85416666667716
33.85119047620097
33.84821428572478
33.84523809524859
33.8422619047724
33.83928571429621
33.83630952382002
33.83333333334383
33.83035714286764
33.82738095239145
33.82440476191526
33.82142857143907
33.81845238096288
33.81547619048669
33.8125000000105
33.80952380953431
33.80654761905812
33.80357142858193
33.80059523810574
33.79761904762955
33.79464285715336
33.79166666667717
33.78869047620098
33.785714285724794
33.782738095248604
33.779761904772414
33.776785714296224
33.773809523820034
33.770833333343845
33.767857142867655
33.764880952391465
33.761904761915275
33.758928571439085
33.755952380962896
33.752976190486706
33.750000000010516
33.747023809534326
33.744047619058136
33.74107142858195
33.73809523810576
33.73511904762957
33.73214285715338
33.72916666667719
33.726190476201
33.72321428572481
33.72023809524862
33.71726190477243
33.71428571429624
33.71130952382005
33.70833333334386
33.70535714286767
33.70238095239148
33.69940476191529
33.6964285714391
33.69345238096291
33.69047619048672
33.68750000001053
33.68452380953434
33.68154761905815
33.67857142858196
33.67559523810577
33.67261904762958
33.66964285715339
33.6666666666772
33.66369047620101
33.66071428572482
33.65773809524863
33.65476190477244
33.65178571429625
33.64880952382006
33.64583333334387
33.64285714286768
33.63988095239149
33.636904761915304
33.633928571439114
33.630952380962924
33.627976190486734
33.625000000010544
33.622023809534355
33.619047619058165
33.616071428581975
33.613095238105785
33.610119047629595
33.607142857153406
33.604166666677216
33.601190476201026
33.598214285724836
33.59523809524865
33.59226190477246
33.58928571429627
33.58630952382008
33.58333333334389
33.5803571428677
33.57738095239151
33.57440476191532
33.57142857143913
33.56845238096294
33.56547619048675
33.56250000001056
33.55952380953437
33.55654761905818
33.55357142858199
33.5505952381058
33.54761904762961
33.54464285715342
33.54166666667723
33.53869047620104
33.53571428572485
33.53273809524866
33.52976190477247
33.52678571429628
33.52380952382009
33.5208333333439
33.51785714286771
33.51488095239152
33.51190476191533
33.50892857143914
33.50595238096295
33.50297619048676
33.50000000001057
33.49702380953438
33.49404761905819
33.491071428582
33.488095238105814
33.485119047629624
33.482142857153434
33.479166666677244
33.476190476201054
33.473214285724865
33.470238095248675
33.467261904772485
33.464285714296295
33.461309523820105
33.458333333343916
33.455357142867726
33.452380952391536
33.449404761915346
33.44642857143916
33.44345238096297
33.44047619048678
33.43750000001059
33.4345238095344
33.43154761905821
33.42857142858202
33.42559523810583
33.42261904762964
33.41964285715345
33.41666666667726
33.41369047620107
33.41071428572488
33.40773809524869
33.4047619047725
33.40178571429631
33.39880952382012
33.39583333334393
33.39285714286774
33.38988095239155
33.38690476191536
33.38392857143917
33.38095238096298
33.37797619048679
33.3750000000106
33.37202380953441
33.36904761905822
33.36607142858203
33.36309523810584
33.36011904762965
33.35714285715346
33.35416666667727
33.35119047620108
33.34821428572489
33.3452380952487
33.34226190477251
33.339285714296324
33.336309523820134
33.333333333343944
33.330357142867754
33.327380952391565
33.324404761915375
33.321428571439185
33.318452380962995
33.315476190486805
33.312500000010616
33.309523809534426
33.306547619058236
33.303571428582046
33.300595238105856
33.29761904762967
33.29464285715348
33.29166666667729
33.2886904762011
33.28571428572491
33.28273809524872
33.27976190477253
33.27678571429634
33.27380952382015
33.27083333334396
33.26785714286777
33.26488095239158
33.26190476191539
33.2589285714392
33.25595238096301
33.25297619048682
33.25000000001063
33.24702380953444
33.24404761905825
33.24107142858206
33.23809523810587
33.23511904762968
33.23214285715349
33.2291666666773
33.22619047620111
33.22321428572492
33.22023809524873
33.21726190477254
33.21428571429635
33.21130952382016
33.20833333334397
33.20535714286778
33.20238095239159
33.1994047619154
33.19642857143921
33.19345238096302
33.190476190486834
33.187500000010644
33.184523809534454
33.181547619058264
33.178571428582075
33.175595238105885
33.172619047629695
33.169642857153505
33.166666666677315
33.163690476201126
33.160714285724936
33.157738095248746
33.154761904772556
33.151785714296366
33.14880952382018
33.14583333334399
33.1428571428678
33.13988095239161
33.13690476191542
33.13392857143923
33.13095238096304
33.12797619048685
33.12500000001066
33.12202380953447
33.11904761905828
33.11607142858209
33.1130952381059
33.11011904762971
33.10714285715352
33.10416666667733
33.10119047620114
33.09821428572495
33.09523809524876
33.09226190477257
33.08928571429638
33.08630952382019
33.083333333344
33.08035714286781
33.07738095239162
33.07440476191543
33.07142857143924
33.06845238096305
33.06547619048686
33.06250000001067
33.05952380953448
33.05654761905829
33.0535714285821
33.05059523810591
33.04761904762972
33.044642857153534
33.041666666677344
33.038690476201154
33.035714285724964
33.032738095248774
33.029761904772585
33.026785714296395
33.023809523820205
33.020833333344015
33.017857142867825
33.014880952391636
33.011904761915446
33.008928571439256
33.005952380963066
33.002976190486876
33.00000000001069
32.9970238095345
32.99404761905831
32.99107142858212
32.98809523810593
32.98511904762974
32.98214285715355
32.97916666667736
32.97619047620117
32.97321428572498
32.97023809524879
32.9672619047726
32.96428571429641
32.96130952382022
32.95833333334403
32.95535714286784
32.95238095239165
32.94940476191546
32.94642857143927
32.94345238096308
32.94047619048689
32.9375000000107
32.93452380953451
32.93154761905832
32.92857142858213
32.92559523810594
32.92261904762975
32.91964285715356
32.91666666667737
32.91369047620118
32.91071428572499
32.9077380952488
32.90476190477261
32.90178571429642
32.89880952382023
32.895833333344044
32.892857142867854
32.889880952391664
32.886904761915474
32.883928571439284
32.880952380963095
32.877976190486905
32.875000000010715
32.872023809534525
32.869047619058335
32.866071428582146
32.863095238105956
32.860119047629766
32.857142857153576
32.854166666677386
32.8511904762012
32.84821428572501
32.84523809524882
32.84226190477263
32.83928571429644
32.83630952382025
32.83333333334406
32.83035714286787
32.82738095239168
32.82440476191549
32.8214285714393
32.81845238096311
32.81547619048692
32.81250000001073
32.80952380953454
32.80654761905835
32.80357142858216
32.80059523810597
32.79761904762978
32.79464285715359
32.7916666666774
32.78869047620121
32.78571428572502
32.78273809524883
32.77976190477264
32.77678571429645
32.77380952382026
32.77083333334407
32.76785714286788
32.76488095239169
32.7619047619155
32.75892857143931
32.75595238096312
32.75297619048693
32.75000000001074
32.747023809534554
32.744047619058364
32.741071428582174
32.738095238105984
32.735119047629794
32.732142857153605
32.729166666677415
32.726190476201225
32.723214285725035
32.720238095248845
32.717261904772656
32.714285714296466
32.711309523820276
32.708333333344086
32.705357142867896
32.70238095239171
32.69940476191552
32.69642857143933
32.69345238096314
32.69047619048695
32.68750000001076
32.68452380953457
32.68154761905838
32.67857142858219
32.675595238106
32.67261904762981
32.66964285715362
32.66666666667743
32.66369047620124
32.66071428572505
32.65773809524886
32.65476190477267
32.65178571429648
32.64880952382029
32.6458333333441
32.64285714286791
32.63988095239172
32.63690476191553
32.63392857143934
32.63095238096315
32.62797619048696
32.62500000001077
32.62202380953458
32.61904761905839
32.6160714285822
32.61309523810601
32.61011904762982
32.60714285715363
32.60416666667744
32.60119047620125
32.598214285725064
32.595238095248874
32.592261904772684
32.589285714296494
32.586309523820304
32.583333333344115
32.580357142867925
32.577380952391735
32.574404761915545
32.571428571439355
32.568452380963166
32.565476190486976
32.562500000010786
32.559523809534596
32.556547619058406
32.55357142858222
32.55059523810603
32.54761904762984
32.54464285715365
32.54166666667746
32.53869047620127
32.53571428572508
32.53273809524889
32.5297619047727
32.52678571429651
32.52380952382032
32.52083333334413
32.51785714286794
32.51488095239175
32.51190476191556
32.50892857143937
32.50595238096318
32.50297619048699
32.5000000000108
32.49702380953461
32.49404761905842
32.49107142858223
32.48809523810604
32.48511904762985
32.48214285715366
32.47916666667747
32.47619047620128
32.47321428572509
32.4702380952489
32.46726190477271
32.46428571429652
32.46130952382033
32.45833333334414
32.45535714286795
32.45238095239176
32.449404761915574
32.446428571439384
32.443452380963194
32.440476190487004
32.437500000010814
32.434523809534625
32.431547619058435
32.428571428582245
32.425595238106055
32.422619047629865
32.419642857153676
32.416666666677486
32.413690476201296
32.410714285725106
32.40773809524892
32.40476190477273
32.40178571429654
32.39880952382035
32.39583333334416
32.39285714286797
32.38988095239178
32.38690476191559
32.3839285714394
32.38095238096321
32.37797619048702
32.37500000001083
32.37202380953464
32.36904761905845
32.36607142858226
32.36309523810607
32.36011904762988
32.35714285715369
32.3541666666775
32.35119047620131
32.34821428572512
32.34523809524893
32.34226190477274
32.33928571429655
32.33630952382036
32.33333333334417
32.33035714286798
32.32738095239179
32.3244047619156
32.32142857143941
32.31845238096322
32.31547619048703
32.31250000001084
32.30952380953465
32.30654761905846
32.30357142858227
32.300595238106084
32.297619047629894
32.294642857153704
32.291666666677514
32.288690476201324
32.285714285725135
32.282738095248945
32.279761904772755
32.276785714296565
32.273809523820375
32.270833333344186
32.267857142867996
32.264880952391806
32.261904761915616
32.25892857143943
32.25595238096324
32.25297619048705
32.25000000001086
32.24702380953467
32.24404761905848
32.24107142858229
32.2380952381061
32.23511904762991
32.23214285715372
32.22916666667753
32.22619047620134
32.22321428572515
32.22023809524896
32.21726190477277
32.21428571429658
32.21130952382039
32.2083333333442
32.20535714286801
32.20238095239182
32.19940476191563
32.19642857143944
32.19345238096325
32.19047619048706
32.18750000001087
32.18452380953468
32.18154761905849
32.1785714285823
32.17559523810611
32.17261904762992
32.16964285715373
32.16666666667754
32.16369047620135
32.16071428572516
32.15773809524897
32.15476190477278
32.151785714296594
32.148809523820404
32.145833333344214
32.142857142868024
32.139880952391835
32.136904761915645
32.133928571439455
32.130952380963265
32.127976190487075
32.125000000010886
32.122023809534696
32.119047619058506
32.116071428582316
32.113095238106126
32.11011904762994
32.10714285715375
32.10416666667756
32.10119047620137
32.09821428572518
32.09523809524899
32.0922619047728
32.08928571429661
32.08630952382042
32.08333333334423
32.08035714286804
32.07738095239185
32.07440476191566
32.07142857143947
32.06845238096328
32.06547619048709
32.0625000000109
32.05952380953471
32.05654761905852
32.05357142858233
32.05059523810614
32.04761904762995
32.04464285715376
32.04166666667757
32.03869047620138
32.03571428572519
32.032738095249
32.02976190477281
32.02678571429662
32.02380952382043
32.02083333334424
32.01785714286805
32.01488095239186
32.01190476191567
32.00892857143948
32.00595238096329
32.002976190487104
32.000000000010914
31.997023809534724
31.994047619058534
31.991071428582345
31.988095238106155
31.985119047629965
31.982142857153775
31.979166666677585
31.976190476201396
31.973214285725206
31.970238095249016
31.967261904772826
31.964285714296636
31.961309523820447
31.958333333344257
31.955357142868067
31.952380952391877
31.949404761915687
31.946428571439498
31.943452380963308
31.940476190487118
31.937500000010928
31.93452380953474
31.93154761905855
31.92857142858236
31.92559523810617
31.92261904762998
31.91964285715379
31.9166666666776
31.91369047620141
31.91071428572522
31.90773809524903
31.90476190477284
31.90178571429665
31.89880952382046
31.89583333334427
31.89285714286808
31.88988095239189
31.8869047619157
31.88392857143951
31.880952380963322
31.877976190487132
31.875000000010942
31.872023809534753
31.869047619058563
31.866071428582373
31.863095238106183
31.860119047629993
31.857142857153804
31.854166666677614
31.851190476201424
31.848214285725234
31.845238095249044
31.842261904772855
31.839285714296665
31.836309523820475
31.833333333344285
31.830357142868095
31.827380952391906
31.824404761915716
31.821428571439526
31.818452380963336
31.815476190487146
31.812500000010957
31.809523809534767
31.806547619058577
31.803571428582387
31.800595238106197
31.797619047630008
31.794642857153818
31.791666666677628
31.788690476201438
31.78571428572525
31.78273809524906
31.77976190477287
31.77678571429668
31.77380952382049
31.7708333333443
31.76785714286811
31.76488095239192
31.76190476191573
31.75892857143954
31.75595238096335
31.75297619048716
31.75000000001097
31.74702380953478
31.74404761905859
31.7410714285824
31.73809523810621
31.735119047630022
31.732142857153832
31.729166666677642
31.726190476201452
31.723214285725263
31.720238095249073
31.717261904772883
31.714285714296693
31.711309523820503
31.708333333344314
31.705357142868124
31.702380952391934
31.699404761915744
31.696428571439554
31.693452380963365
31.690476190487175
31.687500000010985
31.684523809534795
31.681547619058605
31.678571428582416
31.675595238106226
31.672619047630036
31.669642857153846
31.666666666677656
31.663690476201467
31.660714285725277
31.657738095249087
31.654761904772897
31.651785714296707
31.648809523820518
31.645833333344328
31.642857142868138
31.639880952391948
31.63690476191576
31.63392857143957
31.63095238096338
31.62797619048719
31.625000000011
31.62202380953481
31.61904761905862
31.61607142858243
31.61309523810624
31.61011904763005
31.60714285715386
31.60416666667767
31.60119047620148
31.59821428572529
31.5952380952491
31.59226190477291
31.58928571429672
31.586309523820532
31.583333333344342
31.580357142868152
31.577380952391962
31.574404761915773
31.571428571439583
31.568452380963393
31.565476190487203
31.562500000011013
31.559523809534824
31.556547619058634
31.553571428582444
31.550595238106254
31.547619047630064
31.544642857153875
31.541666666677685
31.538690476201495
31.535714285725305
31.532738095249115
31.529761904772926
31.526785714296736
31.523809523820546
31.520833333344356
31.517857142868166
31.514880952391977
31.511904761915787
31.508928571439597
31.505952380963407
31.502976190487217
31.500000000011028
31.497023809534838
31.494047619058648
31.49107142858246
31.48809523810627
31.48511904763008
31.48214285715389
31.4791666666777
31.47619047620151
31.47321428572532
31.47023809524913
31.46726190477294
31.46428571429675
31.46130952382056
31.45833333334437
31.45535714286818
31.45238095239199
31.4494047619158
31.44642857143961
31.44345238096342
31.44047619048723
31.437500000011042
31.434523809534852
31.431547619058662
31.428571428582472
31.425595238106283
31.422619047630093
31.419642857153903
31.416666666677713
31.413690476201523
31.410714285725334
31.407738095249144
31.404761904772954
31.401785714296764
31.398809523820574
31.395833333344385
31.392857142868195
31.389880952392005
31.386904761915815
31.383928571439625
31.380952380963436
31.377976190487246
31.375000000011056
31.372023809534866
31.369047619058676
31.366071428582487
31.363095238106297
31.360119047630107
31.357142857153917
31.354166666677727
31.351190476201538
31.348214285725348
31.345238095249158
31.34226190477297
31.33928571429678
31.33630952382059
31.3333333333444
31.33035714286821
31.32738095239202
31.32440476191583
31.32142857143964
31.31845238096345
31.31547619048726
31.31250000001107
31.30952380953488
31.30654761905869
31.3035714285825
31.30059523810631
31.29761904763012
31.29464285715393
31.29166666667774
31.288690476201552
31.285714285725362
31.282738095249172
31.279761904772982
31.276785714296793
31.273809523820603
31.270833333344413
31.267857142868223
31.264880952392033
31.261904761915844
31.258928571439654
31.255952380963464
31.252976190487274
31.250000000011084
31.247023809534895
31.244047619058705
31.241071428582515
31.238095238106325
31.235119047630135
31.232142857153946
31.229166666677756
31.226190476201566
31.223214285725376
31.220238095249186
31.217261904772997
31.214285714296807
31.211309523820617
31.208333333344427
31.205357142868237
31.202380952392048
31.199404761915858
31.196428571439668
31.19345238096348
31.19047619048729
31.1875000000111
31.18452380953491
31.18154761905872
31.17857142858253
31.17559523810634
31.17261904763015
31.16964285715396
31.16666666667777
31.16369047620158
31.16071428572539
31.1577380952492
31.15476190477301
31.15178571429682
31.14880952382063
31.14583333334444
31.14285714286825
31.139880952392062
31.136904761915872
31.133928571439682
31.130952380963492
31.127976190487303
31.125000000011113
31.122023809534923
31.119047619058733
31.116071428582543
31.113095238106354
31.110119047630164
31.107142857153974
31.104166666677784
31.101190476201594
31.098214285725405
31.095238095249215
31.092261904773025
31.089285714296835
31.086309523820645
31.083333333344456
31.080357142868266
31.077380952392076
31.074404761915886
31.071428571439696
31.068452380963507
31.065476190487317
31.062500000011127
31.059523809534937
31.056547619058748
31.053571428582558
31.050595238106368
31.047619047630178
31.04464285715399
31.0416666666778
31.03869047620161
31.03571428572542
31.03273809524923
31.02976190477304
31.02678571429685
31.02380952382066
31.02083333334447
31.01785714286828
31.01488095239209
31.0119047619159
31.00892857143971
31.00595238096352
31.00297619048733
31.00000000001114
30.99702380953495
30.99404761905876
30.991071428582572
30.988095238106382
30.985119047630192
30.982142857154003
30.979166666677813
30.976190476201623
30.973214285725433
30.970238095249243
30.967261904773054
30.964285714296864
30.961309523820674
30.958333333344484
30.955357142868294
30.952380952392105
30.949404761915915
30.946428571439725
30.943452380963535
30.940476190487345
30.937500000011156
30.934523809534966
30.931547619058776
30.928571428582586
30.925595238106396
30.922619047630207
30.919642857154017
30.916666666677827
30.913690476201637
30.910714285725447
30.907738095249258
30.904761904773068
30.901785714296878
30.898809523820688
30.8958333333445
30.89285714286831
30.88988095239212
30.88690476191593
30.88392857143974
30.88095238096355
30.87797619048736
30.87500000001117
30.87202380953498
30.86904761905879
30.8660714285826
30.86309523810641
30.86011904763022
30.85714285715403
30.85416666667784
30.85119047620165
30.84821428572546
30.84523809524927
30.842261904773082
30.839285714296892
30.836309523820702
30.833333333344513
30.830357142868323
30.827380952392133
30.824404761915943
30.821428571439753
30.818452380963564
30.815476190487374
30.812500000011184
30.809523809534994
30.806547619058804
30.803571428582615
30.800595238106425
30.797619047630235
30.794642857154045
30.791666666677855
30.788690476201666
30.785714285725476
30.782738095249286
30.779761904773096
30.776785714296906
30.773809523820717
30.770833333344527
30.767857142868337
30.764880952392147
30.761904761915957
30.758928571439768
30.755952380963578
30.752976190487388
30.750000000011198
30.74702380953501
30.74404761905882
30.74107142858263
30.73809523810644
30.73511904763025
30.73214285715406
30.72916666667787
30.72619047620168
30.72321428572549
30.7202380952493
30.71726190477311
30.71428571429692
30.71130952382073
30.70833333334454
30.70535714286835
30.70238095239216
30.69940476191597
30.69642857143978
30.693452380963592
30.690476190487402
30.687500000011212
30.684523809535023
30.681547619058833
30.678571428582643
30.675595238106453
30.672619047630263
30.669642857154074
30.666666666677884
30.663690476201694
30.660714285725504
30.657738095249314
30.654761904773125
30.651785714296935
30.648809523820745
30.645833333344555
30.642857142868365
30.639880952392176
30.636904761915986
30.633928571439796
30.630952380963606
30.627976190487416
30.625000000011227
30.622023809535037
30.619047619058847
30.616071428582657
30.613095238106467
30.610119047630278
30.607142857154088
30.604166666677898
30.601190476201708
30.59821428572552
30.59523809524933
30.59226190477314
30.58928571429695
30.58630952382076
30.58333333334457
30.58035714286838
30.57738095239219
30.574404761916
30.57142857143981
30.56845238096362
30.56547619048743
30.56250000001124
30.55952380953505
30.55654761905886
30.55357142858267
30.55059523810648
30.547619047630292
30.544642857154102
30.541666666677912
30.538690476201722
30.535714285725533
30.532738095249343
30.529761904773153
30.526785714296963
30.523809523820773
30.520833333344584
30.517857142868394
30.514880952392204
30.511904761916014
30.508928571439824
30.505952380963635
30.502976190487445
30.500000000011255
30.497023809535065
30.494047619058875
30.491071428582686
30.488095238106496
30.485119047630306
30.482142857154116
30.479166666677926
30.476190476201737
30.473214285725547
30.470238095249357
30.467261904773167
30.464285714296977
30.461309523820788
30.458333333344598
30.455357142868408
30.452380952392218
30.44940476191603
30.44642857143984
30.44345238096365
30.44047619048746
30.43750000001127
30.43452380953508
30.43154761905889
30.4285714285827
30.42559523810651
30.42261904763032
30.41964285715413
30.41666666667794
30.41369047620175
30.41071428572556
30.40773809524937
30.40476190477318
30.40178571429699
30.398809523820802
30.395833333344612
30.392857142868422
30.389880952392232
30.386904761916043
30.383928571439853
30.380952380963663
30.377976190487473
30.375000000011283
30.372023809535094
30.369047619058904
30.366071428582714
30.363095238106524
30.360119047630334
30.357142857154145
30.354166666677955
30.351190476201765
30.348214285725575
30.345238095249385
30.342261904773196
30.339285714297006
30.336309523820816
30.333333333344626
30.330357142868436
30.327380952392247
30.324404761916057
30.321428571439867
30.318452380963677
30.315476190487487
30.312500000011298
30.309523809535108
30.306547619058918
30.30357142858273
30.30059523810654
30.29761904763035
30.29464285715416
30.29166666667797
30.28869047620178
30.28571428572559
30.2827380952494
30.27976190477321
30.27678571429702
30.27380952382083
30.27083333334464
30.26785714286845
30.26488095239226
30.26190476191607
30.25892857143988
30.25595238096369
30.2529761904875
30.250000000011312
30.247023809535122
30.244047619058932
30.241071428582742
30.238095238106553
30.235119047630363
30.232142857154173
30.229166666677983
30.226190476201793
30.223214285725604
30.220238095249414
30.217261904773224
30.214285714297034
30.211309523820844
30.208333333344655
30.205357142868465
30.202380952392275
30.199404761916085
30.196428571439895
30.193452380963706
30.190476190487516
30.187500000011326
30.184523809535136
30.181547619058946
30.178571428582757
30.175595238106567
30.172619047630377
30.169642857154187
30.166666666677997
30.163690476201808
30.160714285725618
30.157738095249428
30.15476190477324
30.15178571429705
30.14880952382086
30.14583333334467
30.14285714286848
30.13988095239229
30.1369047619161
30.13392857143991
30.13095238096372
30.12797619048753
30.12500000001134
30.12202380953515
30.11904761905896
30.11607142858277
30.11309523810658
30.11011904763039
30.1071428571542
30.10416666667801
30.101190476201822
30.098214285725632
30.095238095249442
30.092261904773252
30.089285714297063
30.086309523820873
30.083333333344683
30.080357142868493
30.077380952392303
30.074404761916114
30.071428571439924
30.068452380963734
30.065476190487544
30.062500000011354
30.059523809535165
30.056547619058975
30.053571428582785
30.050595238106595
30.047619047630405
30.044642857154216
30.041666666678026
30.038690476201836
30.035714285725646
30.032738095249456
30.029761904773267
30.026785714297077
30.023809523820887
30.020833333344697
30.017857142868507
30.014880952392318
30.011904761916128
30.008928571439938
30.00595238096375
30.00297619048756
30.00000000001137
29.99702380953518
29.99404761905899
29.9910714285828
29.98809523810661
29.98511904763042
29.98214285715423
29.97916666667804
29.97619047620185
29.97321428572566
29.97023809524947
29.96726190477328
29.96428571429709
29.9613095238209
29.95833333334471
29.95535714286852
29.952380952392332
29.949404761916142
29.946428571439952
29.943452380963762
29.940476190487573
29.937500000011383
29.934523809535193
29.931547619059003
29.928571428582813
29.925595238106624
29.922619047630434
29.919642857154244
29.916666666678054
29.913690476201864
29.910714285725675
29.907738095249485
29.904761904773295
29.901785714297105
29.898809523820916
29.895833333344726
29.892857142868536
29.889880952392346
29.886904761916156
29.883928571439967
29.880952380963777
29.877976190487587
29.875000000011397
29.872023809535207
29.869047619059018
29.866071428582828
29.863095238106638
29.860119047630448
29.85714285715426
29.85416666667807
29.85119047620188
29.84821428572569
29.8452380952495
29.84226190477331
29.83928571429712
29.83630952382093
29.83333333334474
29.83035714286855
29.82738095239236
29.82440476191617
29.82142857143998
29.81845238096379
29.8154761904876
29.81250000001141
29.80952380953522
29.80654761905903
29.803571428582842
29.800595238106652
29.797619047630462
29.794642857154273
29.791666666678083
29.788690476201893
29.785714285725703
29.782738095249513
29.779761904773324
29.776785714297134
29.773809523820944
29.770833333344754
29.767857142868564
29.764880952392375
29.761904761916185
29.758928571439995
29.755952380963805
29.752976190487615
29.750000000011426
29.747023809535236
29.744047619059046
29.741071428582856
29.738095238106666
29.735119047630477
29.732142857154287
29.729166666678097
29.726190476201907
29.723214285725717
29.720238095249528
29.717261904773338
29.714285714297148
29.711309523820958
29.70833333334477
29.70535714286858
29.70238095239239
29.6994047619162
29.69642857144001
29.69345238096382
29.69047619048763
29.68750000001144
29.68452380953525
29.68154761905906
29.67857142858287
29.67559523810668
29.67261904763049
29.6696428571543
29.66666666667811
29.66369047620192
29.66071428572573
29.65773809524954
29.654761904773352
29.651785714297162
29.648809523820972
29.645833333344783
29.642857142868593
29.639880952392403
29.636904761916213
29.633928571440023
29.630952380963834
29.627976190487644
29.625000000011454
29.622023809535264
29.619047619059074
29.616071428582885
29.613095238106695
29.610119047630505
29.607142857154315
29.604166666678125
29.601190476201936
29.598214285725746
29.595238095249556
29.592261904773366
29.589285714297176
29.586309523820987
29.583333333344797
29.580357142868607
29.577380952392417
29.574404761916227
29.571428571440038
29.568452380963848
29.565476190487658
29.562500000011468
29.55952380953528
29.55654761905909
29.5535714285829
29.55059523810671
29.54761904763052
29.54464285715433
29.54166666667814
29.53869047620195
29.53571428572576
29.53273809524957
29.52976190477338
29.52678571429719
29.523809523821
29.52083333334481
29.51785714286862
29.51488095239243
29.51190476191624
29.50892857144005
29.505952380963862
29.502976190487672
29.500000000011482
29.497023809535293
29.494047619059103
29.491071428582913
29.488095238106723
29.485119047630533
29.482142857154344
29.479166666678154
29.476190476201964
29.473214285725774
29.470238095249584
29.467261904773395
29.464285714297205
29.461309523821015
29.458333333344825
29.455357142868635
29.452380952392446
29.449404761916256
29.446428571440066
29.443452380963876
29.440476190487686
29.437500000011497
29.434523809535307
29.431547619059117
29.428571428582927
29.425595238106737
29.422619047630548
29.419642857154358
29.416666666678168
29.413690476201978
29.41071428572579
29.4077380952496
29.40476190477341
29.40178571429722
29.39880952382103
29.39583333334484
29.39285714286865
29.38988095239246
29.38690476191627
29.38392857144008
29.38095238096389
29.3779761904877
29.37500000001151
29.37202380953532
29.36904761905913
29.36607142858294
29.36309523810675
29.360119047630562
29.357142857154372
29.354166666678182
29.351190476201992
29.348214285725803
29.345238095249613
29.342261904773423
29.339285714297233
29.336309523821043
29.333333333344854
29.330357142868664
29.327380952392474
29.324404761916284
29.321428571440094
29.318452380963905
29.315476190487715
29.312500000011525
29.309523809535335
29.306547619059145
29.303571428582956
29.300595238106766
29.297619047630576
29.294642857154386
29.291666666678196
29.288690476202007
29.285714285725817
29.282738095249627
29.279761904773437
29.276785714297247
29.273809523821058
29.270833333344868
29.267857142868678
29.264880952392488
29.2619047619163
29.25892857144011
29.25595238096392
29.25297619048773
29.25000000001154
29.24702380953535
29.24404761905916
29.24107142858297
29.23809523810678
29.23511904763059
29.2321428571544
29.22916666667821
29.22619047620202
29.22321428572583
29.22023809524964
29.21726190477345
29.21428571429726
29.211309523821072
29.208333333344882
29.205357142868692
29.202380952392502
29.199404761916313
29.196428571440123
29.193452380963933
29.190476190487743
29.187500000011553
29.184523809535364
29.181547619059174
29.178571428582984
29.175595238106794
29.172619047630604
29.169642857154415
29.166666666678225
29.163690476202035
29.160714285725845
29.157738095249655
29.154761904773466
29.151785714297276
29.148809523821086
29.145833333344896
29.142857142868706
29.139880952392517
29.136904761916327
29.133928571440137
29.130952380963947
29.127976190487757
29.125000000011568
29.122023809535378
29.119047619059188
29.116071428583
29.11309523810681
29.11011904763062
29.10714285715443
29.10416666667824
29.10119047620205
29.09821428572586
29.09523809524967
29.09226190477348
29.08928571429729
29.0863095238211
29.08333333334491
29.08035714286872
29.07738095239253
29.07440476191634
29.07142857144015
29.06845238096396
29.06547619048777
29.062500000011582
29.059523809535392
29.056547619059202
29.053571428583012
29.050595238106823
29.047619047630633
29.044642857154443
29.041666666678253
29.038690476202063
29.035714285725874
29.032738095249684
29.029761904773494
29.026785714297304
29.023809523821114
29.020833333344925
29.017857142868735
29.014880952392545
29.011904761916355
29.008928571440165
29.005952380963976
29.002976190487786
29.000000000011596
28.997023809535406
28.994047619059216
28.991071428583027
28.988095238106837
28.985119047630647
28.982142857154457
28.979166666678267
28.976190476202078
28.973214285725888
28.970238095249698
28.96726190477351
28.96428571429732
28.96130952382113
28.95833333334494
28.95535714286875
28.95238095239256
28.94940476191637
28.94642857144018
28.94345238096399
28.9404761904878
28.93750000001161
28.93452380953542
28.93154761905923
28.92857142858304
28.92559523810685
28.92261904763066
28.91964285715447
28.91666666667828
28.913690476202092
28.910714285725902
28.907738095249712
28.904761904773522
28.901785714297333
28.898809523821143
28.895833333344953
28.892857142868763
28.889880952392573
28.886904761916384
28.883928571440194
28.880952380964004
28.877976190487814
28.875000000011624
28.872023809535435
28.869047619059245
28.866071428583055
28.863095238106865
28.860119047630675
28.857142857154486
28.854166666678296
28.851190476202106
28.848214285725916
28.845238095249726
28.842261904773537
28.839285714297347
28.836309523821157
28.833333333344967
28.830357142868777
28.827380952392588
28.824404761916398
28.821428571440208
28.81845238096402
28.81547619048783
28.81250000001164
28.80952380953545
28.80654761905926
28.80357142858307
28.80059523810688
28.79761904763069
28.7946428571545
28.79166666667831
28.78869047620212
28.78571428572593
28.78273809524974
28.77976190477355
28.77678571429736
28.77380952382117
28.77083333334498
28.76785714286879
28.764880952392602
28.761904761916412
28.758928571440222
28.755952380964032
28.752976190487843
28.750000000011653
28.747023809535463
28.744047619059273
28.741071428583084
28.738095238106894
28.735119047630704
28.732142857154514
28.729166666678324
28.726190476202135
28.723214285725945
28.720238095249755
28.717261904773565
28.714285714297375
28.711309523821186
28.708333333344996
28.705357142868806
28.702380952392616
28.699404761916426
28.696428571440237
28.693452380964047
28.690476190487857
28.687500000011667
28.684523809535477
28.681547619059288
28.678571428583098
28.675595238106908
28.672619047630718
28.66964285715453
28.66666666667834
28.66369047620215
28.66071428572596
28.65773809524977
28.65476190477358
28.65178571429739
28.6488095238212
28.64583333334501
28.64285714286882
28.63988095239263
28.63690476191644
28.63392857144025
28.63095238096406
28.62797619048787
28.62500000001168
28.62202380953549
28.6190476190593
28.616071428583112
28.613095238106922
28.610119047630732
28.607142857154543
28.604166666678353
28.601190476202163
28.598214285725973
28.595238095249783
28.592261904773594
28.589285714297404
28.586309523821214
28.583333333345024
28.580357142868834
28.577380952392645
28.574404761916455
28.571428571440265
28.568452380964075
28.565476190487885
28.562500000011696
28.559523809535506
28.556547619059316
28.553571428583126
28.550595238106936
28.547619047630747
28.544642857154557
28.541666666678367
28.538690476202177
28.535714285725987
28.532738095249798
28.529761904773608
28.526785714297418
28.523809523821228
28.52083333334504
28.51785714286885
28.51488095239266
28.51190476191647
28.50892857144028
28.50595238096409
28.5029761904879
28.50000000001171
28.49702380953552
28.49404761905933
28.49107142858314
28.48809523810695
28.48511904763076
28.48214285715457
28.47916666667838
28.47619047620219
28.473214285726
28.47023809524981
28.467261904773622
28.464285714297432
28.461309523821242
28.458333333345053
28.455357142868863
28.452380952392673
28.449404761916483
28.446428571440293
28.443452380964104
28.440476190487914
28.437500000011724
28.434523809535534
28.431547619059344
28.428571428583155
28.425595238106965
28.422619047630775
28.419642857154585
28.416666666678395
28.413690476202206
28.410714285726016
28.407738095249826
28.404761904773636
28.401785714297446
28.398809523821257
28.395833333345067
28.392857142868877
28.389880952392687
28.386904761916497
28.383928571440308
28.380952380964118
28.377976190487928
28.375000000011738
28.37202380953555
28.36904761905936
28.36607142858317
28.36309523810698
28.36011904763079
28.3571428571546
28.35416666667841
28.35119047620222
28.34821428572603
28.34523809524984
28.34226190477365
28.33928571429746
28.33630952382127
28.33333333334508
28.33035714286889
28.3273809523927
28.32440476191651
28.32142857144032
28.318452380964132
28.315476190487942
28.312500000011752
28.309523809535563
28.306547619059373
28.303571428583183
28.300595238106993
28.297619047630803
28.294642857154614
28.291666666678424
28.288690476202234
28.285714285726044
28.282738095249854
28.279761904773665
28.276785714297475
28.273809523821285
28.270833333345095
28.267857142868905
28.264880952392716
28.261904761916526
28.258928571440336
28.255952380964146
28.252976190487956
28.250000000011767
28.247023809535577
28.244047619059387
28.241071428583197
28.238095238107007
28.235119047630818
28.232142857154628
28.229166666678438
28.226190476202248
28.22321428572606
28.22023809524987
28.21726190477368
28.21428571429749
28.2113095238213
28.20833333334511
28.20535714286892
28.20238095239273
28.19940476191654
28.19642857144035
28.19345238096416
28.19047619048797
28.18750000001178
28.18452380953559
28.1815476190594
28.17857142858321
28.17559523810702
28.172619047630832
28.169642857154642
28.166666666678452
28.163690476202262
28.160714285726073
28.157738095249883
28.154761904773693
28.151785714297503
28.148809523821313
28.145833333345124
28.142857142868934
28.139880952392744
28.136904761916554
28.133928571440364
28.130952380964175
28.127976190487985
28.125000000011795
28.122023809535605
28.119047619059415
28.116071428583226
28.113095238107036
28.110119047630846
28.107142857154656
28.104166666678466
28.101190476202277
28.098214285726087
28.095238095249897
28.092261904773707
28.089285714297517
28.086309523821328
28.083333333345138
28.080357142868948
28.077380952392758
28.07440476191657
28.07142857144038
28.06845238096419
28.065476190488
28.06250000001181
28.05952380953562
28.05654761905943
28.05357142858324
28.05059523810705
28.04761904763086
28.04464285715467
28.04166666667848
28.03869047620229
28.0357142857261
28.03273809524991
28.02976190477372
28.02678571429753
28.023809523821342
28.020833333345152
28.017857142868962
28.014880952392772
28.011904761916583
28.008928571440393
28.005952380964203
28.002976190488013
28.000000000011823
27.997023809535634
27.994047619059444
27.991071428583254
27.988095238107064
27.985119047630874
27.982142857154685
27.979166666678495
27.976190476202305
27.973214285726115
27.970238095249925
27.967261904773736
27.964285714297546
27.961309523821356
27.958333333345166
27.955357142868976
27.952380952392787
27.949404761916597
27.946428571440407
27.943452380964217
27.940476190488027
27.937500000011838
27.934523809535648
27.931547619059458
27.92857142858327
27.92559523810708
27.92261904763089
27.9196428571547
27.91666666667851
27.91369047620232
27.91071428572613
27.90773809524994
27.90476190477375
27.90178571429756
27.89880952382137
27.89583333334518
27.89285714286899
27.8898809523928
27.88690476191661
27.88392857144042
27.88095238096423
27.87797619048804
27.875000000011852
27.872023809535662
27.869047619059472
27.866071428583282
27.863095238107093
27.860119047630903
27.857142857154713
27.854166666678523
27.851190476202333
27.848214285726144
27.845238095249954
27.842261904773764
27.839285714297574
27.836309523821384
27.833333333345195
27.830357142869005
27.827380952392815
27.824404761916625
27.821428571440435
27.818452380964246
27.815476190488056
27.812500000011866
27.809523809535676
27.806547619059486
27.803571428583297
27.800595238107107
27.797619047630917
27.794642857154727
27.791666666678537
27.788690476202348
27.785714285726158
27.782738095249968
27.77976190477378
27.77678571429759
27.7738095238214
27.77083333334521
27.76785714286902
27.76488095239283
27.76190476191664
27.75892857144045
27.75595238096426
27.75297619048807
27.75000000001188
27.74702380953569
27.7440476190595
27.74107142858331
27.73809523810712
27.73511904763093
27.73214285715474
27.72916666667855
27.726190476202362
27.723214285726172
27.720238095249982
27.717261904773792
27.714285714297603
27.711309523821413
27.708333333345223
27.705357142869033
27.702380952392843
27.699404761916654
27.696428571440464
27.693452380964274
27.690476190488084
27.687500000011894
27.684523809535705
27.681547619059515
27.678571428583325
27.675595238107135
27.672619047630945
27.669642857154756
27.666666666678566
27.663690476202376
27.660714285726186
27.657738095249996
27.654761904773807
27.651785714297617
27.648809523821427
27.645833333345237
27.642857142869047
27.639880952392858
27.636904761916668
27.633928571440478
27.63095238096429
27.6279761904881
27.62500000001191
27.62202380953572
27.61904761905953
27.61607142858334
27.61309523810715
27.61011904763096
27.60714285715477
27.60416666667858
27.60119047620239
27.5982142857262
27.59523809525001
27.59226190477382
27.58928571429763
27.58630952382144
27.58333333334525
27.58035714286906
27.577380952392872
27.574404761916682
27.571428571440492
27.568452380964303
27.565476190488113
27.562500000011923
27.559523809535733
27.556547619059543
27.553571428583354
27.550595238107164
27.547619047630974
27.544642857154784
27.541666666678594
27.538690476202405
27.535714285726215
27.532738095250025
27.529761904773835
27.526785714297645
27.523809523821456
27.520833333345266
27.517857142869076
27.514880952392886
27.511904761916696
27.508928571440507
27.505952380964317
27.502976190488127
27.500000000011937
27.497023809535747
27.494047619059558
27.491071428583368
27.488095238107178
27.485119047630988
27.4821428571548
27.47916666667861
27.47619047620242
27.47321428572623
27.47023809525004
27.46726190477385
27.46428571429766
27.46130952382147
27.45833333334528
27.45535714286909
27.4523809523929
27.44940476191671
27.44642857144052
27.44345238096433
27.44047619048814
27.43750000001195
27.43452380953576
27.43154761905957
27.428571428583382
27.425595238107192
27.422619047631002
27.419642857154813
27.416666666678623
27.413690476202433
27.410714285726243
27.407738095250053
27.404761904773864
27.401785714297674
27.398809523821484
27.395833333345294
27.392857142869104
27.389880952392915
27.386904761916725
27.383928571440535
27.380952380964345
27.377976190488155
27.375000000011966
27.372023809535776
27.369047619059586
27.366071428583396
27.363095238107206
27.360119047631017
27.357142857154827
27.354166666678637
27.351190476202447
27.348214285726257
27.345238095250068
27.342261904773878
27.339285714297688
27.336309523821498
27.33333333334531
27.33035714286912
27.32738095239293
27.32440476191674
27.32142857144055
27.31845238096436
27.31547619048817
27.31250000001198
27.30952380953579
27.3065476190596
27.30357142858341
27.30059523810722
27.29761904763103
27.29464285715484
27.29166666667865
27.28869047620246
27.28571428572627
27.28273809525008
27.279761904773892
27.276785714297702
27.273809523821512
27.270833333345323
27.267857142869133
27.264880952392943
27.261904761916753
27.258928571440563
27.255952380964374
27.252976190488184
27.250000000011994
27.247023809535804
27.244047619059614
27.241071428583425
27.238095238107235
27.235119047631045
27.232142857154855
27.229166666678665
27.226190476202476
27.223214285726286
27.220238095250096
27.217261904773906
27.214285714297716
27.211309523821527
27.208333333345337
27.205357142869147
27.202380952392957
27.199404761916767
27.196428571440578
27.193452380964388
27.190476190488198
27.187500000012008
27.18452380953582
27.18154761905963
27.17857142858344
27.17559523810725
27.17261904763106
27.16964285715487
27.16666666667868
27.16369047620249
27.1607142857263
27.15773809525011
27.15476190477392
27.15178571429773
27.14880952382154
27.14583333334535
27.14285714286916
27.13988095239297
27.13690476191678
27.133928571440592
27.130952380964402
27.127976190488212
27.125000000012022
27.122023809535833
27.119047619059643
27.116071428583453
27.113095238107263
27.110119047631073
27.107142857154884
27.104166666678694
27.101190476202504
27.098214285726314
27.095238095250124
27.092261904773935
27.089285714297745
27.086309523821555
27.083333333345365
27.080357142869175
27.077380952392986
27.074404761916796
27.071428571440606
27.068452380964416
27.065476190488226
27.062500000012037
27.059523809535847
27.056547619059657
27.053571428583467
27.050595238107277
27.047619047631088
27.044642857154898
27.041666666678708
27.038690476202518
27.03571428572633
27.03273809525014
27.02976190477395
27.02678571429776
27.02380952382157
27.02083333334538
27.01785714286919
27.014880952393
27.01190476191681
27.00892857144062
27.00595238096443
27.00297619048824
27.00000000001205
26.99702380953586
26.99404761905967
26.99107142858348
26.98809523810729
26.985119047631102
26.982142857154912
26.979166666678722
26.976190476202532
26.973214285726343
26.970238095250153
26.967261904773963
26.964285714297773
26.961309523821583
26.958333333345394
26.955357142869204
26.952380952393014
26.949404761916824
26.946428571440634
26.943452380964445
26.940476190488255
26.937500000012065
26.934523809535875
26.931547619059685
26.928571428583496
26.925595238107306
26.922619047631116
26.919642857154926
26.916666666678736
26.913690476202547
26.910714285726357
26.907738095250167
26.904761904773977
26.901785714297787
26.898809523821598
26.895833333345408
26.892857142869218
26.88988095239303
26.88690476191684
26.88392857144065
26.88095238096446
26.87797619048827
26.87500000001208
26.87202380953589
26.8690476190597
26.86607142858351
26.86309523810732
26.86011904763113
26.85714285715494
26.85416666667875
26.85119047620256
26.84821428572637
26.84523809525018
26.84226190477399
26.8392857142978
26.836309523821612
26.833333333345422
26.830357142869232
26.827380952393042
26.824404761916853
26.821428571440663
26.818452380964473
26.815476190488283
26.812500000012093
26.809523809535904
26.806547619059714
26.803571428583524
26.800595238107334
26.797619047631144
26.794642857154955
26.791666666678765
26.788690476202575
26.785714285726385
26.782738095250195
26.779761904774006
26.776785714297816
26.773809523821626
26.770833333345436
26.767857142869246
26.764880952393057
26.761904761916867
26.758928571440677
26.755952380964487
26.752976190488297
26.750000000012108
26.747023809535918
26.744047619059728
26.74107142858354
26.73809523810735
26.73511904763116
26.73214285715497
26.72916666667878
26.72619047620259
26.7232142857264
26.72023809525021
26.71726190477402
26.71428571429783
26.71130952382164
26.70833333334545
26.70535714286926
26.70238095239307
26.69940476191688
26.69642857144069
26.6934523809645
26.69047619048831
26.687500000012122
26.684523809535932
26.681547619059742
26.678571428583552
26.675595238107363
26.672619047631173
26.669642857154983
26.666666666678793
26.663690476202603
26.660714285726414
26.657738095250224
26.654761904774034
26.651785714297844
26.648809523821654
26.645833333345465
26.642857142869275
26.639880952393085
26.636904761916895
26.633928571440705
26.630952380964516
26.627976190488326
26.625000000012136
26.622023809535946
26.619047619059756
26.616071428583567
26.613095238107377
26.610119047631187
26.607142857154997
26.604166666678807
26.601190476202618
26.598214285726428
26.595238095250238
26.59226190477405
26.58928571429786
26.58630952382167
26.58333333334548
26.58035714286929
26.5773809523931
26.57440476191691
26.57142857144072
26.56845238096453
26.56547619048834
26.56250000001215
26.55952380953596
26.55654761905977
26.55357142858358
26.55059523810739
26.5476190476312
26.54464285715501
26.54166666667882
26.538690476202632
26.535714285726442
26.532738095250252
26.529761904774062
26.526785714297873
26.523809523821683
26.520833333345493
26.517857142869303
26.514880952393113
26.511904761916924
26.508928571440734
26.505952380964544
26.502976190488354
26.500000000012164
26.497023809535975
26.494047619059785
26.491071428583595
26.488095238107405
26.485119047631215
26.482142857155026
26.479166666678836
26.476190476202646
26.473214285726456
26.470238095250266
26.467261904774077
26.464285714297887
26.461309523821697
26.458333333345507
26.455357142869317
26.452380952393128
26.449404761916938
26.446428571440748
26.44345238096456
26.44047619048837
26.43750000001218
26.43452380953599
26.4315476190598
26.42857142858361
26.42559523810742
26.42261904763123
26.41964285715504
26.41666666667885
26.41369047620266
26.41071428572647
26.40773809525028
26.40476190477409
26.4017857142979
26.39880952382171
26.39583333334552
26.39285714286933
26.389880952393142
26.386904761916952
26.383928571440762
26.380952380964573
26.377976190488383
26.375000000012193
26.372023809536003
26.369047619059813
26.366071428583624
26.363095238107434
26.360119047631244
26.357142857155054
26.354166666678864
26.351190476202675
26.348214285726485
26.345238095250295
26.342261904774105
26.339285714297915
26.336309523821726
26.333333333345536
26.330357142869346
26.327380952393156
26.324404761916966
26.321428571440777
26.318452380964587
26.315476190488397
26.312500000012207
26.309523809536017
26.306547619059828
26.303571428583638
26.300595238107448
26.297619047631258
26.29464285715507
26.29166666667888
26.28869047620269
26.2857142857265
26.28273809525031
26.27976190477412
26.27678571429793
26.27380952382174
26.27083333334555
26.26785714286936
26.26488095239317
26.26190476191698
26.25892857144079
26.2559523809646
26.25297619048841
26.25000000001222
26.24702380953603
26.24404761905984
26.241071428583652
26.238095238107462
26.235119047631272
26.232142857155083
26.229166666678893
26.226190476202703
26.223214285726513
26.220238095250323
26.217261904774134
26.214285714297944
26.211309523821754
26.208333333345564
26.205357142869374
26.202380952393185
26.199404761916995
26.196428571440805
26.193452380964615
26.190476190488425
26.187500000012236
26.184523809536046
26.181547619059856
26.178571428583666
26.175595238107476
26.172619047631287
26.169642857155097
26.166666666678907
26.163690476202717
26.160714285726527
26.157738095250338
26.154761904774148
26.151785714297958
26.148809523821768
26.14583333334558
26.14285714286939
26.1398809523932
26.13690476191701
26.13392857144082
26.13095238096463
26.12797619048844
26.12500000001225
26.12202380953606
26.11904761905987
26.11607142858368
26.11309523810749
26.1101190476313
26.10714285715511
26.10416666667892
26.10119047620273
26.09821428572654
26.09523809525035
26.092261904774162
26.089285714297972
26.086309523821782
26.083333333345593
26.080357142869403
26.077380952393213
26.074404761917023
26.071428571440833
26.068452380964644
26.065476190488454
26.062500000012264
26.059523809536074
26.056547619059884
26.053571428583695
26.050595238107505
26.047619047631315
26.044642857155125
26.041666666678935
26.038690476202746
26.035714285726556
26.032738095250366
26.029761904774176
26.026785714297986
26.023809523821797
26.020833333345607
26.017857142869417
26.014880952393227
26.011904761917037
26.008928571440848
26.005952380964658
26.002976190488468
26.000000000012278
25.99702380953609
25.9940476190599
25.99107142858371
25.98809523810752
25.98511904763133
25.98214285715514
25.97916666667895
25.97619047620276
25.97321428572657
25.97023809525038
25.96726190477419
25.964285714298
25.96130952382181
25.95833333334562
25.95535714286943
25.95238095239324
25.94940476191705
25.946428571440862
25.943452380964672
25.940476190488482
25.937500000012292
25.934523809536103
25.931547619059913
25.928571428583723
25.925595238107533
25.922619047631343
25.919642857155154
25.916666666678964
25.913690476202774
25.910714285726584
25.907738095250394
25.904761904774205
25.901785714298015
25.898809523821825
25.895833333345635
25.892857142869445
25.889880952393256
25.886904761917066
25.883928571440876
25.880952380964686
25.877976190488496
25.875000000012307
25.872023809536117
25.869047619059927
25.866071428583737
25.863095238107547
25.860119047631358
25.857142857155168
25.854166666678978
25.851190476202788
25.8482142857266
25.84523809525041
25.84226190477422
25.83928571429803
25.83630952382184
25.83333333334565
25.83035714286946
25.82738095239327
25.82440476191708
25.82142857144089
25.8184523809647
25.81547619048851
25.81250000001232
25.80952380953613
25.80654761905994
25.80357142858375
25.80059523810756
25.797619047631372
25.794642857155182
25.791666666678992
25.788690476202802
25.785714285726613
25.782738095250423
25.779761904774233
25.776785714298043
25.773809523821853
25.770833333345664
25.767857142869474
25.764880952393284
25.761904761917094
25.758928571440904
25.755952380964715
25.752976190488525
25.750000000012335
25.747023809536145
25.744047619059955
25.741071428583766
25.738095238107576
25.735119047631386
25.732142857155196
25.729166666679006
25.726190476202817
25.723214285726627
25.720238095250437
25.717261904774247
25.714285714298057
25.711309523821868
25.708333333345678
25.705357142869488
25.7023809523933
25.69940476191711
25.69642857144092
25.69345238096473
25.69047619048854
25.68750000001235
25.68452380953616
25.68154761905997
25.67857142858378
25.67559523810759
25.6726190476314
25.66964285715521
25.66666666667902
25.66369047620283
25.66071428572664
25.65773809525045
25.65476190477426
25.65178571429807
25.648809523821882
25.645833333345692
25.642857142869502
25.639880952393312
25.636904761917123
25.633928571440933
25.630952380964743
25.627976190488553
25.625000000012363
25.622023809536174
25.619047619059984
25.616071428583794
25.613095238107604
25.610119047631414
25.607142857155225
25.604166666679035
25.601190476202845
25.598214285726655
25.595238095250465
25.592261904774276
25.589285714298086
25.586309523821896
25.583333333345706
25.580357142869516
25.577380952393327
25.574404761917137
25.571428571440947
25.568452380964757
25.565476190488567
25.562500000012378
25.559523809536188
25.556547619059998
25.55357142858381
25.55059523810762
25.54761904763143
25.54464285715524
25.54166666667905
25.53869047620286
25.53571428572667
25.53273809525048
25.52976190477429
25.5267857142981
25.52380952382191
25.52083333334572
25.51785714286953
25.51488095239334
25.51190476191715
25.50892857144096
25.50595238096477
25.50297619048858
25.500000000012392
25.497023809536202
25.494047619060012
25.491071428583822
25.488095238107633
25.485119047631443
25.482142857155253
25.479166666679063
25.476190476202873
25.473214285726684
25.470238095250494
25.467261904774304
25.464285714298114
25.461309523821924
25.458333333345735
25.455357142869545
25.452380952393355
25.449404761917165
25.446428571440975
25.443452380964786
25.440476190488596
25.437500000012406
25.434523809536216
25.431547619060026
25.428571428583837
25.425595238107647
25.422619047631457
25.419642857155267
25.416666666679077
25.413690476202888
25.410714285726698
25.407738095250508
25.40476190477432
25.40178571429813
25.39880952382194
25.39583333334575
25.39285714286956
25.38988095239337
25.38690476191718
25.38392857144099
25.3809523809648
25.37797619048861
25.37500000001242
25.37202380953623
25.36904761906004
25.36607142858385
25.36309523810766
25.36011904763147
25.35714285715528
25.35416666667909
25.351190476202902
25.348214285726712
25.345238095250522
25.342261904774332
25.339285714298143
25.336309523821953
25.333333333345763
25.330357142869573
25.327380952393383
25.324404761917194
25.321428571441004
25.318452380964814
25.315476190488624
25.312500000012434
25.309523809536245
25.306547619060055
25.303571428583865
25.300595238107675
25.297619047631486
25.294642857155296
25.291666666679106
25.288690476202916
25.285714285726726
25.282738095250537
25.279761904774347
25.276785714298157
25.273809523821967
25.270833333345777
25.267857142869588
25.264880952393398
25.261904761917208
25.258928571441018
25.25595238096483
25.25297619048864
25.25000000001245
25.24702380953626
25.24404761906007
25.24107142858388
25.23809523810769
25.2351190476315
25.23214285715531
25.22916666667912
25.22619047620293
25.22321428572674
25.22023809525055
25.21726190477436
25.21428571429817
25.21130952382198
25.20833333334579
25.2053571428696
25.202380952393412
25.199404761917222
25.196428571441032
25.193452380964843
25.190476190488653
25.187500000012463
25.184523809536273
25.181547619060083
25.178571428583894
25.175595238107704
25.172619047631514
25.169642857155324
25.166666666679134
25.163690476202945
25.160714285726755
25.157738095250565
25.154761904774375
25.151785714298185
25.148809523821996
25.145833333345806
25.142857142869616
25.139880952393426
25.136904761917236
25.133928571441047
25.130952380964857
25.127976190488667
25.125000000012477
25.122023809536287
25.119047619060098
25.116071428583908
25.113095238107718
25.110119047631528
25.10714285715534
25.10416666667915
25.10119047620296
25.09821428572677
25.09523809525058
25.09226190477439
25.0892857142982
25.08630952382201
25.08333333334582
25.08035714286963
25.07738095239344
25.07440476191725
25.07142857144106
25.06845238096487
25.06547619048868
25.06250000001249
25.0595238095363
25.05654761906011
25.053571428583922
25.050595238107732
25.047619047631542
25.044642857155353
25.041666666679163
25.038690476202973
25.035714285726783
25.032738095250593
25.029761904774404
25.026785714298214
25.023809523822024
25.020833333345834
25.017857142869644
25.014880952393455
25.011904761917265
25.008928571441075
25.005952380964885
25.002976190488695
25.000000000012506
24.997023809536316
24.994047619060126
24.991071428583936
24.988095238107746
24.985119047631557
24.982142857155367
24.979166666679177
24.976190476202987
24.973214285726797
24.970238095250608
24.967261904774418
24.964285714298228
24.961309523822038
24.95833333334585
24.95535714286966
24.95238095239347
24.94940476191728
24.94642857144109
24.9434523809649
24.94047619048871
24.93750000001252
24.93452380953633
24.93154761906014
24.92857142858395
24.92559523810776
24.92261904763157
24.91964285715538
24.91666666667919
24.913690476203
24.91071428572681
24.90773809525062
24.904761904774432
24.901785714298242
24.898809523822052
24.895833333345863
24.892857142869673
24.889880952393483
24.886904761917293
24.883928571441103
24.880952380964914
24.877976190488724
24.875000000012534
24.872023809536344
24.869047619060154
24.866071428583965
24.863095238107775
24.860119047631585
24.857142857155395
24.854166666679205
24.851190476203016
24.848214285726826
24.845238095250636
24.842261904774446
24.839285714298256
24.836309523822067
24.833333333345877
24.830357142869687
24.827380952393497
24.824404761917307
24.821428571441118
24.818452380964928
24.815476190488738
24.812500000012548
24.80952380953636
24.80654761906017
24.80357142858398
24.80059523810779
24.7976190476316
24.79464285715541
24.79166666667922
24.78869047620303
24.78571428572684
24.78273809525065
24.77976190477446
24.77678571429827
24.77380952382208
24.77083333334589
24.7678571428697
24.76488095239351
24.76190476191732
24.758928571441132
24.755952380964942
24.752976190488752
24.750000000012562
24.747023809536373
24.744047619060183
24.741071428583993
24.738095238107803
24.735119047631613
24.732142857155424
24.729166666679234
24.726190476203044
24.723214285726854
24.720238095250664
24.717261904774475
24.714285714298285
24.711309523822095
24.708333333345905
24.705357142869715
24.702380952393526
24.699404761917336
24.696428571441146
24.693452380964956
24.690476190488766
24.687500000012577
24.684523809536387
24.681547619060197
24.678571428584007
24.675595238107817
24.672619047631628
24.669642857155438
24.666666666679248
24.663690476203058
24.66071428572687
24.65773809525068
24.65476190477449
24.6517857142983
24.64880952382211
24.64583333334592
24.64285714286973
24.63988095239354
24.63690476191735
24.63392857144116
24.63095238096497
24.62797619048878
24.62500000001259
24.6220238095364
24.61904761906021
24.61607142858402
24.61309523810783
24.610119047631642
24.607142857155452
24.604166666679262
24.601190476203072
24.598214285726883
24.595238095250693
24.592261904774503
24.589285714298313
24.586309523822123
24.583333333345934
24.580357142869744
24.577380952393554
24.574404761917364
24.571428571441174
24.568452380964985
24.565476190488795
24.562500000012605
24.559523809536415
24.556547619060225
24.553571428584036
24.550595238107846
24.547619047631656
24.544642857155466
24.541666666679276
24.538690476203087
24.535714285726897
24.532738095250707
24.529761904774517
24.526785714298327
24.523809523822138
24.520833333345948
24.517857142869758
24.51488095239357
24.51190476191738
24.50892857144119
24.505952380965
24.50297619048881
24.50000000001262
24.49702380953643
24.49404761906024
24.49107142858405
24.48809523810786
24.48511904763167
24.48214285715548
24.47916666667929
24.4761904762031
24.47321428572691
24.47023809525072
24.46726190477453
24.46428571429834
24.461309523822152
24.458333333345962
24.455357142869772
24.452380952393582
24.449404761917393
24.446428571441203
24.443452380965013
24.440476190488823
24.437500000012633
24.434523809536444
24.431547619060254
24.428571428584064
24.425595238107874
24.422619047631684
24.419642857155495
24.416666666679305
24.413690476203115
24.410714285726925
24.407738095250735
24.404761904774546
24.401785714298356
24.398809523822166
24.395833333345976
24.392857142869786
24.389880952393597
24.386904761917407
24.383928571441217
24.380952380965027
24.377976190488837
24.375000000012648
24.372023809536458
24.369047619060268
24.36607142858408
24.36309523810789
24.3601190476317
24.35714285715551
24.35416666667932
24.35119047620313
24.34821428572694
24.34523809525075
24.34226190477456
24.33928571429837
24.33630952382218
24.33333333334599
24.3303571428698
24.32738095239361
24.32440476191742
24.32142857144123
24.31845238096504
24.31547619048885
24.312500000012662
24.309523809536472
24.306547619060282
24.303571428584092
24.300595238107903
24.297619047631713
24.294642857155523
24.291666666679333
24.288690476203143
24.285714285726954
24.282738095250764
24.279761904774574
24.276785714298384
24.273809523822194
24.270833333346005
24.267857142869815
24.264880952393625
24.261904761917435
24.258928571441245
24.255952380965056
24.252976190488866
24.250000000012676
24.247023809536486
24.244047619060296
24.241071428584107
24.238095238107917
24.235119047631727
24.232142857155537
24.229166666679347
24.226190476203158
24.223214285726968
24.220238095250778
24.21726190477459
24.2142857142984
24.21130952382221
24.20833333334602
24.20535714286983
24.20238095239364
24.19940476191745
24.19642857144126
24.19345238096507
24.19047619048888
24.18750000001269
24.1845238095365
24.18154761906031
24.17857142858412
24.17559523810793
24.17261904763174
24.16964285715555
24.16666666667936
24.163690476203172
24.160714285726982
24.157738095250792
24.154761904774602
24.151785714298413
24.148809523822223
24.145833333346033
24.142857142869843
24.139880952393654
24.136904761917464
24.133928571441274
24.130952380965084
24.127976190488894
24.125000000012705
24.122023809536515
24.119047619060325
24.116071428584135
24.113095238107945
24.110119047631756
24.107142857155566
24.104166666679376
24.101190476203186
24.098214285726996
24.095238095250807
24.092261904774617
24.089285714298427
24.086309523822237
24.083333333346047
24.080357142869858
24.077380952393668
24.074404761917478
24.071428571441288
24.0684523809651
24.06547619048891
24.06250000001272
24.05952380953653
24.05654761906034
24.05357142858415
24.05059523810796
24.04761904763177
24.04464285715558
24.04166666667939
24.0386904762032
24.03571428572701
24.03273809525082
24.02976190477463
24.02678571429844
24.02380952382225
24.02083333334606
24.01785714286987
24.014880952393682
24.011904761917492
24.008928571441302
24.005952380965113
24.002976190488923
24.000000000012733
23.997023809536543
23.994047619060353
23.991071428584164
23.988095238107974
23.985119047631784
23.982142857155594
23.979166666679404
23.976190476203215
23.973214285727025
23.970238095250835
23.967261904774645
23.964285714298455
23.961309523822266
23.958333333346076
23.955357142869886
23.952380952393696
23.949404761917506
23.946428571441317
23.943452380965127
23.940476190488937
23.937500000012747
23.934523809536557
23.931547619060368
23.928571428584178
23.925595238107988
23.922619047631798
23.91964285715561
23.91666666667942
23.91369047620323
23.91071428572704
23.90773809525085
23.90476190477466
23.90178571429847
23.89880952382228
23.89583333334609
23.8928571428699
23.88988095239371
23.88690476191752
23.88392857144133
23.88095238096514
23.87797619048895
23.87500000001276
23.87202380953657
23.86904761906038
23.866071428584192
23.863095238108002
23.860119047631812
23.857142857155623
23.854166666679433
23.851190476203243
23.848214285727053
23.845238095250863
23.842261904774674
23.839285714298484
23.836309523822294
23.833333333346104
23.830357142869914
23.827380952393725
23.824404761917535
23.821428571441345
23.818452380965155
23.815476190488965
23.812500000012776
23.809523809536586
23.806547619060396
23.803571428584206
23.800595238108016
23.797619047631827
23.794642857155637
23.791666666679447
23.788690476203257
23.785714285727067
23.782738095250878
23.779761904774688
23.776785714298498
23.773809523822308
23.77083333334612
23.76785714286993
23.76488095239374
23.76190476191755
23.75892857144136
23.75595238096517
23.75297619048898
23.75000000001279
23.7470238095366
23.74404761906041
23.74107142858422
23.73809523810803
23.73511904763184
23.73214285715565
23.72916666667946
23.72619047620327
23.72321428572708
23.72023809525089
23.717261904774702
23.714285714298512
23.711309523822322
23.708333333346133
23.705357142869943
23.702380952393753
23.699404761917563
23.696428571441373
23.693452380965184
23.690476190488994
23.687500000012804
23.684523809536614
23.681547619060424
23.678571428584235
23.675595238108045
23.672619047631855
23.669642857155665
23.666666666679475
23.663690476203286
23.660714285727096
23.657738095250906
23.654761904774716
23.651785714298526
23.648809523822337
23.645833333346147
23.642857142869957
23.639880952393767
23.636904761917577
23.633928571441388
23.630952380965198
23.627976190489008
23.625000000012818
23.62202380953663
23.61904761906044
23.61607142858425
23.61309523810806
23.61011904763187
23.60714285715568
23.60416666667949
23.6011904762033
23.59821428572711
23.59523809525092
23.59226190477473
23.58928571429854
23.58630952382235
23.58333333334616
23.58035714286997
23.57738095239378
23.57440476191759
23.571428571441402
23.568452380965212
23.565476190489022
23.562500000012832
23.559523809536643
23.556547619060453
23.553571428584263
23.550595238108073
23.547619047631883
23.544642857155694
23.541666666679504
23.538690476203314
23.535714285727124
23.532738095250934
23.529761904774745
23.526785714298555
23.523809523822365
23.520833333346175
23.517857142869985
23.514880952393796
23.511904761917606
23.508928571441416
23.505952380965226
23.502976190489036
23.500000000012847
23.497023809536657
23.494047619060467
23.491071428584277
23.488095238108087
23.485119047631898
23.482142857155708
23.479166666679518
23.476190476203328
23.47321428572714
23.47023809525095
23.46726190477476
23.46428571429857
23.46130952382238
23.45833333334619
23.45535714287
23.45238095239381
23.44940476191762
23.44642857144143
23.44345238096524
23.44047619048905
23.43750000001286
23.43452380953667
23.43154761906048
23.42857142858429
23.4255952381081
23.422619047631912
23.419642857155722
23.416666666679532
23.413690476203342
23.410714285727153
23.407738095250963
23.404761904774773
23.401785714298583
23.398809523822393
23.395833333346204
23.392857142870014
23.389880952393824
23.386904761917634
23.383928571441444
23.380952380965255
23.377976190489065
23.375000000012875
23.372023809536685
23.369047619060495
23.366071428584306
23.363095238108116
23.360119047631926
23.357142857155736
23.354166666679546
23.351190476203357
23.348214285727167
23.345238095250977
23.342261904774787
23.339285714298597
23.336309523822408
23.333333333346218
23.330357142870028
23.32738095239384
23.32440476191765
23.32142857144146
23.31845238096527
23.31547619048908
23.31250000001289
23.3095238095367
23.30654761906051
23.30357142858432
23.30059523810813
23.29761904763194
23.29464285715575
23.29166666667956
23.28869047620337
23.28571428572718
23.28273809525099
23.2797619047748
23.27678571429861
23.273809523822422
23.270833333346232
23.267857142870042
23.264880952393852
23.261904761917663
23.258928571441473
23.255952380965283
23.252976190489093
23.250000000012903
23.247023809536714
23.244047619060524
23.241071428584334
23.238095238108144
23.235119047631954
23.232142857155765
23.229166666679575
23.226190476203385
23.223214285727195
23.220238095251005
23.217261904774816
23.214285714298626
23.211309523822436
23.208333333346246
23.205357142870056
23.202380952393867
23.199404761917677
23.196428571441487
23.193452380965297
23.190476190489107
23.187500000012918
23.184523809536728
23.181547619060538
23.17857142858435
23.17559523810816
23.17261904763197
23.16964285715578
23.16666666667959
23.1636904762034
23.16071428572721
23.15773809525102
23.15476190477483
23.15178571429864
23.14880952382245
23.14583333334626
23.14285714287007
23.13988095239388
23.13690476191769
23.1339285714415
23.13095238096531
23.12797619048912
23.125000000012932
23.122023809536742
23.119047619060552
23.116071428584362
23.113095238108173
23.110119047631983
23.107142857155793
23.104166666679603
23.101190476203413
23.098214285727224
23.095238095251034
23.092261904774844
23.089285714298654
23.086309523822464
23.083333333346275
23.080357142870085
23.077380952393895
23.074404761917705
23.071428571441515
23.068452380965326
23.065476190489136
23.062500000012946
23.059523809536756
23.056547619060566
23.053571428584377
23.050595238108187
23.047619047631997
23.044642857155807
23.041666666679617
23.038690476203428
23.035714285727238
23.032738095251048
23.02976190477486
23.02678571429867
23.02380952382248
23.02083333334629
23.0178571428701
23.01488095239391
23.01190476191772
23.00892857144153
23.00595238096534
23.00297619048915
23.00000000001296
22.99702380953677
22.99404761906058
22.99107142858439
22.9880952381082
22.98511904763201
22.98214285715582
22.97916666667963
22.976190476203442
22.973214285727252
22.970238095251062
22.967261904774873
22.964285714298683
22.961309523822493
22.958333333346303
22.955357142870113
22.952380952393924
22.949404761917734
22.946428571441544
22.943452380965354
22.940476190489164
22.937500000012975
22.934523809536785
22.931547619060595
22.928571428584405
22.925595238108215
22.922619047632026
22.919642857155836
22.916666666679646
22.913690476203456
22.910714285727266
22.907738095251077
22.904761904774887
22.901785714298697
22.898809523822507
22.895833333346317
22.892857142870128
22.889880952393938
22.886904761917748
22.883928571441558
22.88095238096537
22.87797619048918
22.87500000001299
22.8720238095368
22.86904761906061
22.86607142858442
22.86309523810823
22.86011904763204
22.85714285715585
22.85416666667966
22.85119047620347
22.84821428572728
22.84523809525109
22.8422619047749
22.83928571429871
22.83630952382252
22.83333333334633
22.83035714287014
22.827380952393952
22.824404761917762
22.821428571441572
22.818452380965383
22.815476190489193
22.812500000013003
22.809523809536813
22.806547619060623
22.803571428584434
22.800595238108244
22.797619047632054
22.794642857155864
22.791666666679674
22.788690476203485
22.785714285727295
22.782738095251105
22.779761904774915
22.776785714298725
22.773809523822536
22.770833333346346
22.767857142870156
22.764880952393966
22.761904761917776
22.758928571441587
22.755952380965397
22.752976190489207
22.750000000013017
22.747023809536827
22.744047619060638
22.741071428584448
22.738095238108258
22.735119047632068
22.73214285715588
22.72916666667969
22.7261904762035
22.72321428572731
22.72023809525112
22.71726190477493
22.71428571429874
22.71130952382255
22.70833333334636
22.70535714287017
22.70238095239398
22.69940476191779
22.6964285714416
22.69345238096541
22.69047619048922
22.68750000001303
22.68452380953684
22.68154761906065
22.678571428584462
22.675595238108272
22.672619047632082
22.669642857155893
22.666666666679703
22.663690476203513
22.660714285727323
22.657738095251133
22.654761904774944
22.651785714298754
22.648809523822564
22.645833333346374
22.642857142870184
22.639880952393995
22.636904761917805
22.633928571441615
22.630952380965425
22.627976190489235
22.625000000013046
22.622023809536856
22.619047619060666
22.616071428584476
22.613095238108286
22.610119047632097
22.607142857155907
22.604166666679717
22.601190476203527
22.598214285727337
22.595238095251148
22.592261904774958
22.589285714298768
22.586309523822578
22.58333333334639
22.5803571428702
22.57738095239401
22.57440476191782
22.57142857144163
22.56845238096544
22.56547619048925
22.56250000001306
22.55952380953687
22.55654761906068
22.55357142858449
22.5505952381083
22.54761904763211
22.54464285715592
22.54166666667973
22.53869047620354
22.53571428572735
22.532738095251162
22.529761904774972
22.526785714298782
22.523809523822592
22.520833333346403
22.517857142870213
22.514880952394023
22.511904761917833
22.508928571441643
22.505952380965454
22.502976190489264
22.500000000013074
22.497023809536884
22.494047619060694
22.491071428584505
22.488095238108315
22.485119047632125
22.482142857155935
22.479166666679745
22.476190476203556
22.473214285727366
22.470238095251176
22.467261904774986
22.464285714298796
22.461309523822607
22.458333333346417
22.455357142870227
22.452380952394037
22.449404761917847
22.446428571441658
22.443452380965468
22.440476190489278
22.437500000013088
22.4345238095369
22.43154761906071
22.42857142858452
22.42559523810833
22.42261904763214
22.41964285715595
22.41666666667976
22.41369047620357
22.41071428572738
22.40773809525119
22.404761904775
22.40178571429881
22.39880952382262
22.39583333334643
22.39285714287024
22.38988095239405
22.38690476191786
22.383928571441672
22.380952380965482
22.377976190489292
22.375000000013102
22.372023809536913
22.369047619060723
22.366071428584533
22.363095238108343
22.360119047632153
22.357142857155964
22.354166666679774
22.351190476203584
22.348214285727394
22.345238095251204
22.342261904775015
22.339285714298825
22.336309523822635
22.333333333346445
22.330357142870255
22.327380952394066
22.324404761917876
22.321428571441686
22.318452380965496
22.315476190489306
22.312500000013117
22.309523809536927
22.306547619060737
22.303571428584547
22.300595238108357
22.297619047632168
22.294642857155978
22.291666666679788
22.288690476203598
22.28571428572741
22.28273809525122
22.27976190477503
22.27678571429884
22.27380952382265
22.27083333334646
22.26785714287027
22.26488095239408
22.26190476191789
22.2589285714417
22.25595238096551
22.25297619048932
22.25000000001313
22.24702380953694
22.24404761906075
22.24107142858456
22.23809523810837
22.235119047632182
22.232142857155992
22.229166666679802
22.226190476203612
22.223214285727423
22.220238095251233
22.217261904775043
22.214285714298853
22.211309523822663
22.208333333346474
22.205357142870284
22.202380952394094
22.199404761917904
22.196428571441714
22.193452380965525
22.190476190489335
22.187500000013145
22.184523809536955
22.181547619060765
22.178571428584576
22.175595238108386
22.172619047632196
22.169642857156006
22.166666666679816
22.163690476203627
22.160714285727437
22.157738095251247
22.154761904775057
22.151785714298867
22.148809523822678
22.145833333346488
22.142857142870298
22.13988095239411
22.13690476191792
22.13392857144173
22.13095238096554
22.12797619048935
22.12500000001316
22.12202380953697
22.11904761906078
22.11607142858459
22.1130952381084
22.11011904763221
22.10714285715602
22.10416666667983
22.10119047620364
22.09821428572745
22.09523809525126
22.09226190477507
22.08928571429888
22.086309523822692
22.083333333346502
22.080357142870312
22.077380952394122
22.074404761917933
22.071428571441743
22.068452380965553
22.065476190489363
22.062500000013173
22.059523809536984
22.056547619060794
22.053571428584604
22.050595238108414
22.047619047632224
22.044642857156035
22.041666666679845
22.038690476203655
22.035714285727465
22.032738095251275
22.029761904775086
22.026785714298896
22.023809523822706
22.020833333346516
22.017857142870326
22.014880952394137
22.011904761917947
22.008928571441757
22.005952380965567
22.002976190489377
22.000000000013188
21.997023809536998
21.994047619060808
21.99107142858462
21.98809523810843
21.98511904763224
21.98214285715605
21.97916666667986
21.97619047620367
21.97321428572748
21.97023809525129
21.9672619047751
21.96428571429891
21.96130952382272
21.95833333334653
21.95535714287034
21.95238095239415
21.94940476191796
21.94642857144177
21.94345238096558
21.94047619048939
21.937500000013202
21.934523809537012
21.931547619060822
21.928571428584632
21.925595238108443
21.922619047632253
21.919642857156063
21.916666666679873
21.913690476203683
21.910714285727494
21.907738095251304
21.904761904775114
21.901785714298924
21.898809523822734
21.895833333346545
21.892857142870355
21.889880952394165
21.886904761917975
21.883928571441785
21.880952380965596
21.877976190489406
21.875000000013216
21.872023809537026
21.869047619060836
21.866071428584647
21.863095238108457
21.860119047632267
21.857142857156077
21.854166666679887
21.851190476203698
21.848214285727508
21.845238095251318
21.84226190477513
21.83928571429894
21.83630952382275
21.83333333334656
21.83035714287037
21.82738095239418
21.82440476191799
21.8214285714418
21.81845238096561
21.81547619048942
21.81250000001323
21.80952380953704
21.80654761906085
21.80357142858466
21.80059523810847
21.79761904763228
21.79464285715609
21.7916666666799
21.788690476203712
21.785714285727522
21.782738095251332
21.779761904775143
21.776785714298953
21.773809523822763
21.770833333346573
21.767857142870383
21.764880952394194
21.761904761918004
21.758928571441814
21.755952380965624
21.752976190489434
21.750000000013245
21.747023809537055
21.744047619060865
21.741071428584675
21.738095238108485
21.735119047632296
21.732142857156106
21.729166666679916
21.726190476203726
21.723214285727536
21.720238095251347
21.717261904775157
21.714285714298967
21.711309523822777
21.708333333346587
21.705357142870398
21.702380952394208
21.699404761918018
21.696428571441828
21.69345238096564
21.69047619048945
21.68750000001326
21.68452380953707
21.68154761906088
21.67857142858469
21.6755952381085
21.67261904763231
21.66964285715612
21.66666666667993
21.66369047620374
21.66071428572755
21.65773809525136
21.65476190477517
21.65178571429898
21.64880952382279
21.6458333333466
21.64285714287041
21.639880952394222
21.636904761918032
21.633928571441842
21.630952380965653
21.627976190489463
21.625000000013273
21.622023809537083
21.619047619060893
21.616071428584704
21.613095238108514
21.610119047632324
21.607142857156134
21.604166666679944
21.601190476203755
21.598214285727565
21.595238095251375
21.592261904775185
21.589285714298995
21.586309523822806
21.583333333346616
21.580357142870426
21.577380952394236
21.574404761918046
21.571428571441857
21.568452380965667
21.565476190489477
21.562500000013287
21.559523809537097
21.556547619060908
21.553571428584718
21.550595238108528
21.547619047632338
21.54464285715615
21.54166666667996
21.53869047620377
21.53571428572758
21.53273809525139
21.5297619047752
21.52678571429901
21.52380952382282
21.52083333334663
21.51785714287044
21.51488095239425
21.51190476191806
21.50892857144187
21.50595238096568
21.50297619048949
21.5000000000133
21.49702380953711
21.49404761906092
21.491071428584732
21.488095238108542
21.485119047632352
21.482142857156163
21.479166666679973
21.476190476203783
21.473214285727593
21.470238095251403
21.467261904775214
21.464285714299024
21.461309523822834
21.458333333346644
21.455357142870454
21.452380952394265
21.449404761918075
21.446428571441885
21.443452380965695
21.440476190489505
21.437500000013316
21.434523809537126
21.431547619060936
21.428571428584746
21.425595238108556
21.422619047632367
21.419642857156177
21.416666666679987
21.413690476203797
21.410714285727607
21.407738095251418
21.404761904775228
21.401785714299038
21.398809523822848
21.39583333334666
21.39285714287047
21.38988095239428
21.38690476191809
21.3839285714419
21.38095238096571
21.37797619048952
21.37500000001333
21.37202380953714
21.36904761906095
21.36607142858476
21.36309523810857
21.36011904763238
21.35714285715619
21.35416666668
21.35119047620381
21.34821428572762
21.345238095251432
21.342261904775242
21.339285714299052
21.336309523822862
21.333333333346673
21.330357142870483
21.327380952394293
21.324404761918103
21.321428571441913
21.318452380965724
21.315476190489534
21.312500000013344
21.309523809537154
21.306547619060964
21.303571428584775
21.300595238108585
21.297619047632395
21.294642857156205
21.291666666680015
21.288690476203826
21.285714285727636
21.282738095251446
21.279761904775256
21.276785714299066
21.273809523822877
21.270833333346687
21.267857142870497
21.264880952394307
21.261904761918117
21.258928571441928
21.255952380965738
21.252976190489548
21.250000000013358
21.24702380953717
21.24404761906098
21.24107142858479
21.2380952381086
21.23511904763241
21.23214285715622
21.22916666668003
21.22619047620384
21.22321428572765
21.22023809525146
21.21726190477527
21.21428571429908
21.21130952382289
21.2083333333467
21.20535714287051
21.20238095239432
21.19940476191813
21.196428571441942
21.193452380965752
21.190476190489562
21.187500000013372
21.184523809537183
21.181547619060993
21.178571428584803
21.175595238108613
21.172619047632423
21.169642857156234
21.166666666680044
21.163690476203854
21.160714285727664
21.157738095251474
21.154761904775285
21.151785714299095
21.148809523822905
21.145833333346715
21.142857142870525
21.139880952394336
21.136904761918146
21.133928571441956
21.130952380965766
21.127976190489576
21.125000000013387
21.122023809537197
21.119047619061007
21.116071428584817
21.113095238108627
21.110119047632438
21.107142857156248
21.104166666680058
21.10119047620387
21.09821428572768
21.09523809525149
21.0922619047753
21.08928571429911
21.08630952382292
21.08333333334673
21.08035714287054
21.07738095239435
21.07440476191816
21.07142857144197
21.06845238096578
21.06547619048959
21.0625000000134
21.05952380953721
21.05654761906102
21.05357142858483
21.05059523810864
21.047619047632452
21.044642857156262
21.041666666680072
21.038690476203882
21.035714285727693
21.032738095251503
21.029761904775313
21.026785714299123
21.023809523822933
21.020833333346744
21.017857142870554
21.014880952394364
21.011904761918174
21.008928571441984
21.005952380965795
21.002976190489605
21.000000000013415
20.997023809537225
20.994047619061035
20.991071428584846
20.988095238108656
20.985119047632466
20.982142857156276
20.979166666680086
20.976190476203897
20.973214285727707
20.970238095251517
20.967261904775327
20.964285714299137
20.961309523822948
20.958333333346758
20.955357142870568
20.95238095239438
20.94940476191819
20.946428571442
20.94345238096581
20.94047619048962
20.93750000001343
20.93452380953724
20.93154761906105
20.92857142858486
20.92559523810867
20.92261904763248
20.91964285715629
20.9166666666801
20.91369047620391
20.91071428572772
20.90773809525153
20.90476190477534
20.90178571429915
20.898809523822962
20.895833333346772
20.892857142870582
20.889880952394392
20.886904761918203
20.883928571442013
20.880952380965823
20.877976190489633
20.875000000013443
20.872023809537254
20.869047619061064
20.866071428584874
20.863095238108684
20.860119047632494
20.857142857156305
20.854166666680115
20.851190476203925
20.848214285727735
20.845238095251545
20.842261904775356
20.839285714299166
20.836309523822976
20.833333333346786
20.830357142870596
20.827380952394407
20.824404761918217
20.821428571442027
20.818452380965837
20.815476190489647
20.812500000013458
20.809523809537268
20.806547619061078
20.80357142858489
20.8005952381087
20.79761904763251
20.79464285715632
20.79166666668013
20.78869047620394
20.78571428572775
20.78273809525156
20.77976190477537
20.77678571429918
20.77380952382299
20.7708333333468
20.76785714287061
20.76488095239442
20.76190476191823
20.75892857144204
20.75595238096585
20.75297619048966
20.750000000013472
20.747023809537282
20.744047619061092
20.741071428584902
20.738095238108713
20.735119047632523
20.732142857156333
20.729166666680143
20.726190476203953
20.723214285727764
20.720238095251574
20.717261904775384
20.714285714299194
20.711309523823004
20.708333333346815
20.705357142870625
20.702380952394435
20.699404761918245
20.696428571442055
20.693452380965866
20.690476190489676
20.687500000013486
20.684523809537296
20.681547619061107
20.678571428584917
20.675595238108727
20.672619047632537
20.669642857156347
20.666666666680158
20.663690476203968
20.660714285727778
20.657738095251588
20.6547619047754
20.65178571429921
20.64880952382302
20.64583333334683
20.64285714287064
20.63988095239445
20.63690476191826
20.63392857144207
20.63095238096588
20.62797619048969
20.6250000000135
20.62202380953731
20.61904761906112
20.61607142858493
20.61309523810874
20.61011904763255
20.60714285715636
20.60416666668017
20.601190476203982
20.598214285727792
20.595238095251602
20.592261904775413
20.589285714299223
20.586309523823033
20.583333333346843
20.580357142870653
20.577380952394464
20.574404761918274
20.571428571442084
20.568452380965894
20.565476190489704
20.562500000013515
20.559523809537325
20.556547619061135
20.553571428584945
20.550595238108755
20.547619047632566
20.544642857156376
20.541666666680186
20.538690476203996
20.535714285727806
20.532738095251617
20.529761904775427
20.526785714299237
20.523809523823047
20.520833333346857
20.517857142870668
20.514880952394478
20.511904761918288
20.508928571442098
20.50595238096591
20.50297619048972
20.50000000001353
20.49702380953734
20.49404761906115
20.49107142858496
20.48809523810877
20.48511904763258
20.48214285715639
20.4791666666802
20.47619047620401
20.47321428572782
20.47023809525163
20.46726190477544
20.46428571429925
20.46130952382306
20.45833333334687
20.45535714287068
20.452380952394492
20.449404761918302
20.446428571442112
20.443452380965923
20.440476190489733
20.437500000013543
20.434523809537353
20.431547619061163
20.428571428584974
20.425595238108784
20.422619047632594
20.419642857156404
20.416666666680214
20.413690476204025
20.410714285727835
20.407738095251645
20.404761904775455
20.401785714299265
20.398809523823076
20.395833333346886
20.392857142870696
20.389880952394506
20.386904761918316
20.383928571442127
20.380952380965937
20.377976190489747
20.375000000013557
20.372023809537367
20.369047619061178
20.366071428584988
20.363095238108798
20.360119047632608
20.35714285715642
20.35416666668023
20.35119047620404
20.34821428572785
20.34523809525166
20.34226190477547
20.33928571429928
20.33630952382309
20.3333333333469
20.33035714287071
20.32738095239452
20.32440476191833
20.32142857144214
20.31845238096595
20.31547619048976
20.31250000001357
20.30952380953738
20.30654761906119
20.303571428585002
20.300595238108812
20.297619047632622
20.294642857156433
20.291666666680243
20.288690476204053
20.285714285727863
20.282738095251673
20.279761904775484
20.276785714299294
20.273809523823104
20.270833333346914
20.267857142870724
20.264880952394535
20.261904761918345
20.258928571442155
20.255952380965965
20.252976190489775
20.250000000013586
20.247023809537396
20.244047619061206
20.241071428585016
20.238095238108826
20.235119047632637
20.232142857156447
20.229166666680257
20.226190476204067
20.223214285727877
20.220238095251688
20.217261904775498
20.214285714299308
20.211309523823118
20.20833333334693
20.20535714287074
20.20238095239455
20.19940476191836
20.19642857144217
20.19345238096598
20.19047619048979
20.1875000000136
20.18452380953741
20.18154761906122
20.17857142858503
20.17559523810884
20.17261904763265
20.16964285715646
20.16666666668027
20.16369047620408
20.16071428572789
20.157738095251702
20.154761904775512
20.151785714299322
20.148809523823132
20.145833333346943
20.142857142870753
20.139880952394563
20.136904761918373
20.133928571442183
20.130952380965994
20.127976190489804
20.125000000013614
20.122023809537424
20.119047619061234
20.116071428585045
20.113095238108855
20.110119047632665
20.107142857156475
20.104166666680285
20.101190476204096
20.098214285727906
20.095238095251716
20.092261904775526
20.089285714299336
20.086309523823147
20.083333333346957
20.080357142870767
20.077380952394577
20.074404761918387
20.071428571442198
20.068452380966008
20.065476190489818
20.062500000013628
20.05952380953744
20.05654761906125
20.05357142858506
20.05059523810887
20.04761904763268
20.04464285715649
20.0416666666803
20.03869047620411
20.03571428572792
20.03273809525173
20.02976190477554
20.02678571429935
20.02380952382316
20.02083333334697
20.01785714287078
20.01488095239459
20.0119047619184
20.008928571442212
20.005952380966022
20.002976190489832
20.000000000013642
19.997023809537453
19.994047619061263
19.991071428585073
19.988095238108883
19.985119047632693
19.982142857156504
19.979166666680314
19.976190476204124
19.973214285727934
19.970238095251744
19.967261904775555
19.964285714299365
19.961309523823175
19.958333333346985
19.955357142870795
19.952380952394606
19.949404761918416
19.946428571442226
19.943452380966036
19.940476190489846
19.937500000013657
19.934523809537467
19.931547619061277
19.928571428585087
19.925595238108897
19.922619047632708
19.919642857156518
19.916666666680328
19.91369047620414
19.91071428572795
19.90773809525176
19.90476190477557
19.90178571429938
19.89880952382319
19.895833333347
19.89285714287081
19.88988095239462
19.88690476191843
19.88392857144224
19.88095238096605
19.87797619048986
19.87500000001367
19.87202380953748
19.86904761906129
19.8660714285851
19.86309523810891
19.860119047632722
19.857142857156532
19.854166666680342
19.851190476204152
19.848214285727963
19.845238095251773
19.842261904775583
19.839285714299393
19.836309523823203
19.833333333347014
19.830357142870824
19.827380952394634
19.824404761918444
19.821428571442254
19.818452380966065
19.815476190489875
19.812500000013685
19.809523809537495
19.806547619061305
19.803571428585116
19.800595238108926
19.797619047632736
19.794642857156546
19.791666666680356
19.788690476204167
19.785714285727977
19.782738095251787
19.779761904775597
19.776785714299407
19.773809523823218
19.770833333347028
19.767857142870838
19.76488095239465
19.76190476191846
19.75892857144227
19.75595238096608
19.75297619048989
19.7500000000137
19.74702380953751
19.74404761906132
19.74107142858513
19.73809523810894
19.73511904763275
19.73214285715656
19.72916666668037
19.72619047620418
19.72321428572799
19.7202380952518
19.71726190477561
19.71428571429942
19.711309523823232
19.708333333347042
19.705357142870852
19.702380952394662
19.699404761918473
19.696428571442283
19.693452380966093
19.690476190489903
19.687500000013713
19.684523809537524
19.681547619061334
19.678571428585144
19.675595238108954
19.672619047632764
19.669642857156575
19.666666666680385
19.663690476204195
19.660714285728005
19.657738095251815
19.654761904775626
19.651785714299436
19.648809523823246
19.645833333347056
19.642857142870866
19.639880952394677
19.636904761918487
19.633928571442297
19.630952380966107
19.627976190489917
19.625000000013728
19.622023809537538
19.619047619061348
19.61607142858516
19.61309523810897
19.61011904763278
19.60714285715659
19.6041666666804
19.60119047620421
19.59821428572802
19.59523809525183
19.59226190477564
19.58928571429945
19.58630952382326
19.58333333334707
19.58035714287088
19.57738095239469
19.5744047619185
19.57142857144231
19.56845238096612
19.56547619048993
19.562500000013742
19.559523809537552
19.556547619061362
19.553571428585172
19.550595238108983
19.547619047632793
19.544642857156603
19.541666666680413
19.538690476204224
19.535714285728034
19.532738095251844
19.529761904775654
19.526785714299464
19.523809523823275
19.520833333347085
19.517857142870895
19.514880952394705
19.511904761918515
19.508928571442326
19.505952380966136
19.502976190489946
19.500000000013756
19.497023809537566
19.494047619061377
19.491071428585187
19.488095238108997
19.485119047632807
19.482142857156617
19.479166666680428
19.476190476204238
19.473214285728048
19.470238095251858
19.46726190477567
19.46428571429948
19.46130952382329
19.4583333333471
19.45535714287091
19.45238095239472
19.44940476191853
19.44642857144234
19.44345238096615
19.44047619048996
19.43750000001377
19.43452380953758
19.43154761906139
19.4285714285852
19.42559523810901
19.42261904763282
19.41964285715663
19.41666666668044
19.413690476204252
19.410714285728062
19.407738095251872
19.404761904775683
19.401785714299493
19.398809523823303
19.395833333347113
19.392857142870923
19.389880952394734
19.386904761918544
19.383928571442354
19.380952380966164
19.377976190489974
19.375000000013785
19.372023809537595
19.369047619061405
19.366071428585215
19.363095238109025
19.360119047632836
19.357142857156646
19.354166666680456
19.351190476204266
19.348214285728076
19.345238095251887
19.342261904775697
19.339285714299507
19.336309523823317
19.333333333347127
19.330357142870938
19.327380952394748
19.324404761918558
19.321428571442368
19.31845238096618
19.31547619048999
19.3125000000138
19.30952380953761
19.30654761906142
19.30357142858523
19.30059523810904
19.29761904763285
19.29464285715666
19.29166666668047
19.28869047620428
19.28571428572809
19.2827380952519
19.27976190477571
19.27678571429952
19.27380952382333
19.27083333334714
19.26785714287095
19.264880952394762
19.261904761918572
19.258928571442382
19.255952380966193
19.252976190490003
19.250000000013813
19.247023809537623
19.244047619061433
19.241071428585244
19.238095238109054
19.235119047632864
19.232142857156674
19.229166666680484
19.226190476204295
19.223214285728105
19.220238095251915
19.217261904775725
19.214285714299535
19.211309523823346
19.208333333347156
19.205357142870966
19.202380952394776
19.199404761918586
19.196428571442397
19.193452380966207
19.190476190490017
19.187500000013827
19.184523809537637
19.181547619061448
19.178571428585258
19.175595238109068
19.172619047632878
19.16964285715669
19.1666666666805
19.16369047620431
19.16071428572812
19.15773809525193
19.15476190477574
19.15178571429955
19.14880952382336
19.14583333334717
19.14285714287098
19.13988095239479
19.1369047619186
19.13392857144241
19.13095238096622
19.12797619049003
19.12500000001384
19.12202380953765
19.11904761906146
19.116071428585272
19.113095238109082
19.110119047632892
19.107142857156703
19.104166666680513
19.101190476204323
19.098214285728133
19.095238095251943
19.092261904775754
19.089285714299564
19.086309523823374
19.083333333347184
19.080357142870994
19.077380952394805
19.074404761918615
19.071428571442425
19.068452380966235
19.065476190490045
19.062500000013856
19.059523809537666
19.056547619061476
19.053571428585286
19.050595238109096
19.047619047632907
19.044642857156717
19.041666666680527
19.038690476204337
19.035714285728147
19.032738095251958
19.029761904775768
19.026785714299578
19.023809523823388
19.0208333333472
19.01785714287101
19.01488095239482
19.01190476191863
19.00892857144244
19.00595238096625
19.00297619049006
19.00000000001387
18.99702380953768
18.99404761906149
18.9910714285853
18.98809523810911
18.98511904763292
18.98214285715673
18.97916666668054
18.97619047620435
18.97321428572816
18.970238095251972
18.967261904775782
18.964285714299592
18.961309523823402
18.958333333347213
18.955357142871023
18.952380952394833
18.949404761918643
18.946428571442453
18.943452380966264
18.940476190490074
18.937500000013884
18.934523809537694
18.931547619061504
18.928571428585315
18.925595238109125
18.922619047632935
18.919642857156745
18.916666666680555
18.913690476204366
18.910714285728176
18.907738095251986
18.904761904775796
18.901785714299606
18.898809523823417
18.895833333347227
18.892857142871037
18.889880952394847
18.886904761918657
18.883928571442468
18.880952380966278
18.877976190490088
18.875000000013898
18.87202380953771
18.86904761906152
18.86607142858533
18.86309523810914
18.86011904763295
18.85714285715676
18.85416666668057
18.85119047620438
18.84821428572819
18.845238095252
18.84226190477581
18.83928571429962
18.83630952382343
18.83333333334724
18.83035714287105
18.82738095239486
18.82440476191867
18.821428571442482
18.818452380966292
18.815476190490102
18.812500000013912
18.809523809537723
18.806547619061533
18.803571428585343
18.800595238109153
18.797619047632963
18.794642857156774
18.791666666680584
18.788690476204394
18.785714285728204
18.782738095252014
18.779761904775825
18.776785714299635
18.773809523823445
18.770833333347255
18.767857142871065
18.764880952394876
18.761904761918686
18.758928571442496
18.755952380966306
18.752976190490116
18.750000000013927
18.747023809537737
18.744047619061547
18.741071428585357
18.738095238109167
18.735119047632978
18.732142857156788
18.729166666680598
18.72619047620441
18.72321428572822
18.72023809525203
18.71726190477584
18.71428571429965
18.71130952382346
18.70833333334727
18.70535714287108
18.70238095239489
18.6994047619187
18.69642857144251
18.69345238096632
18.69047619049013
18.68750000001394
18.68452380953775
18.68154761906156
18.67857142858537
18.67559523810918
18.672619047632992
18.669642857156802
18.666666666680612
18.663690476204422
18.660714285728233
18.657738095252043
18.654761904775853
18.651785714299663
18.648809523823473
18.645833333347284
18.642857142871094
18.639880952394904
18.636904761918714
18.633928571442524
18.630952380966335
18.627976190490145
18.625000000013955
18.622023809537765
18.619047619061575
18.616071428585386
18.613095238109196
18.610119047633006
18.607142857156816
18.604166666680626
18.601190476204437
18.598214285728247
18.595238095252057
18.592261904775867
18.589285714299677
18.586309523823488
18.583333333347298
18.580357142871108
18.57738095239492
18.57440476191873
18.57142857144254
18.56845238096635
18.56547619049016
18.56250000001397
18.55952380953778
18.55654761906159
18.5535714285854
18.55059523810921
18.54761904763302
18.54464285715683
18.54166666668064
18.53869047620445
18.53571428572826
18.53273809525207
18.52976190477588
18.52678571429969
18.523809523823502
18.520833333347312
18.517857142871122
18.514880952394932
18.511904761918743
18.508928571442553
18.505952380966363
18.502976190490173
18.500000000013983
18.497023809537794
18.494047619061604
18.491071428585414
18.488095238109224
18.485119047633034
18.482142857156845
18.479166666680655
18.476190476204465
18.473214285728275
18.470238095252085
18.467261904775896
18.464285714299706
18.461309523823516
18.458333333347326
18.455357142871136
18.452380952394947
18.449404761918757
18.446428571442567
18.443452380966377
18.440476190490187
18.437500000013998
18.434523809537808
18.431547619061618
18.42857142858543
18.42559523810924
18.42261904763305
18.41964285715686
18.41666666668067
18.41369047620448
18.41071428572829
18.4077380952521
18.40476190477591
18.40178571429972
18.39880952382353
18.39583333334734
18.39285714287115
18.38988095239496
18.38690476191877
18.38392857144258
18.38095238096639
18.3779761904902
18.375000000014012
18.372023809537822
18.369047619061632
18.366071428585443
18.363095238109253
18.360119047633063
18.357142857156873
18.354166666680683
18.351190476204494
18.348214285728304
18.345238095252114
18.342261904775924
18.339285714299734
18.336309523823545
18.333333333347355
18.330357142871165
18.327380952394975
18.324404761918785
18.321428571442596
18.318452380966406
18.315476190490216
18.312500000014026
18.309523809537836
18.306547619061647
18.303571428585457
18.300595238109267
18.297619047633077
18.294642857156887
18.291666666680698
18.288690476204508
18.285714285728318
18.282738095252128
18.27976190477594
18.27678571429975
18.27380952382356
18.27083333334737
18.26785714287118
18.26488095239499
18.2619047619188
18.25892857144261
18.25595238096642
18.25297619049023
18.25000000001404
18.24702380953785
18.24404761906166
18.24107142858547
18.23809523810928
18.23511904763309
18.2321428571569
18.22916666668071
18.226190476204522
18.223214285728332
18.220238095252142
18.217261904775953
18.214285714299763
18.211309523823573
18.208333333347383
18.205357142871193
18.202380952395004
18.199404761918814
18.196428571442624
18.193452380966434
18.190476190490244
18.187500000014055
18.184523809537865
18.181547619061675
18.178571428585485
18.175595238109295
18.172619047633106
18.169642857156916
18.166666666680726
18.163690476204536
18.160714285728346
18.157738095252157
18.154761904775967
18.151785714299777
18.148809523823587
18.145833333347397
18.142857142871208
18.139880952395018
18.136904761918828
18.133928571442638
18.13095238096645
18.12797619049026
18.12500000001407
18.12202380953788
18.11904761906169
18.1160714285855
18.11309523810931
18.11011904763312
18.10714285715693
18.10416666668074
18.10119047620455
18.09821428572836
18.09523809525217
18.09226190477598
18.08928571429979
18.0863095238236
18.08333333334741
18.08035714287122
18.077380952395032
18.074404761918842
18.071428571442652
18.068452380966463
18.065476190490273
18.062500000014083
18.059523809537893
18.056547619061703
18.053571428585514
18.050595238109324
18.047619047633134
18.044642857156944
18.041666666680754
18.038690476204565
18.035714285728375
18.032738095252185
18.029761904775995
18.026785714299805
18.023809523823616
18.020833333347426
18.017857142871236
18.014880952395046
18.011904761918856
18.008928571442667
18.005952380966477
18.002976190490287
18.000000000014097
17.997023809537907
17.994047619061718
17.991071428585528
17.988095238109338
17.985119047633148
17.98214285715696
17.97916666668077
17.97619047620458
17.97321428572839
17.9702380952522
17.96726190477601
17.96428571429982
17.96130952382363
17.95833333334744
17.95535714287125
17.95238095239506
17.94940476191887
17.94642857144268
17.94345238096649
17.9404761904903
17.93750000001411
17.93452380953792
17.931547619061732
17.928571428585542
17.925595238109352
17.922619047633162
17.919642857156973
17.916666666680783
17.913690476204593
17.910714285728403
17.907738095252213
17.904761904776024
17.901785714299834
17.898809523823644
17.895833333347454
17.892857142871264
17.889880952395075
17.886904761918885
17.883928571442695
17.880952380966505
17.877976190490315
17.875000000014126
17.872023809537936
17.869047619061746
17.866071428585556
17.863095238109366
17.860119047633177
17.857142857156987
17.854166666680797
17.851190476204607
17.848214285728417
17.845238095252228
17.842261904776038
17.839285714299848
17.836309523823658
17.83333333334747
17.83035714287128
17.82738095239509
17.8244047619189
17.82142857144271
17.81845238096652
17.81547619049033
17.81250000001414
17.80952380953795
17.80654761906176
17.80357142858557
17.80059523810938
17.79761904763319
17.794642857157
17.79166666668081
17.78869047620462
17.78571428572843
17.782738095252242
17.779761904776052
17.776785714299862
17.773809523823672
17.770833333347483
17.767857142871293
17.764880952395103
17.761904761918913
17.758928571442723
17.755952380966534
17.752976190490344
17.750000000014154
17.747023809537964
17.744047619061774
17.741071428585585
17.738095238109395
17.735119047633205
17.732142857157015
17.729166666680825
17.726190476204636
17.723214285728446
17.720238095252256
17.717261904776066
17.714285714299876
17.711309523823687
17.708333333347497
17.705357142871307
17.702380952395117
17.699404761918927
17.696428571442738
17.693452380966548
17.690476190490358
17.687500000014168
17.68452380953798
17.68154761906179
17.6785714285856
17.67559523810941
17.67261904763322
17.66964285715703
17.66666666668084
17.66369047620465
17.66071428572846
17.65773809525227
17.65476190477608
17.65178571429989
17.6488095238237
17.64583333334751
17.64285714287132
17.63988095239513
17.63690476191894
17.633928571442752
17.630952380966562
17.627976190490372
17.625000000014182
17.622023809537993
17.619047619061803
17.616071428585613
17.613095238109423
17.610119047633233
17.607142857157044
17.604166666680854
17.601190476204664
17.598214285728474
17.595238095252284
17.592261904776095
17.589285714299905
17.586309523823715
17.583333333347525
17.580357142871335
17.577380952395146
17.574404761918956
17.571428571442766
17.568452380966576
17.565476190490386
17.562500000014197
17.559523809538007
17.556547619061817
17.553571428585627
17.550595238109437
17.547619047633248
17.544642857157058
17.541666666680868
17.53869047620468
17.53571428572849
17.5327380952523
17.52976190477611
17.52678571429992
17.52380952382373
17.52083333334754
17.51785714287135
17.51488095239516
17.51190476191897
17.50892857144278
17.50595238096659
17.5029761904904
17.50000000001421
17.49702380953802
17.49404761906183
17.49107142858564
17.48809523810945
17.485119047633262
17.482142857157072
17.479166666680882
17.476190476204692
17.473214285728503
17.470238095252313
17.467261904776123
17.464285714299933
17.461309523823743
17.458333333347554
17.455357142871364
17.452380952395174
17.449404761918984
17.446428571442794
17.443452380966605
17.440476190490415
17.437500000014225
17.434523809538035
17.431547619061845
17.428571428585656
17.425595238109466
17.422619047633276
17.419642857157086
17.416666666680896
17.413690476204707
17.410714285728517
17.407738095252327
17.404761904776137
17.401785714299947
17.398809523823758
17.395833333347568
17.392857142871378
17.38988095239519
17.386904761919
17.38392857144281
17.38095238096662
17.37797619049043
17.37500000001424
17.37202380953805
17.36904761906186
17.36607142858567
17.36309523810948
17.36011904763329
17.3571428571571
17.35416666668091
17.35119047620472
17.34821428572853
17.34523809525234
17.34226190477615
17.33928571429996
17.336309523823772
17.333333333347582
17.330357142871392
17.327380952395202
17.324404761919013
17.321428571442823
17.318452380966633
17.315476190490443
17.312500000014253
17.309523809538064
17.306547619061874
17.303571428585684
17.300595238109494
17.297619047633304
17.294642857157115
17.291666666680925
17.288690476204735
17.285714285728545
17.282738095252355
17.279761904776166
17.276785714299976
17.273809523823786
17.270833333347596
17.267857142871406
17.264880952395217
17.261904761919027
17.258928571442837
17.255952380966647
17.252976190490457
17.250000000014268
17.247023809538078
17.244047619061888
17.2410714285857
17.23809523810951
17.23511904763332
17.23214285715713
17.22916666668094
17.22619047620475
17.22321428572856
17.22023809525237
17.21726190477618
17.21428571429999
17.2113095238238
17.20833333334761
17.20535714287142
17.20238095239523
17.19940476191904
17.19642857144285
17.19345238096666
17.19047619049047
17.187500000014282
17.184523809538092
17.181547619061902
17.178571428585713
17.175595238109523
17.172619047633333
17.169642857157143
17.166666666680953
17.163690476204764
17.160714285728574
17.157738095252384
17.154761904776194
17.151785714300004
17.148809523823815
17.145833333347625
17.142857142871435
17.139880952395245
17.136904761919055
17.133928571442866
17.130952380966676
17.127976190490486
17.125000000014296
17.122023809538106
17.119047619061917
17.116071428585727
17.113095238109537
17.110119047633347
17.107142857157157
17.104166666680968
17.101190476204778
17.098214285728588
17.095238095252398
17.09226190477621
17.08928571430002
17.08630952382383
17.08333333334764
17.08035714287145
17.07738095239526
17.07440476191907
17.07142857144288
17.06845238096669
17.0654761904905
17.06250000001431
17.05952380953812
17.05654761906193
17.05357142858574
17.05059523810955
17.04761904763336
17.04464285715717
17.04166666668098
17.038690476204792
17.035714285728602
17.032738095252412
17.029761904776223
17.026785714300033
17.023809523823843
17.020833333347653
17.017857142871463
17.014880952395274
17.011904761919084
17.008928571442894
17.005952380966704
17.002976190490514
17.000000000014325
16.997023809538135
16.994047619061945
16.991071428585755
16.988095238109565
16.985119047633376
16.982142857157186
16.979166666680996
16.976190476204806
16.973214285728616
16.970238095252427
16.967261904776237
16.964285714300047
16.961309523823857
16.958333333347667
16.955357142871478
16.952380952395288
16.949404761919098
16.946428571442908
16.94345238096672
16.94047619049053
16.93750000001434
16.93452380953815
16.93154761906196
16.92857142858577
16.92559523810958
16.92261904763339
16.9196428571572
16.91666666668101
16.91369047620482
16.91071428572863
16.90773809525244
16.90476190477625
16.90178571430006
16.89880952382387
16.89583333334768
16.89285714287149
16.889880952395302
16.886904761919112
16.883928571442922
16.880952380966733
16.877976190490543
16.875000000014353
16.872023809538163
16.869047619061973
16.866071428585784
16.863095238109594
16.860119047633404
16.857142857157214
16.854166666681024
16.851190476204835
16.848214285728645
16.845238095252455
16.842261904776265
16.839285714300075
16.836309523823886
16.833333333347696
16.830357142871506
16.827380952395316
16.824404761919126
16.821428571442937
16.818452380966747
16.815476190490557
16.812500000014367
16.809523809538177
16.806547619061988
16.803571428585798
16.800595238109608
16.797619047633418
16.79464285715723
16.79166666668104
16.78869047620485
16.78571428572866
16.78273809525247
16.77976190477628
16.77678571430009
16.7738095238239
16.77083333334771
16.76785714287152
16.76488095239533
16.76190476191914
16.75892857144295
16.75595238096676
16.75297619049057
16.75000000001438
16.74702380953819
16.744047619062002
16.741071428585812
16.738095238109622
16.735119047633432
16.732142857157243
16.729166666681053
16.726190476204863
16.723214285728673
16.720238095252483
16.717261904776294
16.714285714300104
16.711309523823914
16.708333333347724
16.705357142871534
16.702380952395345
16.699404761919155
16.696428571442965
16.693452380966775
16.690476190490585
16.687500000014396
16.684523809538206
16.681547619062016
16.678571428585826
16.675595238109636
16.672619047633447
16.669642857157257
16.666666666681067
16.663690476204877
16.660714285728687
16.657738095252498
16.654761904776308
16.651785714300118
16.648809523823928
16.64583333334774
16.64285714287155
16.63988095239536
16.63690476191917
16.63392857144298
16.63095238096679
16.6279761904906
16.62500000001441
16.62202380953822
16.61904761906203
16.61607142858584
16.61309523810965
16.61011904763346
16.60714285715727
16.60416666668108
16.60119047620489
16.5982142857287
16.595238095252512
16.592261904776322
16.589285714300132
16.586309523823942
16.583333333347753
16.580357142871563
16.577380952395373
16.574404761919183
16.571428571442993
16.568452380966804
16.565476190490614
16.562500000014424
16.559523809538234
16.556547619062044
16.553571428585855
16.550595238109665
16.547619047633475
16.544642857157285
16.541666666681095
16.538690476204906
16.535714285728716
16.532738095252526
16.529761904776336
16.526785714300146
16.523809523823957
16.520833333347767
16.517857142871577
16.514880952395387
16.511904761919197
16.508928571443008
16.505952380966818
16.502976190490628
16.50000000001444
16.49702380953825
16.49404761906206
16.49107142858587
16.48809523810968
16.48511904763349
16.4821428571573
16.47916666668111
16.47619047620492
16.47321428572873
16.47023809525254
16.46726190477635
16.46428571430016
16.46130952382397
16.45833333334778
16.45535714287159
16.4523809523954
16.44940476191921
16.446428571443022
16.443452380966832
16.440476190490642
16.437500000014452
16.434523809538263
16.431547619062073
16.428571428585883
16.425595238109693
16.422619047633503
16.419642857157314
16.416666666681124
16.413690476204934
16.410714285728744
16.407738095252554
16.404761904776365
16.401785714300175
16.398809523823985
16.395833333347795
16.392857142871605
16.389880952395416
16.386904761919226
16.383928571443036
16.380952380966846
16.377976190490656
16.375000000014467
16.372023809538277
16.369047619062087
16.366071428585897
16.363095238109707
16.360119047633518
16.357142857157328
16.354166666681138
16.35119047620495
16.34821428572876
16.34523809525257
16.34226190477638
16.33928571430019
16.336309523824
16.33333333334781
16.33035714287162
16.32738095239543
16.32440476191924
16.32142857144305
16.31845238096686
16.31547619049067
16.31250000001448
16.30952380953829
16.3065476190621
16.30357142858591
16.30059523810972
16.297619047633532
16.294642857157342
16.291666666681152
16.288690476204962
16.285714285728773
16.282738095252583
16.279761904776393
16.276785714300203
16.273809523824013
16.270833333347824
16.267857142871634
16.264880952395444
16.261904761919254
16.258928571443064
16.255952380966875
16.252976190490685
16.250000000014495
16.247023809538305
16.244047619062115
16.241071428585926
16.238095238109736
16.235119047633546
16.232142857157356
16.229166666681166
16.226190476204977
16.223214285728787
16.220238095252597
16.217261904776407
16.214285714300217
16.211309523824028
16.208333333347838
16.205357142871648
16.20238095239546
16.19940476191927
16.19642857144308
16.19345238096689
16.1904761904907
16.18750000001451
16.18452380953832
16.18154761906213
16.17857142858594
16.17559523810975
16.17261904763356
16.16964285715737
16.16666666668118
16.16369047620499
16.1607142857288
16.15773809525261
16.15476190477642
16.15178571430023
16.148809523824042
16.145833333347852
16.142857142871662
16.139880952395472
16.136904761919283
16.133928571443093
16.130952380966903
16.127976190490713
16.125000000014523
16.122023809538334
16.119047619062144
16.116071428585954
16.113095238109764
16.110119047633574
16.107142857157385
16.104166666681195
16.101190476205005
16.098214285728815
16.095238095252625
16.092261904776436
16.089285714300246
16.086309523824056
16.083333333347866
16.080357142871677
16.077380952395487
16.074404761919297
16.071428571443107
16.068452380966917
16.065476190490728
16.062500000014538
16.059523809538348
16.056547619062158
16.05357142858597
16.05059523810978
16.04761904763359
16.0446428571574
16.04166666668121
16.03869047620502
16.03571428572883
16.03273809525264
16.02976190477645
16.02678571430026
16.02380952382407
16.02083333334788
16.01785714287169
16.0148809523955
16.01190476191931
16.00892857144312
16.00595238096693
16.00297619049074
16.000000000014552
15.997023809538362
15.994047619062172
15.991071428585983
15.988095238109793
15.985119047633603
15.982142857157413
15.979166666681223
15.976190476205034
15.973214285728844
15.970238095252654
15.967261904776464
15.964285714300274
15.961309523824085
15.958333333347895
15.955357142871705
15.952380952395515
15.949404761919325
15.946428571443136
15.943452380966946
15.940476190490756
15.937500000014566
15.934523809538376
15.931547619062187
15.928571428585997
15.925595238109807
15.922619047633617
15.919642857157427
15.916666666681238
15.913690476205048
15.910714285728858
15.907738095252668
15.904761904776478
15.901785714300289
15.898809523824099
15.895833333347909
15.89285714287172
15.88988095239553
15.88690476191934
15.88392857144315
15.88095238096696
15.87797619049077
15.87500000001458
15.87202380953839
15.8690476190622
15.866071428586011
15.863095238109821
15.860119047633631
15.857142857157442
15.854166666681252
15.851190476205062
15.848214285728872
15.845238095252682
15.842261904776493
15.839285714300303
15.836309523824113
15.833333333347923
15.830357142871733
15.827380952395544
15.824404761919354
15.821428571443164
15.818452380966974
15.815476190490784
15.812500000014595
15.809523809538405
15.806547619062215
15.803571428586025
15.800595238109835
15.797619047633646
15.794642857157456
15.791666666681266
15.788690476205076
15.785714285728886
15.782738095252697
15.779761904776507
15.776785714300317
15.773809523824127
15.770833333347937
15.767857142871748
15.764880952395558
15.761904761919368
15.758928571443178
15.755952380966988
15.752976190490799
15.750000000014609
15.747023809538419
15.74404761906223
15.74107142858604
15.73809523810985
15.73511904763366
15.73214285715747
15.72916666668128
15.72619047620509
15.7232142857289
15.72023809525271
15.717261904776521
15.714285714300331
15.711309523824141
15.708333333347952
15.705357142871762
15.702380952395572
15.699404761919382
15.696428571443192
15.693452380967003
15.690476190490813
15.687500000014623
15.684523809538433
15.681547619062243
15.678571428586054
15.675595238109864
15.672619047633674
15.669642857157484
15.666666666681294
15.663690476205105
15.660714285728915
15.657738095252725
15.654761904776535
15.651785714300345
15.648809523824156
15.645833333347966
15.642857142871776
15.639880952395586
15.636904761919396
15.633928571443207
15.630952380967017
15.627976190490827
15.625000000014637
15.622023809538447
15.619047619062258
15.616071428586068
15.613095238109878
15.610119047633688
15.607142857157498
15.604166666681309
15.601190476205119
15.598214285728929
15.59523809525274
15.59226190477655
15.58928571430036
15.58630952382417
15.58333333334798
15.58035714287179
15.5773809523956
15.57440476191941
15.57142857144322
15.568452380967031
15.565476190490841
15.562500000014651
15.559523809538462
15.556547619062272
15.553571428586082
15.550595238109892
15.547619047633702
15.544642857157513
15.541666666681323
15.538690476205133
15.535714285728943
15.532738095252753
15.529761904776564
15.526785714300374
15.523809523824184
15.520833333347994
15.517857142871804
15.514880952395615
15.511904761919425
15.508928571443235
15.505952380967045
15.502976190490855
15.500000000014666
15.497023809538476
15.494047619062286
15.491071428586096
15.488095238109906
15.485119047633717
15.482142857157527
15.479166666681337
15.476190476205147
15.473214285728957
15.470238095252768
15.467261904776578
15.464285714300388
15.461309523824198
15.458333333348008
15.455357142871819
15.452380952395629
15.449404761919439
15.44642857144325
15.44345238096706
15.44047619049087
15.43750000001468
15.43452380953849
15.4315476190623
15.42857142858611
15.42559523810992
15.42261904763373
15.419642857157541
15.416666666681351
15.413690476205161
15.410714285728972
15.407738095252782
15.404761904776592
15.401785714300402
15.398809523824212
15.395833333348023
15.392857142871833
15.389880952395643
15.386904761919453
15.383928571443263
15.380952380967074
15.377976190490884
15.375000000014694
15.372023809538504
15.369047619062314
15.366071428586125
15.363095238109935
15.360119047633745
15.357142857157555
15.354166666681365
15.351190476205176
15.348214285728986
15.345238095252796
15.342261904776606
15.339285714300416
15.336309523824227
15.333333333348037
15.330357142871847
15.327380952395657
15.324404761919467
15.321428571443278
15.318452380967088
15.315476190490898
15.312500000014708
15.309523809538518
15.306547619062329
15.303571428586139
15.300595238109949
15.29761904763376
15.29464285715757
15.29166666668138
15.28869047620519
15.285714285729
15.28273809525281
15.27976190477662
15.27678571430043
15.27380952382424
15.270833333348051
15.267857142871861
15.264880952395671
15.261904761919482
15.258928571443292
15.255952380967102
15.252976190490912
15.250000000014722
15.247023809538533
15.244047619062343
15.241071428586153
15.238095238109963
15.235119047633773
15.232142857157584
15.229166666681394
15.226190476205204
15.223214285729014
15.220238095252824
15.217261904776635
15.214285714300445
15.211309523824255
15.208333333348065
15.205357142871875
15.202380952395686
15.199404761919496
15.196428571443306
15.193452380967116
15.190476190490926
15.187500000014737
15.184523809538547
15.181547619062357
15.178571428586167
15.175595238109977
15.172619047633788
15.169642857157598
15.166666666681408
15.163690476205218
15.160714285729028
15.157738095252839
15.154761904776649
15.151785714300459
15.14880952382427
15.14583333334808
15.14285714287189
15.1398809523957
15.13690476191951
15.13392857144332
15.13095238096713
15.12797619049094
15.12500000001475
15.122023809538561
15.119047619062371
15.116071428586181
15.113095238109992
15.110119047633802
15.107142857157612
15.104166666681422
15.101190476205232
15.098214285729043
15.095238095252853
15.092261904776663
15.089285714300473
15.086309523824283
15.083333333348094
15.080357142871904
15.077380952395714
15.074404761919524
15.071428571443334
15.068452380967145
15.065476190490955
15.062500000014765
15.059523809538575
15.056547619062385
15.053571428586196
15.050595238110006
15.047619047633816
15.044642857157626
15.041666666681436
15.038690476205247
15.035714285729057
15.032738095252867
15.029761904776677
15.026785714300487
15.023809523824298
15.020833333348108
15.017857142871918
15.014880952395728
15.011904761919538
15.008928571443349
15.005952380967159
15.002976190490969
15.00000000001478
14.99702380953859
14.9940476190624
14.99107142858621
14.98809523811002
14.98511904763383
14.98214285715764
14.97916666668145
14.976190476205261
14.973214285729071
14.970238095252881
14.967261904776691
14.964285714300502
14.961309523824312
14.958333333348122
14.955357142871932
14.952380952395742
14.949404761919553
14.946428571443363
14.943452380967173
14.940476190490983
14.937500000014793
14.934523809538604
14.931547619062414
14.928571428586224
14.925595238110034
14.922619047633845
14.919642857157655
14.916666666681465
14.913690476205275
14.910714285729085
14.907738095252896
14.904761904776706
14.901785714300516
14.898809523824326
14.895833333348136
14.892857142871947
14.889880952395757
14.886904761919567
14.883928571443377
14.880952380967187
14.877976190490998
14.875000000014808
14.872023809538618
14.869047619062428
14.866071428586238
14.863095238110049
14.860119047633859
14.857142857157669
14.85416666668148
14.85119047620529
14.8482142857291
14.84523809525291
14.84226190477672
14.83928571430053
14.83630952382434
14.83333333334815
14.83035714287196
14.827380952395771
14.824404761919581
14.821428571443391
14.818452380967202
14.815476190491012
14.812500000014822
14.809523809538632
14.806547619062442
14.803571428586253
14.800595238110063
14.797619047633873
14.794642857157683
14.791666666681493
14.788690476205304
14.785714285729114
14.782738095252924
14.779761904776734
14.776785714300544
14.773809523824355
14.770833333348165
14.767857142871975
14.764880952395785
14.761904761919595
14.758928571443406
14.755952380967216
14.752976190491026
14.750000000014836
14.747023809538646
14.744047619062457
14.741071428586267
14.738095238110077
14.735119047633887
14.732142857157697
14.729166666681508
14.726190476205318
14.723214285729128
14.720238095252938
14.717261904776748
14.714285714300559
14.711309523824369
14.708333333348179
14.70535714287199
14.7023809523958
14.69940476191961
14.69642857144342
14.69345238096723
14.69047619049104
14.68750000001485
14.68452380953866
14.68154761906247
14.678571428586281
14.675595238110091
14.672619047633901
14.669642857157712
14.666666666681522
14.663690476205332
14.660714285729142
14.657738095252952
14.654761904776763
14.651785714300573
14.648809523824383
14.645833333348193
14.642857142872003
14.639880952395814
14.636904761919624
14.633928571443434
14.630952380967244
14.627976190491054
14.625000000014865
14.622023809538675
14.619047619062485
14.616071428586295
14.613095238110105
14.610119047633916
14.607142857157726
14.604166666681536
14.601190476205346
14.598214285729156
14.595238095252967
14.592261904776777
14.589285714300587
14.586309523824397
14.583333333348207
14.580357142872018
14.577380952395828
14.574404761919638
14.571428571443448
14.568452380967258
14.565476190491069
14.562500000014879
14.559523809538689
14.5565476190625
14.55357142858631
14.55059523811012
14.54761904763393
14.54464285715774
14.54166666668155
14.53869047620536
14.53571428572917
14.53273809525298
14.529761904776791
14.526785714300601
14.523809523824411
14.520833333348222
14.517857142872032
14.514880952395842
14.511904761919652
14.508928571443462
14.505952380967273
14.502976190491083
14.500000000014893
14.497023809538703
14.494047619062513
14.491071428586324
14.488095238110134
14.485119047633944
14.482142857157754
14.479166666681564
14.476190476205375
14.473214285729185
14.470238095252995
14.467261904776805
14.464285714300615
14.461309523824426
14.458333333348236
14.455357142872046
14.452380952395856
14.449404761919666
14.446428571443477
14.443452380967287
14.440476190491097
14.437500000014907
14.434523809538717
14.431547619062528
14.428571428586338
14.425595238110148
14.422619047633958
14.419642857157768
14.416666666681579
14.413690476205389
14.410714285729199
14.40773809525301
14.40476190477682
14.40178571430063
14.39880952382444
14.39583333334825
14.39285714287206
14.38988095239587
14.38690476191968
14.38392857144349
14.380952380967301
14.377976190491111
14.375000000014921
14.372023809538732
14.369047619062542
14.366071428586352
14.363095238110162
14.360119047633972
14.357142857157783
14.354166666681593
14.351190476205403
14.348214285729213
14.345238095253023
14.342261904776834
14.339285714300644
14.336309523824454
14.333333333348264
14.330357142872074
14.327380952395885
14.324404761919695
14.321428571443505
14.318452380967315
14.315476190491125
14.312500000014936
14.309523809538746
14.306547619062556
14.303571428586366
14.300595238110176
14.297619047633987
14.294642857157797
14.291666666681607
14.288690476205417
14.285714285729227
14.282738095253038
14.279761904776848
14.276785714300658
14.273809523824468
14.270833333348278
14.267857142872089
14.264880952395899
14.261904761919709
14.25892857144352
14.25595238096733
14.25297619049114
14.25000000001495
14.24702380953876
14.24404761906257
14.24107142858638
14.23809523811019
14.235119047634
14.232142857157811
14.229166666681621
14.226190476205431
14.223214285729242
14.220238095253052
14.217261904776862
14.214285714300672
14.211309523824482
14.208333333348293
14.205357142872103
14.202380952395913
14.199404761919723
14.196428571443533
14.193452380967344
14.190476190491154
14.187500000014964
14.184523809538774
14.181547619062584
14.178571428586395
14.175595238110205
14.172619047634015
14.169642857157825
14.166666666681635
14.163690476205446
14.160714285729256
14.157738095253066
14.154761904776876
14.151785714300686
14.148809523824497
14.145833333348307
14.142857142872117
14.139880952395927
14.136904761919737
14.133928571443548
14.130952380967358
14.127976190491168
14.125000000014978
14.122023809538788
14.119047619062599
14.116071428586409
14.113095238110219
14.11011904763403
14.10714285715784
14.10416666668165
14.10119047620546
14.09821428572927
14.09523809525308
14.09226190477689
14.0892857143007
14.08630952382451
14.083333333348321
14.080357142872131
14.077380952395941
14.074404761919752
14.071428571443562
14.068452380967372
14.065476190491182
14.062500000014992
14.059523809538803
14.056547619062613
14.053571428586423
14.050595238110233
14.047619047634043
14.044642857157854
14.041666666681664
14.038690476205474
14.035714285729284
14.032738095253094
14.029761904776905
14.026785714300715
14.023809523824525
14.020833333348335
14.017857142872145
14.014880952395956
14.011904761919766
14.008928571443576
14.005952380967386
14.002976190491196
14.000000000015007
13.997023809538817
13.994047619062627
13.991071428586437
13.988095238110247
13.985119047634058
13.982142857157868
13.979166666681678
13.976190476205488
13.973214285729298
13.970238095253109
13.967261904776919
13.964285714300729
13.96130952382454
13.95833333334835
13.95535714287216
13.95238095239597
13.94940476191978
13.94642857144359
13.9434523809674
13.94047619049121
13.93750000001502
13.934523809538831
13.931547619062641
13.928571428586451
13.925595238110262
13.922619047634072
13.919642857157882
13.916666666681692
13.913690476205502
13.910714285729313
13.907738095253123
13.904761904776933
13.901785714300743
13.898809523824553
13.895833333348364
13.892857142872174
13.889880952395984
13.886904761919794
13.883928571443604
13.880952380967415
13.877976190491225
13.875000000015035
13.872023809538845
13.869047619062655
13.866071428586466
13.863095238110276
13.860119047634086
13.857142857157896
13.854166666681706
13.851190476205517
13.848214285729327
13.845238095253137
13.842261904776947
13.839285714300757
13.836309523824568
13.833333333348378
13.830357142872188
13.827380952395998
13.824404761919808
13.821428571443619
13.818452380967429
13.815476190491239
13.81250000001505
13.80952380953886
13.80654761906267
13.80357142858648
13.80059523811029
13.7976190476341
13.79464285715791
13.79166666668172
13.788690476205531
13.785714285729341
13.782738095253151
13.779761904776962
13.776785714300772
13.773809523824582
13.770833333348392
13.767857142872202
13.764880952396013
13.761904761919823
13.758928571443633
13.755952380967443
13.752976190491253
13.750000000015064
13.747023809538874
13.744047619062684
13.741071428586494
13.738095238110304
13.735119047634115
13.732142857157925
13.729166666681735
13.726190476205545
13.723214285729355
13.720238095253166
13.717261904776976
13.714285714300786
13.711309523824596
13.708333333348406
13.705357142872217
13.702380952396027
13.699404761919837
13.696428571443647
13.693452380967457
13.690476190491268
13.687500000015078
13.684523809538888
13.681547619062698
13.678571428586508
13.675595238110319
13.672619047634129
13.669642857157939
13.66666666668175
13.66369047620556
13.66071428572937
13.65773809525318
13.65476190477699
13.6517857143008
13.64880952382461
13.64583333334842
13.64285714287223
13.639880952396041
13.636904761919851
13.633928571443661
13.630952380967472
13.627976190491282
13.625000000015092
13.622023809538902
13.619047619062712
13.616071428586523
13.613095238110333
13.610119047634143
13.607142857157953
13.604166666681763
13.601190476205574
13.598214285729384
13.595238095253194
13.592261904777004
13.589285714300814
13.586309523824625
13.583333333348435
13.580357142872245
13.577380952396055
13.574404761919865
13.571428571443676
13.568452380967486
13.565476190491296
13.562500000015106
13.559523809538916
13.556547619062727
13.553571428586537
13.550595238110347
13.547619047634157
13.544642857157967
13.541666666681778
13.538690476205588
13.535714285729398
13.532738095253208
13.529761904777018
13.526785714300829
13.523809523824639
13.520833333348449
13.51785714287226
13.51488095239607
13.51190476191988
13.50892857144369
13.5059523809675
13.50297619049131
13.50000000001512
13.49702380953893
13.49404761906274
13.491071428586551
13.488095238110361
13.485119047634171
13.482142857157982
13.479166666681792
13.476190476205602
13.473214285729412
13.470238095253222
13.467261904777033
13.464285714300843
13.461309523824653
13.458333333348463
13.455357142872273
13.452380952396084
13.449404761919894
13.446428571443704
13.443452380967514
13.440476190491324
13.437500000015135
13.434523809538945
13.431547619062755
13.428571428586565
13.425595238110375
13.422619047634186
13.419642857157996
13.416666666681806
13.413690476205616
13.410714285729426
13.407738095253237
13.404761904777047
13.401785714300857
13.398809523824667
13.395833333348477
13.392857142872288
13.389880952396098
13.386904761919908
13.383928571443718
13.380952380967528
13.377976190491339
13.375000000015149
13.372023809538959
13.36904761906277
13.36607142858658
13.36309523811039
13.3601190476342
13.35714285715801
13.35416666668182
13.35119047620563
13.34821428572944
13.34523809525325
13.342261904777061
13.339285714300871
13.336309523824681
13.333333333348492
13.330357142872302
13.327380952396112
13.324404761919922
13.321428571443732
13.318452380967543
13.315476190491353
13.312500000015163
13.309523809538973
13.306547619062783
13.303571428586594
13.300595238110404
13.297619047634214
13.294642857158024
13.291666666681834
13.288690476205645
13.285714285729455
13.282738095253265
13.279761904777075
13.276785714300885
13.273809523824696
13.270833333348506
13.267857142872316
13.264880952396126
13.261904761919936
13.258928571443747
13.255952380967557
13.252976190491367
13.250000000015177
13.247023809538987
13.244047619062798
13.241071428586608
13.238095238110418
13.235119047634228
13.232142857158038
13.229166666681849
13.226190476205659
13.223214285729469
13.22023809525328
13.21726190477709
13.2142857143009
13.21130952382471
13.20833333334852
13.20535714287233
13.20238095239614
13.19940476191995
13.19642857144376
13.193452380967571
13.190476190491381
13.187500000015191
13.184523809539002
13.181547619062812
13.178571428586622
13.175595238110432
13.172619047634242
13.169642857158053
13.166666666681863
13.163690476205673
13.160714285729483
13.157738095253293
13.154761904777104
13.151785714300914
13.148809523824724
13.145833333348534
13.142857142872344
13.139880952396155
13.136904761919965
13.133928571443775
13.130952380967585
13.127976190491395
13.125000000015206
13.122023809539016
13.119047619062826
13.116071428586636
13.113095238110446
13.110119047634257
13.107142857158067
13.104166666681877
13.101190476205687
13.098214285729497
13.095238095253308
13.092261904777118
13.089285714300928
13.086309523824738
13.083333333348548
13.080357142872359
13.077380952396169
13.074404761919979
13.07142857144379
13.0684523809676
13.06547619049141
13.06250000001522
13.05952380953903
13.05654761906284
13.05357142858665
13.05059523811046
13.04761904763427
13.044642857158081
13.041666666681891
13.038690476205701
13.035714285729512
13.032738095253322
13.029761904777132
13.026785714300942
13.023809523824752
13.020833333348563
13.017857142872373
13.014880952396183
13.011904761919993
13.008928571443803
13.005952380967614
13.002976190491424
13.000000000015234
12.997023809539044
12.994047619062854
12.991071428586665
12.988095238110475
12.985119047634285
12.982142857158095
12.979166666681905
12.976190476205716
12.973214285729526
12.970238095253336
12.967261904777146
12.964285714300956
12.961309523824767
12.958333333348577
12.955357142872387
12.952380952396197
12.949404761920007
12.946428571443818
12.943452380967628
12.940476190491438
12.937500000015248
12.934523809539058
12.931547619062869
12.928571428586679
12.925595238110489
12.9226190476343
12.91964285715811
12.91666666668192
12.91369047620573
12.91071428572954
12.90773809525335
12.90476190477716
12.90178571430097
12.89880952382478
12.895833333348591
12.892857142872401
12.889880952396211
12.886904761920022
12.883928571443832
12.880952380967642
12.877976190491452
12.875000000015262
12.872023809539073
12.869047619062883
12.866071428586693
12.863095238110503
12.860119047634313
12.857142857158124
12.854166666681934
12.851190476205744
12.848214285729554
12.845238095253364
12.842261904777175
12.839285714300985
12.836309523824795
12.833333333348605
12.830357142872415
12.827380952396226
12.824404761920036
12.821428571443846
12.818452380967656
12.815476190491466
12.812500000015277
12.809523809539087
12.806547619062897
12.803571428586707
12.800595238110517
12.797619047634328
12.794642857158138
12.791666666681948
12.788690476205758
12.785714285729568
12.782738095253379
12.779761904777189
12.776785714300999
12.77380952382481
12.77083333334862
12.76785714287243
12.76488095239624
12.76190476192005
12.75892857144386
12.75595238096767
12.75297619049148
12.75000000001529
12.747023809539101
12.744047619062911
12.741071428586721
12.738095238110532
12.735119047634342
12.732142857158152
12.729166666681962
12.726190476205772
12.723214285729583
12.720238095253393
12.717261904777203
12.714285714301013
12.711309523824823
12.708333333348634
12.705357142872444
12.702380952396254
12.699404761920064
12.696428571443874
12.693452380967685
12.690476190491495
12.687500000015305
12.684523809539115
12.681547619062925
12.678571428586736
12.675595238110546
12.672619047634356
12.669642857158166
12.666666666681976
12.663690476205787
12.660714285729597
12.657738095253407
12.654761904777217
12.651785714301027
12.648809523824838
12.645833333348648
12.642857142872458
12.639880952396268
12.636904761920078
12.633928571443889
12.630952380967699
12.627976190491509
12.62500000001532
12.62202380953913
12.61904761906294
12.61607142858675
12.61309523811056
12.61011904763437
12.60714285715818
12.60416666668199
12.601190476205801
12.598214285729611
12.595238095253421
12.592261904777232
12.589285714301042
12.586309523824852
12.583333333348662
12.580357142872472
12.577380952396283
12.574404761920093
12.571428571443903
12.568452380967713
12.565476190491523
12.562500000015334
12.559523809539144
12.556547619062954
12.553571428586764
12.550595238110574
12.547619047634385
12.544642857158195
12.541666666682005
12.538690476205815
12.535714285729625
12.532738095253436
12.529761904777246
12.526785714301056
12.523809523824866
12.520833333348676
12.517857142872487
12.514880952396297
12.511904761920107
12.508928571443917
12.505952380967727
12.502976190491538
12.500000000015348
12.497023809539158
12.494047619062968
12.491071428586778
12.488095238110589
12.485119047634399
12.482142857158209
12.47916666668202
12.47619047620583
12.47321428572964
12.47023809525345
12.46726190477726
12.46428571430107
12.46130952382488
12.45833333334869
12.4553571428725
12.452380952396311
12.449404761920121
12.446428571443931
12.443452380967742
12.440476190491552
12.437500000015362
12.434523809539172
12.431547619062982
12.428571428586793
12.425595238110603
12.422619047634413
12.419642857158223
12.416666666682033
12.413690476205844
12.410714285729654
12.407738095253464
12.404761904777274
12.401785714301084
12.398809523824895
12.395833333348705
12.392857142872515
12.389880952396325
12.386904761920135
12.383928571443946
12.380952380967756
12.377976190491566
12.375000000015376
12.372023809539186
12.369047619062997
12.366071428586807
12.363095238110617
12.360119047634427
12.357142857158237
12.354166666682048
12.351190476205858
12.348214285729668
12.345238095253478
12.342261904777288
12.339285714301099
12.336309523824909
12.333333333348719
12.33035714287253
12.32738095239634
12.32440476192015
12.32142857144396
12.31845238096777
12.31547619049158
12.31250000001539
12.3095238095392
12.30654761906301
12.303571428586821
12.300595238110631
12.297619047634441
12.294642857158252
12.291666666682062
12.288690476205872
12.285714285729682
12.282738095253492
12.279761904777303
12.276785714301113
12.273809523824923
12.270833333348733
12.267857142872543
12.264880952396354
12.261904761920164
12.258928571443974
12.255952380967784
12.252976190491594
12.250000000015405
12.247023809539215
12.244047619063025
12.241071428586835
12.238095238110645
12.235119047634456
12.232142857158266
12.229166666682076
12.226190476205886
12.223214285729696
12.220238095253507
12.217261904777317
12.214285714301127
12.211309523824937
12.208333333348747
12.205357142872558
12.202380952396368
12.199404761920178
12.196428571443988
12.193452380967798
12.190476190491609
12.187500000015419
12.184523809539229
12.18154761906304
12.17857142858685
12.17559523811066
12.17261904763447
12.16964285715828
12.16666666668209
12.1636904762059
12.16071428572971
12.15773809525352
12.154761904777331
12.151785714301141
12.148809523824951
12.145833333348762
12.142857142872572
12.139880952396382
12.136904761920192
12.133928571444002
12.130952380967813
12.127976190491623
12.125000000015433
12.122023809539243
12.119047619063053
12.116071428586864
12.113095238110674
12.110119047634484
12.107142857158294
12.104166666682104
12.101190476205915
12.098214285729725
12.095238095253535
12.092261904777345
12.089285714301155
12.086309523824966
12.083333333348776
12.080357142872586
12.077380952396396
12.074404761920206
12.071428571444017
12.068452380967827
12.065476190491637
12.062500000015447
12.059523809539257
12.056547619063068
12.053571428586878
12.050595238110688
12.047619047634498
12.044642857158308
12.041666666682119
12.038690476205929
12.035714285729739
12.03273809525355
12.02976190477736
12.02678571430117
12.02380952382498
12.02083333334879
12.0178571428726
12.01488095239641
12.01190476192022
12.00892857144403
12.005952380967841
12.002976190491651
12.000000000015461
11.997023809539272
11.994047619063082
11.991071428586892
11.988095238110702
11.985119047634512
11.982142857158323
11.979166666682133
11.976190476205943
11.973214285729753
11.970238095253563
11.967261904777374
11.964285714301184
11.961309523824994
11.958333333348804
11.955357142872614
11.952380952396425
11.949404761920235
11.946428571444045
11.943452380967855
11.940476190491665
11.937500000015476
11.934523809539286
11.931547619063096
11.928571428586906
11.925595238110716
11.922619047634527
11.919642857158337
11.916666666682147
11.913690476205957
11.910714285729767
11.907738095253578
11.904761904777388
11.901785714301198
11.898809523825008
11.895833333348818
11.892857142872629
11.889880952396439
11.886904761920249
11.88392857144406
11.88095238096787
11.87797619049168
11.87500000001549
11.8720238095393
11.86904761906311
11.86607142858692
11.86309523811073
11.86011904763454
11.857142857158351
11.854166666682161
11.851190476205971
11.848214285729782
11.845238095253592
11.842261904777402
11.839285714301212
11.836309523825022
11.833333333348833
11.830357142872643
11.827380952396453
11.824404761920263
11.821428571444073
11.818452380967884
11.815476190491694
11.812500000015504
11.809523809539314
11.806547619063124
11.803571428586935
11.800595238110745
11.797619047634555
11.794642857158365
11.791666666682175
11.788690476205986
11.785714285729796
11.782738095253606
11.779761904777416
11.776785714301226
11.773809523825037
11.770833333348847
11.767857142872657
11.764880952396467
11.761904761920277
11.758928571444088
11.755952380967898
11.752976190491708
11.750000000015518
11.747023809539328
11.744047619063139
11.741071428586949
11.738095238110759
11.73511904763457
11.73214285715838
11.72916666668219
11.726190476206
11.72321428572981
11.72023809525362
11.71726190477743
11.71428571430124
11.71130952382505
11.708333333348861
11.705357142872671
11.702380952396481
11.699404761920292
11.696428571444102
11.693452380967912
11.690476190491722
11.687500000015532
11.684523809539343
11.681547619063153
11.678571428586963
11.675595238110773
11.672619047634583
11.669642857158394
11.666666666682204
11.663690476206014
11.660714285729824
11.657738095253634
11.654761904777445
11.651785714301255
11.648809523825065
11.645833333348875
11.642857142872685
11.639880952396496
11.636904761920306
11.633928571444116
11.630952380967926
11.627976190491736
11.625000000015547
11.622023809539357
11.619047619063167
11.616071428586977
11.613095238110787
11.610119047634598
11.607142857158408
11.604166666682218
11.601190476206028
11.598214285729838
11.595238095253649
11.592261904777459
11.589285714301269
11.58630952382508
11.58333333334889
11.5803571428727
11.57738095239651
11.57440476192032
11.57142857144413
11.56845238096794
11.56547619049175
11.56250000001556
11.559523809539371
11.556547619063181
11.553571428586991
11.550595238110802
11.547619047634612
11.544642857158422
11.541666666682232
11.538690476206042
11.535714285729853
11.532738095253663
11.529761904777473
11.526785714301283
11.523809523825093
11.520833333348904
11.517857142872714
11.514880952396524
11.511904761920334
11.508928571444144
11.505952380967955
11.502976190491765
11.500000000015575
11.497023809539385
11.494047619063195
11.491071428587006
11.488095238110816
11.485119047634626
11.482142857158436
11.479166666682247
11.476190476206057
11.473214285729867
11.470238095253677
11.467261904777487
11.464285714301298
11.461309523825108
11.458333333348918
11.455357142872728
11.452380952396538
11.449404761920349
11.446428571444159
11.443452380967969
11.440476190491779
11.43750000001559
11.4345238095394
11.43154761906321
11.42857142858702
11.42559523811083
11.42261904763464
11.41964285715845
11.41666666668226
11.413690476206071
11.410714285729881
11.407738095253691
11.404761904777502
11.401785714301312
11.398809523825122
11.395833333348932
11.392857142872742
11.389880952396553
11.386904761920363
11.383928571444173
11.380952380967983
11.377976190491793
11.375000000015604
11.372023809539414
11.369047619063224
11.366071428587034
11.363095238110844
11.360119047634655
11.357142857158465
11.354166666682275
11.351190476206085
11.348214285729895
11.345238095253706
11.342261904777516
11.339285714301326
11.336309523825136
11.333333333348946
11.330357142872757
11.327380952396567
11.324404761920377
11.321428571444187
11.318452380967997
11.315476190491808
11.312500000015618
11.309523809539428
11.306547619063238
11.303571428587048
11.300595238110859
11.297619047634669
11.294642857158479
11.29166666668229
11.2886904762061
11.28571428572991
11.28273809525372
11.27976190477753
11.27678571430134
11.27380952382515
11.27083333334896
11.26785714287277
11.264880952396581
11.261904761920391
11.258928571444201
11.255952380968012
11.252976190491822
11.250000000015632
11.247023809539442
11.244047619063252
11.241071428587063
11.238095238110873
11.235119047634683
11.232142857158493
11.229166666682303
11.226190476206114
11.223214285729924
11.220238095253734
11.217261904777544
11.214285714301354
11.211309523825165
11.208333333348975
11.205357142872785
11.202380952396595
11.199404761920405
11.196428571444216
11.193452380968026
11.190476190491836
11.187500000015646
11.184523809539456
11.181547619063267
11.178571428587077
11.175595238110887
11.172619047634697
11.169642857158507
11.166666666682318
11.163690476206128
11.160714285729938
11.157738095253748
11.154761904777558
11.151785714301369
11.148809523825179
11.145833333348989
11.1428571428728
11.13988095239661
11.13690476192042
11.13392857144423
11.13095238096804
11.12797619049185
11.12500000001566
11.12202380953947
11.11904761906328
11.116071428587091
11.113095238110901
11.110119047634711
11.107142857158522
11.104166666682332
11.101190476206142
11.098214285729952
11.095238095253762
11.092261904777573
11.089285714301383
11.086309523825193
11.083333333349003
11.080357142872813
11.077380952396624
11.074404761920434
11.071428571444244
11.068452380968054
11.065476190491864
11.062500000015675
11.059523809539485
11.056547619063295
11.053571428587105
11.050595238110915
11.047619047634726
11.044642857158536
11.041666666682346
11.038690476206156
11.035714285729966
11.032738095253777
11.029761904777587
11.026785714301397
11.023809523825207
11.020833333349017
11.017857142872828
11.014880952396638
11.011904761920448
11.008928571444258
11.005952380968068
11.002976190491879
11.000000000015689
10.997023809539499
10.99404761906331
10.99107142858712
10.98809523811093
10.98511904763474
10.98214285715855
10.97916666668236
10.97619047620617
10.97321428572998
10.97023809525379
10.967261904777601
10.964285714301411
10.961309523825221
10.958333333349032
10.955357142872842
10.952380952396652
10.949404761920462
10.946428571444272
10.943452380968083
10.940476190491893
10.937500000015703
10.934523809539513
10.931547619063323
10.928571428587134
10.925595238110944
10.922619047634754
10.919642857158564
10.916666666682374
10.913690476206185
10.910714285729995
10.907738095253805
10.904761904777615
10.901785714301425
10.898809523825236
10.895833333349046
10.892857142872856
10.889880952396666
10.886904761920476
10.883928571444287
10.880952380968097
10.877976190491907
10.875000000015717
10.872023809539527
10.869047619063338
10.866071428587148
10.863095238110958
10.860119047634768
10.857142857158578
10.854166666682389
10.851190476206199
10.848214285730009
10.84523809525382
10.84226190477763
10.83928571430144
10.83630952382525
10.83333333334906
10.83035714287287
10.82738095239668
10.82440476192049
10.8214285714443
10.818452380968111
10.815476190491921
10.812500000015731
10.809523809539542
10.806547619063352
10.803571428587162
10.800595238110972
10.797619047634782
10.794642857158593
10.791666666682403
10.788690476206213
10.785714285730023
10.782738095253833
10.779761904777644
10.776785714301454
10.773809523825264
10.770833333349074
10.767857142872884
10.764880952396695
10.761904761920505
10.758928571444315
10.755952380968125
10.752976190491935
10.750000000015746
10.747023809539556
10.744047619063366
10.741071428587176
10.738095238110986
10.735119047634797
10.732142857158607
10.729166666682417
10.726190476206227
10.723214285730037
10.720238095253848
10.717261904777658
10.714285714301468
10.711309523825278
10.708333333349088
10.705357142872899
10.702380952396709
10.699404761920519
10.69642857144433
10.69345238096814
10.69047619049195
10.68750000001576
10.68452380953957
10.68154761906338
10.67857142858719
10.675595238111
10.67261904763481
10.669642857158621
10.666666666682431
10.663690476206241
10.660714285730052
10.657738095253862
10.654761904777672
10.651785714301482
10.648809523825292
10.645833333349103
10.642857142872913
10.639880952396723
10.636904761920533
10.633928571444343
10.630952380968154
10.627976190491964
10.625000000015774
10.622023809539584
10.619047619063394
10.616071428587205
10.613095238111015
10.610119047634825
10.607142857158635
10.604166666682445
10.601190476206256
10.598214285730066
10.595238095253876
10.592261904777686
10.589285714301496
10.586309523825307
10.583333333349117
10.580357142872927
10.577380952396737
10.574404761920547
10.571428571444358
10.568452380968168
10.565476190491978
10.562500000015788
10.559523809539598
10.556547619063409
10.553571428587219
10.550595238111029
10.54761904763484
10.54464285715865
10.54166666668246
10.53869047620627
10.53571428573008
10.53273809525389
10.5297619047777
10.52678571430151
10.52380952382532
10.520833333349131
10.517857142872941
10.514880952396751
10.511904761920562
10.508928571444372
10.505952380968182
10.502976190491992
10.500000000015802
10.497023809539613
10.494047619063423
10.491071428587233
10.488095238111043
10.485119047634853
10.482142857158664
10.479166666682474
10.476190476206284
10.473214285730094
10.470238095253904
10.467261904777715
10.464285714301525
10.461309523825335
10.458333333349145
10.455357142872955
10.452380952396766
10.449404761920576
10.446428571444386
10.443452380968196
10.440476190492006
10.437500000015817
10.434523809539627
10.431547619063437
10.428571428587247
10.425595238111057
10.422619047634868
10.419642857158678
10.416666666682488
10.413690476206298
10.410714285730108
10.407738095253919
10.404761904777729
10.401785714301539
10.39880952382535
10.39583333334916
10.39285714287297
10.38988095239678
10.38690476192059
10.3839285714444
10.38095238096821
10.37797619049202
10.375000000015831
10.372023809539641
10.369047619063451
10.366071428587261
10.363095238111072
10.360119047634882
10.357142857158692
10.354166666682502
10.351190476206312
10.348214285730123
10.345238095253933
10.342261904777743
10.339285714301553
10.336309523825363
10.333333333349174
10.330357142872984
10.327380952396794
10.324404761920604
10.321428571444415
10.318452380968225
10.315476190492035
10.312500000015845
10.309523809539655
10.306547619063466
10.303571428587276
10.300595238111086
10.297619047634896
10.294642857158706
10.291666666682517
10.288690476206327
10.285714285730137
10.282738095253947
10.279761904777757
10.276785714301568
10.273809523825378
10.270833333349188
10.267857142872998
10.264880952396808
10.261904761920619
10.258928571444429
10.255952380968239
10.25297619049205
10.25000000001586
10.24702380953967
10.24404761906348
10.24107142858729
10.2380952381111
10.23511904763491
10.23214285715872
10.22916666668253
10.226190476206341
10.223214285730151
10.220238095253961
10.217261904777772
10.214285714301582
10.211309523825392
10.208333333349202
10.205357142873012
10.202380952396823
10.199404761920633
10.196428571444443
10.193452380968253
10.190476190492063
10.187500000015874
10.184523809539684
10.181547619063494
10.178571428587304
10.175595238111114
10.172619047634925
10.169642857158735
10.166666666682545
10.163690476206355
10.160714285730165
10.157738095253976
10.154761904777786
10.151785714301596
10.148809523825406
10.145833333349216
10.142857142873027
10.139880952396837
10.136904761920647
10.133928571444457
10.130952380968267
10.127976190492078
10.125000000015888
10.122023809539698
10.119047619063508
10.116071428587318
10.113095238111129
10.110119047634939
10.107142857158749
10.10416666668256
10.10119047620637
10.09821428573018
10.09523809525399
10.0922619047778
10.08928571430161
10.08630952382542
10.08333333334923
10.08035714287304
10.077380952396851
10.074404761920661
10.071428571444471
10.068452380968282
10.065476190492092
10.062500000015902
10.059523809539712
10.056547619063522
10.053571428587333
10.050595238111143
10.047619047634953
10.044642857158763
10.041666666682573
10.038690476206384
10.035714285730194
10.032738095254004
10.029761904777814
10.026785714301624
10.023809523825435
10.020833333349245
10.017857142873055
10.014880952396865
10.011904761920675
10.008928571444486
10.005952380968296
10.002976190492106
10.000000000015916
9.997023809539726
9.994047619063537
9.991071428587347
9.988095238111157
9.985119047634967
9.982142857158777
9.979166666682588
9.976190476206398
9.973214285730208
9.970238095254018
9.967261904777828
9.964285714301639
9.961309523825449
9.958333333349259
9.95535714287307
9.95238095239688
9.94940476192069
9.9464285714445
9.94345238096831
9.94047619049212
9.93750000001593
9.93452380953974
9.93154761906355
9.928571428587361
9.925595238111171
9.922619047634981
9.919642857158792
9.916666666682602
9.913690476206412
9.910714285730222
9.907738095254032
9.904761904777843
9.901785714301653
9.898809523825463
9.895833333349273
9.892857142873083
9.889880952396894
9.886904761920704
9.883928571444514
9.880952380968324
9.877976190492134
9.875000000015945
9.872023809539755
9.869047619063565
9.866071428587375
9.863095238111185
9.860119047634996
9.857142857158806
9.854166666682616
9.851190476206426
9.848214285730236
9.845238095254047
9.842261904777857
9.839285714301667
9.836309523825477
9.833333333349287
9.830357142873098
9.827380952396908
9.824404761920718
9.821428571444528
9.818452380968338
9.815476190492149
9.812500000015959
9.809523809539769
9.80654761906358
9.80357142858739
9.8005952381112
9.79761904763501
9.79464285715882
9.79166666668263
9.78869047620644
9.78571428573025
9.78273809525406
9.779761904777871
9.776785714301681
9.773809523825491
9.770833333349302
9.767857142873112
9.764880952396922
9.761904761920732
9.758928571444542
9.755952380968353
9.752976190492163
9.750000000015973
9.747023809539783
9.744047619063593
9.741071428587404
9.738095238111214
9.735119047635024
9.732142857158834
9.729166666682644
9.726190476206455
9.723214285730265
9.720238095254075
9.717261904777885
9.714285714301695
9.711309523825506
9.708333333349316
9.705357142873126
9.702380952396936
9.699404761920746
9.696428571444557
9.693452380968367
9.690476190492177
9.687500000015987
9.684523809539797
9.681547619063608
9.678571428587418
9.675595238111228
9.672619047635038
9.669642857158848
9.666666666682659
9.663690476206469
9.660714285730279
9.65773809525409
9.6547619047779
9.65178571430171
9.64880952382552
9.64583333334933
9.64285714287314
9.63988095239695
9.63690476192076
9.63392857144457
9.630952380968381
9.627976190492191
9.625000000016001
9.622023809539812
9.619047619063622
9.616071428587432
9.613095238111242
9.610119047635052
9.607142857158863
9.604166666682673
9.601190476206483
9.598214285730293
9.595238095254103
9.592261904777914
9.589285714301724
9.586309523825534
9.583333333349344
9.580357142873154
9.577380952396965
9.574404761920775
9.571428571444585
9.568452380968395
9.565476190492205
9.562500000016016
9.559523809539826
9.556547619063636
9.553571428587446
9.550595238111256
9.547619047635067
9.544642857158877
9.541666666682687
9.538690476206497
9.535714285730307
9.532738095254118
9.529761904777928
9.526785714301738
9.523809523825548
9.520833333349358
9.517857142873169
9.514880952396979
9.511904761920789
9.5089285714446
9.50595238096841
9.50297619049222
9.50000000001603
9.49702380953984
9.49404761906365
9.49107142858746
9.48809523811127
9.48511904763508
9.482142857158891
9.479166666682701
9.476190476206511
9.473214285730322
9.470238095254132
9.467261904777942
9.464285714301752
9.461309523825562
9.458333333349373
9.455357142873183
9.452380952396993
9.449404761920803
9.446428571444613
9.443452380968424
9.440476190492234
9.437500000016044
9.434523809539854
9.431547619063664
9.428571428587475
9.425595238111285
9.422619047635095
9.419642857158905
9.416666666682715
9.413690476206526
9.410714285730336
9.407738095254146
9.404761904777956
9.401785714301766
9.398809523825577
9.395833333349387
9.392857142873197
9.389880952397007
9.386904761920817
9.383928571444628
9.380952380968438
9.377976190492248
9.375000000016058
9.372023809539868
9.369047619063679
9.366071428587489
9.363095238111299
9.36011904763511
9.35714285715892
9.35416666668273
9.35119047620654
9.34821428573035
9.34523809525416
9.34226190477797
9.33928571430178
9.33630952382559
9.333333333349401
9.330357142873211
9.327380952397021
9.324404761920832
9.321428571444642
9.318452380968452
9.315476190492262
9.312500000016072
9.309523809539883
9.306547619063693
9.303571428587503
9.300595238111313
9.297619047635123
9.294642857158934
9.291666666682744
9.288690476206554
9.285714285730364
9.282738095254174
9.279761904777985
9.276785714301795
9.273809523825605
9.270833333349415
9.267857142873225
9.264880952397036
9.261904761920846
9.258928571444656
9.255952380968466
9.252976190492276
9.250000000016087
9.247023809539897
9.244047619063707
9.241071428587517
9.238095238111327
9.235119047635138
9.232142857158948
9.229166666682758
9.226190476206568
9.223214285730378
9.220238095254189
9.217261904777999
9.214285714301809
9.21130952382562
9.20833333334943
9.20535714287324
9.20238095239705
9.19940476192086
9.19642857144467
9.19345238096848
9.19047619049229
9.187500000016101
9.184523809539911
9.181547619063721
9.178571428587531
9.175595238111342
9.172619047635152
9.169642857158962
9.166666666682772
9.163690476206583
9.160714285730393
9.157738095254203
9.154761904778013
9.151785714301823
9.148809523825634
9.145833333349444
9.142857142873254
9.139880952397064
9.136904761920874
9.133928571444685
9.130952380968495
9.127976190492305
9.125000000016115
9.122023809539925
9.119047619063736
9.116071428587546
9.113095238111356
9.110119047635166
9.107142857158976
9.104166666682787
9.101190476206597
9.098214285730407
9.095238095254217
9.092261904778027
9.089285714301838
9.086309523825648
9.083333333349458
9.080357142873268
9.077380952397078
9.074404761920889
9.071428571444699
9.068452380968509
9.06547619049232
9.06250000001613
9.05952380953994
9.05654761906375
9.05357142858756
9.05059523811137
9.04761904763518
9.04464285715899
9.0416666666828
9.038690476206611
9.035714285730421
9.032738095254231
9.029761904778042
9.026785714301852
9.023809523825662
9.020833333349472
9.017857142873282
9.014880952397093
9.011904761920903
9.008928571444713
9.005952380968523
9.002976190492333
9.000000000016144
8.997023809539954
8.994047619063764
8.991071428587574
8.988095238111384
8.985119047635195
8.982142857159005
8.979166666682815
8.976190476206625
8.973214285730435
8.970238095254246
8.967261904778056
8.964285714301866
8.961309523825676
8.958333333349486
8.955357142873297
8.952380952397107
8.949404761920917
8.946428571444727
8.943452380968537
8.940476190492348
8.937500000016158
8.934523809539968
8.931547619063778
8.928571428587588
8.925595238111399
8.922619047635209
8.919642857159019
8.91666666668283
8.91369047620664
8.91071428573045
8.90773809525426
8.90476190477807
8.90178571430188
8.89880952382569
8.8958333333495
8.89285714287331
8.889880952397121
8.886904761920931
8.883928571444741
8.880952380968552
8.877976190492362
8.875000000016172
8.872023809539982
8.869047619063792
8.866071428587603
8.863095238111413
8.860119047635223
8.857142857159033
8.854166666682843
8.851190476206654
8.848214285730464
8.845238095254274
8.842261904778084
8.839285714301894
8.836309523825705
8.833333333349515
8.830357142873325
8.827380952397135
8.824404761920945
8.821428571444756
8.818452380968566
8.815476190492376
8.812500000016186
8.809523809539996
8.806547619063807
8.803571428587617
8.800595238111427
8.797619047635237
8.794642857159047
8.791666666682858
8.788690476206668
8.785714285730478
8.782738095254288
8.779761904778098
8.776785714301909
8.773809523825719
8.770833333349529
8.76785714287334
8.76488095239715
8.76190476192096
8.75892857144477
8.75595238096858
8.75297619049239
8.7500000000162
8.74702380954001
8.74404761906382
8.741071428587631
8.738095238111441
8.735119047635251
8.732142857159062
8.729166666682872
8.726190476206682
8.723214285730492
8.720238095254302
8.717261904778113
8.714285714301923
8.711309523825733
8.708333333349543
8.705357142873353
8.702380952397164
8.699404761920974
8.696428571444784
8.693452380968594
8.690476190492404
8.687500000016215
8.684523809540025
8.681547619063835
8.678571428587645
8.675595238111455
8.672619047635266
8.669642857159076
8.666666666682886
8.663690476206696
8.660714285730506
8.657738095254317
8.654761904778127
8.651785714301937
8.648809523825747
8.645833333349557
8.642857142873368
8.639880952397178
8.636904761920988
8.633928571444798
8.630952380968608
8.627976190492419
8.625000000016229
8.622023809540039
8.61904761906385
8.61607142858766
8.61309523811147
8.61011904763528
8.60714285715909
8.6041666666829
8.60119047620671
8.59821428573052
8.59523809525433
8.592261904778141
8.589285714301951
8.586309523825761
8.583333333349572
8.580357142873382
8.577380952397192
8.574404761921002
8.571428571444812
8.568452380968623
8.565476190492433
8.562500000016243
8.559523809540053
8.556547619063863
8.553571428587674
8.550595238111484
8.547619047635294
8.544642857159104
8.541666666682914
8.538690476206725
8.535714285730535
8.532738095254345
8.529761904778155
8.526785714301965
8.523809523825776
8.520833333349586
8.517857142873396
8.514880952397206
8.511904761921016
8.508928571444827
8.505952380968637
8.502976190492447
8.500000000016257
8.497023809540067
8.494047619063878
8.491071428587688
8.488095238111498
8.485119047635308
8.482142857159118
8.479166666682929
8.476190476206739
8.473214285730549
8.47023809525436
8.46726190477817
8.46428571430198
8.46130952382579
8.4583333333496
8.45535714287341
8.45238095239722
8.44940476192103
8.44642857144484
8.443452380968651
8.440476190492461
8.437500000016271
8.434523809540082
8.431547619063892
8.428571428587702
8.425595238111512
8.422619047635322
8.419642857159133
8.416666666682943
8.413690476206753
8.410714285730563
8.407738095254373
8.404761904778184
8.401785714301994
8.398809523825804
8.395833333349614
8.392857142873424
8.389880952397235
8.386904761921045
8.383928571444855
8.380952380968665
8.377976190492475
8.375000000016286
8.372023809540096
8.369047619063906
8.366071428587716
8.363095238111526
8.360119047635337
8.357142857159147
8.354166666682957
8.351190476206767
8.348214285730577
8.345238095254388
8.342261904778198
8.339285714302008
8.336309523825818
8.333333333349628
8.330357142873439
8.327380952397249
8.324404761921059
8.32142857144487
8.31845238096868
8.31547619049249
8.3125000000163
8.30952380954011
8.30654761906392
8.30357142858773
8.30059523811154
8.29761904763535
8.294642857159161
8.291666666682971
8.288690476206781
8.285714285730592
8.282738095254402
8.279761904778212
8.276785714302022
8.273809523825832
8.270833333349643
8.267857142873453
8.264880952397263
8.261904761921073
8.258928571444883
8.255952380968694
8.252976190492504
8.250000000016314
8.247023809540124
8.244047619063934
8.241071428587745
8.238095238111555
8.235119047635365
8.232142857159175
8.229166666682985
8.226190476206796
8.223214285730606
8.220238095254416
8.217261904778226
8.214285714302036
8.211309523825847
8.208333333349657
8.205357142873467
8.202380952397277
8.199404761921087
8.196428571444898
8.193452380968708
8.190476190492518
8.187500000016328
8.184523809540138
8.181547619063949
8.178571428587759
8.175595238111569
8.17261904763538
8.16964285715919
8.166666666683
8.16369047620681
8.16071428573062
8.15773809525443
8.15476190477824
8.15178571430205
8.14880952382586
8.145833333349671
8.142857142873481
8.139880952397291
8.136904761921102
8.133928571444912
8.130952380968722
8.127976190492532
8.125000000016342
8.122023809540153
8.119047619063963
8.116071428587773
8.113095238111583
8.110119047635393
8.107142857159204
8.104166666683014
8.101190476206824
8.098214285730634
8.095238095254444
8.092261904778255
8.089285714302065
8.086309523825875
8.083333333349685
8.080357142873495
8.077380952397306
8.074404761921116
8.071428571444926
8.068452380968736
8.065476190492546
8.062500000016357
8.059523809540167
8.056547619063977
8.053571428587787
8.050595238111597
8.047619047635408
8.044642857159218
8.041666666683028
8.038690476206838
8.035714285730648
8.032738095254459
8.029761904778269
8.026785714302079
8.02380952382589
8.0208333333497
8.01785714287351
8.01488095239732
8.01190476192113
8.00892857144494
8.00595238096875
8.00297619049256
8.000000000016371
7.997023809540181
7.994047619063991
7.9910714285878015
7.988095238111612
7.985119047635422
7.982142857159232
7.979166666683042
7.9761904762068525
7.973214285730663
7.970238095254473
7.967261904778283
7.964285714302093
7.9613095238259035
7.958333333349714
7.955357142873524
7.952380952397334
7.949404761921144
7.9464285714449545
7.943452380968765
7.940476190492575
7.937500000016385
7.934523809540195
7.9315476190640055
7.928571428587816
7.925595238111626
7.922619047635436
7.919642857159246
7.9166666666830565
7.913690476206867
7.910714285730677
7.907738095254487
7.904761904778297
7.9017857143021075
7.898809523825918
7.895833333349728
7.892857142873538
7.889880952397348
7.8869047619211585
7.883928571444969
7.880952380968779
7.877976190492589
7.875000000016399
7.8720238095402095
7.86904761906402
7.86607142858783
7.86309523811164
7.86011904763545
7.8571428571592605
7.854166666683071
7.851190476206881
7.848214285730691
7.845238095254501
7.8422619047783115
7.839285714302122
7.836309523825932
7.833333333349742
7.830357142873552
7.8273809523973625
7.824404761921173
7.821428571444983
7.818452380968793
7.815476190492603
7.8125000000164135
7.809523809540224
7.806547619064034
7.803571428587844
7.800595238111654
7.7976190476354645
7.794642857159275
7.791666666683085
7.788690476206895
7.785714285730705
7.7827380952545155
7.779761904778326
7.776785714302136
7.773809523825946
7.770833333349756
7.7678571428735665
7.764880952397377
7.761904761921187
7.758928571444997
7.755952380968807
7.7529761904926175
7.750000000016428
7.747023809540238
7.744047619064048
7.741071428587858
7.7380952381116686
7.735119047635479
7.732142857159289
7.729166666683099
7.726190476206909
7.7232142857307196
7.72023809525453
7.71726190477834
7.71428571430215
7.71130952382596
7.7083333333497706
7.705357142873581
7.702380952397391
7.699404761921201
7.696428571445011
7.693452380968822
7.690476190492632
7.687500000016442
7.684523809540252
7.681547619064062
7.678571428587873
7.675595238111683
7.672619047635493
7.669642857159303
7.666666666683113
7.663690476206924
7.660714285730734
7.657738095254544
7.654761904778354
7.651785714302164
7.648809523825975
7.645833333349785
7.642857142873595
7.639880952397405
7.636904761921215
7.633928571445026
7.630952380968836
7.627976190492646
7.625000000016456
7.622023809540266
7.619047619064077
7.616071428587887
7.613095238111697
7.610119047635507
7.607142857159317
7.604166666683128
7.601190476206938
7.598214285730748
7.595238095254558
7.592261904778368
7.589285714302179
7.586309523825989
7.583333333349799
7.580357142873609
7.577380952397419
7.57440476192123
7.57142857144504
7.56845238096885
7.56547619049266
7.56250000001647
7.559523809540281
7.556547619064091
7.553571428587901
7.550595238111711
7.547619047635521
7.544642857159332
7.541666666683142
7.538690476206952
7.535714285730762
7.532738095254572
7.529761904778383
7.526785714302193
7.523809523826003
7.520833333349813
7.517857142873623
7.514880952397434
7.511904761921244
7.508928571445054
7.505952380968864
7.502976190492674
7.500000000016485
7.497023809540295
7.494047619064105
7.491071428587915
7.488095238111725
7.485119047635536
7.482142857159346
7.479166666683156
7.476190476206966
7.473214285730776
7.470238095254587
7.467261904778397
7.464285714302207
7.461309523826017
7.458333333349827
7.455357142873638
7.452380952397448
7.449404761921258
7.446428571445068
7.443452380968878
7.440476190492689
7.437500000016499
7.434523809540309
7.431547619064119
7.428571428587929
7.42559523811174
7.42261904763555
7.41964285715936
7.41666666668317
7.41369047620698
7.410714285730791
7.407738095254601
7.404761904778411
7.401785714302221
7.398809523826031
7.395833333349842
7.392857142873652
7.389880952397462
7.386904761921272
7.383928571445082
7.380952380968893
7.377976190492703
7.375000000016513
7.372023809540323
7.369047619064133
7.366071428587944
7.363095238111754
7.360119047635564
7.357142857159374
7.354166666683184
7.351190476206995
7.348214285730805
7.345238095254615
7.342261904778425
7.339285714302235
7.336309523826046
7.333333333349856
7.330357142873666
7.327380952397476
7.324404761921286
7.321428571445097
7.318452380968907
7.315476190492717
7.312500000016527
7.309523809540337
7.306547619064148
7.303571428587958
7.300595238111768
7.297619047635578
7.294642857159388
7.291666666683199
7.288690476207009
7.285714285730819
7.282738095254629
7.279761904778439
7.27678571430225
7.27380952382606
7.27083333334987
7.26785714287368
7.26488095239749
7.261904761921301
7.258928571445111
7.255952380968921
7.252976190492731
7.250000000016541
7.247023809540352
7.244047619064162
7.241071428587972
7.238095238111782
7.235119047635592
7.232142857159403
7.229166666683213
7.226190476207023
7.223214285730833
7.220238095254643
7.217261904778454
7.214285714302264
7.211309523826074
7.208333333349884
7.205357142873694
7.202380952397505
7.199404761921315
7.196428571445125
7.193452380968935
7.1904761904927454
7.187500000016556
7.184523809540366
7.181547619064176
7.178571428587986
7.1755952381117964
7.172619047635607
7.169642857159417
7.166666666683227
7.163690476207037
7.1607142857308475
7.157738095254658
7.154761904778468
7.151785714302278
7.148809523826088
7.1458333333498985
7.142857142873709
7.139880952397519
7.136904761921329
7.133928571445139
7.1309523809689495
7.12797619049276
7.12500000001657
7.12202380954038
7.11904761906419
7.1160714285880005
7.113095238111811
7.110119047635621
7.107142857159431
7.104166666683241
7.1011904762070515
7.098214285730862
7.095238095254672
7.092261904778482
7.089285714302292
7.0863095238261025
7.083333333349913
7.080357142873723
7.077380952397533
7.074404761921343
7.0714285714451535
7.068452380968964
7.065476190492774
7.062500000016584
7.059523809540394
7.0565476190642045
7.053571428588015
7.050595238111825
7.047619047635635
7.044642857159445
7.0416666666832555
7.038690476207066
7.035714285730876
7.032738095254686
7.029761904778496
7.0267857143023065
7.023809523826117
7.020833333349927
7.017857142873737
7.014880952397547
7.0119047619213575
7.008928571445168
7.005952380968978
7.002976190492788
7.000000000016598
6.9970238095404085
6.994047619064219
6.991071428588029
6.988095238111839
6.985119047635649
6.9821428571594595
6.97916666668327
6.97619047620708
6.97321428573089
6.9702380952547
6.9672619047785105
6.964285714302321
6.961309523826131
6.958333333349941
6.955357142873751
6.9523809523975615
6.949404761921372
6.946428571445182
6.943452380968992
6.940476190492802
6.9375000000166125
6.934523809540423
6.931547619064233
6.928571428588043
6.925595238111853
6.9226190476356635
6.919642857159474
6.916666666683284
6.913690476207094
6.910714285730904
6.9077380952547145
6.904761904778525
6.901785714302335
6.898809523826145
6.895833333349955
6.8928571428737655
6.889880952397576
6.886904761921386
6.883928571445196
6.880952380969006
6.8779761904928165
6.875000000016627
6.872023809540437
6.869047619064247
6.866071428588057
6.8630952381118675
6.860119047635678
6.857142857159488
6.854166666683298
6.851190476207108
6.8482142857309185
6.845238095254729
6.842261904778539
6.839285714302349
6.836309523826159
6.8333333333499695
6.83035714287378
6.82738095239759
6.8244047619214
6.82142857144521
6.8184523809690205
6.815476190492831
6.812500000016641
6.809523809540451
6.806547619064261
6.8035714285880715
6.800595238111882
6.797619047635692
6.794642857159502
6.791666666683312
6.7886904762071225
6.785714285730933
6.782738095254743
6.779761904778553
6.776785714302363
6.7738095238261735
6.770833333349984
6.767857142873794
6.764880952397604
6.761904761921414
6.7589285714452245
6.755952380969035
6.752976190492845
6.750000000016655
6.747023809540465
6.7440476190642755
6.741071428588086
6.738095238111896
6.735119047635706
6.732142857159516
6.7291666666833265
6.726190476207137
6.723214285730947
6.720238095254757
6.717261904778567
6.7142857143023775
6.711309523826188
6.708333333349998
6.705357142873808
6.702380952397618
6.6994047619214285
6.696428571445239
6.693452380969049
6.690476190492859
6.687500000016669
6.6845238095404795
6.68154761906429
6.6785714285881
6.67559523811191
6.67261904763572
6.6696428571595305
6.666666666683341
6.663690476207151
6.660714285730961
6.657738095254771
6.6547619047785815
6.651785714302392
6.648809523826202
6.645833333350012
6.642857142873822
6.6398809523976325
6.636904761921443
6.633928571445253
6.630952380969063
6.627976190492873
6.6250000000166835
6.622023809540494
6.619047619064304
6.616071428588114
6.613095238111924
6.6101190476357345
6.607142857159545
6.604166666683355
6.601190476207165
6.598214285730975
6.5952380952547855
6.592261904778596
6.589285714302406
6.586309523826216
6.583333333350026
6.5803571428738366
6.577380952397647
6.574404761921457
6.571428571445267
6.568452380969077
6.5654761904928876
6.562500000016698
6.559523809540508
6.556547619064318
6.553571428588128
6.550595238111939
6.547619047635749
6.544642857159559
6.541666666683369
6.538690476207179
6.53571428573099
6.5327380952548
6.52976190477861
6.52678571430242
6.52380952382623
6.520833333350041
6.517857142873851
6.514880952397661
6.511904761921471
6.508928571445281
6.505952380969092
6.502976190492902
6.500000000016712
6.497023809540522
6.494047619064332
6.491071428588143
6.488095238111953
6.485119047635763
6.482142857159573
6.479166666683383
6.476190476207194
6.473214285731004
6.470238095254814
6.467261904778624
6.464285714302434
6.461309523826245
6.458333333350055
6.455357142873865
6.452380952397675
6.449404761921485
6.446428571445296
6.443452380969106
6.440476190492916
6.437500000016726
6.434523809540536
6.431547619064347
6.428571428588157
6.425595238111967
6.422619047635777
6.419642857159587
6.416666666683398
6.413690476207208
6.410714285731018
6.407738095254828
6.404761904778638
6.401785714302449
6.398809523826259
6.395833333350069
6.392857142873879
6.389880952397689
6.3869047619215
6.38392857144531
6.38095238096912
6.37797619049293
6.37500000001674
6.372023809540551
6.369047619064361
6.366071428588171
6.363095238111981
6.360119047635791
6.357142857159602
6.354166666683412
6.351190476207222
6.348214285731032
6.345238095254842
6.342261904778653
6.339285714302463
6.336309523826273
6.333333333350083
6.330357142873893
6.327380952397704
6.324404761921514
6.321428571445324
6.318452380969134
6.315476190492944
6.312500000016755
6.309523809540565
6.306547619064375
6.303571428588185
6.300595238111995
6.297619047635806
6.294642857159616
6.291666666683426
6.288690476207236
6.285714285731046
6.282738095254857
6.279761904778667
6.276785714302477
6.273809523826287
6.270833333350097
6.267857142873908
6.264880952397718
6.261904761921528
6.258928571445338
6.255952380969148
6.252976190492959
6.250000000016769
6.247023809540579
6.244047619064389
6.241071428588199
6.23809523811201
6.23511904763582
6.23214285715963
6.22916666668344
6.22619047620725
6.223214285731061
6.220238095254871
6.217261904778681
6.214285714302491
6.211309523826301
6.208333333350112
6.205357142873922
6.202380952397732
6.199404761921542
6.196428571445352
6.193452380969163
6.190476190492973
6.187500000016783
6.184523809540593
6.181547619064403
6.178571428588214
6.175595238112024
6.172619047635834
6.169642857159644
6.166666666683454
6.163690476207265
6.160714285731075
6.157738095254885
6.154761904778695
6.151785714302505
6.148809523826316
6.145833333350126
6.142857142873936
6.139880952397746
6.136904761921556
6.133928571445367
6.130952380969177
6.127976190492987
6.125000000016797
6.122023809540607
6.119047619064418
6.116071428588228
6.113095238112038
6.110119047635848
6.107142857159658
6.104166666683469
6.101190476207279
6.098214285731089
6.095238095254899
6.092261904778709
6.08928571430252
6.08630952382633
6.08333333335014
6.08035714287395
6.07738095239776
6.074404761921571
6.071428571445381
6.068452380969191
6.065476190493001
6.062500000016811
6.059523809540622
6.056547619064432
6.053571428588242
6.050595238112052
6.047619047635862
6.044642857159673
6.041666666683483
6.038690476207293
6.035714285731103
6.0327380952549134
6.029761904778724
6.026785714302534
6.023809523826344
6.020833333350154
6.0178571428739644
6.014880952397775
6.011904761921585
6.008928571445395
6.005952380969205
6.0029761904930155
6.000000000016826
5.997023809540636
5.994047619064446
5.991071428588256
5.9880952381120665
5.985119047635877
5.982142857159687
5.979166666683497
5.976190476207307
5.9732142857311175
5.970238095254928
5.967261904778738
5.964285714302548
5.961309523826358
5.9583333333501685
5.955357142873979
5.952380952397789
5.949404761921599
5.946428571445409
5.9434523809692195
5.94047619049303
5.93750000001684
5.93452380954065
5.93154761906446
5.9285714285882705
5.925595238112081
5.922619047635891
5.919642857159701
5.916666666683511
5.9136904762073215
5.910714285731132
5.907738095254942
5.904761904778752
5.901785714302562
5.8988095238263725
5.895833333350183
5.892857142873993
5.889880952397803
5.886904761921613
5.8839285714454235
5.880952380969234
5.877976190493044
5.875000000016854
5.872023809540664
5.8690476190644745
5.866071428588285
5.863095238112095
5.860119047635905
5.857142857159715
5.8541666666835255
5.851190476207336
5.848214285731146
5.845238095254956
5.842261904778766
5.8392857143025765
5.836309523826387
5.833333333350197
5.830357142874007
5.827380952397817
5.8244047619216275
5.821428571445438
5.818452380969248
5.815476190493058
5.812500000016868
5.8095238095406785
5.806547619064489
5.803571428588299
5.800595238112109
5.797619047635919
5.7946428571597295
5.79166666668354
5.78869047620735
5.78571428573116
5.78273809525497
5.7797619047787805
5.776785714302591
5.773809523826401
5.770833333350211
5.767857142874021
5.7648809523978315
5.761904761921642
5.758928571445452
5.755952380969262
5.752976190493072
5.7500000000168825
5.747023809540693
5.744047619064503
5.741071428588313
5.738095238112123
5.7351190476359335
5.732142857159744
5.729166666683554
5.726190476207364
5.723214285731174
5.7202380952549845
5.717261904778795
5.714285714302605
5.711309523826415
5.708333333350225
5.7053571428740355
5.702380952397846
5.699404761921656
5.696428571445466
5.693452380969276
5.6904761904930865
5.687500000016897
5.684523809540707
5.681547619064517
5.678571428588327
5.6755952381121375
5.672619047635948
5.669642857159758
5.666666666683568
5.663690476207378
5.6607142857311885
5.657738095254999
5.654761904778809
5.651785714302619
5.648809523826429
5.6458333333502395
5.64285714287405
5.63988095239786
5.63690476192167
5.63392857144548
5.6309523809692905
5.627976190493101
5.625000000016911
5.622023809540721
5.619047619064531
5.6160714285883415
5.613095238112152
5.610119047635962
5.607142857159772
5.604166666683582
5.6011904762073925
5.598214285731203
5.595238095255013
5.592261904778823
5.589285714302633
5.5863095238264435
5.583333333350254
5.580357142874064
5.577380952397874
5.574404761921684
5.5714285714454945
5.568452380969305
5.565476190493115
5.562500000016925
5.559523809540735
5.5565476190645455
5.553571428588356
5.550595238112166
5.547619047635976
5.544642857159786
5.5416666666835965
5.538690476207407
5.535714285731217
5.532738095255027
5.529761904778837
5.5267857143026475
5.523809523826458
5.520833333350268
5.517857142874078
5.514880952397888
5.5119047619216985
5.508928571445509
5.505952380969319
5.502976190493129
5.500000000016939
5.4970238095407495
5.49404761906456
5.49107142858837
5.48809523811218
5.48511904763599
5.4821428571598005
5.479166666683611
5.476190476207421
5.473214285731231
5.470238095255041
5.4672619047788515
5.464285714302662
5.461309523826472
5.458333333350282
5.455357142874092
5.4523809523979025
5.449404761921713
5.446428571445523
5.443452380969333
5.440476190493143
5.4375000000169535
5.434523809540764
5.431547619064574
5.428571428588384
5.425595238112194
5.4226190476360046
5.419642857159815
5.416666666683625
5.413690476207435
5.410714285731245
5.4077380952550556
5.404761904778866
5.401785714302676
5.398809523826486
5.395833333350296
5.392857142874107
5.389880952397917
5.386904761921727
5.383928571445537
5.380952380969347
5.377976190493158
5.375000000016968
5.372023809540778
5.369047619064588
5.366071428588398
5.363095238112209
5.360119047636019
5.357142857159829
5.354166666683639
5.351190476207449
5.34821428573126
5.34523809525507
5.34226190477888
5.33928571430269
5.3363095238265
5.333333333350311
5.330357142874121
5.327380952397931
5.324404761921741
5.321428571445551
5.318452380969362
5.315476190493172
5.312500000016982
5.309523809540792
5.306547619064602
5.303571428588413
5.300595238112223
5.297619047636033
5.294642857159843
5.291666666683653
5.288690476207464
5.285714285731274
5.282738095255084
5.279761904778894
5.276785714302704
5.273809523826515
5.270833333350325
5.267857142874135
5.264880952397945
5.261904761921755
5.258928571445566
5.255952380969376
5.252976190493186
5.250000000016996
5.247023809540806
5.244047619064617
5.241071428588427
5.238095238112237
5.235119047636047
5.232142857159857
5.229166666683668
5.226190476207478
5.223214285731288
5.220238095255098
5.217261904778908
5.214285714302719
5.211309523826529
5.208333333350339
5.205357142874149
5.202380952397959
5.19940476192177
5.19642857144558
5.19345238096939
5.1904761904932
5.18750000001701
5.184523809540821
5.181547619064631
5.178571428588441
5.175595238112251
5.172619047636061
5.169642857159872
5.166666666683682
5.163690476207492
5.160714285731302
5.157738095255112
5.154761904778923
5.151785714302733
5.148809523826543
5.145833333350353
5.142857142874163
5.139880952397974
5.136904761921784
5.133928571445594
5.130952380969404
5.127976190493214
5.125000000017025
5.122023809540835
5.119047619064645
5.116071428588455
5.113095238112265
5.110119047636076
5.107142857159886
5.104166666683696
5.101190476207506
5.098214285731316
5.095238095255127
5.092261904778937
5.089285714302747
5.086309523826557
5.083333333350367
5.080357142874178
5.077380952397988
5.074404761921798
5.071428571445608
5.068452380969418
5.065476190493229
5.062500000017039
5.059523809540849
5.056547619064659
5.053571428588469
5.05059523811228
5.04761904763609
5.0446428571599
5.04166666668371
5.03869047620752
5.035714285731331
5.032738095255141
5.029761904778951
5.026785714302761
5.023809523826571
5.020833333350382
5.017857142874192
5.014880952398002
5.011904761921812
5.008928571445622
5.005952380969433
5.002976190493243
5.000000000017053
4.997023809540863
4.994047619064673
4.991071428588484
4.988095238112294
4.985119047636104
4.982142857159914
4.979166666683724
4.976190476207535
4.973214285731345
4.970238095255155
4.967261904778965
4.964285714302775
4.961309523826586
4.958333333350396
4.955357142874206
4.952380952398016
4.949404761921826
4.946428571445637
4.943452380969447
4.940476190493257
4.937500000017067
4.934523809540877
4.931547619064688
4.928571428588498
4.925595238112308
4.922619047636118
4.919642857159928
4.916666666683739
4.913690476207549
4.910714285731359
4.907738095255169
4.904761904778979
4.90178571430279
4.8988095238266
4.89583333335041
4.89285714287422
4.8898809523980304
4.886904761921841
4.883928571445651
4.880952380969461
4.877976190493271
4.8750000000170814
4.872023809540892
4.869047619064702
4.866071428588512
4.863095238112322
4.8601190476361324
4.857142857159943
4.854166666683753
4.851190476207563
4.848214285731373
4.8452380952551835
4.842261904778994
4.839285714302804
4.836309523826614
4.833333333350424
4.8303571428742345
4.827380952398045
4.824404761921855
4.821428571445665
4.818452380969475
4.8154761904932855
4.812500000017096
4.809523809540906
4.806547619064716
4.803571428588526
4.8005952381123365
4.797619047636147
4.794642857159957
4.791666666683767
4.788690476207577
4.7857142857313875
4.782738095255198
4.779761904779008
4.776785714302818
4.773809523826628
4.7708333333504385
4.767857142874249
4.764880952398059
4.761904761921869
4.758928571445679
4.7559523809694895
4.7529761904933
4.75000000001711
4.74702380954092
4.74404761906473
4.7410714285885405
4.738095238112351
4.735119047636161
4.732142857159971
4.729166666683781
4.7261904762075915
4.723214285731402
4.720238095255212
4.717261904779022
4.714285714302832
4.7113095238266425
4.708333333350453
4.705357142874263
4.702380952398073
4.699404761921883
4.6964285714456935
4.693452380969504
4.690476190493314
4.687500000017124
4.684523809540934
4.6815476190647445
4.678571428588555
4.675595238112365
4.672619047636175
4.669642857159985
4.6666666666837955
4.663690476207606
4.660714285731416
4.657738095255226
4.654761904779036
4.6517857143028465
4.648809523826657
4.645833333350467
4.642857142874277
4.639880952398087
4.6369047619218975
4.633928571445708
4.630952380969518
4.627976190493328
4.625000000017138
4.6220238095409485
4.619047619064759
4.616071428588569
4.613095238112379
4.610119047636189
4.6071428571599995
4.60416666668381
4.60119047620762
4.59821428573143
4.59523809525524
4.5922619047790505
4.589285714302861
4.586309523826671
4.583333333350481
4.580357142874291
4.5773809523981015
4.574404761921912
4.571428571445722
4.568452380969532
4.565476190493342
4.5625000000171525
4.559523809540963
4.556547619064773
4.553571428588583
4.550595238112393
4.5476190476362035
4.544642857160014
4.541666666683824
4.538690476207634
4.535714285731444
4.5327380952552545
4.529761904779065
4.526785714302875
4.523809523826685
4.520833333350495
4.5178571428743055
4.514880952398116
4.511904761921926
4.508928571445736
4.505952380969546
4.5029761904933565
4.500000000017167
4.497023809540977
4.494047619064787
4.491071428588597
4.4880952381124075
4.485119047636218
4.482142857160028
4.479166666683838
4.476190476207648
4.4732142857314585
4.470238095255269
4.467261904779079
4.464285714302889
4.461309523826699
4.4583333333505095
4.45535714287432
4.45238095239813
4.44940476192194
4.44642857144575
4.4434523809695605
4.440476190493371
4.437500000017181
4.434523809540991
4.431547619064801
4.4285714285886115
4.425595238112422
4.422619047636232
4.419642857160042
4.416666666683852
4.4136904762076625
4.410714285731473
4.407738095255283
4.404761904779093
4.401785714302903
4.3988095238267135
4.395833333350524
4.392857142874334
4.389880952398144
4.386904761921954
4.3839285714457645
4.380952380969575
4.377976190493385
4.375000000017195
4.372023809541005
4.3690476190648155
4.366071428588626
4.363095238112436
4.360119047636246
4.357142857160056
4.3541666666838665
4.351190476207677
4.348214285731487
4.345238095255297
4.342261904779107
4.3392857143029175
4.336309523826728
4.333333333350538
4.330357142874348
4.327380952398158
4.3244047619219685
4.321428571445779
4.318452380969589
4.315476190493399
4.312500000017209
4.3095238095410195
4.30654761906483
4.30357142858864
4.30059523811245
4.29761904763626
4.2946428571600705
4.291666666683881
4.288690476207691
4.285714285731501
4.282738095255311
4.2797619047791216
4.276785714302932
4.273809523826742
4.270833333350552
4.267857142874362
4.2648809523981726
4.261904761921983
4.258928571445793
4.255952380969603
4.252976190493413
4.250000000017224
4.247023809541034
4.244047619064844
4.241071428588654
4.238095238112464
4.235119047636275
4.232142857160085
4.229166666683895
4.226190476207705
4.223214285731515
4.220238095255326
4.217261904779136
4.214285714302946
4.211309523826756
4.208333333350566
4.205357142874377
4.202380952398187
4.199404761921997
4.196428571445807
4.193452380969617
4.190476190493428
4.187500000017238
4.184523809541048
4.181547619064858
4.178571428588668
4.175595238112479
4.172619047636289
4.169642857160099
4.166666666683909
4.163690476207719
4.16071428573153
4.15773809525534
4.15476190477915
4.15178571430296
4.14880952382677
4.145833333350581
4.142857142874391
4.139880952398201
4.136904761922011
4.133928571445821
4.130952380969632
4.127976190493442
4.125000000017252
4.122023809541062
4.119047619064872
4.116071428588683
4.113095238112493
4.110119047636303
4.107142857160113
4.104166666683923
4.101190476207734
4.098214285731544
4.095238095255354
4.092261904779164
4.089285714302974
4.086309523826785
4.083333333350595
4.080357142874405
4.077380952398215
4.074404761922025
4.071428571445836
4.068452380969646
4.065476190493456
4.062500000017266
4.059523809541076
4.056547619064887
4.053571428588697
4.050595238112507
4.047619047636317
4.044642857160127
4.041666666683938
4.038690476207748
4.035714285731558
4.032738095255368
4.029761904779178
4.026785714302989
4.023809523826799
4.020833333350609
4.017857142874419
4.014880952398229
4.01190476192204
4.00892857144585
4.00595238096966
4.00297619049347
4.00000000001728
3.9970238095410906
3.994047619064901
3.991071428588711
3.988095238112521
3.9851190476363314
3.9821428571601416
3.979166666683952
3.976190476207762
3.973214285731572
3.9702380952553824
3.9672619047791926
3.964285714303003
3.961309523826813
3.958333333350623
3.9553571428744334
3.9523809523982436
3.949404761922054
3.946428571445864
3.943452380969674
3.9404761904934844
3.9375000000172946
3.934523809541105
3.931547619064915
3.928571428588725
3.9255952381125354
3.9226190476363456
3.919642857160156
3.916666666683966
3.913690476207776
3.9107142857315864
3.9077380952553966
3.904761904779207
3.901785714303017
3.898809523826827
3.8958333333506374
3.8928571428744476
3.889880952398258
3.886904761922068
3.883928571445878
3.8809523809696884
3.8779761904934986
3.875000000017309
3.872023809541119
3.8690476190649292
3.8660714285887394
3.8630952381125496
3.86011904763636
3.85714285716017
3.8541666666839802
3.8511904762077904
3.8482142857316006
3.845238095255411
3.842261904779221
3.8392857143030312
3.8363095238268414
3.8333333333506516
3.830357142874462
3.827380952398272
3.8244047619220822
3.8214285714458924
3.8184523809697026
3.815476190493513
3.812500000017323
3.8095238095411332
3.8065476190649434
3.8035714285887536
3.800595238112564
3.797619047636374
3.7946428571601842
3.7916666666839944
3.7886904762078046
3.785714285731615
3.782738095255425
3.7797619047792352
3.7767857143030454
3.7738095238268556
3.770833333350666
3.767857142874476
3.7648809523982862
3.7619047619220964
3.7589285714459066
3.755952380969717
3.752976190493527
3.7500000000173372
3.7470238095411474
3.7440476190649576
3.741071428588768
3.738095238112578
3.7351190476363882
3.7321428571601984
3.7291666666840086
3.726190476207819
3.723214285731629
3.7202380952554392
3.7172619047792494
3.7142857143030596
3.71130952382687
3.70833333335068
3.7053571428744903
3.7023809523983005
3.6994047619221107
3.696428571445921
3.693452380969731
3.6904761904935413
3.6875000000173515
3.6845238095411617
3.681547619064972
3.678571428588782
3.6755952381125923
3.6726190476364025
3.6696428571602127
3.666666666684023
3.663690476207833
3.6607142857316433
3.6577380952554535
3.6547619047792637
3.651785714303074
3.648809523826884
3.6458333333506943
3.6428571428745045
3.6398809523983147
3.636904761922125
3.633928571445935
3.6309523809697453
3.6279761904935555
3.6250000000173657
3.622023809541176
3.619047619064986
3.6160714285887963
3.6130952381126065
3.6101190476364167
3.607142857160227
3.604166666684037
3.6011904762078473
3.5982142857316575
3.5952380952554677
3.592261904779278
3.589285714303088
3.5863095238268983
3.5833333333507085
3.5803571428745187
3.577380952398329
3.574404761922139
3.5714285714459493
3.5684523809697595
3.5654761904935697
3.56250000001738
3.55952380954119
3.5565476190650003
3.5535714285888105
3.5505952381126207
3.547619047636431
3.544642857160241
3.5416666666840513
3.5386904762078615
3.5357142857316717
3.532738095255482
3.529761904779292
3.5267857143031023
3.5238095238269125
3.5208333333507227
3.517857142874533
3.514880952398343
3.5119047619221533
3.5089285714459635
3.5059523809697737
3.502976190493584
3.500000000017394
3.4970238095412043
3.4940476190650145
3.4910714285888247
3.488095238112635
3.485119047636445
3.4821428571602553
3.4791666666840655
3.4761904762078757
3.473214285731686
3.470238095255496
3.4672619047793063
3.4642857143031165
3.4613095238269267
3.458333333350737
3.455357142874547
3.4523809523983573
3.4494047619221675
3.4464285714459777
3.443452380969788
3.440476190493598
3.4375000000174083
3.4345238095412185
3.4315476190650287
3.428571428588839
3.425595238112649
3.4226190476364593
3.4196428571602695
3.4166666666840797
3.41369047620789
3.4107142857317
3.4077380952555103
3.4047619047793205
3.4017857143031307
3.398809523826941
3.395833333350751
3.3928571428745613
3.3898809523983715
3.3869047619221817
3.383928571445992
3.380952380969802
3.3779761904936123
3.3750000000174225
3.3720238095412327
3.369047619065043
3.366071428588853
3.3630952381126633
3.3601190476364735
3.3571428571602837
3.354166666684094
3.351190476207904
3.3482142857317143
3.3452380952555245
3.3422619047793347
3.339285714303145
3.336309523826955
3.3333333333507653
3.3303571428745755
3.3273809523983857
3.324404761922196
3.321428571446006
3.3184523809698163
3.3154761904936265
3.3125000000174367
3.309523809541247
3.306547619065057
3.3035714285888673
3.3005952381126775
3.2976190476364877
3.294642857160298
3.291666666684108
3.2886904762079183
3.2857142857317285
3.2827380952555387
3.279761904779349
3.276785714303159
3.2738095238269693
3.2708333333507795
3.2678571428745897
3.2648809523984
3.26190476192221
3.2589285714460203
3.2559523809698305
3.2529761904936407
3.250000000017451
3.247023809541261
3.2440476190650713
3.2410714285888815
3.2380952381126917
3.235119047636502
3.232142857160312
3.2291666666841223
3.2261904762079325
3.2232142857317427
3.220238095255553
3.217261904779363
3.2142857143031733
3.2113095238269835
3.2083333333507937
3.205357142874604
3.202380952398414
3.1994047619222243
3.1964285714460345
3.1934523809698447
3.190476190493655
3.187500000017465
3.1845238095412753
3.1815476190650855
3.1785714285888957
3.175595238112706
3.172619047636516
3.1696428571603263
3.1666666666841365
3.1636904762079467
3.160714285731757
3.157738095255567
3.1547619047793773
3.1517857143031875
3.1488095238269977
3.145833333350808
3.142857142874618
3.1398809523984283
3.1369047619222385
3.1339285714460487
3.130952380969859
3.127976190493669
3.1250000000174794
3.1220238095412896
3.1190476190650998
3.11607142858891
3.11309523811272
3.1101190476365304
3.1071428571603406
3.1041666666841508
3.101190476207961
3.098214285731771
3.0952380952555814
3.0922619047793916
3.0892857143032018
3.086309523827012
3.083333333350822
3.0803571428746324
3.0773809523984426
3.0744047619222528
3.071428571446063
3.068452380969873
3.0654761904936834
3.0625000000174936
3.0595238095413038
3.056547619065114
3.053571428588924
3.0505952381127344
3.0476190476365446
3.0446428571603548
3.041666666684165
3.038690476207975
3.0357142857317854
3.0327380952555956
3.0297619047794058
3.026785714303216
3.023809523827026
3.0208333333508364
3.0178571428746466
3.0148809523984568
3.011904761922267
3.008928571446077
3.0059523809698874
3.0029761904936976
3.0000000000175078
2.997023809541318
2.994047619065128
2.9910714285889384
2.9880952381127486
2.9851190476365588
2.982142857160369
2.979166666684179
2.9761904762079894
2.9732142857317996
2.97023809525561
2.96726190477942
2.96428571430323
2.9613095238270404
2.9583333333508506
2.955357142874661
2.952380952398471
2.949404761922281
2.9464285714460914
2.9434523809699016
2.940476190493712
2.937500000017522
2.934523809541332
2.9315476190651424
2.9285714285889526
2.925595238112763
2.922619047636573
2.919642857160383
2.9166666666841934
2.9136904762080036
2.910714285731814
2.907738095255624
2.904761904779434
2.9017857143032444
2.8988095238270546
2.895833333350865
2.892857142874675
2.889880952398485
2.8869047619222954
2.8839285714461056
2.880952380969916
2.877976190493726
2.875000000017536
2.8720238095413464
2.8690476190651566
2.866071428588967
2.863095238112777
2.860119047636587
2.8571428571603974
2.8541666666842076
2.851190476208018
2.848214285731828
2.845238095255638
2.8422619047794484
2.8392857143032586
2.836309523827069
2.833333333350879
2.830357142874689
2.8273809523984994
2.8244047619223096
2.82142857144612
2.81845238096993
2.81547619049374
2.8125000000175504
2.8095238095413606
2.806547619065171
2.803571428588981
2.800595238112791
2.7976190476366014
2.7946428571604116
2.791666666684222
2.788690476208032
2.785714285731842
2.7827380952556524
2.7797619047794626
2.776785714303273
2.773809523827083
2.770833333350893
2.7678571428747034
2.7648809523985136
2.761904761922324
2.758928571446134
2.755952380969944
2.7529761904937544
2.7500000000175646
2.747023809541375
2.744047619065185
2.741071428588995
2.7380952381128054
2.7351190476366156
2.732142857160426
2.729166666684236
2.726190476208046
2.7232142857318564
2.7202380952556666
2.717261904779477
2.714285714303287
2.7113095238270972
2.7083333333509074
2.7053571428747176
2.702380952398528
2.699404761922338
2.6964285714461482
2.6934523809699584
2.6904761904937686
2.687500000017579
2.684523809541389
2.6815476190651992
2.6785714285890094
2.6755952381128196
2.67261904763663
2.66964285716044
2.6666666666842502
2.6636904762080604
2.6607142857318706
2.657738095255681
2.654761904779491
2.6517857143033012
2.6488095238271114
2.6458333333509216
2.642857142874732
2.639880952398542
2.6369047619223522
2.6339285714461624
2.6309523809699726
2.627976190493783
2.625000000017593
2.6220238095414032
2.6190476190652134
2.6160714285890236
2.613095238112834
2.610119047636644
2.6071428571604542
2.6041666666842644
2.6011904762080746
2.598214285731885
2.595238095255695
2.5922619047795052
2.5892857143033154
2.5863095238271256
2.583333333350936
2.580357142874746
2.5773809523985562
2.5744047619223664
2.5714285714461766
2.568452380969987
2.565476190493797
2.5625000000176072
2.5595238095414174
2.5565476190652277
2.553571428589038
2.550595238112848
2.5476190476366583
2.5446428571604685
2.5416666666842787
2.538690476208089
2.535714285731899
2.5327380952557093
2.5297619047795195
2.5267857143033297
2.52380952382714
2.52083333335095
2.5178571428747603
2.5148809523985705
2.5119047619223807
2.508928571446191
2.505952380970001
2.5029761904938113
2.5000000000176215
2.4970238095414317
2.494047619065242
2.491071428589052
2.4880952381128623
2.4851190476366725
2.4821428571604827
2.479166666684293
2.476190476208103
2.4732142857319133
2.4702380952557235
2.4672619047795337
2.464285714303344
2.461309523827154
2.4583333333509643
2.4553571428747745
2.4523809523985847
2.449404761922395
2.446428571446205
2.4434523809700153
2.4404761904938255
2.4375000000176357
2.434523809541446
2.431547619065256
2.4285714285890663
2.4255952381128765
2.4226190476366867
2.419642857160497
2.416666666684307
2.4136904762081173
2.4107142857319275
2.4077380952557377
2.404761904779548
2.401785714303358
2.3988095238271683
2.3958333333509785
2.3928571428747887
2.389880952398599
2.386904761922409
2.3839285714462193
2.3809523809700295
2.3779761904938397
2.37500000001765
2.37202380954146
2.3690476190652703
2.3660714285890805
2.3630952381128907
2.360119047636701
2.357142857160511
2.3541666666843213
2.3511904762081315
2.3482142857319417
2.345238095255752
2.342261904779562
2.3392857143033723
2.3363095238271825
2.3333333333509927
2.330357142874803
2.327380952398613
2.3244047619224233
2.3214285714462335
2.3184523809700437
2.315476190493854
2.312500000017664
2.3095238095414743
2.3065476190652845
2.3035714285890947
2.300595238112905
2.297619047636715
2.2946428571605253
2.2916666666843355
2.2886904762081457
2.285714285731956
2.282738095255766
2.2797619047795763
2.2767857143033865
2.2738095238271967
2.270833333351007
2.267857142874817
2.2648809523986273
2.2619047619224375
2.2589285714462477
2.255952380970058
2.252976190493868
2.2500000000176783
2.2470238095414885
2.2440476190652987
2.241071428589109
2.238095238112919
2.2351190476367293
2.2321428571605395
2.2291666666843497
2.22619047620816
2.22321428573197
2.2202380952557803
2.2172619047795905
2.2142857143034007
2.211309523827211
2.208333333351021
2.2053571428748313
2.2023809523986415
2.1994047619224517
2.196428571446262
2.193452380970072
2.1904761904938823
2.1875000000176925
2.1845238095415027
2.181547619065313
2.178571428589123
2.1755952381129333
2.1726190476367435
2.1696428571605537
2.166666666684364
2.163690476208174
2.1607142857319843
2.1577380952557945
2.1547619047796047
2.151785714303415
2.148809523827225
2.1458333333510353
2.1428571428748455
2.1398809523986557
2.136904761922466
2.133928571446276
2.1309523809700863
2.1279761904938965
2.1250000000177067
2.122023809541517
2.119047619065327
2.1160714285891373
2.1130952381129475
2.1101190476367577
2.107142857160568
2.104166666684378
2.1011904762081883
2.0982142857319985
2.0952380952558087
2.092261904779619
2.089285714303429
2.0863095238272393
2.0833333333510495
2.0803571428748597
2.07738095239867
2.07440476192248
2.0714285714462903
2.0684523809701005
2.0654761904939107
2.062500000017721
2.059523809541531
2.0565476190653413
2.0535714285891515
2.0505952381129617
2.047619047636772
2.044642857160582
2.0416666666843923
2.0386904762082025
2.0357142857320127
2.032738095255823
2.029761904779633
2.0267857143034433
2.0238095238272535
2.0208333333510637
2.017857142874874
2.014880952398684
2.0119047619224943
2.0089285714463045
2.0059523809701147
2.002976190493925
2.000000000017735
1.9970238095415453
1.9940476190653555
1.9910714285891657
1.988095238112976
1.9851190476367861
1.9821428571605963
1.9791666666844066
1.9761904762082168
1.973214285732027
1.9702380952558372
1.9672619047796474
1.9642857143034576
1.9613095238272678
1.958333333351078
1.9553571428748882
1.9523809523986984
1.9494047619225086
1.9464285714463188
1.943452380970129
1.9404761904939392
1.9375000000177494
1.9345238095415596
1.9315476190653698
1.92857142858918
1.9255952381129902
1.9226190476368004
1.9196428571606106
1.9166666666844208
1.913690476208231
1.9107142857320412
1.9077380952558514
1.9047619047796616
1.9017857143034718
1.898809523827282
1.8958333333510922
1.8928571428749024
1.8898809523987126
1.8869047619225228
1.883928571446333
1.8809523809701432
1.8779761904939534
1.8750000000177636
1.8720238095415738
1.869047619065384
1.8660714285891942
1.8630952381130044
1.8601190476368146
1.8571428571606248
1.854166666684435
1.8511904762082452
1.8482142857320554
1.8452380952558656
1.8422619047796758
1.839285714303486
1.8363095238272962
1.8333333333511064
1.8303571428749166
1.8273809523987268
1.824404761922537
1.8214285714463472
1.8184523809701574
1.8154761904939676
1.8125000000177778
1.809523809541588
1.8065476190653982
1.8035714285892084
1.8005952381130186
1.7976190476368288
1.794642857160639
1.7916666666844492
1.7886904762082594
1.7857142857320696
1.7827380952558798
1.77976190477969
1.7767857143035002
1.7738095238273104
1.7708333333511206
1.7678571428749308
1.764880952398741
1.7619047619225512
1.7589285714463614
1.7559523809701716
1.7529761904939818
1.750000000017792
1.7470238095416022
1.7440476190654124
1.7410714285892226
1.7380952381130328
1.735119047636843
1.7321428571606532
1.7291666666844634
1.7261904762082736
1.7232142857320838
1.720238095255894
1.7172619047797042
1.7142857143035144
1.7113095238273246
1.7083333333511348
1.705357142874945
1.7023809523987552
1.6994047619225654
1.6964285714463756
1.6934523809701858
1.690476190493996
1.6875000000178062
1.6845238095416164
1.6815476190654266
1.6785714285892368
1.675595238113047
1.6726190476368572
1.6696428571606674
1.6666666666844776
1.6636904762082878
1.660714285732098
1.6577380952559082
1.6547619047797184
1.6517857143035286
1.6488095238273388
1.645833333351149
1.6428571428749592
1.6398809523987694
1.6369047619225796
1.6339285714463898
1.6309523809702
1.6279761904940102
1.6250000000178204
1.6220238095416306
1.6190476190654408
1.616071428589251
1.6130952381130612
1.6101190476368714
1.6071428571606816
1.6041666666844918
1.601190476208302
1.5982142857321122
1.5952380952559224
1.5922619047797326
1.5892857143035428
1.586309523827353
1.5833333333511632
1.5803571428749734
1.5773809523987836
1.5744047619225938
1.571428571446404
1.5684523809702142
1.5654761904940244
1.5625000000178346
1.5595238095416448
1.556547619065455
1.5535714285892652
1.5505952381130754
1.5476190476368856
1.5446428571606958
1.541666666684506
1.5386904762083162
1.5357142857321264
1.5327380952559366
1.5297619047797468
1.526785714303557
1.5238095238273672
1.5208333333511774
1.5178571428749876
1.5148809523987978
1.511904761922608
1.5089285714464182
1.5059523809702284
1.5029761904940386
1.5000000000178488
1.497023809541659
1.4940476190654692
1.4910714285892794
1.4880952381130896
1.4851190476368998
1.48214285716071
1.4791666666845202
1.4761904762083304
1.4732142857321406
1.4702380952559508
1.467261904779761
1.4642857143035712
1.4613095238273814
1.4583333333511916
1.4553571428750018
1.452380952398812
1.4494047619226222
1.4464285714464324
1.4434523809702426
1.4404761904940528
1.437500000017863
1.4345238095416732
1.4315476190654834
1.4285714285892936
1.4255952381131038
1.422619047636914
1.4196428571607242
1.4166666666845344
1.4136904762083446
1.4107142857321548
1.407738095255965
1.4047619047797753
1.4017857143035855
1.3988095238273957
1.3958333333512059
1.392857142875016
1.3898809523988263
1.3869047619226365
1.3839285714464467
1.3809523809702569
1.377976190494067
1.3750000000178773
1.3720238095416875
1.3690476190654977
1.3660714285893079
1.363095238113118
1.3601190476369283
1.3571428571607385
1.3541666666845487
1.3511904762083589
1.348214285732169
1.3452380952559793
1.3422619047797895
1.3392857143035997
1.3363095238274099
1.33333333335122
1.3303571428750303
1.3273809523988405
1.3244047619226507
1.3214285714464609
1.318452380970271
1.3154761904940813
1.3125000000178915
1.3095238095417017
1.3065476190655119
1.303571428589322
1.3005952381131323
1.2976190476369425
1.2946428571607527
1.2916666666845629
1.288690476208373
1.2857142857321833
1.2827380952559935
1.2797619047798037
1.2767857143036139
1.273809523827424
1.2708333333512343
1.2678571428750445
1.2648809523988547
1.2619047619226649
1.258928571446475
1.2559523809702853
1.2529761904940955
1.2500000000179057
1.2470238095417159
1.244047619065526
1.2410714285893363
1.2380952381131465
1.2351190476369567
1.2321428571607669
1.229166666684577
1.2261904762083873
1.2232142857321975
1.2202380952560077
1.2172619047798179
1.214285714303628
1.2113095238274383
1.2083333333512485
1.2053571428750587
1.2023809523988689
1.199404761922679
1.1964285714464893
1.1934523809702995
1.1904761904941097
1.1875000000179199
1.18452380954173
1.1815476190655403
1.1785714285893505
1.1755952381131607
1.172619047636971
1.169642857160781
1.1666666666845913
1.1636904762084015
1.1607142857322117
1.157738095256022
1.154761904779832
1.1517857143036423
1.1488095238274525
1.1458333333512627
1.142857142875073
1.139880952398883
1.1369047619226933
1.1339285714465035
1.1309523809703137
1.127976190494124
1.125000000017934
1.1220238095417443
1.1190476190655545
1.1160714285893647
1.113095238113175
1.110119047636985
1.1071428571607953
1.1041666666846055
1.1011904762084157
1.098214285732226
1.095238095256036
1.0922619047798463
1.0892857143036565
1.0863095238274667
1.083333333351277
1.080357142875087
1.0773809523988973
1.0744047619227075
1.0714285714465177
1.068452380970328
1.065476190494138
1.0625000000179483
1.0595238095417585
1.0565476190655687
1.053571428589379
1.0505952381131891
1.0476190476369993
1.0446428571608095
1.0416666666846197
1.03869047620843
1.0357142857322401
1.0327380952560503
1.0297619047798605
1.0267857143036707
1.023809523827481
1.0208333333512911
1.0178571428751013
1.0148809523989115
1.0119047619227217
1.008928571446532
1.0059523809703421
1.0029761904941523
1.0000000000179625
0.9970238095417727
0.9940476190655829
0.9910714285893931
0.9880952381132033
0.9851190476370135
0.9821428571608237
0.9791666666846339
0.9761904762084441
0.9732142857322543
0.9702380952560645
0.9672619047798747
0.9642857143036849
0.9613095238274951
0.9583333333513053
0.9553571428751155
0.9523809523989257
0.9494047619227359
0.9464285714465461
0.9434523809703563
0.9404761904941665
0.9375000000179767
0.9345238095417869
0.9315476190655971
0.9285714285894073
0.9255952381132175
0.9226190476370277
0.9196428571608379
0.9166666666846481
0.9136904762084583
0.9107142857322685
0.9077380952560787
0.9047619047798889
0.9017857143036991
0.8988095238275093
0.8958333333513195
0.8928571428751297
0.8898809523989399
0.8869047619227501
0.8839285714465603
0.8809523809703705
0.8779761904941807
0.8750000000179909
0.8720238095418011
0.8690476190656113
0.8660714285894215
0.8630952381132317
0.860119047637042
0.8571428571608521
0.8541666666846623
0.8511904762084725
0.8482142857322827
0.845238095256093
0.8422619047799031
0.8392857143037133
0.8363095238275235
0.8333333333513337
0.830357142875144
0.8273809523989542
0.8244047619227644
0.8214285714465746
0.8184523809703848
0.815476190494195
0.8125000000180052
0.8095238095418154
0.8065476190656256
0.8035714285894358
0.800595238113246
0.7976190476370562
0.7946428571608664
0.7916666666846766
0.7886904762084868
0.785714285732297
0.7827380952561072
0.7797619047799174
0.7767857143037276
0.7738095238275378
0.770833333351348
0.7678571428751582
0.7648809523989684
0.7619047619227786
0.7589285714465888
0.755952380970399
0.7529761904942092
0.7500000000180194
0.7470238095418296
0.7440476190656398
0.74107142858945
0.7380952381132602
0.7351190476370704
0.7321428571608806
0.7291666666846908
0.726190476208501
0.7232142857323112
0.7202380952561214
0.7172619047799316
0.7142857143037418
0.711309523827552
0.7083333333513622
0.7053571428751724
0.7023809523989826
0.6994047619227928
0.696428571446603
0.6934523809704132
0.6904761904942234
0.6875000000180336
0.6845238095418438
0.681547619065654
0.6785714285894642
0.6755952381132744
0.6726190476370846
0.6696428571608948
0.666666666684705
0.6636904762085152
0.6607142857323254
0.6577380952561356
0.6547619047799458
0.651785714303756
0.6488095238275662
0.6458333333513764
0.6428571428751866
0.6398809523989968
0.636904761922807
0.6339285714466172
0.6309523809704274
0.6279761904942376
0.6250000000180478
0.622023809541858
0.6190476190656682
0.6160714285894784
0.6130952381132886
0.6101190476370988
0.607142857160909
0.6041666666847192
0.6011904762085294
0.5982142857323396
0.5952380952561498
0.59226190477996
0.5892857143037702
0.5863095238275804
0.5833333333513906
0.5803571428752008
0.577380952399011
0.5744047619228212
0.5714285714466314
0.5684523809704416
0.5654761904942518
0.562500000018062
0.5595238095418722
0.5565476190656824
0.5535714285894926
0.5505952381133028
0.547619047637113
0.5446428571609232
0.5416666666847334
0.5386904762085436
0.5357142857323538
0.532738095256164
0.5297619047799742
0.5267857143037844
0.5238095238275946
0.5208333333514048
0.517857142875215
0.5148809523990252
0.5119047619228354
0.5089285714466456
0.5059523809704558
0.502976190494266
0.5000000000180762
0.4970238095418864
0.4940476190656966
0.4910714285895068
0.488095238113317
0.4851190476371272
0.4821428571609374
0.4791666666847476
0.4761904762085578
0.473214285732368
0.4702380952561782
0.4672619047799884
0.4642857143037986
0.4613095238276088
0.458333333351419
0.4553571428752292
0.4523809523990394
0.4494047619228496
0.4464285714466598
0.44345238097047
0.4404761904942802
0.4375000000180904
0.4345238095419006
0.4315476190657108
0.428571428589521
0.4255952381133312
0.4226190476371414
0.4196428571609516
0.4166666666847618
0.413690476208572
0.4107142857323822
0.4077380952561924
0.4047619047800026
0.4017857143038128
0.398809523827623
0.3958333333514332
0.3928571428752434
0.3898809523990536
0.3869047619228638
0.383928571446674
0.38095238097048423
0.37797619049429443
0.37500000001810463
0.37202380954191483
0.36904761906572503
0.36607142858953523
0.36309523811334543
0.36011904763715563
0.35714285716096583
0.35416666668477603
0.35119047620858623
0.34821428573239643
0.34523809525620663
0.34226190478001683
0.33928571430382704
0.33630952382763724
0.33333333335144744
0.33035714287525764
0.32738095239906784
0.32440476192287804
0.32142857144668824
0.31845238097049844
0.31547619049430864
0.31250000001811884
0.30952380954192904
0.30654761906573924
0.30357142858954944
0.30059523811335964
0.29761904763716984
0.29464285716098004
0.29166666668479024
0.28869047620860044
0.28571428573241064
0.28273809525622084
0.27976190478003105
0.27678571430384125
0.27380952382765145
0.27083333335146165
0.26785714287527185
0.26488095239908205
0.26190476192289225
0.25892857144670245
0.25595238097051265
0.25297619049432285
0.25000000001813305
0.24702380954194325
0.24404761906575345
0.24107142858956365
0.23809523811337385
0.23511904763718405
0.23214285716099425
0.22916666668480445
0.22619047620861465
0.22321428573242486
0.22023809525623506
0.21726190478004526
0.21428571430385546
0.21130952382766566
0.20833333335147586
0.20535714287528606
0.20238095239909626
0.19940476192290646
0.19642857144671666
0.19345238097052686
0.19047619049433706
0.18750000001814726
0.18452380954195746
0.18154761906576766
0.17857142858957786
0.17559523811338806
0.17261904763719826
0.16964285716100846
0.16666666668481867
0.16369047620862887
0.16071428573243907
0.15773809525624927
0.15476190478005947
0.15178571430386967
0.14880952382767987
0.14583333335149007
0.14285714287530027
0.13988095239911047
0.13690476192292067
0.13392857144673087
0.13095238097054107
0.12797619049435127
0.12500000001816147
0.12202380954197167
0.11904761906578187
0.11607142858959207
0.11309523811340227
0.11011904763721247
0.10714285716102268
0.10416666668483288
0.10119047620864308
0.09821428573245328
0.09523809525626348
0.09226190478007368
0.08928571430388388
0.08630952382769408
0.08333333335150428
0.08035714287531448
0.07738095239912468
0.07440476192293488
0.07142857144674508
0.06845238097055528
0.06547619049436548
0.06250000001817568
0.059523809541985884
0.056547619065796084
0.053571428589606285
0.050595238113416485
0.047619047637226686
0.044642857161036886
0.04166666668484709
0.03869047620865729
0.03571428573246749
0.03273809525627769
0.02976190478008789
0.02678571430389809
0.02380952382770829
0.02083333335151849
0.01785714287532869
0.014880952399138891
0.011904761922949092
0.008928571446759292
0.005952380970569493
0.0029761904943796935
1.8189894035458565E-11
-0.0029761904579999054
-0.005952380934189705
-0.008928571410379504
-0.011904761886569304
-0.014880952362759103
-0.017857142838948903
-0.020833333315138702
-0.023809523791328502
-0.0267857142675183
-0.0297619047437081
-0.0327380952198979
-0.0357142856960877
-0.0386904761722775
-0.0416666666484673
-0.0446428571246571
-0.0476190476008469
-0.0505952380770367
-0.0535714285532265
-0.056547619029416296
-0.059523809505606096
-0.062499999981795895
-0.0654761904579857
-0.0684523809341755
-0.0714285714103653
-0.07440476188655509
-0.07738095236274489
-0.08035714283893469
-0.08333333331512449
-0.08630952379131429
-0.08928571426750409
-0.09226190474369389
-0.09523809521988369
-0.09821428569607349
-0.10119047617226329
-0.10416666664845309
-0.10714285712464289
-0.11011904760083269
-0.11309523807702249
-0.11607142855321229
-0.11904761902940209
-0.12202380950559188
-0.12499999998178168
-0.12797619045797148
-0.13095238093416128
-0.13392857141035108
-0.13690476188654088
-0.13988095236273068
-0.14285714283892048
-0.14583333331511028
-0.14880952379130008
-0.15178571426748988
-0.15476190474367968
-0.15773809521986948
-0.16071428569605928
-0.16369047617224908
-0.16666666664843888
-0.16964285712462868
-0.17261904760081848
-0.17559523807700828
-0.17857142855319807
-0.18154761902938787
-0.18452380950557767
-0.18749999998176747
-0.19047619045795727
-0.19345238093414707
-0.19642857141033687
-0.19940476188652667
-0.20238095236271647
-0.20535714283890627
-0.20833333331509607
-0.21130952379128587
-0.21428571426747567
-0.21726190474366547
-0.22023809521985527
-0.22321428569604507
-0.22619047617223487
-0.22916666664842467
-0.23214285712461447
-0.23511904760080427
-0.23809523807699406
-0.24107142855318386
-0.24404761902937366
-0.24702380950556346
-0.24999999998175326
-0.25297619045794306
-0.25595238093413286
-0.25892857141032266
-0.26190476188651246
-0.26488095236270226
-0.26785714283889206
-0.27083333331508186
-0.27380952379127166
-0.27678571426746146
-0.27976190474365126
-0.28273809521984106
-0.28571428569603086
-0.28869047617222066
-0.29166666664841046
-0.29464285712460025
-0.29761904760079005
-0.30059523807697985
-0.30357142855316965
-0.30654761902935945
-0.30952380950554925
-0.31249999998173905
-0.31547619045792885
-0.31845238093411865
-0.32142857141030845
-0.32440476188649825
-0.32738095236268805
-0.33035714283887785
-0.33333333331506765
-0.33630952379125745
-0.33928571426744725
-0.34226190474363705
-0.34523809521982685
-0.34821428569601665
-0.35119047617220644
-0.35416666664839624
-0.35714285712458604
-0.36011904760077584
-0.36309523807696564
-0.36607142855315544
-0.36904761902934524
-0.37202380950553504
-0.37499999998172484
-0.37797619045791464
-0.38095238093410444
-0.38392857141029424
-0.38690476188648404
-0.38988095236267384
-0.39285714283886364
-0.39583333331505344
-0.39880952379124324
-0.40178571426743304
-0.40476190474362284
-0.40773809521981264
-0.41071428569600243
-0.41369047617219223
-0.41666666664838203
-0.41964285712457183
-0.42261904760076163
-0.42559523807695143
-0.42857142855314123
-0.43154761902933103
-0.43452380950552083
-0.43749999998171063
-0.44047619045790043
-0.44345238093409023
-0.44642857141028003
-0.44940476188646983
-0.4523809523626596
-0.4553571428388494
-0.4583333333150392
-0.461309523791229
-0.4642857142674188
-0.4672619047436086
-0.4702380952197984
-0.4732142856959882
-0.476190476172178
-0.4791666666483678
-0.4821428571245576
-0.4851190476007474
-0.4880952380769372
-0.491071428553127
-0.4940476190293168
-0.4970238095055066
-0.4999999999816964
-0.5029761904578862
-0.505952380934076
-0.5089285714102658
-0.5119047618864556
-0.5148809523626454
-0.5178571428388352
-0.520833333315025
-0.5238095237912148
-0.5267857142674046
-0.5297619047435944
-0.5327380952197842
-0.535714285695974
-0.5386904761721638
-0.5416666666483536
-0.5446428571245434
-0.5476190476007332
-0.550595238076923
-0.5535714285531128
-0.5565476190293026
-0.5595238095054924
-0.5624999999816822
-0.565476190457872
-0.5684523809340618
-0.5714285714102516
-0.5744047618864414
-0.5773809523626312
-0.580357142838821
-0.5833333333150108
-0.5863095237912006
-0.5892857142673904
-0.5922619047435802
-0.59523809521977
-0.5982142856959598
-0.6011904761721496
-0.6041666666483394
-0.6071428571245292
-0.610119047600719
-0.6130952380769088
-0.6160714285530986
-0.6190476190292884
-0.6220238095054782
-0.624999999981668
-0.6279761904578578
-0.6309523809340476
-0.6339285714102374
-0.6369047618864272
-0.639880952362617
-0.6428571428388068
-0.6458333333149966
-0.6488095237911864
-0.6517857142673762
-0.654761904743566
-0.6577380952197558
-0.6607142856959456
-0.6636904761721354
-0.6666666666483252
-0.669642857124515
-0.6726190476007048
-0.6755952380768946
-0.6785714285530844
-0.6815476190292742
-0.684523809505464
-0.6874999999816538
-0.6904761904578436
-0.6934523809340334
-0.6964285714102232
-0.699404761886413
-0.7023809523626028
-0.7053571428387926
-0.7083333333149824
-0.7113095237911722
-0.714285714267362
-0.7172619047435518
-0.7202380952197416
-0.7232142856959314
-0.7261904761721212
-0.729166666648311
-0.7321428571245008
-0.7351190476006906
-0.7380952380768804
-0.7410714285530702
-0.74404761902926
-0.7470238095054498
-0.7499999999816396
-0.7529761904578294
-0.7559523809340192
-0.758928571410209
-0.7619047618863988
-0.7648809523625886
-0.7678571428387784
-0.7708333333149682
-0.773809523791158
-0.7767857142673478
-0.7797619047435376
-0.7827380952197274
-0.7857142856959172
-0.788690476172107
-0.7916666666482968
-0.7946428571244866
-0.7976190476006764
-0.8005952380768662
-0.803571428553056
-0.8065476190292458
-0.8095238095054356
-0.8124999999816254
-0.8154761904578152
-0.818452380934005
-0.8214285714101948
-0.8244047618863846
-0.8273809523625744
-0.8303571428387642
-0.833333333314954
-0.8363095237911438
-0.8392857142673336
-0.8422619047435234
-0.8452380952197132
-0.848214285695903
-0.8511904761720928
-0.8541666666482826
-0.8571428571244724
-0.8601190476006622
-0.863095238076852
-0.8660714285530418
-0.8690476190292316
-0.8720238095054214
-0.8749999999816112
-0.877976190457801
-0.8809523809339908
-0.8839285714101806
-0.8869047618863704
-0.8898809523625602
-0.89285714283875
-0.8958333333149398
-0.8988095237911295
-0.9017857142673193
-0.9047619047435091
-0.907738095219699
-0.9107142856958887
-0.9136904761720785
-0.9166666666482683
-0.9196428571244581
-0.922619047600648
-0.9255952380768377
-0.9285714285530275
-0.9315476190292173
-0.9345238095054071
-0.9374999999815969
-0.9404761904577867
-0.9434523809339765
-0.9464285714101663
-0.9494047618863561
-0.9523809523625459
-0.9553571428387357
-0.9583333333149255
-0.9613095237911153
-0.9642857142673051
-0.9672619047434949
-0.9702380952196847
-0.9732142856958745
-0.9761904761720643
-0.9791666666482541
-0.9821428571244439
-0.9851190476006337
-0.9880952380768235
-0.9910714285530133
-0.9940476190292031
-0.9970238095053929
-0.9999999999815827
-1.0029761904577725
-1.0059523809339623
-1.0089285714101521
-1.011904761886342
-1.0148809523625317
-1.0178571428387215
-1.0208333333149113
-1.0238095237911011
-1.026785714267291
-1.0297619047434807
-1.0327380952196705
-1.0357142856958603
-1.0386904761720501
-1.04166666664824
-1.0446428571244297
-1.0476190476006195
-1.0505952380768093
-1.0535714285529991
-1.056547619029189
-1.0595238095053787
-1.0624999999815685
-1.0654761904577583
-1.0684523809339481
-1.071428571410138
-1.0744047618863277
-1.0773809523625175
-1.0803571428387073
-1.0833333333148971
-1.086309523791087
-1.0892857142672767
-1.0922619047434665
-1.0952380952196563
-1.0982142856958461
-1.101190476172036
-1.1041666666482257
-1.1071428571244155
-1.1101190476006053
-1.1130952380767951
-1.116071428552985
-1.1190476190291747
-1.1220238095053645
-1.1249999999815543
-1.127976190457744
-1.130952380933934
-1.1339285714101237
-1.1369047618863135
-1.1398809523625033
-1.142857142838693
-1.145833333314883
-1.1488095237910727
-1.1517857142672625
-1.1547619047434523
-1.157738095219642
-1.160714285695832
-1.1636904761720217
-1.1666666666482115
-1.1696428571244013
-1.172619047600591
-1.175595238076781
-1.1785714285529707
-1.1815476190291605
-1.1845238095053503
-1.18749999998154
-1.19047619045773
-1.1934523809339197
-1.1964285714101095
-1.1994047618862993
-1.202380952362489
-1.205357142838679
-1.2083333333148687
-1.2113095237910585
-1.2142857142672483
-1.217261904743438
-1.220238095219628
-1.2232142856958177
-1.2261904761720075
-1.2291666666481973
-1.232142857124387
-1.235119047600577
-1.2380952380767667
-1.2410714285529565
-1.2440476190291463
-1.247023809505336
-1.2499999999815259
-1.2529761904577157
-1.2559523809339055
-1.2589285714100953
-1.261904761886285
-1.2648809523624749
-1.2678571428386647
-1.2708333333148545
-1.2738095237910443
-1.276785714267234
-1.2797619047434239
-1.2827380952196137
-1.2857142856958035
-1.2886904761719933
-1.291666666648183
-1.2946428571243729
-1.2976190476005627
-1.3005952380767525
-1.3035714285529423
-1.306547619029132
-1.3095238095053219
-1.3124999999815117
-1.3154761904577015
-1.3184523809338913
-1.321428571410081
-1.3244047618862709
-1.3273809523624607
-1.3303571428386505
-1.3333333333148403
-1.33630952379103
-1.3392857142672199
-1.3422619047434097
-1.3452380952195995
-1.3482142856957893
-1.351190476171979
-1.3541666666481689
-1.3571428571243587
-1.3601190476005485
-1.3630952380767383
-1.366071428552928
-1.3690476190291179
-1.3720238095053077
-1.3749999999814975
-1.3779761904576873
-1.380952380933877
-1.3839285714100669
-1.3869047618862567
-1.3898809523624465
-1.3928571428386363
-1.395833333314826
-1.3988095237910159
-1.4017857142672057
-1.4047619047433955
-1.4077380952195853
-1.410714285695775
-1.4136904761719649
-1.4166666666481547
-1.4196428571243445
-1.4226190476005343
-1.425595238076724
-1.4285714285529139
-1.4315476190291037
-1.4345238095052935
-1.4374999999814833
-1.440476190457673
-1.4434523809338629
-1.4464285714100527
-1.4494047618862425
-1.4523809523624323
-1.455357142838622
-1.4583333333148119
-1.4613095237910017
-1.4642857142671915
-1.4672619047433813
-1.470238095219571
-1.4732142856957609
-1.4761904761719506
-1.4791666666481404
-1.4821428571243302
-1.48511904760052
-1.4880952380767098
-1.4910714285528996
-1.4940476190290894
-1.4970238095052792
-1.499999999981469
-1.5029761904576588
-1.5059523809338486
-1.5089285714100384
-1.5119047618862282
-1.514880952362418
-1.5178571428386078
-1.5208333333147976
-1.5238095237909874
-1.5267857142671772
-1.529761904743367
-1.5327380952195568
-1.5357142856957466
-1.5386904761719364
-1.5416666666481262
-1.544642857124316
-1.5476190476005058
-1.5505952380766956
-1.5535714285528854
-1.5565476190290752
-1.559523809505265
-1.5624999999814548
-1.5654761904576446
-1.5684523809338344
-1.5714285714100242
-1.574404761886214
-1.5773809523624038
-1.5803571428385936
-1.5833333333147834
-1.5863095237909732
-1.589285714267163
-1.5922619047433528
-1.5952380952195426
-1.5982142856957324
-1.6011904761719222
-1.604166666648112
-1.6071428571243018
-1.6101190476004916
-1.6130952380766814
-1.6160714285528712
-1.619047619029061
-1.6220238095052508
-1.6249999999814406
-1.6279761904576304
-1.6309523809338202
-1.63392857141001
-1.6369047618861998
-1.6398809523623896
-1.6428571428385794
-1.6458333333147692
-1.648809523790959
-1.6517857142671488
-1.6547619047433386
-1.6577380952195284
-1.6607142856957182
-1.663690476171908
-1.6666666666480978
-1.6696428571242876
-1.6726190476004774
-1.6755952380766672
-1.678571428552857
-1.6815476190290468
-1.6845238095052366
-1.6874999999814264
-1.6904761904576162
-1.693452380933806
-1.6964285714099958
-1.6994047618861856
-1.7023809523623754
-1.7053571428385652
-1.708333333314755
-1.7113095237909448
-1.7142857142671346
-1.7172619047433244
-1.7202380952195142
-1.723214285695704
-1.7261904761718938
-1.7291666666480836
-1.7321428571242734
-1.7351190476004632
-1.738095238076653
-1.7410714285528428
-1.7440476190290326
-1.7470238095052224
-1.7499999999814122
-1.752976190457602
-1.7559523809337918
-1.7589285714099816
-1.7619047618861714
-1.7648809523623612
-1.767857142838551
-1.7708333333147408
-1.7738095237909306
-1.7767857142671204
-1.7797619047433102
-1.7827380952195
-1.7857142856956898
-1.7886904761718796
-1.7916666666480694
-1.7946428571242592
-1.797619047600449
-1.8005952380766388
-1.8035714285528286
-1.8065476190290184
-1.8095238095052082
-1.812499999981398
-1.8154761904575878
-1.8184523809337776
-1.8214285714099674
-1.8244047618861572
-1.827380952362347
-1.8303571428385368
-1.8333333333147266
-1.8363095237909164
-1.8392857142671062
-1.842261904743296
-1.8452380952194858
-1.8482142856956756
-1.8511904761718654
-1.8541666666480552
-1.857142857124245
-1.8601190476004348
-1.8630952380766246
-1.8660714285528144
-1.8690476190290042
-1.872023809505194
-1.8749999999813838
-1.8779761904575736
-1.8809523809337634
-1.8839285714099532
-1.886904761886143
-1.8898809523623328
-1.8928571428385226
-1.8958333333147124
-1.8988095237909022
-1.901785714267092
-1.9047619047432818
-1.9077380952194716
-1.9107142856956614
-1.9136904761718512
-1.916666666648041
-1.9196428571242308
-1.9226190476004206
-1.9255952380766104
-1.9285714285528002
-1.93154761902899
-1.9345238095051798
-1.9374999999813696
-1.9404761904575594
-1.9434523809337492
-1.946428571409939
-1.9494047618861288
-1.9523809523623186
-1.9553571428385084
-1.9583333333146982
-1.961309523790888
-1.9642857142670778
-1.9672619047432676
-1.9702380952194574
-1.9732142856956472
-1.976190476171837
-1.9791666666480268
-1.9821428571242166
-1.9851190476004064
-1.9880952380765962
-1.991071428552786
-1.9940476190289758
-1.9970238095051656
-1.9999999999813554
-2.002976190457545
-2.005952380933735
-2.0089285714099248
-2.0119047618861146
-2.0148809523623044
-2.017857142838494
-2.020833333314684
-2.0238095237908738
-2.0267857142670636
-2.0297619047432534
-2.032738095219443
-2.035714285695633
-2.0386904761718228
-2.0416666666480126
-2.0446428571242024
-2.047619047600392
-2.050595238076582
-2.0535714285527717
-2.0565476190289615
-2.0595238095051513
-2.062499999981341
-2.065476190457531
-2.0684523809337207
-2.0714285714099105
-2.0744047618861003
-2.07738095236229
-2.08035714283848
-2.0833333333146697
-2.0863095237908595
-2.0892857142670493
-2.092261904743239
-2.095238095219429
-2.0982142856956187
-2.1011904761718085
-2.1041666666479983
-2.107142857124188
-2.110119047600378
-2.1130952380765677
-2.1160714285527575
-2.1190476190289473
-2.122023809505137
-2.124999999981327
-2.1279761904575167
-2.1309523809337065
-2.1339285714098963
-2.136904761886086
-2.139880952362276
-2.1428571428384657
-2.1458333333146555
-2.1488095237908453
-2.151785714267035
-2.154761904743225
-2.1577380952194147
-2.1607142856956045
-2.1636904761717943
-2.166666666647984
-2.169642857124174
-2.1726190476003637
-2.1755952380765535
-2.1785714285527433
-2.181547619028933
-2.184523809505123
-2.1874999999813127
-2.1904761904575025
-2.1934523809336923
-2.196428571409882
-2.199404761886072
-2.2023809523622617
-2.2053571428384515
-2.2083333333146413
-2.211309523790831
-2.214285714267021
-2.2172619047432107
-2.2202380952194005
-2.2232142856955903
-2.22619047617178
-2.22916666664797
-2.2321428571241597
-2.2351190476003495
-2.2380952380765393
-2.241071428552729
-2.244047619028919
-2.2470238095051087
-2.2499999999812985
-2.2529761904574883
-2.255952380933678
-2.258928571409868
-2.2619047618860577
-2.2648809523622475
-2.2678571428384373
-2.270833333314627
-2.273809523790817
-2.2767857142670067
-2.2797619047431965
-2.2827380952193863
-2.285714285695576
-2.288690476171766
-2.2916666666479557
-2.2946428571241455
-2.2976190476003353
-2.300595238076525
-2.303571428552715
-2.3065476190289047
-2.3095238095050945
-2.3124999999812843
-2.315476190457474
-2.318452380933664
-2.3214285714098537
-2.3244047618860435
-2.3273809523622333
-2.330357142838423
-2.333333333314613
-2.3363095237908027
-2.3392857142669925
-2.3422619047431823
-2.345238095219372
-2.348214285695562
-2.3511904761717517
-2.3541666666479415
-2.3571428571241313
-2.360119047600321
-2.363095238076511
-2.3660714285527007
-2.3690476190288905
-2.3720238095050803
-2.37499999998127
-2.37797619045746
-2.3809523809336497
-2.3839285714098395
-2.3869047618860293
-2.389880952362219
-2.392857142838409
-2.3958333333145987
-2.3988095237907885
-2.4017857142669783
-2.404761904743168
-2.407738095219358
-2.4107142856955477
-2.4136904761717375
-2.4166666666479273
-2.419642857124117
-2.422619047600307
-2.4255952380764967
-2.4285714285526865
-2.4315476190288763
-2.434523809505066
-2.437499999981256
-2.4404761904574457
-2.4434523809336355
-2.4464285714098253
-2.449404761886015
-2.452380952362205
-2.4553571428383947
-2.4583333333145845
-2.4613095237907743
-2.464285714266964
-2.467261904743154
-2.4702380952193437
-2.4732142856955335
-2.4761904761717233
-2.479166666647913
-2.482142857124103
-2.4851190476002927
-2.4880952380764825
-2.4910714285526723
-2.494047619028862
-2.497023809505052
-2.4999999999812417
-2.5029761904574315
-2.5059523809336213
-2.508928571409811
-2.511904761886001
-2.5148809523621907
-2.5178571428383805
-2.5208333333145703
-2.52380952379076
-2.52678571426695
-2.5297619047431397
-2.5327380952193295
-2.5357142856955193
-2.538690476171709
-2.541666666647899
-2.5446428571240887
-2.5476190476002785
-2.5505952380764683
-2.553571428552658
-2.556547619028848
-2.5595238095050377
-2.5624999999812275
-2.5654761904574173
-2.568452380933607
-2.571428571409797
-2.5744047618859867
-2.5773809523621765
-2.5803571428383663
-2.583333333314556
-2.586309523790746
-2.5892857142669357
-2.5922619047431255
-2.5952380952193153
-2.598214285695505
-2.601190476171695
-2.6041666666478847
-2.6071428571240745
-2.6101190476002643
-2.613095238076454
-2.616071428552644
-2.6190476190288337
-2.6220238095050235
-2.6249999999812133
-2.627976190457403
-2.630952380933593
-2.6339285714097826
-2.6369047618859724
-2.6398809523621622
-2.642857142838352
-2.645833333314542
-2.6488095237907316
-2.6517857142669214
-2.6547619047431112
-2.657738095219301
-2.660714285695491
-2.6636904761716806
-2.6666666666478704
-2.6696428571240602
-2.67261904760025
-2.67559523807644
-2.6785714285526296
-2.6815476190288194
-2.6845238095050092
-2.687499999981199
-2.690476190457389
-2.6934523809335786
-2.6964285714097684
-2.6994047618859582
-2.702380952362148
-2.705357142838338
-2.7083333333145276
-2.7113095237907174
-2.7142857142669072
-2.717261904743097
-2.720238095219287
-2.7232142856954766
-2.7261904761716664
-2.7291666666478562
-2.732142857124046
-2.735119047600236
-2.7380952380764256
-2.7410714285526154
-2.7440476190288052
-2.747023809504995
-2.749999999981185
-2.7529761904573746
-2.7559523809335644
-2.7589285714097542
-2.761904761885944
-2.764880952362134
-2.7678571428383236
-2.7708333333145134
-2.7738095237907032
-2.776785714266893
-2.779761904743083
-2.7827380952192726
-2.7857142856954624
-2.788690476171652
-2.791666666647842
-2.794642857124032
-2.7976190476002216
-2.8005952380764114
-2.803571428552601
-2.806547619028791
-2.809523809504981
-2.8124999999811706
-2.8154761904573604
-2.81845238093355
-2.82142857140974
-2.82440476188593
-2.8273809523621196
-2.8303571428383094
-2.833333333314499
-2.836309523790689
-2.839285714266879
-2.8422619047430686
-2.8452380952192584
-2.848214285695448
-2.851190476171638
-2.854166666647828
-2.8571428571240176
-2.8601190476002074
-2.863095238076397
-2.866071428552587
-2.869047619028777
-2.8720238095049666
-2.8749999999811564
-2.877976190457346
-2.880952380933536
-2.883928571409726
-2.8869047618859156
-2.8898809523621054
-2.892857142838295
-2.895833333314485
-2.898809523790675
-2.9017857142668646
-2.9047619047430544
-2.907738095219244
-2.910714285695434
-2.913690476171624
-2.9166666666478136
-2.9196428571240034
-2.922619047600193
-2.925595238076383
-2.928571428552573
-2.9315476190287626
-2.9345238095049524
-2.937499999981142
-2.940476190457332
-2.943452380933522
-2.9464285714097116
-2.9494047618859014
-2.952380952362091
-2.955357142838281
-2.958333333314471
-2.9613095237906606
-2.9642857142668504
-2.96726190474304
-2.97023809521923
-2.97321428569542
-2.9761904761716096
-2.9791666666477994
-2.982142857123989
-2.985119047600179
-2.988095238076369
-2.9910714285525586
-2.9940476190287484
-2.997023809504938
-2.999999999981128
-3.002976190457318
-3.0059523809335076
-3.0089285714096974
-3.011904761885887
-3.014880952362077
-3.017857142838267
-3.0208333333144566
-3.0238095237906464
-3.026785714266836
-3.029761904743026
-3.032738095219216
-3.0357142856954056
-3.0386904761715954
-3.041666666647785
-3.044642857123975
-3.0476190476001648
-3.0505952380763546
-3.0535714285525444
-3.056547619028734
-3.059523809504924
-3.0624999999811138
-3.0654761904573036
-3.0684523809334934
-3.071428571409683
-3.074404761885873
-3.0773809523620628
-3.0803571428382526
-3.0833333333144424
-3.086309523790632
-3.089285714266822
-3.0922619047430118
-3.0952380952192016
-3.0982142856953914
-3.101190476171581
-3.104166666647771
-3.1071428571239608
-3.1101190476001506
-3.1130952380763404
-3.11607142855253
-3.11904761902872
-3.1220238095049098
-3.1249999999810996
-3.1279761904572894
-3.130952380933479
-3.133928571409669
-3.1369047618858588
-3.1398809523620486
-3.1428571428382384
-3.145833333314428
-3.148809523790618
-3.1517857142668078
-3.1547619047429976
-3.1577380952191874
-3.160714285695377
-3.163690476171567
-3.1666666666477568
-3.1696428571239466
-3.1726190476001364
-3.175595238076326
-3.178571428552516
-3.1815476190287058
-3.1845238095048956
-3.1874999999810854
-3.190476190457275
-3.193452380933465
-3.1964285714096548
-3.1994047618858446
-3.2023809523620343
-3.205357142838224
-3.208333333314414
-3.2113095237906037
-3.2142857142667935
-3.2172619047429833
-3.220238095219173
-3.223214285695363
-3.2261904761715527
-3.2291666666477425
-3.2321428571239323
-3.235119047600122
-3.238095238076312
-3.2410714285525017
-3.2440476190286915
-3.2470238095048813
-3.249999999981071
-3.252976190457261
-3.2559523809334507
-3.2589285714096405
-3.2619047618858303
-3.26488095236202
-3.26785714283821
-3.2708333333143997
-3.2738095237905895
-3.2767857142667793
-3.279761904742969
-3.282738095219159
-3.2857142856953487
-3.2886904761715385
-3.2916666666477283
-3.294642857123918
-3.297619047600108
-3.3005952380762977
-3.3035714285524875
-3.3065476190286773
-3.309523809504867
-3.312499999981057
-3.3154761904572467
-3.3184523809334365
-3.3214285714096263
-3.324404761885816
-3.327380952362006
-3.3303571428381957
-3.3333333333143855
-3.3363095237905753
-3.339285714266765
-3.342261904742955
-3.3452380952191447
-3.3482142856953345
-3.3511904761715243
-3.354166666647714
-3.357142857123904
-3.3601190476000937
-3.3630952380762835
-3.3660714285524733
-3.369047619028663
-3.372023809504853
-3.3749999999810427
-3.3779761904572325
-3.3809523809334223
-3.383928571409612
-3.386904761885802
-3.3898809523619917
-3.3928571428381815
-3.3958333333143713
-3.398809523790561
-3.401785714266751
-3.4047619047429407
-3.4077380952191305
-3.4107142856953203
-3.41369047617151
-3.4166666666477
-3.4196428571238897
-3.4226190476000795
-3.4255952380762693
-3.428571428552459
-3.431547619028649
-3.4345238095048387
-3.4374999999810285
-3.4404761904572183
-3.443452380933408
-3.446428571409598
-3.4494047618857877
-3.4523809523619775
-3.4553571428381673
-3.458333333314357
-3.461309523790547
-3.4642857142667367
-3.4672619047429265
-3.4702380952191163
-3.473214285695306
-3.476190476171496
-3.4791666666476857
-3.4821428571238755
-3.4851190476000653
-3.488095238076255
-3.491071428552445
-3.4940476190286347
-3.4970238095048245
-3.4999999999810143
-3.502976190457204
-3.505952380933394
-3.5089285714095837
-3.5119047618857735
-3.5148809523619633
-3.517857142838153
-3.520833333314343
-3.5238095237905327
-3.5267857142667225
-3.5297619047429123
-3.532738095219102
-3.535714285695292
-3.5386904761714817
-3.5416666666476715
-3.5446428571238613
-3.547619047600051
-3.550595238076241
-3.5535714285524307
-3.5565476190286205
-3.5595238095048103
-3.562499999981
-3.56547619045719
-3.5684523809333797
-3.5714285714095695
-3.5744047618857593
-3.577380952361949
-3.580357142838139
-3.5833333333143287
-3.5863095237905185
-3.5892857142667083
-3.592261904742898
-3.595238095219088
-3.5982142856952777
-3.6011904761714675
-3.6041666666476573
-3.607142857123847
-3.610119047600037
-3.6130952380762267
-3.6160714285524165
-3.6190476190286063
-3.622023809504796
-3.624999999980986
-3.6279761904571757
-3.6309523809333655
-3.6339285714095553
-3.636904761885745
-3.639880952361935
-3.6428571428381247
-3.6458333333143145
-3.6488095237905043
-3.651785714266694
-3.654761904742884
-3.6577380952190737
-3.6607142856952635
-3.6636904761714533
-3.666666666647643
-3.669642857123833
-3.6726190476000227
-3.6755952380762125
-3.6785714285524023
-3.681547619028592
-3.684523809504782
-3.6874999999809717
-3.6904761904571615
-3.6934523809333513
-3.696428571409541
-3.699404761885731
-3.7023809523619207
-3.7053571428381105
-3.7083333333143003
-3.71130952379049
-3.71428571426668
-3.7172619047428697
-3.7202380952190595
-3.7232142856952493
-3.726190476171439
-3.729166666647629
-3.7321428571238187
-3.7351190476000085
-3.7380952380761983
-3.741071428552388
-3.744047619028578
-3.7470238095047677
-3.7499999999809575
-3.7529761904571473
-3.755952380933337
-3.758928571409527
-3.7619047618857167
-3.7648809523619065
-3.7678571428380963
-3.770833333314286
-3.773809523790476
-3.7767857142666657
-3.7797619047428554
-3.7827380952190452
-3.785714285695235
-3.788690476171425
-3.7916666666476146
-3.7946428571238044
-3.7976190475999942
-3.800595238076184
-3.803571428552374
-3.8065476190285636
-3.8095238095047534
-3.8124999999809432
-3.815476190457133
-3.818452380933323
-3.8214285714095126
-3.8244047618857024
-3.8273809523618922
-3.830357142838082
-3.833333333314272
-3.8363095237904616
-3.8392857142666514
-3.8422619047428412
-3.845238095219031
-3.848214285695221
-3.8511904761714106
-3.8541666666476004
-3.8571428571237902
-3.86011904759998
-3.86309523807617
-3.8660714285523596
-3.8690476190285494
-3.8720238095047392
-3.874999999980929
-3.877976190457119
-3.8809523809333086
-3.8839285714094984
-3.8869047618856882
-3.889880952361878
-3.892857142838068
-3.8958333333142576
-3.8988095237904474
-3.9017857142666372
-3.904761904742827
-3.907738095219017
-3.9107142856952066
-3.9136904761713964
-3.9166666666475862
-3.919642857123776
-3.922619047599966
-3.9255952380761556
-3.9285714285523454
-3.9315476190285352
-3.934523809504725
-3.937499999980915
-3.9404761904571046
-3.9434523809332944
-3.946428571409484
-3.949404761885674
-3.952380952361864
-3.9553571428380536
-3.9583333333142434
-3.961309523790433
-3.964285714266623
-3.967261904742813
-3.9702380952190026
-3.9732142856951924
-3.976190476171382
-3.979166666647572
-3.982142857123762
-3.9851190475999516
-3.9880952380761414
-3.991071428552331
-3.994047619028521
-3.997023809504711
-3.9999999999809006
-4.00297619045709
-4.00595238093328
-4.00892857140947
-4.01190476188566
-4.01488095236185
-4.017857142838039
-4.020833333314229
-4.023809523790419
-4.026785714266609
-4.029761904742799
-4.032738095218988
-4.035714285695178
-4.038690476171368
-4.041666666647558
-4.044642857123748
-4.047619047599937
-4.050595238076127
-4.053571428552317
-4.056547619028507
-4.059523809504697
-4.062499999980886
-4.065476190457076
-4.068452380933266
-4.071428571409456
-4.074404761885646
-4.077380952361835
-4.080357142838025
-4.083333333314215
-4.086309523790405
-4.089285714266595
-4.092261904742784
-4.095238095218974
-4.098214285695164
-4.101190476171354
-4.104166666647544
-4.107142857123733
-4.110119047599923
-4.113095238076113
-4.116071428552303
-4.119047619028493
-4.122023809504682
-4.124999999980872
-4.127976190457062
-4.130952380933252
-4.133928571409442
-4.136904761885631
-4.139880952361821
-4.142857142838011
-4.145833333314201
-4.148809523790391
-4.15178571426658
-4.15476190474277
-4.15773809521896
-4.16071428569515
-4.16369047617134
-4.166666666647529
-4.169642857123719
-4.172619047599909
-4.175595238076099
-4.178571428552289
-4.181547619028478
-4.184523809504668
-4.187499999980858
-4.190476190457048
-4.193452380933238
-4.196428571409427
-4.199404761885617
-4.202380952361807
-4.205357142837997
-4.208333333314187
-4.211309523790376
-4.214285714266566
-4.217261904742756
-4.220238095218946
-4.223214285695136
-4.226190476171325
-4.229166666647515
-4.232142857123705
-4.235119047599895
-4.238095238076085
-4.241071428552274
-4.244047619028464
-4.247023809504654
-4.249999999980844
-4.252976190457034
-4.255952380933223
-4.258928571409413
-4.261904761885603
-4.264880952361793
-4.267857142837983
-4.270833333314172
-4.273809523790362
-4.276785714266552
-4.279761904742742
-4.282738095218932
-4.285714285695121
-4.288690476171311
-4.291666666647501
-4.294642857123691
-4.297619047599881
-4.30059523807607
-4.30357142855226
-4.30654761902845
-4.30952380950464
-4.31249999998083
-4.315476190457019
-4.318452380933209
-4.321428571409399
-4.324404761885589
-4.3273809523617786
-4.330357142837968
-4.333333333314158
-4.336309523790348
-4.339285714266538
-4.3422619047427276
-4.345238095218917
-4.348214285695107
-4.351190476171297
-4.354166666647487
-4.3571428571236765
-4.360119047599866
-4.363095238076056
-4.366071428552246
-4.369047619028436
-4.3720238095046255
-4.374999999980815
-4.377976190457005
-4.380952380933195
-4.383928571409385
-4.3869047618855745
-4.389880952361764
-4.392857142837954
-4.395833333314144
-4.398809523790334
-4.4017857142665235
-4.404761904742713
-4.407738095218903
-4.410714285695093
-4.413690476171283
-4.4166666666474725
-4.419642857123662
-4.422619047599852
-4.425595238076042
-4.428571428552232
-4.4315476190284215
-4.434523809504611
-4.437499999980801
-4.440476190456991
-4.443452380933181
-4.4464285714093705
-4.44940476188556
-4.45238095236175
-4.45535714283794
-4.45833333331413
-4.4613095237903195
-4.464285714266509
-4.467261904742699
-4.470238095218889
-4.473214285695079
-4.4761904761712685
-4.479166666647458
-4.482142857123648
-4.485119047599838
-4.488095238076028
-4.4910714285522175
-4.494047619028407
-4.497023809504597
-4.499999999980787
-4.502976190456977
-4.5059523809331665
-4.508928571409356
-4.511904761885546
-4.514880952361736
-4.517857142837926
-4.5208333333141155
-4.523809523790305
-4.526785714266495
-4.529761904742685
-4.532738095218875
-4.5357142856950645
-4.538690476171254
-4.541666666647444
-4.544642857123634
-4.547619047599824
-4.5505952380760135
-4.553571428552203
-4.556547619028393
-4.559523809504583
-4.562499999980773
-4.5654761904569625
-4.568452380933152
-4.571428571409342
-4.574404761885532
-4.577380952361722
-4.5803571428379115
-4.583333333314101
-4.586309523790291
-4.589285714266481
-4.592261904742671
-4.5952380952188605
-4.59821428569505
-4.60119047617124
-4.60416666664743
-4.60714285712362
-4.6101190475998095
-4.613095238075999
-4.616071428552189
-4.619047619028379
-4.622023809504569
-4.6249999999807585
-4.627976190456948
-4.630952380933138
-4.633928571409328
-4.636904761885518
-4.6398809523617075
-4.642857142837897
-4.645833333314087
-4.648809523790277
-4.651785714266467
-4.6547619047426565
-4.657738095218846
-4.660714285695036
-4.663690476171226
-4.666666666647416
-4.6696428571236055
-4.672619047599795
-4.675595238075985
-4.678571428552175
-4.681547619028365
-4.6845238095045545
-4.687499999980744
-4.690476190456934
-4.693452380933124
-4.696428571409314
-4.6994047618855035
-4.702380952361693
-4.705357142837883
-4.708333333314073
-4.711309523790263
-4.7142857142664525
-4.717261904742642
-4.720238095218832
-4.723214285695022
-4.726190476171212
-4.7291666666474015
-4.732142857123591
-4.735119047599781
-4.738095238075971
-4.741071428552161
-4.7440476190283505
-4.74702380950454
-4.74999999998073
-4.75297619045692
-4.75595238093311
-4.7589285714092995
-4.761904761885489
-4.764880952361679
-4.767857142837869
-4.770833333314059
-4.7738095237902485
-4.776785714266438
-4.779761904742628
-4.782738095218818
-4.785714285695008
-4.7886904761711975
-4.791666666647387
-4.794642857123577
-4.797619047599767
-4.800595238075957
-4.8035714285521465
-4.806547619028336
-4.809523809504526
-4.812499999980716
-4.815476190456906
-4.8184523809330955
-4.821428571409285
-4.824404761885475
-4.827380952361665
-4.830357142837855
-4.8333333333140445
-4.836309523790234
-4.839285714266424
-4.842261904742614
-4.845238095218804
-4.8482142856949935
-4.851190476171183
-4.854166666647373
-4.857142857123563
-4.860119047599753
-4.8630952380759425
-4.866071428552132
-4.869047619028322
-4.872023809504512
-4.874999999980702
-4.8779761904568915
-4.880952380933081
-4.883928571409271
-4.886904761885461
-4.889880952361651
-4.8928571428378405
-4.89583333331403
-4.89880952379022
-4.90178571426641
-4.9047619047426
-4.9077380952187895
-4.910714285694979
-4.913690476171169
-4.916666666647359
-4.919642857123549
-4.9226190475997385
-4.925595238075928
-4.928571428552118
-4.931547619028308
-4.934523809504498
-4.9374999999806874
-4.940476190456877
-4.943452380933067
-4.946428571409257
-4.949404761885447
-4.9523809523616364
-4.955357142837826
-4.958333333314016
-4.961309523790206
-4.964285714266396
-4.967261904742585
-4.970238095218775
-4.973214285694965
-4.976190476171155
-4.979166666647345
-4.982142857123534
-4.985119047599724
-4.988095238075914
-4.991071428552104
-4.994047619028294
-4.997023809504483
-4.999999999980673
-5.002976190456863
-5.005952380933053
-5.008928571409243
-5.011904761885432
-5.014880952361622
-5.017857142837812
-5.020833333314002
-5.023809523790192
-5.026785714266381
-5.029761904742571
-5.032738095218761
-5.035714285694951
-5.038690476171141
-5.04166666664733
-5.04464285712352
-5.04761904759971
-5.0505952380759
-5.05357142855209
-5.056547619028279
-5.059523809504469
-5.062499999980659
-5.065476190456849
-5.068452380933039
-5.071428571409228
-5.074404761885418
-5.077380952361608
-5.080357142837798
-5.083333333313988
-5.086309523790177
-5.089285714266367
-5.092261904742557
-5.095238095218747
-5.098214285694937
-5.101190476171126
-5.104166666647316
-5.107142857123506
-5.110119047599696
-5.113095238075886
-5.116071428552075
-5.119047619028265
-5.122023809504455
-5.124999999980645
-5.127976190456835
-5.130952380933024
-5.133928571409214
-5.136904761885404
-5.139880952361594
-5.142857142837784
-5.145833333313973
-5.148809523790163
-5.151785714266353
-5.154761904742543
-5.157738095218733
-5.160714285694922
-5.163690476171112
-5.166666666647302
-5.169642857123492
-5.172619047599682
-5.175595238075871
-5.178571428552061
-5.181547619028251
-5.184523809504441
-5.187499999980631
-5.19047619045682
-5.19345238093301
-5.1964285714092
-5.19940476188539
-5.20238095236158
-5.205357142837769
-5.208333333313959
-5.211309523790149
-5.214285714266339
-5.217261904742529
-5.220238095218718
-5.223214285694908
-5.226190476171098
-5.229166666647288
-5.232142857123478
-5.235119047599667
-5.238095238075857
-5.241071428552047
-5.244047619028237
-5.247023809504427
-5.249999999980616
-5.252976190456806
-5.255952380932996
-5.258928571409186
-5.261904761885376
-5.264880952361565
-5.267857142837755
-5.270833333313945
-5.273809523790135
-5.276785714266325
-5.279761904742514
-5.282738095218704
-5.285714285694894
-5.288690476171084
-5.291666666647274
-5.294642857123463
-5.297619047599653
-5.300595238075843
-5.303571428552033
-5.306547619028223
-5.309523809504412
-5.312499999980602
-5.315476190456792
-5.318452380932982
-5.321428571409172
-5.324404761885361
-5.327380952361551
-5.330357142837741
-5.333333333313931
-5.336309523790121
-5.33928571426631
-5.3422619047425
-5.34523809521869
-5.34821428569488
-5.35119047617107
-5.354166666647259
-5.357142857123449
-5.360119047599639
-5.363095238075829
-5.366071428552019
-5.369047619028208
-5.372023809504398
-5.374999999980588
-5.377976190456778
-5.380952380932968
-5.383928571409157
-5.386904761885347
-5.389880952361537
-5.392857142837727
-5.395833333313917
-5.398809523790106
-5.401785714266296
-5.404761904742486
-5.407738095218676
-5.410714285694866
-5.413690476171055
-5.416666666647245
-5.419642857123435
-5.422619047599625
-5.425595238075815
-5.428571428552004
-5.431547619028194
-5.434523809504384
-5.437499999980574
-5.440476190456764
-5.443452380932953
-5.446428571409143
-5.449404761885333
-5.452380952361523
-5.455357142837713
-5.458333333313902
-5.461309523790092
-5.464285714266282
-5.467261904742472
-5.470238095218662
-5.473214285694851
-5.476190476171041
-5.479166666647231
-5.482142857123421
-5.4851190475996106
-5.4880952380758
-5.49107142855199
-5.49404761902818
-5.49702380950437
-5.4999999999805596
-5.502976190456749
-5.505952380932939
-5.508928571409129
-5.511904761885319
-5.5148809523615085
-5.517857142837698
-5.520833333313888
-5.523809523790078
-5.526785714266268
-5.5297619047424575
-5.532738095218647
-5.535714285694837
-5.538690476171027
-5.541666666647217
-5.5446428571234065
-5.547619047599596
-5.550595238075786
-5.553571428551976
-5.556547619028166
-5.5595238095043555
-5.562499999980545
-5.565476190456735
-5.568452380932925
-5.571428571409115
-5.5744047618853045
-5.577380952361494
-5.580357142837684
-5.583333333313874
-5.586309523790064
-5.5892857142662535
-5.592261904742443
-5.595238095218633
-5.598214285694823
-5.601190476171013
-5.6041666666472025
-5.607142857123392
-5.610119047599582
-5.613095238075772
-5.616071428551962
-5.6190476190281515
-5.622023809504341
-5.624999999980531
-5.627976190456721
-5.630952380932911
-5.6339285714091005
-5.63690476188529
-5.63988095236148
-5.64285714283767
-5.64583333331386
-5.6488095237900495
-5.651785714266239
-5.654761904742429
-5.657738095218619
-5.660714285694809
-5.6636904761709985
-5.666666666647188
-5.669642857123378
-5.672619047599568
-5.675595238075758
-5.6785714285519475
-5.681547619028137
-5.684523809504327
-5.687499999980517
-5.690476190456707
-5.6934523809328965
-5.696428571409086
-5.699404761885276
-5.702380952361466
-5.705357142837656
-5.7083333333138455
-5.711309523790035
-5.714285714266225
-5.717261904742415
-5.720238095218605
-5.7232142856947945
-5.726190476170984
-5.729166666647174
-5.732142857123364
-5.735119047599554
-5.7380952380757435
-5.741071428551933
-5.744047619028123
-5.747023809504313
-5.749999999980503
-5.7529761904566925
-5.755952380932882
-5.758928571409072
-5.761904761885262
-5.764880952361452
-5.7678571428376415
-5.770833333313831
-5.773809523790021
-5.776785714266211
-5.779761904742401
-5.7827380952185905
-5.78571428569478
-5.78869047617097
-5.79166666664716
-5.79464285712335
-5.7976190475995395
-5.800595238075729
-5.803571428551919
-5.806547619028109
-5.809523809504299
-5.8124999999804885
-5.815476190456678
-5.818452380932868
-5.821428571409058
-5.824404761885248
-5.8273809523614375
-5.830357142837627
-5.833333333313817
-5.836309523790007
-5.839285714266197
-5.8422619047423865
-5.845238095218576
-5.848214285694766
-5.851190476170956
-5.854166666647146
-5.8571428571233355
-5.860119047599525
-5.863095238075715
-5.866071428551905
-5.869047619028095
-5.8720238095042845
-5.874999999980474
-5.877976190456664
-5.880952380932854
-5.883928571409044
-5.8869047618852335
-5.889880952361423
-5.892857142837613
-5.895833333313803
-5.898809523789993
-5.9017857142661825
-5.904761904742372
-5.907738095218562
-5.910714285694752
-5.913690476170942
-5.9166666666471315
-5.919642857123321
-5.922619047599511
-5.925595238075701
-5.928571428551891
-5.9315476190280805
-5.93452380950427
-5.93749999998046
-5.94047619045665
-5.94345238093284
-5.9464285714090295
-5.949404761885219
-5.952380952361409
-5.955357142837599
-5.958333333313789
-5.9613095237899785
-5.964285714266168
-5.967261904742358
-5.970238095218548
-5.973214285694738
-5.9761904761709275
-5.979166666647117
-5.982142857123307
-5.985119047599497
-5.988095238075687
-5.9910714285518765
-5.994047619028066
-5.997023809504256
-5.999999999980446
-6.002976190456636
-6.0059523809328255
-6.008928571409015
-6.011904761885205
-6.014880952361395
-6.017857142837585
-6.0208333333137745
-6.023809523789964
-6.026785714266154
-6.029761904742344
-6.032738095218534
-6.0357142856947235
-6.038690476170913
-6.041666666647103
-6.044642857123293
-6.047619047599483
-6.0505952380756725
-6.053571428551862
-6.056547619028052
-6.059523809504242
-6.062499999980432
-6.0654761904566215
-6.068452380932811
-6.071428571409001
-6.074404761885191
-6.077380952361381
-6.0803571428375704
-6.08333333331376
-6.08630952378995
-6.08928571426614
-6.09226190474233
-6.0952380952185194
-6.098214285694709
-6.101190476170899
-6.104166666647089
-6.107142857123279
-6.1101190475994684
-6.113095238075658
-6.116071428551848
-6.119047619028038
-6.122023809504228
-6.124999999980417
-6.127976190456607
-6.130952380932797
-6.133928571408987
-6.136904761885177
-6.139880952361366
-6.142857142837556
-6.145833333313746
-6.148809523789936
-6.151785714266126
-6.154761904742315
-6.157738095218505
-6.160714285694695
-6.163690476170885
-6.166666666647075
-6.169642857123264
-6.172619047599454
-6.175595238075644
-6.178571428551834
-6.181547619028024
-6.184523809504213
-6.187499999980403
-6.190476190456593
-6.193452380932783
-6.196428571408973
-6.199404761885162
-6.202380952361352
-6.205357142837542
-6.208333333313732
-6.211309523789922
-6.214285714266111
-6.217261904742301
-6.220238095218491
-6.223214285694681
-6.226190476170871
-6.22916666664706
-6.23214285712325
-6.23511904759944
-6.23809523807563
-6.24107142855182
-6.244047619028009
-6.247023809504199
-6.249999999980389
-6.252976190456579
-6.255952380932769
-6.258928571408958
-6.261904761885148
-6.264880952361338
-6.267857142837528
-6.270833333313718
-6.273809523789907
-6.276785714266097
-6.279761904742287
-6.282738095218477
-6.285714285694667
-6.288690476170856
-6.291666666647046
-6.294642857123236
-6.297619047599426
-6.300595238075616
-6.303571428551805
-6.306547619027995
-6.309523809504185
-6.312499999980375
-6.315476190456565
-6.318452380932754
-6.321428571408944
-6.324404761885134
-6.327380952361324
-6.330357142837514
-6.333333333313703
-6.336309523789893
-6.339285714266083
-6.342261904742273
-6.345238095218463
-6.348214285694652
-6.351190476170842
-6.354166666647032
-6.357142857123222
-6.360119047599412
-6.363095238075601
-6.366071428551791
-6.369047619027981
-6.372023809504171
-6.374999999980361
-6.37797619045655
-6.38095238093274
-6.38392857140893
-6.38690476188512
-6.38988095236131
-6.392857142837499
-6.395833333313689
-6.398809523789879
-6.401785714266069
-6.404761904742259
-6.407738095218448
-6.410714285694638
-6.413690476170828
-6.416666666647018
-6.419642857123208
-6.422619047599397
-6.425595238075587
-6.428571428551777
-6.431547619027967
-6.434523809504157
-6.437499999980346
-6.440476190456536
-6.443452380932726
-6.446428571408916
-6.449404761885106
-6.452380952361295
-6.455357142837485
-6.458333333313675
-6.461309523789865
-6.464285714266055
-6.467261904742244
-6.470238095218434
-6.473214285694624
-6.476190476170814
-6.479166666647004
-6.482142857123193
-6.485119047599383
-6.488095238075573
-6.491071428551763
-6.494047619027953
-6.497023809504142
-6.499999999980332
-6.502976190456522
-6.505952380932712
-6.508928571408902
-6.511904761885091
-6.514880952361281
-6.517857142837471
-6.520833333313661
-6.523809523789851
-6.52678571426604
-6.52976190474223
-6.53273809521842
-6.53571428569461
-6.5386904761708
-6.541666666646989
-6.544642857123179
-6.547619047599369
-6.550595238075559
-6.553571428551749
-6.556547619027938
-6.559523809504128
-6.562499999980318
-6.565476190456508
-6.568452380932698
-6.571428571408887
-6.574404761885077
-6.577380952361267
-6.580357142837457
-6.583333333313647
-6.586309523789836
-6.589285714266026
-6.592261904742216
-6.595238095218406
-6.598214285694596
-6.601190476170785
-6.604166666646975
-6.607142857123165
-6.610119047599355
-6.613095238075545
-6.616071428551734
-6.619047619027924
-6.622023809504114
-6.624999999980304
-6.6279761904564936
-6.630952380932683
-6.633928571408873
-6.636904761885063
-6.639880952361253
-6.6428571428374426
-6.645833333313632
-6.648809523789822
-6.651785714266012
-6.654761904742202
-6.6577380952183915
-6.660714285694581
-6.663690476170771
-6.666666666646961
-6.669642857123151
-6.6726190475993405
-6.67559523807553
-6.67857142855172
-6.68154761902791
-6.6845238095041
-6.6874999999802895
-6.690476190456479
-6.693452380932669
-6.696428571408859
-6.699404761885049
-6.7023809523612385
-6.705357142837428
-6.708333333313618
-6.711309523789808
-6.714285714265998
-6.7172619047421875
-6.720238095218377
-6.723214285694567
-6.726190476170757
-6.729166666646947
-6.7321428571231365
-6.735119047599326
-6.738095238075516
-6.741071428551706
-6.744047619027896
-6.7470238095040855
-6.749999999980275
-6.752976190456465
-6.755952380932655
-6.758928571408845
-6.7619047618850345
-6.764880952361224
-6.767857142837414
-6.770833333313604
-6.773809523789794
-6.7767857142659835
-6.779761904742173
-6.782738095218363
-6.785714285694553
-6.788690476170743
-6.7916666666469325
-6.794642857123122
-6.797619047599312
-6.800595238075502
-6.803571428551692
-6.8065476190278815
-6.809523809504071
-6.812499999980261
-6.815476190456451
-6.818452380932641
-6.8214285714088305
-6.82440476188502
-6.82738095236121
-6.8303571428374
-6.83333333331359
-6.8363095237897795
-6.839285714265969
-6.842261904742159
-6.845238095218349
-6.848214285694539
-6.8511904761707285
-6.854166666646918
-6.857142857123108
-6.860119047599298
-6.863095238075488
-6.8660714285516775
-6.869047619027867
-6.872023809504057
-6.874999999980247
-6.877976190456437
-6.8809523809326265
-6.883928571408816
-6.886904761885006
-6.889880952361196
-6.892857142837386
-6.8958333333135755
-6.898809523789765
-6.901785714265955
-6.904761904742145
-6.907738095218335
-6.9107142856945245
-6.913690476170714
-6.916666666646904
-6.919642857123094
-6.922619047599284
-6.9255952380754735
-6.928571428551663
-6.931547619027853
-6.934523809504043
-6.937499999980233
-6.9404761904564225
-6.943452380932612
-6.946428571408802
-6.949404761884992
-6.952380952361182
-6.9553571428373715
-6.958333333313561
-6.961309523789751
-6.964285714265941
-6.967261904742131
-6.9702380952183205
-6.97321428569451
-6.9761904761707
-6.97916666664689
-6.98214285712308
-6.9851190475992695
-6.988095238075459
-6.991071428551649
-6.994047619027839
-6.997023809504029
-6.9999999999802185
-7.002976190456408
-7.005952380932598
-7.008928571408788
-7.011904761884978
-7.0148809523611675
-7.017857142837357
-7.020833333313547
-7.023809523789737
-7.026785714265927
-7.0297619047421165
-7.032738095218306
-7.035714285694496
-7.038690476170686
-7.041666666646876
-7.0446428571230655
-7.047619047599255
-7.050595238075445
-7.053571428551635
-7.056547619027825
-7.0595238095040145
-7.062499999980204
-7.065476190456394
-7.068452380932584
-7.071428571408774
-7.0744047618849635
-7.077380952361153
-7.080357142837343
-7.083333333313533
-7.086309523789723
-7.0892857142659125
-7.092261904742102
-7.095238095218292
-7.098214285694482
-7.101190476170672
-7.1041666666468615
-7.107142857123051
-7.110119047599241
-7.113095238075431
-7.116071428551621
-7.1190476190278105
-7.122023809504
-7.12499999998019
-7.12797619045638
-7.13095238093257
-7.1339285714087595
-7.136904761884949
-7.139880952361139
-7.142857142837329
-7.145833333313519
-7.1488095237897085
-7.151785714265898
-7.154761904742088
-7.157738095218278
-7.160714285694468
-7.1636904761706575
-7.166666666646847
-7.169642857123037
-7.172619047599227
-7.175595238075417
-7.1785714285516065
-7.181547619027796
-7.184523809503986
-7.187499999980176
-7.190476190456366
-7.1934523809325555
-7.196428571408745
-7.199404761884935
-7.202380952361125
-7.205357142837315
-7.2083333333135045
-7.211309523789694
-7.214285714265884
-7.217261904742074
-7.220238095218264
-7.2232142856944535
-7.226190476170643
-7.229166666646833
-7.232142857123023
-7.235119047599213
-7.2380952380754024
-7.241071428551592
-7.244047619027782
-7.247023809503972
-7.249999999980162
-7.2529761904563514
-7.255952380932541
-7.258928571408731
-7.261904761884921
-7.264880952361111
-7.2678571428373
-7.27083333331349
-7.27380952378968
-7.27678571426587
-7.27976190474206
-7.282738095218249
-7.285714285694439
-7.288690476170629
-7.291666666646819
-7.294642857123009
-7.297619047599198
-7.300595238075388
-7.303571428551578
-7.306547619027768
-7.309523809503958
-7.312499999980147
-7.315476190456337
-7.318452380932527
-7.321428571408717
-7.324404761884907
-7.327380952361096
-7.330357142837286
-7.333333333313476
-7.336309523789666
-7.339285714265856
-7.342261904742045
-7.345238095218235
-7.348214285694425
-7.351190476170615
-7.354166666646805
-7.357142857122994
-7.360119047599184
-7.363095238075374
-7.366071428551564
-7.369047619027754
-7.372023809503943
-7.374999999980133
-7.377976190456323
-7.380952380932513
-7.383928571408703
-7.386904761884892
-7.389880952361082
-7.392857142837272
-7.395833333313462
-7.398809523789652
-7.401785714265841
-7.404761904742031
-7.407738095218221
-7.410714285694411
-7.413690476170601
-7.41666666664679
-7.41964285712298
-7.42261904759917
-7.42559523807536
-7.42857142855155
-7.431547619027739
-7.434523809503929
-7.437499999980119
-7.440476190456309
-7.443452380932499
-7.446428571408688
-7.449404761884878
-7.452380952361068
-7.455357142837258
-7.458333333313448
-7.461309523789637
-7.464285714265827
-7.467261904742017
-7.470238095218207
-7.473214285694397
-7.476190476170586
-7.479166666646776
-7.482142857122966
-7.485119047599156
-7.488095238075346
-7.491071428551535
-7.494047619027725
-7.497023809503915
-7.499999999980105
-7.502976190456295
-7.505952380932484
-7.508928571408674
-7.511904761884864
-7.514880952361054
-7.517857142837244
-7.520833333313433
-7.523809523789623
-7.526785714265813
-7.529761904742003
-7.532738095218193
-7.535714285694382
-7.538690476170572
-7.541666666646762
-7.544642857122952
-7.547619047599142
-7.550595238075331
-7.553571428551521
-7.556547619027711
-7.559523809503901
-7.562499999980091
-7.56547619045628
-7.56845238093247
-7.57142857140866
-7.57440476188485
-7.57738095236104
-7.580357142837229
-7.583333333313419
-7.586309523789609
-7.589285714265799
-7.592261904741989
-7.595238095218178
-7.598214285694368
-7.601190476170558
-7.604166666646748
-7.607142857122938
-7.610119047599127
-7.613095238075317
-7.616071428551507
-7.619047619027697
-7.622023809503887
-7.624999999980076
-7.627976190456266
-7.630952380932456
-7.633928571408646
-7.636904761884836
-7.639880952361025
-7.642857142837215
-7.645833333313405
-7.648809523789595
-7.651785714265785
-7.654761904741974
-7.657738095218164
-7.660714285694354
-7.663690476170544
-7.666666666646734
-7.669642857122923
-7.672619047599113
-7.675595238075303
-7.678571428551493
-7.681547619027683
-7.684523809503872
-7.687499999980062
-7.690476190456252
-7.693452380932442
-7.696428571408632
-7.699404761884821
-7.702380952361011
-7.705357142837201
-7.708333333313391
-7.711309523789581
-7.71428571426577
-7.71726190474196
-7.72023809521815
-7.72321428569434
-7.72619047617053
-7.729166666646719
-7.732142857122909
-7.735119047599099
-7.738095238075289
-7.741071428551479
-7.744047619027668
-7.747023809503858
-7.749999999980048
-7.752976190456238
-7.755952380932428
-7.758928571408617
-7.761904761884807
-7.764880952360997
-7.767857142837187
-7.770833333313377
-7.773809523789566
-7.776785714265756
-7.779761904741946
-7.782738095218136
-7.7857142856943256
-7.788690476170515
-7.791666666646705
-7.794642857122895
-7.797619047599085
-7.8005952380752746
-7.803571428551464
-7.806547619027654
-7.809523809503844
-7.812499999980034
-7.8154761904562235
-7.818452380932413
-7.821428571408603
-7.824404761884793
-7.827380952360983
-7.8303571428371725
-7.833333333313362
-7.836309523789552
-7.839285714265742
-7.842261904741932
-7.8452380952181215
-7.848214285694311
-7.851190476170501
-7.854166666646691
-7.857142857122881
-7.8601190475990705
-7.86309523807526
-7.86607142855145
-7.86904761902764
-7.87202380950383
-7.8749999999800195
-7.877976190456209
-7.880952380932399
-7.883928571408589
-7.886904761884779
-7.8898809523609685
-7.892857142837158
-7.895833333313348
-7.898809523789538
-7.901785714265728
-7.9047619047419175
-7.907738095218107
-7.910714285694297
-7.913690476170487
-7.916666666646677
-7.9196428571228665
-7.922619047599056
-7.925595238075246
-7.928571428551436
-7.931547619027626
-7.9345238095038155
-7.937499999980005
-7.940476190456195
-7.943452380932385
-7.946428571408575
-7.9494047618847645
-7.952380952360954
-7.955357142837144
-7.958333333313334
-7.961309523789524
-7.9642857142657135
-7.967261904741903
-7.970238095218093
-7.973214285694283
-7.976190476170473
-7.9791666666466625
-7.982142857122852
-7.985119047599042
-7.988095238075232
-7.991071428551422
-7.9940476190276115
-7.997023809503801
-7.999999999979991
-8.002976190456181
-8.00595238093237
-8.00892857140856
-8.01190476188475
-8.01488095236094
-8.01785714283713
-8.02083333331332
-8.02380952378951
-8.0267857142657
-8.029761904741889
-8.032738095218079
-8.035714285694269
-8.038690476170459
-8.041666666646648
-8.044642857122838
-8.047619047599028
-8.050595238075218
-8.053571428551408
-8.056547619027597
-8.059523809503787
-8.062499999979977
-8.065476190456167
-8.068452380932357
-8.071428571408546
-8.074404761884736
-8.077380952360926
-8.080357142837116
-8.083333333313306
-8.086309523789495
-8.089285714265685
-8.092261904741875
-8.095238095218065
-8.098214285694254
-8.101190476170444
-8.104166666646634
-8.107142857122824
-8.110119047599014
-8.113095238075203
-8.116071428551393
-8.119047619027583
-8.122023809503773
-8.124999999979963
-8.127976190456152
-8.130952380932342
-8.133928571408532
-8.136904761884722
-8.139880952360912
-8.142857142837101
-8.145833333313291
-8.148809523789481
-8.151785714265671
-8.15476190474186
-8.15773809521805
-8.16071428569424
-8.16369047617043
-8.16666666664662
-8.16964285712281
-8.172619047599
-8.17559523807519
-8.178571428551379
-8.181547619027569
-8.184523809503759
-8.187499999979948
-8.190476190456138
-8.193452380932328
-8.196428571408518
-8.199404761884708
-8.202380952360897
-8.205357142837087
-8.208333333313277
-8.211309523789467
-8.214285714265657
-8.217261904741846
-8.220238095218036
-8.223214285694226
-8.226190476170416
-8.229166666646606
-8.232142857122795
-8.235119047598985
-8.238095238075175
-8.241071428551365
-8.244047619027555
-8.247023809503744
-8.249999999979934
-8.252976190456124
-8.255952380932314
-8.258928571408504
-8.261904761884693
-8.264880952360883
-8.267857142837073
-8.270833333313263
-8.273809523789453
-8.276785714265642
-8.279761904741832
-8.282738095218022
-8.285714285694212
-8.288690476170402
-8.291666666646591
-8.294642857122781
-8.297619047598971
-8.30059523807516
-8.30357142855135
-8.30654761902754
-8.30952380950373
-8.31249999997992
-8.31547619045611
-8.3184523809323
-8.32142857140849
-8.32440476188468
-8.327380952360869
-8.330357142837059
-8.333333333313249
-8.336309523789438
-8.339285714265628
-8.342261904741818
-8.345238095218008
-8.348214285694198
-8.351190476170387
-8.354166666646577
-8.357142857122767
-8.360119047598957
-8.363095238075147
-8.366071428551336
-8.369047619027526
-8.372023809503716
-8.374999999979906
-8.377976190456096
-8.380952380932285
-8.383928571408475
-8.386904761884665
-8.389880952360855
-8.392857142837045
-8.395833333313234
-8.398809523789424
-8.401785714265614
-8.404761904741804
-8.407738095217994
-8.410714285694183
-8.413690476170373
-8.416666666646563
-8.419642857122753
-8.422619047598943
-8.425595238075132
-8.428571428551322
-8.431547619027512
-8.434523809503702
-8.437499999979892
-8.440476190456081
-8.443452380932271
-8.446428571408461
-8.44940476188465
-8.45238095236084
-8.45535714283703
-8.45833333331322
-8.46130952378941
-8.4642857142656
-8.46726190474179
-8.47023809521798
-8.47321428569417
-8.476190476170359
-8.479166666646549
-8.482142857122739
-8.485119047598928
-8.488095238075118
-8.491071428551308
-8.494047619027498
-8.497023809503688
-8.499999999979877
-8.502976190456067
-8.505952380932257
-8.508928571408447
-8.511904761884637
-8.514880952360826
-8.517857142837016
-8.520833333313206
-8.523809523789396
-8.526785714265586
-8.529761904741775
-8.532738095217965
-8.535714285694155
-8.538690476170345
-8.541666666646535
-8.544642857122724
-8.547619047598914
-8.550595238075104
-8.553571428551294
-8.556547619027484
-8.559523809503673
-8.562499999979863
-8.565476190456053
-8.568452380932243
-8.571428571408433
-8.574404761884622
-8.577380952360812
-8.580357142837002
-8.583333333313192
-8.586309523789382
-8.589285714265571
-8.592261904741761
-8.595238095217951
-8.59821428569414
-8.60119047617033
-8.60416666664652
-8.60714285712271
-8.6101190475989
-8.61309523807509
-8.61607142855128
-8.61904761902747
-8.62202380950366
-8.624999999979849
-8.627976190456039
-8.630952380932229
-8.633928571408418
-8.636904761884608
-8.639880952360798
-8.642857142836988
-8.645833333313178
-8.648809523789367
-8.651785714265557
-8.654761904741747
-8.657738095217937
-8.660714285694127
-8.663690476170316
-8.666666666646506
-8.669642857122696
-8.672619047598886
-8.675595238075076
-8.678571428551265
-8.681547619027455
-8.684523809503645
-8.687499999979835
-8.690476190456025
-8.693452380932214
-8.696428571408404
-8.699404761884594
-8.702380952360784
-8.705357142836974
-8.708333333313163
-8.711309523789353
-8.714285714265543
-8.717261904741733
-8.720238095217923
-8.723214285694112
-8.726190476170302
-8.729166666646492
-8.732142857122682
-8.735119047598872
-8.738095238075061
-8.741071428551251
-8.744047619027441
-8.74702380950363
-8.74999999997982
-8.75297619045601
-8.7559523809322
-8.75892857140839
-8.76190476188458
-8.76488095236077
-8.76785714283696
-8.77083333331315
-8.773809523789339
-8.776785714265529
-8.779761904741719
-8.782738095217908
-8.785714285694098
-8.788690476170288
-8.791666666646478
-8.794642857122668
-8.797619047598857
-8.800595238075047
-8.803571428551237
-8.806547619027427
-8.809523809503617
-8.812499999979806
-8.815476190455996
-8.818452380932186
-8.821428571408376
-8.824404761884566
-8.827380952360755
-8.830357142836945
-8.833333333313135
-8.836309523789325
-8.839285714265515
-8.842261904741704
-8.845238095217894
-8.848214285694084
-8.851190476170274
-8.854166666646464
-8.857142857122653
-8.860119047598843
-8.863095238075033
-8.866071428551223
-8.869047619027413
-8.872023809503602
-8.874999999979792
-8.877976190455982
-8.880952380932172
-8.883928571408362
-8.886904761884551
-8.889880952360741
-8.892857142836931
-8.89583333331312
-8.89880952378931
-8.9017857142655
-8.90476190474169
-8.90773809521788
-8.91071428569407
-8.91369047617026
-8.91666666664645
-8.91964285712264
-8.922619047598829
-8.925595238075019
-8.928571428551209
-8.931547619027398
-8.934523809503588
-8.937499999979778
-8.940476190455968
-8.943452380932158
-8.946428571408347
-8.949404761884537
-8.952380952360727
-8.955357142836917
-8.958333333313107
-8.961309523789296
-8.964285714265486
-8.967261904741676
-8.970238095217866
-8.973214285694056
-8.976190476170245
-8.979166666646435
-8.982142857122625
-8.985119047598815
-8.988095238075005
-8.991071428551194
-8.994047619027384
-8.997023809503574
-8.999999999979764
-9.002976190455954
-9.005952380932143
-9.008928571408333
-9.011904761884523
-9.014880952360713
-9.017857142836903
-9.020833333313092
-9.023809523789282
-9.026785714265472
-9.029761904741662
-9.032738095217852
-9.035714285694041
-9.038690476170231
-9.041666666646421
-9.04464285712261
-9.0476190475988
-9.05059523807499
-9.05357142855118
-9.05654761902737
-9.05952380950356
-9.06249999997975
-9.06547619045594
-9.06845238093213
-9.071428571408319
-9.074404761884509
-9.077380952360699
-9.080357142836888
-9.083333333313078
-9.086309523789268
-9.089285714265458
-9.092261904741648
-9.095238095217837
-9.098214285694027
-9.101190476170217
-9.104166666646407
-9.107142857122597
-9.110119047598786
-9.113095238074976
-9.116071428551166
-9.119047619027356
-9.122023809503546
-9.124999999979735
-9.127976190455925
-9.130952380932115
-9.133928571408305
-9.136904761884495
-9.139880952360684
-9.142857142836874
-9.145833333313064
-9.148809523789254
-9.151785714265444
-9.154761904741633
-9.157738095217823
-9.160714285694013
-9.163690476170203
-9.166666666646393
-9.169642857122582
-9.172619047598772
-9.175595238074962
-9.178571428551152
-9.181547619027342
-9.184523809503531
-9.187499999979721
-9.190476190455911
-9.1934523809321
-9.19642857140829
-9.19940476188448
-9.20238095236067
-9.20535714283686
-9.20833333331305
-9.21130952378924
-9.21428571426543
-9.217261904741619
-9.220238095217809
-9.223214285693999
-9.226190476170189
-9.229166666646378
-9.232142857122568
-9.235119047598758
-9.238095238074948
-9.241071428551138
-9.244047619027327
-9.247023809503517
-9.249999999979707
-9.252976190455897
-9.255952380932086
-9.258928571408276
-9.261904761884466
-9.264880952360656
-9.267857142836846
-9.270833333313035
-9.273809523789225
-9.276785714265415
-9.279761904741605
-9.282738095217795
-9.285714285693984
-9.288690476170174
-9.291666666646364
-9.294642857122554
-9.297619047598744
-9.300595238074933
-9.303571428551123
-9.306547619027313
-9.309523809503503
-9.312499999979693
-9.315476190455882
-9.318452380932072
-9.321428571408262
-9.324404761884452
-9.327380952360642
-9.330357142836831
-9.333333333313021
-9.336309523789211
-9.3392857142654
-9.34226190474159
-9.34523809521778
-9.34821428569397
-9.35119047617016
-9.35416666664635
-9.35714285712254
-9.36011904759873
-9.36309523807492
-9.366071428551109
-9.369047619027299
-9.372023809503489
-9.374999999979678
-9.377976190455868
-9.380952380932058
-9.383928571408248
-9.386904761884438
-9.389880952360627
-9.392857142836817
-9.395833333313007
-9.398809523789197
-9.401785714265387
-9.404761904741576
-9.407738095217766
-9.410714285693956
-9.413690476170146
-9.416666666646336
-9.419642857122525
-9.422619047598715
-9.425595238074905
-9.428571428551095
-9.431547619027285
-9.434523809503474
-9.437499999979664
-9.440476190455854
-9.443452380932044
-9.446428571408234
-9.449404761884423
-9.452380952360613
-9.455357142836803
-9.458333333312993
-9.461309523789183
-9.464285714265372
-9.467261904741562
-9.470238095217752
-9.473214285693942
-9.476190476170132
-9.479166666646321
-9.482142857122511
-9.485119047598701
-9.48809523807489
-9.49107142855108
-9.49404761902727
-9.49702380950346
-9.49999999997965
-9.50297619045584
-9.50595238093203
-9.50892857140822
-9.51190476188441
-9.514880952360599
-9.517857142836789
-9.520833333312979
-9.523809523789168
-9.526785714265358
-9.529761904741548
-9.532738095217738
-9.535714285693928
-9.538690476170117
-9.541666666646307
-9.544642857122497
-9.547619047598687
-9.550595238074877
-9.553571428551066
-9.556547619027256
-9.559523809503446
-9.562499999979636
-9.565476190455826
-9.568452380932015
-9.571428571408205
-9.574404761884395
-9.577380952360585
-9.580357142836775
-9.583333333312964
-9.586309523789154
-9.589285714265344
-9.592261904741534
-9.595238095217724
-9.598214285693913
-9.601190476170103
-9.604166666646293
-9.607142857122483
-9.610119047598673
-9.613095238074862
-9.616071428551052
-9.619047619027242
-9.622023809503432
-9.624999999979622
-9.627976190455811
-9.630952380932001
-9.633928571408191
-9.63690476188438
-9.63988095236057
-9.64285714283676
-9.64583333331295
-9.64880952378914
-9.65178571426533
-9.65476190474152
-9.65773809521771
-9.6607142856939
-9.663690476170089
-9.666666666646279
-9.669642857122469
-9.672619047598658
-9.675595238074848
-9.678571428551038
-9.681547619027228
-9.684523809503418
-9.687499999979607
-9.690476190455797
-9.693452380931987
-9.696428571408177
-9.699404761884367
-9.702380952360556
-9.705357142836746
-9.708333333312936
-9.711309523789126
-9.714285714265316
-9.717261904741505
-9.720238095217695
-9.723214285693885
-9.726190476170075
-9.729166666646265
-9.732142857122454
-9.735119047598644
-9.738095238074834
-9.741071428551024
-9.744047619027214
-9.747023809503403
-9.749999999979593
-9.752976190455783
-9.755952380931973
-9.758928571408163
-9.761904761884352
-9.764880952360542
-9.767857142836732
-9.770833333312922
-9.773809523789112
-9.776785714265301
-9.779761904741491
-9.782738095217681
-9.78571428569387
-9.78869047617006
-9.79166666664625
-9.79464285712244
-9.79761904759863
-9.80059523807482
-9.80357142855101
-9.8065476190272
-9.80952380950339
-9.812499999979579
-9.815476190455769
-9.818452380931959
-9.821428571408148
-9.824404761884338
-9.827380952360528
-9.830357142836718
-9.833333333312908
-9.836309523789097
-9.839285714265287
-9.842261904741477
-9.845238095217667
-9.848214285693857
-9.851190476170046
-9.854166666646236
-9.857142857122426
-9.860119047598616
-9.863095238074806
-9.866071428550995
-9.869047619027185
-9.872023809503375
-9.874999999979565
-9.877976190455755
-9.880952380931944
-9.883928571408134
-9.886904761884324
-9.889880952360514
-9.892857142836704
-9.895833333312893
-9.898809523789083
-9.901785714265273
-9.904761904741463
-9.907738095217653
-9.910714285693842
-9.913690476170032
-9.916666666646222
-9.919642857122412
-9.922619047598602
-9.925595238074791
-9.928571428550981
-9.931547619027171
-9.93452380950336
-9.93749999997955
-9.94047619045574
-9.94345238093193
-9.94642857140812
-9.94940476188431
-9.9523809523605
-9.95535714283669
-9.95833333331288
-9.961309523789069
-9.964285714265259
-9.967261904741449
-9.970238095217638
-9.973214285693828
-9.976190476170018
-9.979166666646208
-9.982142857122398
-9.985119047598587
-9.988095238074777
-9.991071428550967
-9.994047619027157
-9.997023809503347
-9.999999999979536
-10.002976190455726
-10.005952380931916
-10.008928571408106
-10.011904761884296
-10.014880952360485
-10.017857142836675
-10.020833333312865
-10.023809523789055
-10.026785714265245
-10.029761904741434
-10.032738095217624
-10.035714285693814
-10.038690476170004
-10.041666666646194
-10.044642857122383
-10.047619047598573
-10.050595238074763
-10.053571428550953
-10.056547619027143
-10.059523809503332
-10.062499999979522
-10.065476190455712
-10.068452380931902
-10.071428571408092
-10.074404761884281
-10.077380952360471
-10.080357142836661
-10.08333333331285
-10.08630952378904
-10.08928571426523
-10.09226190474142
-10.09523809521761
-10.0982142856938
-10.10119047616999
-10.10416666664618
-10.10714285712237
-10.110119047598559
-10.113095238074749
-10.116071428550939
-10.119047619027128
-10.122023809503318
-10.124999999979508
-10.127976190455698
-10.130952380931888
-10.133928571408077
-10.136904761884267
-10.139880952360457
-10.142857142836647
-10.145833333312837
-10.148809523789026
-10.151785714265216
-10.154761904741406
-10.157738095217596
-10.160714285693786
-10.163690476169975
-10.166666666646165
-10.169642857122355
-10.172619047598545
-10.175595238074735
-10.178571428550924
-10.181547619027114
-10.184523809503304
-10.187499999979494
-10.190476190455684
-10.193452380931873
-10.196428571408063
-10.199404761884253
-10.202380952360443
-10.205357142836633
-10.208333333312822
-10.211309523789012
-10.214285714265202
-10.217261904741392
-10.220238095217582
-10.223214285693771
-10.226190476169961
-10.229166666646151
-10.23214285712234
-10.23511904759853
-10.23809523807472
-10.24107142855091
-10.2440476190271
-10.24702380950329
-10.24999999997948
-10.25297619045567
-10.25595238093186
-10.258928571408049
-10.261904761884239
-10.264880952360429
-10.267857142836618
-10.270833333312808
-10.273809523788998
-10.276785714265188
-10.279761904741378
-10.282738095217567
-10.285714285693757
-10.288690476169947
-10.291666666646137
-10.294642857122327
-10.297619047598516
-10.300595238074706
-10.303571428550896
-10.306547619027086
-10.309523809503276
-10.312499999979465
-10.315476190455655
-10.318452380931845
-10.321428571408035
-10.324404761884225
-10.327380952360414
-10.330357142836604
-10.333333333312794
-10.336309523788984
-10.339285714265174
-10.342261904741363
-10.345238095217553
-10.348214285693743
-10.351190476169933
-10.354166666646123
-10.357142857122312
-10.360119047598502
-10.363095238074692
-10.366071428550882
-10.369047619027072
-10.372023809503261
-10.374999999979451
-10.377976190455641
-10.38095238093183
-10.38392857140802
-10.38690476188421
-10.3898809523604
-10.39285714283659
-10.39583333331278
-10.39880952378897
-10.40178571426516
-10.404761904741349
-10.407738095217539
-10.410714285693729
-10.413690476169918
-10.416666666646108
-10.419642857122298
-10.422619047598488
-10.425595238074678
-10.428571428550867
-10.431547619027057
-10.434523809503247
-10.437499999979437
-10.440476190455627
-10.443452380931816
-10.446428571408006
-10.449404761884196
-10.452380952360386
-10.455357142836576
-10.458333333312765
-10.461309523788955
-10.464285714265145
-10.467261904741335
-10.470238095217525
-10.473214285693714
-10.476190476169904
-10.479166666646094
-10.482142857122284
-10.485119047598474
-10.488095238074663
-10.491071428550853
-10.494047619027043
-10.497023809503233
-10.499999999979423
-10.502976190455612
-10.505952380931802
-10.508928571407992
-10.511904761884182
-10.514880952360372
-10.517857142836561
-10.520833333312751
-10.523809523788941
-10.52678571426513
-10.52976190474132
-10.53273809521751
-10.5357142856937
-10.53869047616989
-10.54166666664608
-10.54464285712227
-10.54761904759846
-10.55059523807465
-10.553571428550839
-10.556547619027029
-10.559523809503219
-10.562499999979408
-10.565476190455598
-10.568452380931788
-10.571428571407978
-10.574404761884168
-10.577380952360357
-10.580357142836547
-10.583333333312737
-10.586309523788927
-10.589285714265117
-10.592261904741306
-10.595238095217496
-10.598214285693686
-10.601190476169876
-10.604166666646066
-10.607142857122255
-10.610119047598445
-10.613095238074635
-10.616071428550825
-10.619047619027015
-10.622023809503204
-10.624999999979394
-10.627976190455584
-10.630952380931774
-10.633928571407964
-10.636904761884153
-10.639880952360343
-10.642857142836533
-10.645833333312723
-10.648809523788913
-10.651785714265102
-10.654761904741292
-10.657738095217482
-10.660714285693672
-10.663690476169862
-10.666666666646051
-10.669642857122241
-10.672619047598431
-10.67559523807462
-10.67857142855081
-10.681547619027
-10.68452380950319
-10.68749999997938
-10.69047619045557
-10.69345238093176
-10.69642857140795
-10.69940476188414
-10.702380952360329
-10.705357142836519
-10.708333333312709
-10.711309523788898
-10.714285714265088
-10.717261904741278
-10.720238095217468
-10.723214285693658
-10.726190476169847
-10.729166666646037
-10.732142857122227
-10.735119047598417
-10.738095238074607
-10.741071428550796
-10.744047619026986
-10.747023809503176
-10.749999999979366
-10.752976190455556
-10.755952380931745
-10.758928571407935
-10.761904761884125
-10.764880952360315
-10.767857142836505
-10.770833333312694
-10.773809523788884
-10.776785714265074
-10.779761904741264
-10.782738095217454
-10.785714285693643
-10.788690476169833
-10.791666666646023
-10.794642857122213
-10.797619047598403
-10.800595238074592
-10.803571428550782
-10.806547619026972
-10.809523809503162
-10.812499999979352
-10.815476190455541
-10.818452380931731
-10.821428571407921
-10.82440476188411
-10.8273809523603
-10.83035714283649
-10.83333333331268
-10.83630952378887
-10.83928571426506
-10.84226190474125
-10.84523809521744
-10.84821428569363
-10.851190476169819
-10.854166666646009
-10.857142857122199
-10.860119047598388
-10.863095238074578
-10.866071428550768
-10.869047619026958
-10.872023809503148
-10.874999999979337
-10.877976190455527
-10.880952380931717
-10.883928571407907
-10.886904761884097
-10.889880952360286
-10.892857142836476
-10.895833333312666
-10.898809523788856
-10.901785714265046
-10.904761904741235
-10.907738095217425
-10.910714285693615
-10.913690476169805
-10.916666666645995
-10.919642857122184
-10.922619047598374
-10.925595238074564
-10.928571428550754
-10.931547619026944
-10.934523809503133
-10.937499999979323
-10.940476190455513
-10.943452380931703
-10.946428571407893
-10.949404761884082
-10.952380952360272
-10.955357142836462
-10.958333333312652
-10.961309523788842
-10.964285714265031
-10.967261904741221
-10.970238095217411
-10.9732142856936
-10.97619047616979
-10.97916666664598
-10.98214285712217
-10.98511904759836
-10.98809523807455
-10.99107142855074
-10.99404761902693
-10.99702380950312
-10.999999999979309
-11.002976190455499
-11.005952380931689
-11.008928571407878
-11.011904761884068
-11.014880952360258
-11.017857142836448
-11.020833333312638
-11.023809523788827
-11.026785714265017
-11.029761904741207
-11.032738095217397
-11.035714285693587
-11.038690476169776
-11.041666666645966
-11.044642857122156
-11.047619047598346
-11.050595238074536
-11.053571428550725
-11.056547619026915
-11.059523809503105
-11.062499999979295
-11.065476190455485
-11.068452380931674
-11.071428571407864
-11.074404761884054
-11.077380952360244
-11.080357142836434
-11.083333333312623
-11.086309523788813
-11.089285714265003
-11.092261904741193
-11.095238095217383
-11.098214285693572
-11.101190476169762
-11.104166666645952
-11.107142857122142
-11.110119047598332
-11.113095238074521
-11.116071428550711
-11.119047619026901
-11.12202380950309
-11.12499999997928
-11.12797619045547
-11.13095238093166
-11.13392857140785
-11.13690476188404
-11.13988095236023
-11.14285714283642
-11.14583333331261
-11.148809523788799
-11.151785714264989
-11.154761904741179
-11.157738095217368
-11.160714285693558
-11.163690476169748
-11.166666666645938
-11.169642857122128
-11.172619047598317
-11.175595238074507
-11.178571428550697
-11.181547619026887
-11.184523809503077
-11.187499999979266
-11.190476190455456
-11.193452380931646
-11.196428571407836
-11.199404761884026
-11.202380952360215
-11.205357142836405
-11.208333333312595
-11.211309523788785
-11.214285714264975
-11.217261904741164
-11.220238095217354
-11.223214285693544
-11.226190476169734
-11.229166666645924
-11.232142857122113
-11.235119047598303
-11.238095238074493
-11.241071428550683
-11.244047619026873
-11.247023809503062
-11.249999999979252
-11.252976190455442
-11.255952380931632
-11.258928571407822
-11.261904761884011
-11.264880952360201
-11.267857142836391
-11.27083333331258
-11.27380952378877
-11.27678571426496
-11.27976190474115
-11.28273809521734
-11.28571428569353
-11.28869047616972
-11.29166666664591
-11.2946428571221
-11.297619047598289
-11.300595238074479
-11.303571428550669
-11.306547619026858
-11.309523809503048
-11.312499999979238
-11.315476190455428
-11.318452380931618
-11.321428571407807
-11.324404761883997
-11.327380952360187
-11.330357142836377
-11.333333333312567
-11.336309523788756
-11.339285714264946
-11.342261904741136
-11.345238095217326
-11.348214285693516
-11.351190476169705
-11.354166666645895
-11.357142857122085
-11.360119047598275
-11.363095238074465
-11.366071428550654
-11.369047619026844
-11.372023809503034
-11.374999999979224
-11.377976190455414
-11.380952380931603
-11.383928571407793
-11.386904761883983
-11.389880952360173
-11.392857142836363
-11.395833333312552
-11.398809523788742
-11.401785714264932
-11.404761904741122
-11.407738095217312
-11.410714285693501
-11.413690476169691
-11.416666666645881
-11.41964285712207
-11.42261904759826
-11.42559523807445
-11.42857142855064
-11.43154761902683
-11.43452380950302
-11.43749999997921
-11.4404761904554
-11.44345238093159
-11.446428571407779
-11.449404761883969
-11.452380952360159
-11.455357142836348
-11.458333333312538
-11.461309523788728
-11.464285714264918
-11.467261904741108
-11.470238095217297
-11.473214285693487
-11.476190476169677
-11.479166666645867
-11.482142857122057
-11.485119047598246
-11.488095238074436
-11.491071428550626
-11.494047619026816
-11.497023809503006
-11.499999999979195
-11.502976190455385
-11.505952380931575
-11.508928571407765
-11.511904761883955
-11.514880952360144
-11.517857142836334
-11.520833333312524
-11.523809523788714
-11.526785714264904
-11.529761904741093
-11.532738095217283
-11.535714285693473
-11.538690476169663
-11.541666666645853
-11.544642857122042
-11.547619047598232
-11.550595238074422
-11.553571428550612
-11.556547619026801
-11.559523809502991
-11.562499999979181
-11.565476190455371
-11.56845238093156
-11.57142857140775
-11.57440476188394
-11.57738095236013
-11.58035714283632
-11.58333333331251
-11.5863095237887
-11.58928571426489
-11.592261904741079
-11.595238095217269
-11.598214285693459
-11.601190476169648
-11.604166666645838
-11.607142857122028
-11.610119047598218
-11.613095238074408
-11.616071428550597
-11.619047619026787
-11.622023809502977
-11.624999999979167
-11.627976190455357
-11.630952380931546
-11.633928571407736
-11.636904761883926
-11.639880952360116
-11.642857142836306
-11.645833333312495
-11.648809523788685
-11.651785714264875
-11.654761904741065
-11.657738095217255
-11.660714285693444
-11.663690476169634
-11.666666666645824
-11.669642857122014
-11.672619047598204
-11.675595238074393
-11.678571428550583
-11.681547619026773
-11.684523809502963
-11.687499999979153
-11.690476190455342
-11.693452380931532
-11.696428571407722
-11.699404761883912
-11.702380952360102
-11.705357142836291
-11.708333333312481
-11.711309523788671
-11.71428571426486
-11.71726190474105
-11.72023809521724
-11.72321428569343
-11.72619047616962
-11.72916666664581
-11.732142857122
-11.73511904759819
-11.73809523807438
-11.741071428550569
-11.744047619026759
-11.747023809502949
-11.749999999979138
-11.752976190455328
-11.755952380931518
-11.758928571407708
-11.761904761883898
-11.764880952360087
-11.767857142836277
-11.770833333312467
-11.773809523788657
-11.776785714264847
-11.779761904741036
-11.782738095217226
-11.785714285693416
-11.788690476169606
-11.791666666645796
-11.794642857121985
-11.797619047598175
-11.800595238074365
-11.803571428550555
-11.806547619026745
-11.809523809502934
-11.812499999979124
-11.815476190455314
-11.818452380931504
-11.821428571407694
-11.824404761883883
-11.827380952360073
-11.830357142836263
-11.833333333312453
-11.836309523788643
-11.839285714264832
-11.842261904741022
-11.845238095217212
-11.848214285693402
-11.851190476169592
-11.854166666645781
-11.857142857121971
-11.860119047598161
-11.86309523807435
-11.86607142855054
-11.86904761902673
-11.87202380950292
-11.87499999997911
-11.8779761904553
-11.88095238093149
-11.88392857140768
-11.88690476188387
-11.889880952360059
-11.892857142836249
-11.895833333312439
-11.898809523788628
-11.901785714264818
-11.904761904741008
-11.907738095217198
-11.910714285693388
-11.913690476169577
-11.916666666645767
-11.919642857121957
-11.922619047598147
-11.925595238074337
-11.928571428550526
-11.931547619026716
-11.934523809502906
-11.937499999979096
-11.940476190455286
-11.943452380931475
-11.946428571407665
-11.949404761883855
-11.952380952360045
-11.955357142836235
-11.958333333312424
-11.961309523788614
-11.964285714264804
-11.967261904740994
-11.970238095217184
-11.973214285693373
-11.976190476169563
-11.979166666645753
-11.982142857121943
-11.985119047598133
-11.988095238074322
-11.991071428550512
-11.994047619026702
-11.997023809502892
-11.999999999979082
-12.002976190455271
-12.005952380931461
-12.008928571407651
-12.01190476188384
-12.01488095236003
-12.01785714283622
-12.02083333331241
-12.0238095237886
-12.02678571426479
-12.02976190474098
-12.03273809521717
-12.03571428569336
-12.038690476169549
-12.041666666645739
-12.044642857121929
-12.047619047598118
-12.050595238074308
-12.053571428550498
-12.056547619026688
-12.059523809502878
-12.062499999979067
-12.065476190455257
-12.068452380931447
-12.071428571407637
-12.074404761883827
-12.077380952360016
-12.080357142836206
-12.083333333312396
-12.086309523788586
-12.089285714264776
-12.092261904740965
-12.095238095217155
-12.098214285693345
-12.101190476169535
-12.104166666645725
-12.107142857121914
-12.110119047598104
-12.113095238074294
-12.116071428550484
-12.119047619026674
-12.122023809502863
-12.124999999979053
-12.127976190455243
-12.130952380931433
-12.133928571407623
-12.136904761883812
-12.139880952360002
-12.142857142836192
-12.145833333312382
-12.148809523788572
-12.151785714264761
-12.154761904740951
-12.157738095217141
-12.16071428569333
-12.16369047616952
-12.16666666664571
-12.1696428571219
-12.17261904759809
-12.17559523807428
-12.17857142855047
-12.18154761902666
-12.18452380950285
-12.187499999979039
-12.190476190455229
-12.193452380931419
-12.196428571407608
-12.199404761883798
-12.202380952359988
-12.205357142836178
-12.208333333312368
-12.211309523788557
-12.214285714264747
-12.217261904740937
-12.220238095217127
-12.223214285693317
-12.226190476169506
-12.229166666645696
-12.232142857121886
-12.235119047598076
-12.238095238074266
-12.241071428550455
-12.244047619026645
-12.247023809502835
-12.249999999979025
-12.252976190455215
-12.255952380931404
-12.258928571407594
-12.261904761883784
-12.264880952359974
-12.267857142836164
-12.270833333312353
-12.273809523788543
-12.276785714264733
-12.279761904740923
-12.282738095217113
-12.285714285693302
-12.288690476169492
-12.291666666645682
-12.294642857121872
-12.297619047598062
-12.300595238074251
-12.303571428550441
-12.306547619026631
-12.30952380950282
-12.31249999997901
-12.3154761904552
-12.31845238093139
-12.32142857140758
-12.32440476188377
-12.32738095235996
-12.33035714283615
-12.33333333331234
-12.336309523788529
-12.339285714264719
-12.342261904740909
-12.345238095217098
-12.348214285693288
-12.351190476169478
-12.354166666645668
-12.357142857121858
-12.360119047598047
-12.363095238074237
-12.366071428550427
-12.369047619026617
-12.372023809502807
-12.374999999978996
-12.377976190455186
-12.380952380931376
-12.383928571407566
-12.386904761883756
-12.389880952359945
-12.392857142836135
-12.395833333312325
-12.398809523788515
-12.401785714264705
-12.404761904740894
-12.407738095217084
-12.410714285693274
-12.413690476169464
-12.416666666645654
-12.419642857121843
-12.422619047598033
-12.425595238074223
-12.428571428550413
-12.431547619026603
-12.434523809502792
-12.437499999978982
-12.440476190455172
-12.443452380931362
-12.446428571407552
-12.449404761883741
-12.452380952359931
-12.455357142836121
-12.45833333331231
-12.4613095237885
-12.46428571426469
-12.46726190474088
-12.47023809521707
-12.47321428569326
-12.47619047616945
-12.47916666664564
-12.48214285712183
-12.485119047598019
-12.488095238074209
-12.491071428550399
-12.494047619026588
-12.497023809502778
-12.499999999978968
-12.502976190455158
-12.505952380931348
-12.508928571407537
-12.511904761883727
-12.514880952359917
-12.517857142836107
-12.520833333312297
-12.523809523788486
-12.526785714264676
-12.529761904740866
-12.532738095217056
-12.535714285693246
-12.538690476169435
-12.541666666645625
-12.544642857121815
-12.547619047598005
-12.550595238074195
-12.553571428550384
-12.556547619026574
-12.559523809502764
-12.562499999978954
-12.565476190455144
-12.568452380931333
-12.571428571407523
-12.574404761883713
-12.577380952359903
-12.580357142836093
-12.583333333312282
-12.586309523788472
-12.589285714264662
-12.592261904740852
-12.595238095217042
-12.598214285693231
-12.601190476169421
-12.604166666645611
-12.6071428571218
-12.61011904759799
-12.61309523807418
-12.61607142855037
-12.61904761902656
-12.62202380950275
-12.62499999997894
-12.62797619045513
-12.63095238093132
-12.633928571407509
-12.636904761883699
-12.639880952359889
-12.642857142836078
-12.645833333312268
-12.648809523788458
-12.651785714264648
-12.654761904740838
-12.657738095217027
-12.660714285693217
-12.663690476169407
-12.666666666645597
-12.669642857121787
-12.672619047597976
-12.675595238074166
-12.678571428550356
-12.681547619026546
-12.684523809502736
-12.687499999978925
-12.690476190455115
-12.693452380931305
-12.696428571407495
-12.699404761883685
-12.702380952359874
-12.705357142836064
-12.708333333312254
-12.711309523788444
-12.714285714264633
-12.717261904740823
-12.720238095217013
-12.723214285693203
-12.726190476169393
-12.729166666645582
-12.732142857121772
-12.735119047597962
-12.738095238074152
-12.741071428550342
-12.744047619026531
-12.747023809502721
-12.749999999978911
-12.752976190455101
-12.75595238093129
-12.75892857140748
-12.76190476188367
-12.76488095235986
-12.76785714283605
-12.77083333331224
-12.77380952378843
-12.77678571426462
-12.779761904740809
-12.782738095216999
-12.785714285693189
-12.788690476169378
-12.791666666645568
-12.794642857121758
-12.797619047597948
-12.800595238074138
-12.803571428550327
-12.806547619026517
-12.809523809502707
-12.812499999978897
-12.815476190455087
-12.818452380931276
-12.821428571407466
-12.824404761883656
-12.827380952359846
-12.830357142836036
-12.833333333312225
-12.836309523788415
-12.839285714264605
-12.842261904740795
-12.845238095216985
-12.848214285693174
-12.851190476169364
-12.854166666645554
-12.857142857121744
-12.860119047597934
-12.863095238074123
-12.866071428550313
-12.869047619026503
-12.872023809502693
-12.874999999978883
-12.877976190455072
-12.880952380931262
-12.883928571407452
-12.886904761883642
-12.889880952359832
-12.892857142836021
-12.895833333312211
-12.898809523788401
-12.90178571426459
-12.90476190474078
-12.90773809521697
-12.91071428569316
-12.91369047616935
-12.91666666664554
-12.91964285712173
-12.92261904759792
-12.92559523807411
-12.928571428550299
-12.931547619026489
-12.934523809502679
-12.937499999978868
-12.940476190455058
-12.943452380931248
-12.946428571407438
-12.949404761883628
-12.952380952359817
-12.955357142836007
-12.958333333312197
-12.961309523788387
-12.964285714264577
-12.967261904740766
-12.970238095216956
-12.973214285693146
-12.976190476169336
-12.979166666645526
-12.982142857121715
-12.985119047597905
-12.988095238074095
-12.991071428550285
-12.994047619026475
-12.997023809502664
-12.999999999978854
-13.002976190455044
-13.005952380931234
-13.008928571407424
-13.011904761883613
-13.014880952359803
-13.017857142835993
-13.020833333312183
-13.023809523788373
-13.026785714264562
-13.029761904740752
-13.032738095216942
-13.035714285693132
-13.038690476169322
-13.041666666645511
-13.044642857121701
-13.047619047597891
-13.05059523807408
-13.05357142855027
-13.05654761902646
-13.05952380950265
-13.06249999997884
-13.06547619045503
-13.06845238093122
-13.07142857140741
-13.0744047618836
-13.077380952359789
-13.080357142835979
-13.083333333312169
-13.086309523788358
-13.089285714264548
-13.092261904740738
-13.095238095216928
-13.098214285693118
-13.101190476169307
-13.104166666645497
-13.107142857121687
-13.110119047597877
-13.113095238074067
-13.116071428550256
-13.119047619026446
-13.122023809502636
-13.124999999978826
-13.127976190455016
-13.130952380931205
-13.133928571407395
-13.136904761883585
-13.139880952359775
-13.142857142835965
-13.145833333312154
-13.148809523788344
-13.151785714264534
-13.154761904740724
-13.157738095216914
-13.160714285693103
-13.163690476169293
-13.166666666645483
-13.169642857121673
-13.172619047597863
-13.175595238074052
-13.178571428550242
-13.181547619026432
-13.184523809502622
-13.187499999978812
-13.190476190455001
-13.193452380931191
-13.196428571407381
-13.19940476188357
-13.20238095235976
-13.20535714283595
-13.20833333331214
-13.21130952378833
-13.21428571426452
-13.21726190474071
-13.2202380952169
-13.22321428569309
-13.226190476169279
-13.229166666645469
-13.232142857121659
-13.235119047597848
-13.238095238074038
-13.241071428550228
-13.244047619026418
-13.247023809502608
-13.249999999978797
-13.252976190454987
-13.255952380931177
-13.258928571407367
-13.261904761883557
-13.264880952359746
-13.267857142835936
-13.270833333312126
-13.273809523788316
-13.276785714264506
-13.279761904740695
-13.282738095216885
-13.285714285693075
-13.288690476169265
-13.291666666645455
-13.294642857121644
-13.297619047597834
-13.300595238074024
-13.303571428550214
-13.306547619026404
-13.309523809502593
-13.312499999978783
-13.315476190454973
-13.318452380931163
-13.321428571407353
-13.324404761883542
-13.327380952359732
-13.330357142835922
-13.333333333312112
-13.336309523788302
-13.339285714264491
-13.342261904740681
-13.345238095216871
-13.34821428569306
-13.35119047616925
-13.35416666664544
-13.35714285712163
-13.36011904759782
-13.36309523807401
-13.3660714285502
-13.36904761902639
-13.37202380950258
-13.374999999978769
-13.377976190454959
-13.380952380931149
-13.383928571407338
-13.386904761883528
-13.389880952359718
-13.392857142835908
-13.395833333312098
-13.398809523788287
-13.401785714264477
-13.404761904740667
-13.407738095216857
-13.410714285693047
-13.413690476169236
-13.416666666645426
-13.419642857121616
-13.422619047597806
-13.425595238073996
-13.428571428550185
-13.431547619026375
-13.434523809502565
-13.437499999978755
-13.440476190454945
-13.443452380931134
-13.446428571407324
-13.449404761883514
-13.452380952359704
-13.455357142835894
-13.458333333312083
-13.461309523788273
-13.464285714264463
-13.467261904740653
-13.470238095216843
-13.473214285693032
-13.476190476169222
-13.479166666645412
-13.482142857121602
-13.485119047597792
-13.488095238073981
-13.491071428550171
-13.494047619026361
-13.49702380950255
-13.49999999997874
-13.50297619045493
-13.50595238093112
-13.50892857140731
-13.5119047618835
-13.51488095235969
-13.51785714283588
-13.52083333331207
-13.523809523788259
-13.526785714264449
-13.529761904740639
-13.532738095216828
-13.535714285693018
-13.538690476169208
-13.541666666645398
-13.544642857121588
-13.547619047597777
-13.550595238073967
-13.553571428550157
-13.556547619026347
-13.559523809502537
-13.562499999978726
-13.565476190454916
-13.568452380931106
-13.571428571407296
-13.574404761883486
-13.577380952359675
-13.580357142835865
-13.583333333312055
-13.586309523788245
-13.589285714264435
-13.592261904740624
-13.595238095216814
-13.598214285693004
-13.601190476169194
-13.604166666645384
-13.607142857121573
-13.610119047597763
-13.613095238073953
-13.616071428550143
-13.619047619026333
-13.622023809502522
-13.624999999978712
-13.627976190454902
-13.630952380931092
-13.633928571407282
-13.636904761883471
-13.639880952359661
-13.642857142835851
-13.64583333331204
-13.64880952378823
-13.65178571426442
-13.65476190474061
-13.6577380952168
-13.66071428569299
-13.66369047616918
-13.66666666664537
-13.66964285712156
-13.672619047597749
-13.675595238073939
-13.678571428550129
-13.681547619026318
-13.684523809502508
-13.687499999978698
-13.690476190454888
-13.693452380931078
-13.696428571407267
-13.699404761883457
-13.702380952359647
-13.705357142835837
-13.708333333312027
-13.711309523788216
-13.714285714264406
-13.717261904740596
-13.720238095216786
-13.723214285692976
-13.726190476169165
-13.729166666645355
-13.732142857121545
-13.735119047597735
-13.738095238073925
-13.741071428550114
-13.744047619026304
-13.747023809502494
-13.749999999978684
-13.752976190454874
-13.755952380931063
-13.758928571407253
-13.761904761883443
-13.764880952359633
-13.767857142835823
-13.770833333312012
-13.773809523788202
-13.776785714264392
-13.779761904740582
-13.782738095216772
-13.785714285692961
-13.788690476169151
-13.791666666645341
-13.79464285712153
-13.79761904759772
-13.80059523807391
-13.8035714285501
-13.80654761902629
-13.80952380950248
-13.81249999997867
-13.81547619045486
-13.818452380931049
-13.821428571407239
-13.824404761883429
-13.827380952359619
-13.830357142835808
-13.833333333311998
-13.836309523788188
-13.839285714264378
-13.842261904740568
-13.845238095216757
-13.848214285692947
-13.851190476169137
-13.854166666645327
-13.857142857121516
-13.860119047597706
-13.863095238073896
-13.866071428550086
-13.869047619026276
-13.872023809502465
-13.874999999978655
-13.877976190454845
-13.880952380931035
-13.883928571407225
-13.886904761883414
-13.889880952359604
-13.892857142835794
-13.895833333311984
-13.898809523788174
-13.901785714264363
-13.904761904740553
-13.907738095216743
-13.910714285692933
-13.913690476169123
-13.916666666645312
-13.919642857121502
-13.922619047597692
-13.925595238073882
-13.928571428550072
-13.931547619026261
-13.934523809502451
-13.937499999978641
-13.94047619045483
-13.94345238093102
-13.94642857140721
-13.9494047618834
-13.95238095235959
-13.95535714283578
-13.95833333331197
-13.96130952378816
-13.96428571426435
-13.967261904740539
-13.970238095216729
-13.973214285692919
-13.976190476169108
-13.979166666645298
-13.982142857121488
-13.985119047597678
-13.988095238073868
-13.991071428550057
-13.994047619026247
-13.997023809502437
-13.999999999978627
-14.002976190454817
-14.005952380931006
-14.008928571407196
-14.011904761883386
-14.014880952359576
-14.017857142835766
-14.020833333311955
-14.023809523788145
-14.026785714264335
-14.029761904740525
-14.032738095216715
-14.035714285692904
-14.038690476169094
-14.041666666645284
-14.044642857121474
-14.047619047597664
-14.050595238073853
-14.053571428550043
-14.056547619026233
-14.059523809502423
-14.062499999978613
-14.065476190454802
-14.068452380930992
-14.071428571407182
-14.074404761883372
-14.077380952359562
-14.080357142835751
-14.083333333311941
-14.086309523788131
-14.08928571426432
-14.09226190474051
-14.0952380952167
-14.09821428569289
-14.10119047616908
-14.10416666664527
-14.10714285712146
-14.11011904759765
-14.11309523807384
-14.116071428550029
-14.119047619026219
-14.122023809502409
-14.124999999978598
-14.127976190454788
-14.130952380930978
-14.133928571407168
-14.136904761883358
-14.139880952359547
-14.142857142835737
-14.145833333311927
-14.148809523788117
-14.151785714264307
-14.154761904740496
-14.157738095216686
-14.160714285692876
-14.163690476169066
-14.166666666645256
-14.169642857121445
-14.172619047597635
-14.175595238073825
-14.178571428550015
-14.181547619026205
-14.184523809502394
-14.187499999978584
-14.190476190454774
-14.193452380930964
-14.196428571407154
-14.199404761883343
-14.202380952359533
-14.205357142835723
-14.208333333311913
-14.211309523788103
-14.214285714264292
-14.217261904740482
-14.220238095216672
-14.223214285692862
-14.226190476169052
-14.229166666645241
-14.232142857121431
-14.235119047597621
-14.23809523807381
-14.24107142855
-14.24404761902619
-14.24702380950238
-14.24999999997857
-14.25297619045476
-14.25595238093095
-14.25892857140714
-14.26190476188333
-14.264880952359519
-14.267857142835709
-14.270833333311899
-14.273809523788088
-14.276785714264278
-14.279761904740468
-14.282738095216658
-14.285714285692848
-14.288690476169037
-14.291666666645227
-14.294642857121417
-14.297619047597607
-14.300595238073797
-14.303571428549986
-14.306547619026176
-14.309523809502366
-14.312499999978556
-14.315476190454746
-14.318452380930935
-14.321428571407125
-14.324404761883315
-14.327380952359505
-14.330357142835695
-14.333333333311884
-14.336309523788074
-14.339285714264264
-14.342261904740454
-14.345238095216644
-14.348214285692833
-14.351190476169023
-14.354166666645213
-14.357142857121403
-14.360119047597593
-14.363095238073782
-14.366071428549972
-14.369047619026162
-14.372023809502352
-14.374999999978542
-14.377976190454731
-14.380952380930921
-14.383928571407111
-14.3869047618833
-14.38988095235949
-14.39285714283568
-14.39583333331187
-14.39880952378806
-14.40178571426425
-14.40476190474044
-14.40773809521663
-14.41071428569282
-14.413690476169009
-14.416666666645199
-14.419642857121389
-14.422619047597578
-14.425595238073768
-14.428571428549958
-14.431547619026148
-14.434523809502338
-14.437499999978527
-14.440476190454717
-14.443452380930907
-14.446428571407097
-14.449404761883287
-14.452380952359476
-14.455357142835666
-14.458333333311856
-14.461309523788046
-14.464285714264236
-14.467261904740425
-14.470238095216615
-14.473214285692805
-14.476190476168995
-14.479166666645185
-14.482142857121374
-14.485119047597564
-14.488095238073754
-14.491071428549944
-14.494047619026134
-14.497023809502323
-14.499999999978513
-14.502976190454703
-14.505952380930893
-14.508928571407083
-14.511904761883272
-14.514880952359462
-14.517857142835652
-14.520833333311842
-14.523809523788032
-14.526785714264221
-14.529761904740411
-14.532738095216601
-14.53571428569279
-14.53869047616898
-14.54166666664517
-14.54464285712136
-14.54761904759755
-14.55059523807374
-14.55357142854993
-14.55654761902612
-14.55952380950231
-14.562499999978499
-14.565476190454689
-14.568452380930879
-14.571428571407068
-14.574404761883258
-14.577380952359448
-14.580357142835638
-14.583333333311828
-14.586309523788017
-14.589285714264207
-14.592261904740397
-14.595238095216587
-14.598214285692777
-14.601190476168966
-14.604166666645156
-14.607142857121346
-14.610119047597536
-14.613095238073726
-14.616071428549915
-14.619047619026105
-14.622023809502295
-14.624999999978485
-14.627976190454675
-14.630952380930864
-14.633928571407054
-14.636904761883244
-14.639880952359434
-14.642857142835624
-14.645833333311813
-14.648809523788003
-14.651785714264193
-14.654761904740383
-14.657738095216573
-14.660714285692762
-14.663690476168952
-14.666666666645142
-14.669642857121332
-14.672619047597522
-14.675595238073711
-14.678571428549901
-14.681547619026091
-14.68452380950228
-14.68749999997847
-14.69047619045466
-14.69345238093085
-14.69642857140704
-14.69940476188323
-14.70238095235942
-14.70535714283561
-14.7083333333118
-14.711309523787989
-14.714285714264179
-14.717261904740369
-14.720238095216558
-14.723214285692748
-14.726190476168938
-14.729166666645128
-14.732142857121318
-14.735119047597507
-14.738095238073697
-14.741071428549887
-14.744047619026077
-14.747023809502267
-14.749999999978456
-14.752976190454646
-14.755952380930836
-14.758928571407026
-14.761904761883216
-14.764880952359405
-14.767857142835595
-14.770833333311785
-14.773809523787975
-14.776785714264165
-14.779761904740354
-14.782738095216544
-14.785714285692734
-14.788690476168924
-14.791666666645114
-14.794642857121303
-14.797619047597493
-14.800595238073683
-14.803571428549873
-14.806547619026063
-14.809523809502252
-14.812499999978442
-14.815476190454632
-14.818452380930822
-14.821428571407012
-14.824404761883201
-14.827380952359391
-14.830357142835581
-14.83333333331177
-14.83630952378796
-14.83928571426415
-14.84226190474034
-14.84523809521653
-14.84821428569272
-14.85119047616891
-14.8541666666451
-14.85714285712129
-14.860119047597479
-14.863095238073669
-14.866071428549859
-14.869047619026048
-14.872023809502238
-14.874999999978428
-14.877976190454618
-14.880952380930808
-14.883928571406997
-14.886904761883187
-14.889880952359377
-14.892857142835567
-14.895833333311757
-14.898809523787946
-14.901785714264136
-14.904761904740326
-14.907738095216516
-14.910714285692706
-14.913690476168895
-14.916666666645085
-14.919642857121275
-14.922619047597465
-14.925595238073655
-14.928571428549844
-14.931547619026034
-14.934523809502224
-14.937499999978414
-14.940476190454604
-14.943452380930793
-14.946428571406983
-14.949404761883173
-14.952380952359363
-14.955357142835553
-14.958333333311742
-14.961309523787932
-14.964285714264122
-14.967261904740312
-14.970238095216502
-14.973214285692691
-14.976190476168881
-14.979166666645071
-14.98214285712126
-14.98511904759745
-14.98809523807364
-14.99107142854983
-14.99404761902602
-14.99702380950221
-14.9999999999784
-15.00297619045459
-15.005952380930779
-15.008928571406969
-15.011904761883159
-15.014880952359348
-15.017857142835538
-15.020833333311728
-15.023809523787918
-15.026785714264108
-15.029761904740297
-15.032738095216487
-15.035714285692677
-15.038690476168867
-15.041666666645057
-15.044642857121246
-15.047619047597436
-15.050595238073626
-15.053571428549816
-15.056547619026006
-15.059523809502195
-15.062499999978385
-15.065476190454575
-15.068452380930765
-15.071428571406955
-15.074404761883144
-15.077380952359334
-15.080357142835524
-15.083333333311714
-15.086309523787904
-15.089285714264093
-15.092261904740283
-15.095238095216473
-15.098214285692663
-15.101190476168853
-15.104166666645042
-15.107142857121232
-15.110119047597422
-15.113095238073612
-15.116071428549802
-15.119047619025991
-15.122023809502181
-15.124999999978371
-15.12797619045456
-15.13095238093075
-15.13392857140694
-15.13690476188313
-15.13988095235932
-15.14285714283551
-15.1458333333117
-15.14880952378789
-15.15178571426408
-15.154761904740269
-15.157738095216459
-15.160714285692649
-15.163690476168838
-15.166666666645028
-15.169642857121218
-15.172619047597408
-15.175595238073598
-15.178571428549787
-15.181547619025977
-15.184523809502167
-15.187499999978357
-15.190476190454547
-15.193452380930736
-15.196428571406926
-15.199404761883116
-15.202380952359306
-15.205357142835496
-15.208333333311685
-15.211309523787875
-15.214285714264065
-15.217261904740255
-15.220238095216445
-15.223214285692634
-15.226190476168824
-15.229166666645014
-15.232142857121204
-15.235119047597394
-15.238095238073583
-15.241071428549773
-15.244047619025963
-15.247023809502153
-15.249999999978343
-15.252976190454532
-15.255952380930722
-15.258928571406912
-15.261904761883102
-15.264880952359292
-15.267857142835481
-15.270833333311671
-15.273809523787861
-15.27678571426405
-15.27976190474024
-15.28273809521643
-15.28571428569262
-15.28869047616881
-15.291666666645
-15.29464285712119
-15.29761904759738
-15.30059523807357
-15.303571428549759
-15.306547619025949
-15.309523809502139
-15.312499999978328
-15.315476190454518
-15.318452380930708
-15.321428571406898
-15.324404761883088
-15.327380952359277
-15.330357142835467
-15.333333333311657
-15.336309523787847
-15.339285714264037
-15.342261904740226
-15.345238095216416
-15.348214285692606
-15.351190476168796
-15.354166666644986
-15.357142857121175
-15.360119047597365
-15.363095238073555
-15.366071428549745
-15.369047619025935
-15.372023809502124
-15.374999999978314
-15.377976190454504
-15.380952380930694
-15.383928571406884
-15.386904761883073
-15.389880952359263
-15.392857142835453
-15.395833333311643
-15.398809523787833
-15.401785714264022
-15.404761904740212
-15.407738095216402
-15.410714285692592
-15.413690476168782
-15.416666666644971
-15.419642857121161
-15.422619047597351
-15.42559523807354
-15.42857142854973
-15.43154761902592
-15.43452380950211
-15.4374999999783
-15.44047619045449
-15.44345238093068
-15.44642857140687
-15.44940476188306
-15.452380952359249
-15.455357142835439
-15.458333333311629
-15.461309523787818
-15.464285714264008
-15.467261904740198
-15.470238095216388
-15.473214285692578
-15.476190476168767
-15.479166666644957
-15.482142857121147
-15.485119047597337
-15.488095238073527
-15.491071428549716
-15.494047619025906
-15.497023809502096
-15.499999999978286
-15.502976190454476
-15.505952380930665
-15.508928571406855
-15.511904761883045
-15.514880952359235
-15.517857142835425
-15.520833333311614
-15.523809523787804
-15.526785714263994
-15.529761904740184
-15.532738095216374
-15.535714285692563
-15.538690476168753
-15.541666666644943
-15.544642857121133
-15.547619047597323
-15.550595238073512
-15.553571428549702
-15.556547619025892
-15.559523809502082
-15.562499999978272
-15.565476190454461
-15.568452380930651
-15.571428571406841
-15.57440476188303
-15.57738095235922
-15.58035714283541
-15.5833333333116
-15.58630952378779
-15.58928571426398
-15.59226190474017
-15.59523809521636
-15.59821428569255
-15.601190476168739
-15.604166666644929
-15.607142857121119
-15.610119047597308
-15.613095238073498
-15.616071428549688
-15.619047619025878
-15.622023809502068
-15.624999999978257
-15.627976190454447
-15.630952380930637
-15.633928571406827
-15.636904761883017
-15.639880952359206
-15.642857142835396
-15.645833333311586
-15.648809523787776
-15.651785714263966
-15.654761904740155
-15.657738095216345
-15.660714285692535
-15.663690476168725
-15.666666666644915
-15.669642857121104
-15.672619047597294
-15.675595238073484
-15.678571428549674
-15.681547619025864
-15.684523809502053
-15.687499999978243
-15.690476190454433
-15.693452380930623
-15.696428571406813
-15.699404761883002
-15.702380952359192
-15.705357142835382
-15.708333333311572
-15.711309523787762
-15.714285714263951
-15.717261904740141
-15.720238095216331
-15.72321428569252
-15.72619047616871
-15.7291666666449
-15.73214285712109
-15.73511904759728
-15.73809523807347
-15.74107142854966
-15.74404761902585
-15.74702380950204
-15.749999999978229
-15.752976190454419
-15.755952380930609
-15.758928571406798
-15.761904761882988
-15.764880952359178
-15.767857142835368
-15.770833333311558
-15.773809523787747
-15.776785714263937
-15.779761904740127
-15.782738095216317
-15.785714285692507
-15.788690476168696
-15.791666666644886
-15.794642857121076
-15.797619047597266
-15.800595238073456
-15.803571428549645
-15.806547619025835
-15.809523809502025
-15.812499999978215
-15.815476190454405
-15.818452380930594
-15.821428571406784
-15.824404761882974
-15.827380952359164
-15.830357142835354
-15.833333333311543
-15.836309523787733
-15.839285714263923
-15.842261904740113
-15.845238095216303
-15.848214285692492
-15.851190476168682
-15.854166666644872
-15.857142857121062
-15.860119047597252
-15.863095238073441
-15.866071428549631
-15.869047619025821
-15.87202380950201
-15.8749999999782
-15.87797619045439
-15.88095238093058
-15.88392857140677
-15.88690476188296
-15.88988095235915
-15.89285714283534
-15.89583333331153
-15.898809523787719
-15.901785714263909
-15.904761904740099
-15.907738095216288
-15.910714285692478
-15.913690476168668
-15.916666666644858
-15.919642857121048
-15.922619047597237
-15.925595238073427
-15.928571428549617
-15.931547619025807
-15.934523809501997
-15.937499999978186
-15.940476190454376
-15.943452380930566
-15.946428571406756
-15.949404761882946
-15.952380952359135
-15.955357142835325
-15.958333333311515
-15.961309523787705
-15.964285714263895
-15.967261904740084
-15.970238095216274
-15.973214285692464
-15.976190476168654
-15.979166666644844
-15.982142857121033
-15.985119047597223
-15.988095238073413
-15.991071428549603
-15.994047619025793
-15.997023809501982
-15.999999999978172
-16.002976190454362
-16.00595238093055
-16.00892857140674
-16.01190476188293
-16.01488095235912
-16.01785714283531
-16.0208333333115
-16.02380952378769
-16.02678571426388
-16.02976190474007
-16.03273809521626
-16.03571428569245
-16.03869047616864
-16.04166666664483
-16.04464285712102
-16.04761904759721
-16.0505952380734
-16.05357142854959
-16.05654761902578
-16.059523809501968
-16.062499999978158
-16.065476190454348
-16.068452380930538
-16.071428571406727
-16.074404761882917
-16.077380952359107
-16.080357142835297
-16.083333333311487
-16.086309523787676
-16.089285714263866
-16.092261904740056
-16.095238095216246
-16.098214285692436
-16.101190476168625
-16.104166666644815
-16.107142857121005
-16.110119047597195
-16.113095238073385
-16.116071428549574
-16.119047619025764
-16.122023809501954
-16.124999999978144
-16.127976190454334
-16.130952380930523
-16.133928571406713
-16.136904761882903
-16.139880952359093
-16.142857142835283
-16.145833333311472
-16.148809523787662
-16.151785714263852
-16.15476190474004
-16.15773809521623
-16.16071428569242
-16.16369047616861
-16.1666666666448
-16.16964285712099
-16.17261904759718
-16.17559523807337
-16.17857142854956
-16.18154761902575
-16.18452380950194
-16.18749999997813
-16.19047619045432
-16.19345238093051
-16.1964285714067
-16.19940476188289
-16.20238095235908
-16.20535714283527
-16.208333333311458
-16.211309523787648
-16.214285714263838
-16.217261904740027
-16.220238095216217
-16.223214285692407
-16.226190476168597
-16.229166666644787
-16.232142857120976
-16.235119047597166
-16.238095238073356
-16.241071428549546
-16.244047619025736
-16.247023809501925
-16.249999999978115
-16.252976190454305
-16.255952380930495
-16.258928571406685
-16.261904761882874
-16.264880952359064
-16.267857142835254
-16.270833333311444
-16.273809523787634
-16.276785714263823
-16.279761904740013
-16.282738095216203
-16.285714285692393
-16.288690476168583
-16.291666666644772
-16.294642857120962
-16.297619047597152
-16.300595238073342
-16.30357142854953
-16.30654761902572
-16.30952380950191
-16.3124999999781
-16.31547619045429
-16.31845238093048
-16.32142857140667
-16.32440476188286
-16.32738095235905
-16.33035714283524
-16.33333333331143
-16.33630952378762
-16.33928571426381
-16.34226190474
-16.34523809521619
-16.34821428569238
-16.35119047616857
-16.35416666664476
-16.357142857120948
-16.360119047597138
-16.363095238073328
-16.366071428549517
-16.369047619025707
-16.372023809501897
-16.374999999978087
-16.377976190454277
-16.380952380930466
-16.383928571406656
-16.386904761882846
-16.389880952359036
-16.392857142835226
-16.395833333311415
-16.398809523787605
-16.401785714263795
-16.404761904739985
-16.407738095216175
-16.410714285692364
-16.413690476168554
-16.416666666644744
-16.419642857120934
-16.422619047597124
-16.425595238073313
-16.428571428549503
-16.431547619025693
-16.434523809501883
-16.437499999978073
-16.440476190454262
-16.443452380930452
-16.446428571406642
-16.449404761882832
-16.45238095235902
-16.45535714283521
-16.4583333333114
-16.46130952378759
-16.46428571426378
-16.46726190473997
-16.47023809521616
-16.47321428569235
-16.47619047616854
-16.47916666664473
-16.48214285712092
-16.48511904759711
-16.4880952380733
-16.49107142854949
-16.49404761902568
-16.49702380950187
-16.49999999997806
-16.50297619045425
-16.505952380930438
-16.508928571406628
-16.511904761882818
-16.514880952359007
-16.517857142835197
-16.520833333311387
-16.523809523787577
-16.526785714263767
-16.529761904739956
-16.532738095216146
-16.535714285692336
-16.538690476168526
-16.541666666644716
-16.544642857120905
-16.547619047597095
-16.550595238073285
-16.553571428549475
-16.556547619025665
-16.559523809501854
-16.562499999978044
-16.565476190454234
-16.568452380930424
-16.571428571406614
-16.574404761882803
-16.577380952358993
-16.580357142835183
-16.583333333311373
-16.586309523787563
-16.589285714263752
-16.592261904739942
-16.595238095216132
-16.598214285692322
-16.60119047616851
-16.6041666666447
-16.60714285712089
-16.61011904759708
-16.61309523807327
-16.61607142854946
-16.61904761902565
-16.62202380950184
-16.62499999997803
-16.62797619045422
-16.63095238093041
-16.6339285714066
-16.63690476188279
-16.63988095235898
-16.64285714283517
-16.64583333331136
-16.64880952378755
-16.651785714263738
-16.654761904739928
-16.657738095216118
-16.660714285692308
-16.663690476168497
-16.666666666644687
-16.669642857120877
-16.672619047597067
-16.675595238073257
-16.678571428549446
-16.681547619025636
-16.684523809501826
-16.687499999978016
-16.690476190454206
-16.693452380930395
-16.696428571406585
-16.699404761882775
-16.702380952358965
-16.705357142835155
-16.708333333311344
-16.711309523787534
-16.714285714263724
-16.717261904739914
-16.720238095216104
-16.723214285692293
-16.726190476168483
-16.729166666644673
-16.732142857120863
-16.735119047597053
-16.738095238073242
-16.741071428549432
-16.744047619025622
-16.747023809501812
-16.749999999978
-16.75297619045419
-16.75595238093038
-16.75892857140657
-16.76190476188276
-16.76488095235895
-16.76785714283514
-16.77083333331133
-16.77380952378752
-16.77678571426371
-16.7797619047399
-16.78273809521609
-16.78571428569228
-16.78869047616847
-16.79166666664466
-16.79464285712085
-16.79761904759704
-16.800595238073228
-16.803571428549418
-16.806547619025608
-16.809523809501798
-16.812499999977987
-16.815476190454177
-16.818452380930367
-16.821428571406557
-16.824404761882747
-16.827380952358936
-16.830357142835126
-16.833333333311316
-16.836309523787506
-16.839285714263696
-16.842261904739885
-16.845238095216075
-16.848214285692265
-16.851190476168455
-16.854166666644645
-16.857142857120834
-16.860119047597024
-16.863095238073214
-16.866071428549404
-16.869047619025594
-16.872023809501783
-16.874999999977973
-16.877976190454163
-16.880952380930353
-16.883928571406543
-16.886904761882732
-16.889880952358922
-16.892857142835112
-16.8958333333113
-16.89880952378749
-16.90178571426368
-16.90476190473987
-16.90773809521606
-16.91071428569225
-16.91369047616844
-16.91666666664463
-16.91964285712082
-16.92261904759701
-16.9255952380732
-16.92857142854939
-16.93154761902558
-16.93452380950177
-16.93749999997796
-16.94047619045415
-16.94345238093034
-16.94642857140653
-16.949404761882718
-16.952380952358908
-16.955357142835098
-16.958333333311288
-16.961309523787477
-16.964285714263667
-16.967261904739857
-16.970238095216047
-16.973214285692237
-16.976190476168426
-16.979166666644616
-16.982142857120806
-16.985119047596996
-16.988095238073186
-16.991071428549375
-16.994047619025565
-16.997023809501755
-16.999999999977945
-17.002976190454135
-17.005952380930324
-17.008928571406514
-17.011904761882704
-17.014880952358894
-17.017857142835084
-17.020833333311273
-17.023809523787463
-17.026785714263653
-17.029761904739843
-17.032738095216033
-17.035714285692222
-17.038690476168412
-17.041666666644602
-17.04464285712079
-17.04761904759698
-17.05059523807317
-17.05357142854936
-17.05654761902555
-17.05952380950174
-17.06249999997793
-17.06547619045412
-17.06845238093031
-17.0714285714065
-17.07440476188269
-17.07738095235888
-17.08035714283507
-17.08333333331126
-17.08630952378745
-17.08928571426364
-17.09226190473983
-17.09523809521602
-17.098214285692208
-17.101190476168398
-17.104166666644588
-17.107142857120778
-17.110119047596967
-17.113095238073157
-17.116071428549347
-17.119047619025537
-17.122023809501727
-17.124999999977916
-17.127976190454106
-17.130952380930296
-17.133928571406486
-17.136904761882676
-17.139880952358865
-17.142857142835055
-17.145833333311245
-17.148809523787435
-17.151785714263625
-17.154761904739814
-17.157738095216004
-17.160714285692194
-17.163690476168384
-17.166666666644574
-17.169642857120763
-17.172619047596953
-17.175595238073143
-17.178571428549333
-17.181547619025523
-17.184523809501712
-17.187499999977902
-17.190476190454092
-17.19345238093028
-17.19642857140647
-17.19940476188266
-17.20238095235885
-17.20535714283504
-17.20833333331123
-17.21130952378742
-17.21428571426361
-17.2172619047398
-17.22023809521599
-17.22321428569218
-17.22619047616837
-17.22916666664456
-17.23214285712075
-17.23511904759694
-17.23809523807313
-17.24107142854932
-17.24404761902551
-17.247023809501698
-17.249999999977888
-17.252976190454078
-17.255952380930268
-17.258928571406457
-17.261904761882647
-17.264880952358837
-17.267857142835027
-17.270833333311217
-17.273809523787406
-17.276785714263596
-17.279761904739786
-17.282738095215976
-17.285714285692166
-17.288690476168355
-17.291666666644545
-17.294642857120735
-17.297619047596925
-17.300595238073115
-17.303571428549304
-17.306547619025494
-17.309523809501684
-17.312499999977874
-17.315476190454063
-17.318452380930253
-17.321428571406443
-17.324404761882633
-17.327380952358823
-17.330357142835012
-17.333333333311202
-17.336309523787392
-17.339285714263582
-17.34226190473977
-17.34523809521596
-17.34821428569215
-17.35119047616834
-17.35416666664453
-17.35714285712072
-17.36011904759691
-17.3630952380731
-17.36607142854929
-17.36904761902548
-17.37202380950167
-17.37499999997786
-17.37797619045405
-17.38095238093024
-17.38392857140643
-17.38690476188262
-17.38988095235881
-17.392857142835
-17.395833333311188
-17.398809523787378
-17.401785714263568
-17.404761904739757
-17.407738095215947
-17.410714285692137
-17.413690476168327
-17.416666666644517
-17.419642857120706
-17.422619047596896
-17.425595238073086
-17.428571428549276
-17.431547619025466
-17.434523809501655
-17.437499999977845
-17.440476190454035
-17.443452380930225
-17.446428571406415
-17.449404761882604
-17.452380952358794
-17.455357142834984
-17.458333333311174
-17.461309523787364
-17.464285714263553
-17.467261904739743
-17.470238095215933
-17.473214285692123
-17.476190476168313
-17.479166666644502
-17.482142857120692
-17.485119047596882
-17.488095238073072
-17.49107142854926
-17.49404761902545
-17.49702380950164
-17.49999999997783
-17.50297619045402
-17.50595238093021
-17.5089285714064
-17.51190476188259
-17.51488095235878
-17.51785714283497
-17.52083333331116
-17.52380952378735
-17.52678571426354
-17.52976190473973
-17.53273809521592
-17.53571428569211
-17.5386904761683
-17.54166666664449
-17.544642857120678
-17.547619047596868
-17.550595238073058
-17.553571428549247
-17.556547619025437
-17.559523809501627
-17.562499999977817
-17.565476190454007
-17.568452380930196
-17.571428571406386
-17.574404761882576
-17.577380952358766
-17.580357142834956
-17.583333333311145
-17.586309523787335
-17.589285714263525
-17.592261904739715
-17.595238095215905
-17.598214285692094
-17.601190476168284
-17.604166666644474
-17.607142857120664
-17.610119047596854
-17.613095238073043
-17.616071428549233
-17.619047619025423
-17.622023809501613
-17.624999999977803
-17.627976190453992
-17.630952380930182
-17.633928571406372
-17.636904761882562
-17.63988095235875
-17.64285714283494
-17.64583333331113
-17.64880952378732
-17.65178571426351
-17.6547619047397
-17.65773809521589
-17.66071428569208
-17.66369047616827
-17.66666666664446
-17.66964285712065
-17.67261904759684
-17.67559523807303
-17.67857142854922
-17.68154761902541
-17.6845238095016
-17.68749999997779
-17.69047619045398
-17.693452380930168
-17.696428571406358
-17.699404761882548
-17.702380952358737
-17.705357142834927
-17.708333333311117
-17.711309523787307
-17.714285714263497
-17.717261904739686
-17.720238095215876
-17.723214285692066
-17.726190476168256
-17.729166666644446
-17.732142857120635
-17.735119047596825
-17.738095238073015
-17.741071428549205
-17.744047619025395
-17.747023809501584
-17.749999999977774
-17.752976190453964
-17.755952380930154
-17.758928571406344
-17.761904761882533
-17.764880952358723
-17.767857142834913
-17.770833333311103
-17.773809523787293
-17.776785714263482
-17.779761904739672
-17.782738095215862
-17.785714285692052
-17.78869047616824
-17.79166666664443
-17.79464285712062
-17.79761904759681
-17.800595238073
-17.80357142854919
-17.80654761902538
-17.80952380950157
-17.81249999997776
-17.81547619045395
-17.81845238093014
-17.82142857140633
-17.82440476188252
-17.82738095235871
-17.8303571428349
-17.83333333331109
-17.83630952378728
-17.839285714263468
-17.842261904739658
-17.845238095215848
-17.848214285692038
-17.851190476168227
-17.854166666644417
-17.857142857120607
-17.860119047596797
-17.863095238072987
-17.866071428549176
-17.869047619025366
-17.872023809501556
-17.874999999977746
-17.877976190453936
-17.880952380930125
-17.883928571406315
-17.886904761882505
-17.889880952358695
-17.892857142834885
-17.895833333311074
-17.898809523787264
-17.901785714263454
-17.904761904739644
-17.907738095215834
-17.910714285692023
-17.913690476168213
-17.916666666644403
-17.919642857120593
-17.922619047596783
-17.925595238072972
-17.928571428549162
-17.931547619025352
-17.934523809501542
-17.93749999997773
-17.94047619045392
-17.94345238093011
-17.9464285714063
-17.94940476188249
-17.95238095235868
-17.95535714283487
-17.95833333331106
-17.96130952378725
-17.96428571426344
-17.96726190473963
-17.97023809521582
-17.97321428569201
-17.9761904761682
-17.97916666664439
-17.98214285712058
-17.98511904759677
-17.988095238072958
-17.991071428549148
-17.994047619025338
-17.997023809501528
-17.999999999977717
-18.002976190453907
-18.005952380930097
-18.008928571406287
-18.011904761882477
-18.014880952358666
-18.017857142834856
-18.020833333311046
-18.023809523787236
-18.026785714263426
-18.029761904739615
-18.032738095215805
-18.035714285691995
-18.038690476168185
-18.041666666644375
-18.044642857120564
-18.047619047596754
-18.050595238072944
-18.053571428549134
-18.056547619025324
-18.059523809501513
-18.062499999977703
-18.065476190453893
-18.068452380930083
-18.071428571406273
-18.074404761882462
-18.077380952358652
-18.080357142834842
-18.08333333331103
-18.08630952378722
-18.08928571426341
-18.0922619047396
-18.09523809521579
-18.09821428569198
-18.10119047616817
-18.10416666664436
-18.10714285712055
-18.11011904759674
-18.11309523807293
-18.11607142854912
-18.11904761902531
-18.1220238095015
-18.12499999997769
-18.12797619045388
-18.13095238093007
-18.13392857140626
-18.136904761882448
-18.139880952358638
-18.142857142834828
-18.145833333311018
-18.148809523787207
-18.151785714263397
-18.154761904739587
-18.157738095215777
-18.160714285691967
-18.163690476168156
-18.166666666644346
-18.169642857120536
-18.172619047596726
-18.175595238072916
-18.178571428549105
-18.181547619025295
-18.184523809501485
-18.187499999977675
-18.190476190453865
-18.193452380930054
-18.196428571406244
-18.199404761882434
-18.202380952358624
-18.205357142834814
-18.208333333311003
-18.211309523787193
-18.214285714263383
-18.217261904739573
-18.220238095215763
-18.223214285691952
-18.226190476168142
-18.229166666644332
-18.23214285712052
-18.23511904759671
-18.2380952380729
-18.24107142854909
-18.24404761902528
-18.24702380950147
-18.24999999997766
-18.25297619045385
-18.25595238093004
-18.25892857140623
-18.26190476188242
-18.26488095235861
-18.2678571428348
-18.27083333331099
-18.27380952378718
-18.27678571426337
-18.27976190473956
-18.28273809521575
-18.285714285691938
-18.288690476168128
-18.291666666644318
-18.294642857120508
-18.297619047596697
-18.300595238072887
-18.303571428549077
-18.306547619025267
-18.309523809501457
-18.312499999977646
-18.315476190453836
-18.318452380930026
-18.321428571406216
-18.324404761882406
-18.327380952358595
-18.330357142834785
-18.333333333310975
-18.336309523787165
-18.339285714263355
-18.342261904739544
-18.345238095215734
-18.348214285691924
-18.351190476168114
-18.354166666644304
-18.357142857120493
-18.360119047596683
-18.363095238072873
-18.366071428549063
-18.369047619025253
-18.372023809501442
-18.374999999977632
-18.377976190453822
-18.38095238093001
-18.3839285714062
-18.38690476188239
-18.38988095235858
-18.39285714283477
-18.39583333331096
-18.39880952378715
-18.40178571426334
-18.40476190473953
-18.40773809521572
-18.41071428569191
-18.4136904761681
-18.41666666664429
-18.41964285712048
-18.42261904759667
-18.42559523807286
-18.42857142854905
-18.43154761902524
-18.434523809501428
-18.437499999977618
-18.440476190453808
-18.443452380929998
-18.446428571406187
-18.449404761882377
-18.452380952358567
-18.455357142834757
-18.458333333310947
-18.461309523787136
-18.464285714263326
-18.467261904739516
-18.470238095215706
-18.473214285691895
-18.476190476168085
-18.479166666644275
-18.482142857120465
-18.485119047596655
-18.488095238072844
-18.491071428549034
-18.494047619025224
-18.497023809501414
-18.499999999977604
-18.502976190453793
-18.505952380929983
-18.508928571406173
-18.511904761882363
-18.514880952358553
-18.517857142834742
-18.520833333310932
-18.523809523787122
-18.526785714263312
-18.5297619047395
-18.53273809521569
-18.53571428569188
-18.53869047616807
-18.54166666664426
-18.54464285712045
-18.54761904759664
-18.55059523807283
-18.55357142854902
-18.55654761902521
-18.5595238095014
-18.56249999997759
-18.56547619045378
-18.56845238092997
-18.57142857140616
-18.57440476188235
-18.57738095235854
-18.58035714283473
-18.583333333310918
-18.586309523787108
-18.589285714263298
-18.592261904739487
-18.595238095215677
-18.598214285691867
-18.601190476168057
-18.604166666644247
-18.607142857120436
-18.610119047596626
-18.613095238072816
-18.616071428549006
-18.619047619025196
-18.622023809501385
-18.624999999977575
-18.627976190453765
-18.630952380929955
-18.633928571406145
-18.636904761882334
-18.639880952358524
-18.642857142834714
-18.645833333310904
-18.648809523787094
-18.651785714263283
-18.654761904739473
-18.657738095215663
-18.660714285691853
-18.663690476168043
-18.666666666644232
-18.669642857120422
-18.672619047596612
-18.675595238072802
-18.67857142854899
-18.68154761902518
-18.68452380950137
-18.68749999997756
-18.69047619045375
-18.69345238092994
-18.69642857140613
-18.69940476188232
-18.70238095235851
-18.7053571428347
-18.70833333331089
-18.71130952378708
-18.71428571426327
-18.71726190473946
-18.72023809521565
-18.72321428569184
-18.72619047616803
-18.72916666664422
-18.732142857120408
-18.735119047596598
-18.738095238072788
-18.741071428548977
-18.744047619025167
-18.747023809501357
-18.749999999977547
-18.752976190453737
-18.755952380929926
-18.758928571406116
-18.761904761882306
-18.764880952358496
-18.767857142834686
-18.770833333310875
-18.773809523787065
-18.776785714263255
-18.779761904739445
-18.782738095215635
-18.785714285691824
-18.788690476168014
-18.791666666644204
-18.794642857120394
-18.797619047596584
-18.800595238072773
-18.803571428548963
-18.806547619025153
-18.809523809501343
-18.812499999977533
-18.815476190453722
-18.818452380929912
-18.821428571406102
-18.824404761882292
-18.82738095235848
-18.83035714283467
-18.83333333331086
-18.83630952378705
-18.83928571426324
-18.84226190473943
-18.84523809521562
-18.84821428569181
-18.851190476168
-18.85416666664419
-18.85714285712038
-18.86011904759657
-18.86309523807276
-18.86607142854895
-18.86904761902514
-18.87202380950133
-18.87499999997752
-18.87797619045371
-18.880952380929898
-18.883928571406088
-18.886904761882278
-18.889880952358467
-18.892857142834657
-18.895833333310847
-18.898809523787037
-18.901785714263227
-18.904761904739416
-18.907738095215606
-18.910714285691796
-18.913690476167986
-18.916666666644176
-18.919642857120365
-18.922619047596555
-18.925595238072745
-18.928571428548935
-18.931547619025125
-18.934523809501314
-18.937499999977504
-18.940476190453694
-18.943452380929884
-18.946428571406074
-18.949404761882263
-18.952380952358453
-18.955357142834643
-18.958333333310833
-18.961309523787023
-18.964285714263212
-18.967261904739402
-18.970238095215592
-18.973214285691782
-18.97619047616797
-18.97916666664416
-18.98214285712035
-18.98511904759654
-18.98809523807273
-18.99107142854892
-18.99404761902511
-18.9970238095013
-18.99999999997749
-19.00297619045368
-19.00595238092987
-19.00892857140606
-19.01190476188225
-19.01488095235844
-19.01785714283463
-19.02083333331082
-19.02380952378701
-19.026785714263198
-19.029761904739388
-19.032738095215578
-19.035714285691768
-19.038690476167957
-19.041666666644147
-19.044642857120337
-19.047619047596527
-19.050595238072717
-19.053571428548906
-19.056547619025096
-19.059523809501286
-19.062499999977476
-19.065476190453666
-19.068452380929855
-19.071428571406045
-19.074404761882235
-19.077380952358425
-19.080357142834615
-19.083333333310804
-19.086309523786994
-19.089285714263184
-19.092261904739374
-19.095238095215564
-19.098214285691753
-19.101190476167943
-19.104166666644133
-19.107142857120323
-19.110119047596513
-19.113095238072702
-19.116071428548892
-19.119047619025082
-19.122023809501272
-19.12499999997746
-19.12797619045365
-19.13095238092984
-19.13392857140603
-19.13690476188222
-19.13988095235841
-19.1428571428346
-19.14583333331079
-19.14880952378698
-19.15178571426317
-19.15476190473936
-19.15773809521555
-19.16071428569174
-19.16369047616793
-19.16666666664412
-19.16964285712031
-19.1726190475965
-19.175595238072688
-19.178571428548878
-19.181547619025068
-19.184523809501258
-19.187499999977447
-19.190476190453637
-19.193452380929827
-19.196428571406017
-19.199404761882207
-19.202380952358396
-19.205357142834586
-19.208333333310776
-19.211309523786966
-19.214285714263156
-19.217261904739345
-19.220238095215535
-19.223214285691725
-19.226190476167915
-19.229166666644105
-19.232142857120294
-19.235119047596484
-19.238095238072674
-19.241071428548864
-19.244047619025054
-19.247023809501243
-19.249999999977433
-19.252976190453623
-19.255952380929813
-19.258928571406003
-19.261904761882192
-19.264880952358382
-19.267857142834572
-19.27083333331076
-19.27380952378695
-19.27678571426314
-19.27976190473933
-19.28273809521552
-19.28571428569171
-19.2886904761679
-19.29166666664409
-19.29464285712028
-19.29761904759647
-19.30059523807266
-19.30357142854885
-19.30654761902504
-19.30952380950123
-19.31249999997742
-19.31547619045361
-19.3184523809298
-19.32142857140599
-19.324404761882178
-19.327380952358368
-19.330357142834558
-19.333333333310748
-19.336309523786937
-19.339285714263127
-19.342261904739317
-19.345238095215507
-19.348214285691697
-19.351190476167886
-19.354166666644076
-19.357142857120266
-19.360119047596456
-19.363095238072646
-19.366071428548835
-19.369047619025025
-19.372023809501215
-19.374999999977405
-19.377976190453595
-19.380952380929784
-19.383928571405974
-19.386904761882164
-19.389880952358354
-19.392857142834544
-19.395833333310733
-19.398809523786923
-19.401785714263113
-19.404761904739303
-19.407738095215493
-19.410714285691682
-19.413690476167872
-19.416666666644062
-19.41964285712025
-19.42261904759644
-19.42559523807263
-19.42857142854882
-19.43154761902501
-19.4345238095012
-19.43749999997739
-19.44047619045358
-19.44345238092977
-19.44642857140596
-19.44940476188215
-19.45238095235834
-19.45535714283453
-19.45833333331072
-19.46130952378691
-19.4642857142631
-19.46726190473929
-19.47023809521548
-19.473214285691668
-19.476190476167858
-19.479166666644048
-19.482142857120238
-19.485119047596427
-19.488095238072617
-19.491071428548807
-19.494047619024997
-19.497023809501187
-19.499999999977376
-19.502976190453566
-19.505952380929756
-19.508928571405946
-19.511904761882136
-19.514880952358325
-19.517857142834515
-19.520833333310705
-19.523809523786895
-19.526785714263085
-19.529761904739274
-19.532738095215464
-19.535714285691654
-19.538690476167844
-19.541666666644034
-19.544642857120223
-19.547619047596413
-19.550595238072603
-19.553571428548793
-19.556547619024983
-19.559523809501172
-19.562499999977362
-19.565476190453552
-19.56845238092974
-19.57142857140593
-19.57440476188212
-19.57738095235831
-19.5803571428345
-19.58333333331069
-19.58630952378688
-19.58928571426307
-19.59226190473926
-19.59523809521545
-19.59821428569164
-19.60119047616783
-19.60416666664402
-19.60714285712021
-19.6101190475964
-19.61309523807259
-19.61607142854878
-19.61904761902497
-19.622023809501158
-19.624999999977348
-19.627976190453538
-19.630952380929727
-19.633928571405917
-19.636904761882107
-19.639880952358297
-19.642857142834487
-19.645833333310676
-19.648809523786866
-19.651785714263056
-19.654761904739246
-19.657738095215436
-19.660714285691625
-19.663690476167815
-19.666666666644005
-19.669642857120195
-19.672619047596385
-19.675595238072574
-19.678571428548764
-19.681547619024954
-19.684523809501144
-19.687499999977334
-19.690476190453523
-19.693452380929713
-19.696428571405903
-19.699404761882093
-19.702380952358283
-19.705357142834472
-19.708333333310662
-19.711309523786852
-19.714285714263042
-19.71726190473923
-19.72023809521542
-19.72321428569161
-19.7261904761678
-19.72916666664399
-19.73214285712018
-19.73511904759637
-19.73809523807256
-19.74107142854875
-19.74404761902494
-19.74702380950113
-19.74999999997732
-19.75297619045351
-19.7559523809297
-19.75892857140589
-19.76190476188208
-19.76488095235827
-19.76785714283446
-19.770833333310648
-19.773809523786838
-19.776785714263028
-19.779761904739217
-19.782738095215407
-19.785714285691597
-19.788690476167787
-19.791666666643977
-19.794642857120166
-19.797619047596356
-19.800595238072546
-19.803571428548736
-19.806547619024926
-19.809523809501115
-19.812499999977305
-19.815476190453495
-19.818452380929685
-19.821428571405875
-19.824404761882064
-19.827380952358254
-19.830357142834444
-19.833333333310634
-19.836309523786824
-19.839285714263013
-19.842261904739203
-19.845238095215393
-19.848214285691583
-19.851190476167773
-19.854166666643962
-19.857142857120152
-19.860119047596342
-19.863095238072532
-19.86607142854872
-19.86904761902491
-19.8720238095011
-19.87499999997729
-19.87797619045348
-19.88095238092967
-19.88392857140586
-19.88690476188205
-19.88988095235824
-19.89285714283443
-19.89583333331062
-19.89880952378681
-19.901785714263
-19.90476190473919
-19.90773809521538
-19.91071428569157
-19.91369047616776
-19.91666666664395
-19.919642857120138
-19.922619047596328
-19.925595238072518
-19.928571428548707
-19.931547619024897
-19.934523809501087
-19.937499999977277
-19.940476190453467
-19.943452380929656
-19.946428571405846
-19.949404761882036
-19.952380952358226
-19.955357142834416
-19.958333333310605
-19.961309523786795
-19.964285714262985
-19.967261904739175
-19.970238095215365
-19.973214285691554
-19.976190476167744
-19.979166666643934
-19.982142857120124
-19.985119047596314
-19.988095238072503
-19.991071428548693
-19.994047619024883
-19.997023809501073
-19.999999999977263
-20.002976190453452
-20.005952380929642
-20.008928571405832
-20.011904761882022
-20.01488095235821
-20.0178571428344
-20.02083333331059
-20.02380952378678
-20.02678571426297
-20.02976190473916
-20.03273809521535
-20.03571428569154
-20.03869047616773
-20.04166666664392
-20.04464285712011
-20.0476190475963
-20.05059523807249
-20.05357142854868
-20.05654761902487
-20.05952380950106
-20.06249999997725
-20.065476190453438
-20.068452380929628
-20.071428571405818
-20.074404761882008
-20.077380952358197
-20.080357142834387
-20.083333333310577
-20.086309523786767
-20.089285714262957
-20.092261904739146
-20.095238095215336
-20.098214285691526
-20.101190476167716
-20.104166666643906
-20.107142857120095
-20.110119047596285
-20.113095238072475
-20.116071428548665
-20.119047619024855
-20.122023809501044
-20.124999999977234
-20.127976190453424
-20.130952380929614
-20.133928571405804
-20.136904761881993
-20.139880952358183
-20.142857142834373
-20.145833333310563
-20.148809523786753
-20.151785714262942
-20.154761904739132
-20.157738095215322
-20.160714285691512
-20.1636904761677
-20.16666666664389
-20.16964285712008
-20.17261904759627
-20.17559523807246
-20.17857142854865
-20.18154761902484
-20.18452380950103
-20.18749999997722
-20.19047619045341
-20.1934523809296
-20.19642857140579
-20.19940476188198
-20.20238095235817
-20.20535714283436
-20.20833333331055
-20.21130952378674
-20.214285714262928
-20.217261904739118
-20.220238095215308
-20.223214285691498
-20.226190476167687
-20.229166666643877
-20.232142857120067
-20.235119047596257
-20.238095238072447
-20.241071428548636
-20.244047619024826
-20.247023809501016
-20.249999999977206
-20.252976190453396
-20.255952380929585
-20.258928571405775
-20.261904761881965
-20.264880952358155
-20.267857142834345
-20.270833333310534
-20.273809523786724
-20.276785714262914
-20.279761904739104
-20.282738095215294
-20.285714285691483
-20.288690476167673
-20.291666666643863
-20.294642857120053
-20.297619047596243
-20.300595238072432
-20.303571428548622
-20.306547619024812
-20.309523809501002
-20.31249999997719
-20.31547619045338
-20.31845238092957
-20.32142857140576
-20.32440476188195
-20.32738095235814
-20.33035714283433
-20.33333333331052
-20.33630952378671
-20.3392857142629
-20.34226190473909
-20.34523809521528
-20.34821428569147
-20.35119047616766
-20.35416666664385
-20.35714285712004
-20.36011904759623
-20.363095238072418
-20.366071428548608
-20.369047619024798
-20.372023809500988
-20.374999999977177
-20.377976190453367
-20.380952380929557
-20.383928571405747
-20.386904761881937
-20.389880952358126
-20.392857142834316
-20.395833333310506
-20.398809523786696
-20.401785714262886
-20.404761904739075
-20.407738095215265
-20.410714285691455
-20.413690476167645
-20.416666666643835
-20.419642857120024
-20.422619047596214
-20.425595238072404
-20.428571428548594
-20.431547619024784
-20.434523809500973
-20.437499999977163
-20.440476190453353
-20.443452380929543
-20.446428571405733
-20.449404761881922
-20.452380952358112
-20.455357142834302
-20.45833333331049
-20.46130952378668
-20.46428571426287
-20.46726190473906
-20.47023809521525
-20.47321428569144
-20.47619047616763
-20.47916666664382
-20.48214285712001
-20.4851190475962
-20.48809523807239
-20.49107142854858
-20.49404761902477
-20.49702380950096
-20.49999999997715
-20.50297619045334
-20.50595238092953
-20.50892857140572
-20.511904761881908
-20.514880952358098
-20.517857142834288
-20.520833333310478
-20.523809523786667
-20.526785714262857
-20.529761904739047
-20.532738095215237
-20.535714285691427
-20.538690476167616
-20.541666666643806
-20.544642857119996
-20.547619047596186
-20.550595238072376
-20.553571428548565
-20.556547619024755
-20.559523809500945
-20.562499999977135
-20.565476190453325
-20.568452380929514
-20.571428571405704
-20.574404761881894
-20.577380952358084
-20.580357142834274
-20.583333333310463
-20.586309523786653
-20.589285714262843
-20.592261904739033
-20.595238095215223
-20.598214285691412
-20.601190476167602
-20.604166666643792
-20.60714285711998
-20.61011904759617
-20.61309523807236
-20.61607142854855
-20.61904761902474
-20.62202380950093
-20.62499999997712
-20.62797619045331
-20.6309523809295
-20.63392857140569
-20.63690476188188
-20.63988095235807
-20.64285714283426
-20.64583333331045
-20.64880952378664
-20.65178571426283
-20.65476190473902
-20.65773809521521
-20.660714285691398
-20.663690476167588
-20.666666666643778
-20.669642857119968
-20.672619047596157
-20.675595238072347
-20.678571428548537
-20.681547619024727
-20.684523809500917
-20.687499999977106
-20.690476190453296
-20.693452380929486
-20.696428571405676
-20.699404761881866
-20.702380952358055
-20.705357142834245
-20.708333333310435
-20.711309523786625
-20.714285714262815
-20.717261904739004
-20.720238095215194
-20.723214285691384
-20.726190476167574
-20.729166666643764
-20.732142857119953
-20.735119047596143
-20.738095238072333
-20.741071428548523
-20.744047619024713
-20.747023809500902
-20.749999999977092
-20.752976190453282
-20.75595238092947
-20.75892857140566
-20.76190476188185
-20.76488095235804
-20.76785714283423
-20.77083333331042
-20.77380952378661
-20.7767857142628
-20.77976190473899
-20.78273809521518
-20.78571428569137
-20.78869047616756
-20.79166666664375
-20.79464285711994
-20.79761904759613
-20.80059523807232
-20.80357142854851
-20.8065476190247
-20.809523809500888
-20.812499999977078
-20.815476190453268
-20.818452380929457
-20.821428571405647
-20.824404761881837
-20.827380952358027
-20.830357142834217
-20.833333333310406
-20.836309523786596
-20.839285714262786
-20.842261904738976
-20.845238095215166
-20.848214285691355
-20.851190476167545
-20.854166666643735
-20.857142857119925
-20.860119047596115
-20.863095238072304
-20.866071428548494
-20.869047619024684
-20.872023809500874
-20.874999999977064
-20.877976190453253
-20.880952380929443
-20.883928571405633
-20.886904761881823
-20.889880952358013
-20.892857142834202
-20.895833333310392
-20.898809523786582
-20.901785714262772
-20.90476190473896
-20.90773809521515
-20.91071428569134
-20.91369047616753
-20.91666666664372
-20.91964285711991
-20.9226190475961
-20.92559523807229
-20.92857142854848
-20.93154761902467
-20.93452380950086
-20.93749999997705
-20.94047619045324
-20.94345238092943
-20.94642857140562
-20.94940476188181
-20.952380952358
-20.95535714283419
-20.958333333310378
-20.961309523786568
-20.964285714262758
-20.967261904738947
-20.970238095215137
-20.973214285691327
-20.976190476167517
-20.979166666643707
-20.982142857119896
-20.985119047596086
-20.988095238072276
-20.991071428548466
-20.994047619024656
-20.997023809500845
-20.999999999977035
-21.002976190453225
-21.005952380929415
-21.008928571405605
-21.011904761881794
-21.014880952357984
-21.017857142834174
-21.020833333310364
-21.023809523786554
-21.026785714262743
-21.029761904738933
-21.032738095215123
-21.035714285691313
-21.038690476167503
-21.041666666643692
-21.044642857119882
-21.047619047596072
-21.050595238072262
-21.05357142854845
-21.05654761902464
-21.05952380950083
-21.06249999997702
-21.06547619045321
-21.0684523809294
-21.07142857140559
-21.07440476188178
-21.07738095235797
-21.08035714283416
-21.08333333331035
-21.08630952378654
-21.08928571426273
-21.09226190473892
-21.09523809521511
-21.0982142856913
-21.10119047616749
-21.10416666664368
-21.107142857119868
-21.110119047596058
-21.113095238072248
-21.116071428548437
-21.119047619024627
-21.122023809500817
-21.124999999977007
-21.127976190453197
-21.130952380929386
-21.133928571405576
-21.136904761881766
-21.139880952357956
-21.142857142834146
-21.145833333310335
-21.148809523786525
-21.151785714262715
-21.154761904738905
-21.157738095215095
-21.160714285691284
-21.163690476167474
-21.166666666643664
-21.169642857119854
-21.172619047596044
-21.175595238072233
-21.178571428548423
-21.181547619024613
-21.184523809500803
-21.187499999976993
-21.190476190453182
-21.193452380929372
-21.196428571405562
-21.199404761881752
-21.20238095235794
-21.20535714283413
-21.20833333331032
-21.21130952378651
-21.2142857142627
-21.21726190473889
-21.22023809521508
-21.22321428569127
-21.22619047616746
-21.22916666664365
-21.23214285711984
-21.23511904759603
-21.23809523807222
-21.24107142854841
-21.2440476190246
-21.24702380950079
-21.24999999997698
-21.252976190453168
-21.255952380929358
-21.258928571405548
-21.261904761881738
-21.264880952357927
-21.267857142834117
-21.270833333310307
-21.273809523786497
-21.276785714262687
-21.279761904738876
-21.282738095215066
-21.285714285691256
-21.288690476167446
-21.291666666643636
-21.294642857119825
-21.297619047596015
-21.300595238072205
-21.303571428548395
-21.306547619024585
-21.309523809500774
-21.312499999976964
-21.315476190453154
-21.318452380929344
-21.321428571405534
-21.324404761881723
-21.327380952357913
-21.330357142834103
-21.333333333310293
-21.336309523786483
-21.339285714262672
-21.342261904738862
-21.345238095215052
-21.348214285691242
-21.35119047616743
-21.35416666664362
-21.35714285711981
-21.360119047596
-21.36309523807219
-21.36607142854838
-21.36904761902457
-21.37202380950076
-21.37499999997695
-21.37797619045314
-21.38095238092933
-21.38392857140552
-21.38690476188171
-21.3898809523579
-21.39285714283409
-21.39583333331028
-21.39880952378647
-21.401785714262658
-21.404761904738848
-21.407738095215038
-21.410714285691228
-21.413690476167417
-21.416666666643607
-21.419642857119797
-21.422619047595987
-21.425595238072177
-21.428571428548366
-21.431547619024556
-21.434523809500746
-21.437499999976936
-21.440476190453126
-21.443452380929315
-21.446428571405505
-21.449404761881695
-21.452380952357885
-21.455357142834075
-21.458333333310264
-21.461309523786454
-21.464285714262644
-21.467261904738834
-21.470238095215024
-21.473214285691213
-21.476190476167403
-21.479166666643593
-21.482142857119783
-21.485119047595973
-21.488095238072162
-21.491071428548352
-21.494047619024542
-21.49702380950073
-21.49999999997692
-21.50297619045311
-21.5059523809293
-21.50892857140549
-21.51190476188168
-21.51488095235787
-21.51785714283406
-21.52083333331025
-21.52380952378644
-21.52678571426263
-21.52976190473882
-21.53273809521501
-21.5357142856912
-21.53869047616739
-21.54166666664358
-21.54464285711977
-21.54761904759596
-21.550595238072148
-21.553571428548338
-21.556547619024528
-21.559523809500718
-21.562499999976907
-21.565476190453097
-21.568452380929287
-21.571428571405477
-21.574404761881667
-21.577380952357856
-21.580357142834046
-21.583333333310236
-21.586309523786426
-21.589285714262616
-21.592261904738805
-21.595238095214995
-21.598214285691185
-21.601190476167375
-21.604166666643565
-21.607142857119754
-21.610119047595944
-21.613095238072134
-21.616071428548324
-21.619047619024514
-21.622023809500703
-21.624999999976893
-21.627976190453083
-21.630952380929273
-21.633928571405463
-21.636904761881652
-21.639880952357842
-21.642857142834032
-21.64583333331022
-21.64880952378641
-21.6517857142626
-21.65476190473879
-21.65773809521498
-21.66071428569117
-21.66369047616736
-21.66666666664355
-21.66964285711974
-21.67261904759593
-21.67559523807212
-21.67857142854831
-21.6815476190245
-21.68452380950069
-21.68749999997688
-21.69047619045307
-21.69345238092926
-21.69642857140545
-21.699404761881638
-21.702380952357828
-21.705357142834018
-21.708333333310208
-21.711309523786397
-21.714285714262587
-21.717261904738777
-21.720238095214967
-21.723214285691157
-21.726190476167346
-21.729166666643536
-21.732142857119726
-21.735119047595916
-21.738095238072106
-21.741071428548295
-21.744047619024485
-21.747023809500675
-21.749999999976865
-21.752976190453055
-21.755952380929244
-21.758928571405434
-21.761904761881624
-21.764880952357814
-21.767857142834004
-21.770833333310193
-21.773809523786383
-21.776785714262573
-21.779761904738763
-21.782738095214953
-21.785714285691142
-21.788690476167332
-21.791666666643522
-21.79464285711971
-21.7976190475959
-21.80059523807209
-21.80357142854828
-21.80654761902447
-21.80952380950066
-21.81249999997685
-21.81547619045304
-21.81845238092923
-21.82142857140542
-21.82440476188161
-21.8273809523578
-21.83035714283399
-21.83333333331018
-21.83630952378637
-21.83928571426256
-21.84226190473875
-21.84523809521494
-21.848214285691128
-21.851190476167318
-21.854166666643508
-21.857142857119698
-21.860119047595887
-21.863095238072077
-21.866071428548267
-21.869047619024457
-21.872023809500647
-21.874999999976836
-21.877976190453026
-21.880952380929216
-21.883928571405406
-21.886904761881596
-21.889880952357785
-21.892857142833975
-21.895833333310165
-21.898809523786355
-21.901785714262545
-21.904761904738734
-21.907738095214924
-21.910714285691114
-21.913690476167304
-21.916666666643493
-21.919642857119683
-21.922619047595873
-21.925595238072063
-21.928571428548253
-21.931547619024442
-21.934523809500632
-21.937499999976822
-21.940476190453012
-21.9434523809292
-21.94642857140539
-21.94940476188158
-21.95238095235777
-21.95535714283396
-21.95833333331015
-21.96130952378634
-21.96428571426253
-21.96726190473872
-21.97023809521491
-21.9732142856911
-21.97619047616729
-21.97916666664348
-21.98214285711967
-21.98511904759586
-21.98809523807205
-21.99107142854824
-21.99404761902443
-21.997023809500618
-21.999999999976808
-22.002976190452998
-22.005952380929187
-22.008928571405377
-22.011904761881567
-22.014880952357757
-22.017857142833947
-22.020833333310136
-22.023809523786326
-22.026785714262516
-22.029761904738706
-22.032738095214896
-22.035714285691085
-22.038690476167275
-22.041666666643465
-22.044642857119655
-22.047619047595845
-22.050595238072034
-22.053571428548224
-22.056547619024414
-22.059523809500604
-22.062499999976794
-22.065476190452983
-22.068452380929173
-22.071428571405363
-22.074404761881553
-22.077380952357743
-22.080357142833932
-22.083333333310122
-22.086309523786312
-22.089285714262502
-22.09226190473869
-22.09523809521488
-22.09821428569107
-22.10119047616726
-22.10416666664345
-22.10714285711964
-22.11011904759583
-22.11309523807202
-22.11607142854821
-22.1190476190244
-22.12202380950059
-22.12499999997678
-22.12797619045297
-22.13095238092916
-22.13392857140535
-22.13690476188154
-22.13988095235773
-22.14285714283392
-22.145833333310108
-22.148809523786298
-22.151785714262488
-22.154761904738677
-22.157738095214867
-22.160714285691057
-22.163690476167247
-22.166666666643437
-22.169642857119626
-22.172619047595816
-22.175595238072006
-22.178571428548196
-22.181547619024386
-22.184523809500575
-22.187499999976765
-22.190476190452955
-22.193452380929145
-22.196428571405335
-22.199404761881524
-22.202380952357714
-22.205357142833904
-22.208333333310094
-22.211309523786284
-22.214285714262473
-22.217261904738663
-22.220238095214853
-22.223214285691043
-22.226190476167233
-22.229166666643422
-22.232142857119612
-22.235119047595802
-22.238095238071992
-22.24107142854818
-22.24404761902437
-22.24702380950056
-22.24999999997675
-22.25297619045294
-22.25595238092913
-22.25892857140532
-22.26190476188151
-22.2648809523577
-22.26785714283389
-22.27083333331008
-22.27380952378627
-22.27678571426246
-22.27976190473865
-22.28273809521484
-22.28571428569103
-22.28869047616722
-22.29166666664341
-22.294642857119598
-22.297619047595788
-22.300595238071978
-22.303571428548167
-22.306547619024357
-22.309523809500547
-22.312499999976737
-22.315476190452927
-22.318452380929116
-22.321428571405306
-22.324404761881496
-22.327380952357686
-22.330357142833876
-22.333333333310065
-22.336309523786255
-22.339285714262445
-22.342261904738635
-22.345238095214825
-22.348214285691014
-22.351190476167204
-22.354166666643394
-22.357142857119584
-22.360119047595774
-22.363095238071963
-22.366071428548153
-22.369047619024343
-22.372023809500533
-22.374999999976723
-22.377976190452912
-22.380952380929102
-22.383928571405292
-22.386904761881482
-22.38988095235767
-22.39285714283386
-22.39583333331005
-22.39880952378624
-22.40178571426243
-22.40476190473862
-22.40773809521481
-22.410714285691
-22.41369047616719
-22.41666666664338
-22.41964285711957
-22.42261904759576
-22.42559523807195
-22.42857142854814
-22.43154761902433
-22.43452380950052
-22.43749999997671
-22.440476190452898
-22.443452380929088
-22.446428571405278
-22.449404761881468
-22.452380952357657
-22.455357142833847
-22.458333333310037
-22.461309523786227
-22.464285714262417
-22.467261904738606
-22.470238095214796
-22.473214285690986
-22.476190476167176
-22.479166666643366
-22.482142857119555
-22.485119047595745
-22.488095238071935
-22.491071428548125
-22.494047619024315
-22.497023809500504
-22.499999999976694
-22.502976190452884
-22.505952380929074
-22.508928571405264
-22.511904761881453
-22.514880952357643
-22.517857142833833
-22.520833333310023
-22.523809523786213
-22.526785714262402
-22.529761904738592
-22.532738095214782
-22.535714285690972
-22.53869047616716
-22.54166666664335
-22.54464285711954
-22.54761904759573
-22.55059523807192
-22.55357142854811
-22.5565476190243
-22.55952380950049
-22.56249999997668
-22.56547619045287
-22.56845238092906
-22.57142857140525
-22.57440476188144
-22.57738095235763
-22.58035714283382
-22.58333333331001
-22.5863095237862
-22.589285714262388
-22.592261904738578
-22.595238095214768
-22.598214285690958
-22.601190476167147
-22.604166666643337
-22.607142857119527
-22.610119047595717
-22.613095238071907
-22.616071428548096
-22.619047619024286
-22.622023809500476
-22.624999999976666
-22.627976190452856
-22.630952380929045
-22.633928571405235
-22.636904761881425
-22.639880952357615
-22.642857142833805
-22.645833333309994
-22.648809523786184
-22.651785714262374
-22.654761904738564
-22.657738095214754
-22.660714285690943
-22.663690476167133
-22.666666666643323
-22.669642857119513
-22.672619047595703
-22.675595238071892
-22.678571428548082
-22.681547619024272
-22.68452380950046
-22.68749999997665
-22.69047619045284
-22.69345238092903
-22.69642857140522
-22.69940476188141
-22.7023809523576
-22.70535714283379
-22.70833333330998
-22.71130952378617
-22.71428571426236
-22.71726190473855
-22.72023809521474
-22.72321428569093
-22.72619047616712
-22.72916666664331
-22.7321428571195
-22.73511904759569
-22.738095238071878
-22.741071428548068
-22.744047619024258
-22.747023809500448
-22.749999999976637
-22.752976190452827
-22.755952380929017
-22.758928571405207
-22.761904761881397
-22.764880952357586
-22.767857142833776
-22.770833333309966
-22.773809523786156
-22.776785714262346
-22.779761904738535
-22.782738095214725
-22.785714285690915
-22.788690476167105
-22.791666666643295
-22.794642857119484
-22.797619047595674
-22.800595238071864
-22.803571428548054
-22.806547619024244
-22.809523809500433
-22.812499999976623
-22.815476190452813
-22.818452380929003
-22.821428571405193
-22.824404761881382
-22.827380952357572
-22.830357142833762
-22.83333333330995
-22.83630952378614
-22.83928571426233
-22.84226190473852
-22.84523809521471
-22.8482142856909
-22.85119047616709
-22.85416666664328
-22.85714285711947
-22.86011904759566
-22.86309523807185
-22.86607142854804
-22.86904761902423
-22.87202380950042
-22.87499999997661
-22.8779761904528
-22.88095238092899
-22.88392857140518
-22.886904761881368
-22.889880952357558
-22.892857142833748
-22.895833333309938
-22.898809523786127
-22.901785714262317
-22.904761904738507
-22.907738095214697
-22.910714285690887
-22.913690476167076
-22.916666666643266
-22.919642857119456
-22.922619047595646
-22.925595238071836
-22.928571428548025
-22.931547619024215
-22.934523809500405
-22.937499999976595
-22.940476190452785
-22.943452380928974
-22.946428571405164
-22.949404761881354
-22.952380952357544
-22.955357142833734
-22.958333333309923
-22.961309523786113
-22.964285714262303
-22.967261904738493
-22.970238095214683
-22.973214285690872
-22.976190476167062
-22.979166666643252
-22.98214285711944
-22.98511904759563
-22.98809523807182
-22.99107142854801
-22.9940476190242
-22.99702380950039
-22.99999999997658
-23.00297619045277
-23.00595238092896
-23.00892857140515
-23.01190476188134
-23.01488095235753
-23.01785714283372
-23.02083333330991
-23.0238095237861
-23.02678571426229
-23.02976190473848
-23.03273809521467
-23.035714285690858
-23.038690476167048
-23.041666666643238
-23.044642857119428
-23.047619047595617
-23.050595238071807
-23.053571428547997
-23.056547619024187
-23.059523809500377
-23.062499999976566
-23.065476190452756
-23.068452380928946
-23.071428571405136
-23.074404761881325
-23.077380952357515
-23.080357142833705
-23.083333333309895
-23.086309523786085
-23.089285714262274
-23.092261904738464
-23.095238095214654
-23.098214285690844
-23.101190476167034
-23.104166666643223
-23.107142857119413
-23.110119047595603
-23.113095238071793
-23.116071428547983
-23.119047619024172
-23.122023809500362
-23.124999999976552
-23.127976190452742
-23.13095238092893
-23.13392857140512
-23.13690476188131
-23.1398809523575
-23.14285714283369
-23.14583333330988
-23.14880952378607
-23.15178571426226
-23.15476190473845
-23.15773809521464
-23.16071428569083
-23.16369047616702
-23.16666666664321
-23.1696428571194
-23.17261904759559
-23.17559523807178
-23.17857142854797
-23.18154761902416
-23.184523809500348
-23.187499999976538
-23.190476190452728
-23.193452380928917
-23.196428571405107
-23.199404761881297
-23.202380952357487
-23.205357142833677
-23.208333333309866
-23.211309523786056
-23.214285714262246
-23.217261904738436
-23.220238095214626
-23.223214285690815
-23.226190476167005
-23.229166666643195
-23.232142857119385
-23.235119047595575
-23.238095238071764
-23.241071428547954
-23.244047619024144
-23.247023809500334
-23.249999999976524
-23.252976190452713
-23.255952380928903
-23.258928571405093
-23.261904761881283
-23.264880952357473
-23.267857142833662
-23.270833333309852
-23.273809523786042
-23.276785714262232
-23.27976190473842
-23.28273809521461
-23.2857142856908
-23.28869047616699
-23.29166666664318
-23.29464285711937
-23.29761904759556
-23.30059523807175
-23.30357142854794
-23.30654761902413
-23.30952380950032
-23.31249999997651
-23.3154761904527
-23.31845238092889
-23.32142857140508
-23.32440476188127
-23.32738095235746
-23.33035714283365
-23.333333333309838
-23.336309523786028
-23.339285714262218
-23.342261904738407
-23.345238095214597
-23.348214285690787
-23.351190476166977
-23.354166666643167
-23.357142857119356
-23.360119047595546
-23.363095238071736
-23.366071428547926
-23.369047619024116
-23.372023809500305
-23.374999999976495
-23.377976190452685
-23.380952380928875
-23.383928571405065
-23.386904761881254
-23.389880952357444
-23.392857142833634
-23.395833333309824
-23.398809523786014
-23.401785714262203
-23.404761904738393
-23.407738095214583
-23.410714285690773
-23.413690476166963
-23.416666666643152
-23.419642857119342
-23.422619047595532
-23.425595238071722
-23.42857142854791
-23.4315476190241
-23.43452380950029
-23.43749999997648
-23.44047619045267
-23.44345238092886
-23.44642857140505
-23.44940476188124
-23.45238095235743
-23.45535714283362
-23.45833333330981
-23.461309523786
-23.46428571426219
-23.46726190473838
-23.47023809521457
-23.47321428569076
-23.47619047616695
-23.47916666664314
-23.482142857119328
-23.485119047595518
-23.488095238071708
-23.491071428547897
-23.494047619024087
-23.497023809500277
-23.499999999976467
-23.502976190452657
-23.505952380928846
-23.508928571405036
-23.511904761881226
-23.514880952357416
-23.517857142833606
-23.520833333309795
-23.523809523785985
-23.526785714262175
-23.529761904738365
-23.532738095214555
-23.535714285690744
-23.538690476166934
-23.541666666643124
-23.544642857119314
-23.547619047595504
-23.550595238071693
-23.553571428547883
-23.556547619024073
-23.559523809500263
-23.562499999976453
-23.565476190452642
-23.568452380928832
-23.571428571405022
-23.574404761881212
-23.5773809523574
-23.58035714283359
-23.58333333330978
-23.58630952378597
-23.58928571426216
-23.59226190473835
-23.59523809521454
-23.59821428569073
-23.60119047616692
-23.60416666664311
-23.6071428571193
-23.61011904759549
-23.61309523807168
-23.61607142854787
-23.61904761902406
-23.62202380950025
-23.62499999997644
-23.627976190452628
-23.630952380928818
-23.633928571405008
-23.636904761881198
-23.639880952357387
-23.642857142833577
-23.645833333309767
-23.648809523785957
-23.651785714262147
-23.654761904738336
-23.657738095214526
-23.660714285690716
-23.663690476166906
-23.666666666643096
-23.669642857119285
-23.672619047595475
-23.675595238071665
-23.678571428547855
-23.681547619024045
-23.684523809500234
-23.687499999976424
-23.690476190452614
-23.693452380928804
-23.696428571404994
-23.699404761881183
-23.702380952357373
-23.705357142833563
-23.708333333309753
-23.711309523785943
-23.714285714262132
-23.717261904738322
-23.720238095214512
-23.723214285690702
-23.72619047616689
-23.72916666664308
-23.73214285711927
-23.73511904759546
-23.73809523807165
-23.74107142854784
-23.74404761902403
-23.74702380950022
-23.74999999997641
-23.7529761904526
-23.75595238092879
-23.75892857140498
-23.76190476188117
-23.76488095235736
-23.76785714283355
-23.77083333330974
-23.77380952378593
-23.776785714262118
-23.779761904738308
-23.782738095214498
-23.785714285690688
-23.788690476166877
-23.791666666643067
-23.794642857119257
-23.797619047595447
-23.800595238071637
-23.803571428547826
-23.806547619024016
-23.809523809500206
-23.812499999976396
-23.815476190452586
-23.818452380928775
-23.821428571404965
-23.824404761881155
-23.827380952357345
-23.830357142833535
-23.833333333309724
-23.836309523785914
-23.839285714262104
-23.842261904738294
-23.845238095214484
-23.848214285690673
-23.851190476166863
-23.854166666643053
-23.857142857119243
-23.860119047595433
-23.863095238071622
-23.866071428547812
-23.869047619024002
-23.87202380950019
-23.87499999997638
-23.87797619045257
-23.88095238092876
-23.88392857140495
-23.88690476188114
-23.88988095235733
-23.89285714283352
-23.89583333330971
-23.8988095237859
-23.90178571426209
-23.90476190473828
-23.90773809521447
-23.91071428569066
-23.91369047616685
-23.91666666664304
-23.91964285711923
-23.92261904759542
-23.925595238071608
-23.928571428547798
-23.931547619023988
-23.934523809500178
-23.937499999976367
-23.940476190452557
-23.943452380928747
-23.946428571404937
-23.949404761881127
-23.952380952357316
-23.955357142833506
-23.958333333309696
-23.961309523785886
-23.964285714262076
-23.967261904738265
-23.970238095214455
-23.973214285690645
-23.976190476166835
-23.979166666643025
-23.982142857119214
-23.985119047595404
-23.988095238071594
-23.991071428547784
-23.994047619023974
-23.997023809500163
-23.999999999976353
-24.002976190452543
-24.005952380928733
-24.008928571404923
-24.011904761881112
-24.014880952357302
-24.017857142833492
-24.02083333330968
-24.02380952378587
-24.02678571426206
-24.02976190473825
-24.03273809521444
-24.03571428569063
-24.03869047616682
-24.04166666664301
-24.0446428571192
-24.04761904759539
-24.05059523807158
-24.05357142854777
-24.05654761902396
-24.05952380950015
-24.06249999997634
-24.06547619045253
-24.06845238092872
-24.07142857140491
-24.074404761881098
-24.077380952357288
-24.080357142833478
-24.083333333309668
-24.086309523785857
-24.089285714262047
-24.092261904738237
-24.095238095214427
-24.098214285690617
-24.101190476166806
-24.104166666642996
-24.107142857119186
-24.110119047595376
-24.113095238071566
-24.116071428547755
-24.119047619023945
-24.122023809500135
-24.124999999976325
-24.127976190452515
-24.130952380928704
-24.133928571404894
-24.136904761881084
-24.139880952357274
-24.142857142833464
-24.145833333309653
-24.148809523785843
-24.151785714262033
-24.154761904738223
-24.157738095214413
-24.160714285690602
-24.163690476166792
-24.166666666642982
-24.16964285711917
-24.17261904759536
-24.17559523807155
-24.17857142854774
-24.18154761902393
-24.18452380950012
-24.18749999997631
-24.1904761904525
-24.19345238092869
-24.19642857140488
-24.19940476188107
-24.20238095235726
-24.20535714283345
-24.20833333330964
-24.21130952378583
-24.21428571426202
-24.21726190473821
-24.2202380952144
-24.223214285690588
-24.226190476166778
-24.229166666642968
-24.232142857119157
-24.235119047595347
-24.238095238071537
-24.241071428547727
-24.244047619023917
-24.247023809500106
-24.249999999976296
-24.252976190452486
-24.255952380928676
-24.258928571404866
-24.261904761881055
-24.264880952357245
-24.267857142833435
-24.270833333309625
-24.273809523785815
-24.276785714262004
-24.279761904738194
-24.282738095214384
-24.285714285690574
-24.288690476166764
-24.291666666642953
-24.294642857119143
-24.297619047595333
-24.300595238071523
-24.303571428547713
-24.306547619023902
-24.309523809500092
-24.312499999976282
-24.315476190452472
-24.31845238092866
-24.32142857140485
-24.32440476188104
-24.32738095235723
-24.33035714283342
-24.33333333330961
-24.3363095237858
-24.33928571426199
-24.34226190473818
-24.34523809521437
-24.34821428569056
-24.35119047616675
-24.35416666664294
-24.35714285711913
-24.36011904759532
-24.36309523807151
-24.3660714285477
-24.36904761902389
-24.372023809500078
-24.374999999976268
-24.377976190452458
-24.380952380928647
-24.383928571404837
-24.386904761881027
-24.389880952357217
-24.392857142833407
-24.395833333309596
-24.398809523785786
-24.401785714261976
-24.404761904738166
-24.407738095214356
-24.410714285690545
-24.413690476166735
-24.416666666642925
-24.419642857119115
-24.422619047595305
-24.425595238071494
-24.428571428547684
-24.431547619023874
-24.434523809500064
-24.437499999976254
-24.440476190452443
-24.443452380928633
-24.446428571404823
-24.449404761881013
-24.452380952357203
-24.455357142833392
-24.458333333309582
-24.461309523785772
-24.464285714261962
-24.46726190473815
-24.47023809521434
-24.47321428569053
-24.47619047616672
-24.47916666664291
-24.4821428571191
-24.48511904759529
-24.48809523807148
-24.49107142854767
-24.49404761902386
-24.49702380950005
-24.49999999997624
-24.50297619045243
-24.50595238092862
-24.50892857140481
-24.511904761881
-24.51488095235719
-24.51785714283338
-24.520833333309568
-24.523809523785758
-24.526785714261948
-24.529761904738137
-24.532738095214327
-24.535714285690517
-24.538690476166707
-24.541666666642897
-24.544642857119086
-24.547619047595276
-24.550595238071466
-24.553571428547656
-24.556547619023846
-24.559523809500035
-24.562499999976225
-24.565476190452415
-24.568452380928605
-24.571428571404795
-24.574404761880984
-24.577380952357174
-24.580357142833364
-24.583333333309554
-24.586309523785744
-24.589285714261933
-24.592261904738123
-24.595238095214313
-24.598214285690503
-24.601190476166693
-24.604166666642882
-24.607142857119072
-24.610119047595262
-24.613095238071452
-24.61607142854764
-24.61904761902383
-24.62202380950002
-24.62499999997621
-24.6279761904524
-24.63095238092859
-24.63392857140478
-24.63690476188097
-24.63988095235716
-24.64285714283335
-24.64583333330954
-24.64880952378573
-24.65178571426192
-24.65476190473811
-24.6577380952143
-24.66071428569049
-24.66369047616668
-24.666666666642868
-24.669642857119058
-24.672619047595248
-24.675595238071438
-24.678571428547627
-24.681547619023817
-24.684523809500007
-24.687499999976197
-24.690476190452387
-24.693452380928576
-24.696428571404766
-24.699404761880956
-24.702380952357146
-24.705357142833336
-24.708333333309525
-24.711309523785715
-24.714285714261905
-24.717261904738095
-24.720238095214285
-24.723214285690474
-24.726190476166664
-24.729166666642854
-24.732142857119044
-24.735119047595234
-24.738095238071423
-24.741071428547613
-24.744047619023803
-24.747023809499993
-24.749999999976183
-24.752976190452372
-24.755952380928562
-24.758928571404752
-24.761904761880942
-24.76488095235713
-24.76785714283332
-24.77083333330951
-24.7738095237857
-24.77678571426189
-24.77976190473808
-24.78273809521427
-24.78571428569046
-24.78869047616665
-24.79166666664284
-24.79464285711903
-24.79761904759522
-24.80059523807141
-24.8035714285476
-24.80654761902379
-24.80952380949998
-24.81249999997617
-24.815476190452358
-24.818452380928548
-24.821428571404738
-24.824404761880928
-24.827380952357117
-24.830357142833307
-24.833333333309497
-24.836309523785687
-24.839285714261877
-24.842261904738066
-24.845238095214256
-24.848214285690446
-24.851190476166636
-24.854166666642826
-24.857142857119015
-24.860119047595205
-24.863095238071395
-24.866071428547585
-24.869047619023775
-24.872023809499964
-24.874999999976154
-24.877976190452344
-24.880952380928534
-24.883928571404724
-24.886904761880913
-24.889880952357103
-24.892857142833293
-24.895833333309483
-24.898809523785673
-24.901785714261862
-24.904761904738052
-24.907738095214242
-24.910714285690432
-24.91369047616662
-24.91666666664281
-24.919642857119
-24.92261904759519
-24.92559523807138
-24.92857142854757
-24.93154761902376
-24.93452380949995
-24.93749999997614
-24.94047619045233
-24.94345238092852
-24.94642857140471
-24.9494047618809
-24.95238095235709
-24.95535714283328
-24.95833333330947
-24.96130952378566
-24.964285714261848
-24.967261904738038
-24.970238095214228
-24.973214285690418
-24.976190476166607
-24.979166666642797
-24.982142857118987
-24.985119047595177
-24.988095238071367
-24.991071428547556
-24.994047619023746
-24.997023809499936
-24.999999999976126
-25.002976190452316
-25.005952380928505
-25.008928571404695
-25.011904761880885
-25.014880952357075
-25.017857142833265
-25.020833333309454
-25.023809523785644
-25.026785714261834
-25.029761904738024
-25.032738095214214
-25.035714285690403
-25.038690476166593
-25.041666666642783
-25.044642857118973
-25.047619047595163
-25.050595238071352
-25.053571428547542
-25.056547619023732
-25.05952380949992
-25.06249999997611
-25.0654761904523
-25.06845238092849
-25.07142857140468
-25.07440476188087
-25.07738095235706
-25.08035714283325
-25.08333333330944
-25.08630952378563
-25.08928571426182
-25.09226190473801
-25.0952380952142
-25.09821428569039
-25.10119047616658
-25.10416666664277
-25.10714285711896
-25.11011904759515
-25.113095238071338
-25.116071428547528
-25.119047619023718
-25.122023809499908
-25.124999999976097
-25.127976190452287
-25.130952380928477
-25.133928571404667
-25.136904761880857
-25.139880952357046
-25.142857142833236
-25.145833333309426
-25.148809523785616
-25.151785714261806
-25.154761904737995
-25.157738095214185
-25.160714285690375
-25.163690476166565
-25.166666666642755
-25.169642857118944
-25.172619047595134
-25.175595238071324
-25.178571428547514
-25.181547619023704
-25.184523809499893
-25.187499999976083
-25.190476190452273
-25.193452380928463
-25.196428571404653
-25.199404761880842
-25.202380952357032
-25.205357142833222
-25.20833333330941
-25.2113095237856
-25.21428571426179
-25.21726190473798
-25.22023809521417
-25.22321428569036
-25.22619047616655
-25.22916666664274
-25.23214285711893
-25.23511904759512
-25.23809523807131
-25.2410714285475
-25.24404761902369
-25.24702380949988
-25.24999999997607
-25.25297619045226
-25.25595238092845
-25.25892857140464
-25.261904761880828
-25.264880952357018
-25.267857142833208
-25.270833333309398
-25.273809523785587
-25.276785714261777
-25.279761904737967
-25.282738095214157
-25.285714285690347
-25.288690476166536
-25.291666666642726
-25.294642857118916
-25.297619047595106
-25.300595238071296
-25.303571428547485
-25.306547619023675
-25.309523809499865
-25.312499999976055
-25.315476190452245
-25.318452380928434
-25.321428571404624
-25.324404761880814
-25.327380952357004
-25.330357142833194
-25.333333333309383
-25.336309523785573
-25.339285714261763
-25.342261904737953
-25.345238095214143
-25.348214285690332
-25.351190476166522
-25.354166666642712
-25.3571428571189
-25.36011904759509
-25.36309523807128
-25.36607142854747
-25.36904761902366
-25.37202380949985
-25.37499999997604
-25.37797619045223
-25.38095238092842
-25.38392857140461
-25.3869047618808
-25.38988095235699
-25.39285714283318
-25.39583333330937
-25.39880952378556
-25.40178571426175
-25.40476190473794
-25.40773809521413
-25.410714285690318
-25.413690476166508
-25.416666666642698
-25.419642857118887
-25.422619047595077
-25.425595238071267
-25.428571428547457
-25.431547619023647
-25.434523809499836
-25.437499999976026
-25.440476190452216
-25.443452380928406
-25.446428571404596
-25.449404761880785
-25.452380952356975
-25.455357142833165
-25.458333333309355
-25.461309523785545
-25.464285714261734
-25.467261904737924
-25.470238095214114
-25.473214285690304
-25.476190476166494
-25.479166666642683
-25.482142857118873
-25.485119047595063
-25.488095238071253
-25.491071428547443
-25.494047619023632
-25.497023809499822
-25.499999999976012
-25.502976190452202
-25.50595238092839
-25.50892857140458
-25.51190476188077
-25.51488095235696
-25.51785714283315
-25.52083333330934
-25.52380952378553
-25.52678571426172
-25.52976190473791
-25.5327380952141
-25.53571428569029
-25.53869047616648
-25.54166666664267
-25.54464285711886
-25.54761904759505
-25.55059523807124
-25.55357142854743
-25.55654761902362
-25.559523809499808
-25.562499999975998
-25.565476190452188
-25.568452380928377
-25.571428571404567
-25.574404761880757
-25.577380952356947
-25.580357142833137
-25.583333333309326
-25.586309523785516
-25.589285714261706
-25.592261904737896
-25.595238095214086
-25.598214285690275
-25.601190476166465
-25.604166666642655
-25.607142857118845
-25.610119047595035
-25.613095238071224
-25.616071428547414
-25.619047619023604
-25.622023809499794
-25.624999999975984
-25.627976190452173
-25.630952380928363
-25.633928571404553
-25.636904761880743
-25.639880952356933
-25.642857142833122
-25.645833333309312
-25.648809523785502
-25.651785714261692
-25.65476190473788
-25.65773809521407
-25.66071428569026
-25.66369047616645
-25.66666666664264
-25.66964285711883
-25.67261904759502
-25.67559523807121
-25.6785714285474
-25.68154761902359
-25.68452380949978
-25.68749999997597
-25.69047619045216
-25.69345238092835
-25.69642857140454
-25.69940476188073
-25.70238095235692
-25.70535714283311
-25.708333333309298
-25.711309523785488
-25.714285714261678
-25.717261904737867
-25.720238095214057
-25.723214285690247
-25.726190476166437
-25.729166666642627
-25.732142857118816
-25.735119047595006
-25.738095238071196
-25.741071428547386
-25.744047619023576
-25.747023809499765
-25.749999999975955
-25.752976190452145
-25.755952380928335
-25.758928571404525
-25.761904761880714
-25.764880952356904
-25.767857142833094
-25.770833333309284
-25.773809523785474
-25.776785714261663
-25.779761904737853
-25.782738095214043
-25.785714285690233
-25.788690476166423
-25.791666666642612
-25.794642857118802
-25.797619047594992
-25.800595238071182
-25.80357142854737
-25.80654761902356
-25.80952380949975
-25.81249999997594
-25.81547619045213
-25.81845238092832
-25.82142857140451
-25.8244047618807
-25.82738095235689
-25.83035714283308
-25.83333333330927
-25.83630952378546
-25.83928571426165
-25.84226190473784
-25.84523809521403
-25.84821428569022
-25.85119047616641
-25.854166666642598
-25.857142857118788
-25.860119047594978
-25.863095238071168
-25.866071428547357
-25.869047619023547
-25.872023809499737
-25.874999999975927
-25.877976190452117
-25.880952380928306
-25.883928571404496
-25.886904761880686
-25.889880952356876
-25.892857142833066
-25.895833333309255
-25.898809523785445
-25.901785714261635
-25.904761904737825
-25.907738095214015
-25.910714285690204
-25.913690476166394
-25.916666666642584
-25.919642857118774
-25.922619047594964
-25.925595238071153
-25.928571428547343
-25.931547619023533
-25.934523809499723
-25.937499999975913
-25.940476190452102
-25.943452380928292
-25.946428571404482
-25.949404761880672
-25.95238095235686
-25.95535714283305
-25.95833333330924
-25.96130952378543
-25.96428571426162
-25.96726190473781
-25.970238095214
-25.97321428569019
-25.97619047616638
-25.97916666664257
-25.98214285711876
-25.98511904759495
-25.98809523807114
-25.99107142854733
-25.99404761902352
-25.99702380949971
-25.9999999999759
-26.002976190452088
-26.005952380928278
-26.008928571404468
-26.011904761880658
-26.014880952356847
-26.017857142833037
-26.020833333309227
-26.023809523785417
-26.026785714261607
-26.029761904737796
-26.032738095213986
-26.035714285690176
-26.038690476166366
-26.041666666642556
-26.044642857118745
-26.047619047594935
-26.050595238071125
-26.053571428547315
-26.056547619023505
-26.059523809499694
-26.062499999975884
-26.065476190452074
-26.068452380928264
-26.071428571404454
-26.074404761880643
-26.077380952356833
-26.080357142833023
-26.083333333309213
-26.086309523785403
-26.089285714261592
-26.092261904737782
-26.095238095213972
-26.09821428569016
-26.10119047616635
-26.10416666664254
-26.10714285711873
-26.11011904759492
-26.11309523807111
-26.1160714285473
-26.11904761902349
-26.12202380949968
-26.12499999997587
-26.12797619045206
-26.13095238092825
-26.13392857140444
-26.13690476188063
-26.13988095235682
-26.14285714283301
-26.1458333333092
-26.14880952378539
-26.151785714261578
-26.154761904737768
-26.157738095213958
-26.160714285690148
-26.163690476166337
-26.166666666642527
-26.169642857118717
-26.172619047594907
-26.175595238071097
-26.178571428547286
-26.181547619023476
-26.184523809499666
-26.187499999975856
-26.190476190452046
-26.193452380928235
-26.196428571404425
-26.199404761880615
-26.202380952356805
-26.205357142832995
-26.208333333309184
-26.211309523785374
-26.214285714261564
-26.217261904737754
-26.220238095213944
-26.223214285690133
-26.226190476166323
-26.229166666642513
-26.232142857118703
-26.235119047594893
-26.238095238071082
-26.241071428547272
-26.244047619023462
-26.24702380949965
-26.24999999997584
-26.25297619045203
-26.25595238092822
-26.25892857140441
-26.2619047618806
-26.26488095235679
-26.26785714283298
-26.27083333330917
-26.27380952378536
-26.27678571426155
-26.27976190473774
-26.28273809521393
-26.28571428569012
-26.28869047616631
-26.2916666666425
-26.29464285711869
-26.29761904759488
-26.300595238071068
-26.303571428547258
-26.306547619023448
-26.309523809499638
-26.312499999975827
-26.315476190452017
-26.318452380928207
-26.321428571404397
-26.324404761880587
-26.327380952356776
-26.330357142832966
-26.333333333309156
-26.336309523785346
-26.339285714261536
-26.342261904737725
-26.345238095213915
-26.348214285690105
-26.351190476166295
-26.354166666642485
-26.357142857118674
-26.360119047594864
-26.363095238071054
-26.366071428547244
-26.369047619023434
-26.372023809499623
-26.374999999975813
-26.377976190452003
-26.380952380928193
-26.383928571404383
-26.386904761880572
-26.389880952356762
-26.392857142832952
-26.39583333330914
-26.39880952378533
-26.40178571426152
-26.40476190473771
-26.4077380952139
-26.41071428569009
-26.41369047616628
-26.41666666664247
-26.41964285711866
-26.42261904759485
-26.42559523807104
-26.42857142854723
-26.43154761902342
-26.43452380949961
-26.4374999999758
-26.44047619045199
-26.44345238092818
-26.44642857140437
-26.449404761880558
-26.452380952356748
-26.455357142832938
-26.458333333309128
-26.461309523785317
-26.464285714261507
-26.467261904737697
-26.470238095213887
-26.473214285690077
-26.476190476166266
-26.479166666642456
-26.482142857118646
-26.485119047594836
-26.488095238071026
-26.491071428547215
-26.494047619023405
-26.497023809499595
-26.499999999975785
-26.502976190451975
-26.505952380928164
-26.508928571404354
-26.511904761880544
-26.514880952356734
-26.517857142832924
-26.520833333309113
-26.523809523785303
-26.526785714261493
-26.529761904737683
-26.532738095213872
-26.535714285690062
-26.538690476166252
-26.541666666642442
-26.54464285711863
-26.54761904759482
-26.55059523807101
-26.5535714285472
-26.55654761902339
-26.55952380949958
-26.56249999997577
-26.56547619045196
-26.56845238092815
-26.57142857140434
-26.57440476188053
-26.57738095235672
-26.58035714283291
-26.5833333333091
-26.58630952378529
-26.58928571426148
-26.59226190473767
-26.59523809521386
-26.598214285690048
-26.601190476166238
-26.604166666642428
-26.607142857118617
-26.610119047594807
-26.613095238070997
-26.616071428547187
-26.619047619023377
-26.622023809499566
-26.624999999975756
-26.627976190451946
-26.630952380928136
-26.633928571404326
-26.636904761880515
-26.639880952356705
-26.642857142832895
-26.645833333309085
-26.648809523785275
-26.651785714261464
-26.654761904737654
-26.657738095213844
-26.660714285690034
-26.663690476166224
-26.666666666642413
-26.669642857118603
-26.672619047594793
-26.675595238070983
-26.678571428547173
-26.681547619023362
-26.684523809499552
-26.687499999975742
-26.690476190451932
-26.69345238092812
-26.69642857140431
-26.6994047618805
-26.70238095235669
-26.70535714283288
-26.70833333330907
-26.71130952378526
-26.71428571426145
-26.71726190473764
-26.72023809521383
-26.72321428569002
-26.72619047616621
-26.7291666666424
-26.73214285711859
-26.73511904759478
-26.73809523807097
-26.74107142854716
-26.74404761902335
-26.747023809499538
-26.749999999975728
-26.752976190451918
-26.755952380928107
-26.758928571404297
-26.761904761880487
-26.764880952356677
-26.767857142832867
-26.770833333309056
-26.773809523785246
-26.776785714261436
-26.779761904737626
-26.782738095213816
-26.785714285690005
-26.788690476166195
-26.791666666642385
-26.794642857118575
-26.797619047594765
-26.800595238070954
-26.803571428547144
-26.806547619023334
-26.809523809499524
-26.812499999975714
-26.815476190451903
-26.818452380928093
-26.821428571404283
-26.824404761880473
-26.827380952356663
-26.830357142832852
-26.833333333309042
-26.836309523785232
-26.839285714261422
-26.84226190473761
-26.8452380952138
-26.84821428568999
-26.85119047616618
-26.85416666664237
-26.85714285711856
-26.86011904759475
-26.86309523807094
-26.86607142854713
-26.86904761902332
-26.87202380949951
-26.8749999999757
-26.87797619045189
-26.88095238092808
-26.88392857140427
-26.88690476188046
-26.88988095235665
-26.89285714283284
-26.895833333309028
-26.898809523785218
-26.901785714261408
-26.904761904737597
-26.907738095213787
-26.910714285689977
-26.913690476166167
-26.916666666642357
-26.919642857118546
-26.922619047594736
-26.925595238070926
-26.928571428547116
-26.931547619023306
-26.934523809499495
-26.937499999975685
-26.940476190451875
-26.943452380928065
-26.946428571404255
-26.949404761880444
-26.952380952356634
-26.955357142832824
-26.958333333309014
-26.961309523785204
-26.964285714261393
-26.967261904737583
-26.970238095213773
-26.973214285689963
-26.976190476166153
-26.979166666642342
-26.982142857118532
-26.985119047594722
-26.988095238070912
-26.9910714285471
-26.99404761902329
-26.99702380949948
-26.99999999997567
-27.00297619045186
-27.00595238092805
-27.00892857140424
-27.01190476188043
-27.01488095235662
-27.01785714283281
-27.020833333309
-27.02380952378519
-27.02678571426138
-27.02976190473757
-27.03273809521376
-27.03571428568995
-27.03869047616614
-27.041666666642328
-27.044642857118518
-27.047619047594708
-27.050595238070898
-27.053571428547087
-27.056547619023277
-27.059523809499467
-27.062499999975657
-27.065476190451847
-27.068452380928036
-27.071428571404226
-27.074404761880416
-27.077380952356606
-27.080357142832796
-27.083333333308985
-27.086309523785175
-27.089285714261365
-27.092261904737555
-27.095238095213745
-27.098214285689934
-27.101190476166124
-27.104166666642314
-27.107142857118504
-27.110119047594694
-27.113095238070883
-27.116071428547073
-27.119047619023263
-27.122023809499453
-27.124999999975643
-27.127976190451832
-27.130952380928022
-27.133928571404212
-27.136904761880402
-27.13988095235659
-27.14285714283278
-27.14583333330897
-27.14880952378516
-27.15178571426135
-27.15476190473754
-27.15773809521373
-27.16071428568992
-27.16369047616611
-27.1666666666423
-27.16964285711849
-27.17261904759468
-27.17559523807087
-27.17857142854706
-27.18154761902325
-27.18452380949944
-27.18749999997563
-27.190476190451818
-27.193452380928008
-27.196428571404198
-27.199404761880388
-27.202380952356577
-27.205357142832767
-27.208333333308957
-27.211309523785147
-27.214285714261337
-27.217261904737526
-27.220238095213716
-27.223214285689906
-27.226190476166096
-27.229166666642286
-27.232142857118475
-27.235119047594665
-27.238095238070855
-27.241071428547045
-27.244047619023235
-27.247023809499424
-27.249999999975614
-27.252976190451804
-27.255952380927994
-27.258928571404184
-27.261904761880373
-27.264880952356563
-27.267857142832753
-27.270833333308943
-27.273809523785133
-27.276785714261322
-27.279761904737512
-27.282738095213702
-27.28571428568989
-27.28869047616608
-27.29166666664227
-27.29464285711846
-27.29761904759465
-27.30059523807084
-27.30357142854703
-27.30654761902322
-27.30952380949941
-27.3124999999756
-27.31547619045179
-27.31845238092798
-27.32142857140417
-27.32440476188036
-27.32738095235655
-27.33035714283274
-27.33333333330893
-27.33630952378512
-27.339285714261308
-27.342261904737498
-27.345238095213688
-27.348214285689878
-27.351190476166067
-27.354166666642257
-27.357142857118447
-27.360119047594637
-27.363095238070827
-27.366071428547016
-27.369047619023206
-27.372023809499396
-27.374999999975586
-27.377976190451776
-27.380952380927965
-27.383928571404155
-27.386904761880345
-27.389880952356535
-27.392857142832725
-27.395833333308914
-27.398809523785104
-27.401785714261294
-27.404761904737484
-27.407738095213674
-27.410714285689863
-27.413690476166053
-27.416666666642243
-27.419642857118433
-27.422619047594623
-27.425595238070812
-27.428571428547002
-27.431547619023192
-27.43452380949938
-27.43749999997557
-27.44047619045176
-27.44345238092795
-27.44642857140414
-27.44940476188033
-27.45238095235652
-27.45535714283271
-27.4583333333089
-27.46130952378509
-27.46428571426128
-27.46726190473747
-27.47023809521366
-27.47321428568985
-27.47619047616604
-27.47916666664223
-27.48214285711842
-27.48511904759461
-27.488095238070798
-27.491071428546988
-27.494047619023178
-27.497023809499368
-27.499999999975557
-27.502976190451747
-27.505952380927937
-27.508928571404127
-27.511904761880317
-27.514880952356506
-27.517857142832696
-27.520833333308886
-27.523809523785076
-27.526785714261266
-27.529761904737455
-27.532738095213645
-27.535714285689835
-27.538690476166025
-27.541666666642215
-27.544642857118404
-27.547619047594594
-27.550595238070784
-27.553571428546974
-27.556547619023164
-27.559523809499353
-27.562499999975543
-27.565476190451733
-27.568452380927923
-27.571428571404113
-27.574404761880302
-27.577380952356492
-27.580357142832682
-27.58333333330887
-27.58630952378506
-27.58928571426125
-27.59226190473744
-27.59523809521363
-27.59821428568982
-27.60119047616601
-27.6041666666422
-27.60714285711839
-27.61011904759458
-27.61309523807077
-27.61607142854696
-27.61904761902315
-27.62202380949934
-27.62499999997553
-27.62797619045172
-27.63095238092791
-27.6339285714041
-27.636904761880288
-27.639880952356478
-27.642857142832668
-27.645833333308858
-27.648809523785047
-27.651785714261237
-27.654761904737427
-27.657738095213617
-27.660714285689807
-27.663690476165996
-27.666666666642186
-27.669642857118376
-27.672619047594566
-27.675595238070755
-27.678571428546945
-27.681547619023135
-27.684523809499325
-27.687499999975515
-27.690476190451704
-27.693452380927894
-27.696428571404084
-27.699404761880274
-27.702380952356464
-27.705357142832653
-27.708333333308843
-27.711309523785033
-27.714285714261223
-27.717261904737413
-27.720238095213602
-27.723214285689792
-27.726190476165982
-27.729166666642172
-27.73214285711836
-27.73511904759455
-27.73809523807074
-27.74107142854693
-27.74404761902312
-27.74702380949931
-27.7499999999755
-27.75297619045169
-27.75595238092788
-27.75892857140407
-27.76190476188026
-27.76488095235645
-27.76785714283264
-27.77083333330883
-27.77380952378502
-27.77678571426121
-27.7797619047374
-27.78273809521359
-27.785714285689778
-27.788690476165968
-27.791666666642158
-27.794642857118347
-27.797619047594537
-27.800595238070727
-27.803571428546917
-27.806547619023107
-27.809523809499296
-27.812499999975486
-27.815476190451676
-27.818452380927866
-27.821428571404056
-27.824404761880245
-27.827380952356435
-27.830357142832625
-27.833333333308815
-27.836309523785005
-27.839285714261194
-27.842261904737384
-27.845238095213574
-27.848214285689764
-27.851190476165954
-27.854166666642143
-27.857142857118333
-27.860119047594523
-27.863095238070713
-27.866071428546903
-27.869047619023092
-27.872023809499282
-27.874999999975472
-27.877976190451662
-27.88095238092785
-27.88392857140404
-27.88690476188023
-27.88988095235642
-27.89285714283261
-27.8958333333088
-27.89880952378499
-27.90178571426118
-27.90476190473737
-27.90773809521356
-27.91071428568975
-27.91369047616594
-27.91666666664213
-27.91964285711832
-27.92261904759451
-27.9255952380707
-27.92857142854689
-27.93154761902308
-27.934523809499268
-27.937499999975458
-27.940476190451648
-27.943452380927837
-27.946428571404027
-27.949404761880217
-27.952380952356407
-27.955357142832597
-27.958333333308786
-27.961309523784976
-27.964285714261166
-27.967261904737356
-27.970238095213546
-27.973214285689735
-27.976190476165925
-27.979166666642115
-27.982142857118305
-27.985119047594495
-27.988095238070684
-27.991071428546874
-27.994047619023064
-27.997023809499254
-27.999999999975444
-28.002976190451633
-28.005952380927823
-28.008928571404013
-28.011904761880203
-28.014880952356393
-28.017857142832582
-28.020833333308772
-28.023809523784962
-28.026785714261152
-28.02976190473734
-28.03273809521353
-28.03571428568972
-28.03869047616591
-28.0416666666421
-28.04464285711829
-28.04761904759448
-28.05059523807067
-28.05357142854686
-28.05654761902305
-28.05952380949924
-28.06249999997543
-28.06547619045162
-28.06845238092781
-28.071428571404
-28.07440476188019
-28.07738095235638
-28.08035714283257
-28.083333333308758
-28.086309523784948
-28.089285714261138
-28.092261904737327
-28.095238095213517
-28.098214285689707
-28.101190476165897
-28.104166666642087
-28.107142857118276
-28.110119047594466
-28.113095238070656
-28.116071428546846
-28.119047619023036
-28.122023809499225
-28.124999999975415
-28.127976190451605
-28.130952380927795
-28.133928571403985
-28.136904761880174
-28.139880952356364
-28.142857142832554
-28.145833333308744
-28.148809523784934
-28.151785714261123
-28.154761904737313
-28.157738095213503
-28.160714285689693
-28.163690476165883
-28.166666666642072
-28.169642857118262
-28.172619047594452
-28.175595238070642
-28.17857142854683
-28.18154761902302
-28.18452380949921
-28.1874999999754
-28.19047619045159
-28.19345238092778
-28.19642857140397
-28.19940476188016
-28.20238095235635
-28.20535714283254
-28.20833333330873
-28.21130952378492
-28.21428571426111
-28.2172619047373
-28.22023809521349
-28.22321428568968
-28.22619047616587
-28.229166666642058
-28.232142857118248
-28.235119047594438
-28.238095238070628
-28.241071428546817
-28.244047619023007
-28.247023809499197
-28.249999999975387
-28.252976190451577
-28.255952380927766
-28.258928571403956
-28.261904761880146
-28.264880952356336
-28.267857142832526
-28.270833333308715
-28.273809523784905
-28.276785714261095
-28.279761904737285
-28.282738095213475
-28.285714285689664
-28.288690476165854
-28.291666666642044
-28.294642857118234
-28.297619047594424
-28.300595238070613
-28.303571428546803
-28.306547619022993
-28.309523809499183
-28.312499999975373
-28.315476190451562
-28.318452380927752
-28.321428571403942
-28.324404761880132
-28.32738095235632
-28.33035714283251
-28.3333333333087
-28.33630952378489
-28.33928571426108
-28.34226190473727
-28.34523809521346
-28.34821428568965
-28.35119047616584
-28.35416666664203
-28.35714285711822
-28.36011904759441
-28.3630952380706
-28.36607142854679
-28.36904761902298
-28.37202380949917
-28.37499999997536
-28.377976190451548
-28.380952380927738
-28.383928571403928
-28.386904761880118
-28.389880952356307
-28.392857142832497
-28.395833333308687
-28.398809523784877
-28.401785714261067
-28.404761904737256
-28.407738095213446
-28.410714285689636
-28.413690476165826
-28.416666666642016
-28.419642857118205
-28.422619047594395
-28.425595238070585
-28.428571428546775
-28.431547619022965
-28.434523809499154
-28.437499999975344
-28.440476190451534
-28.443452380927724
-28.446428571403914
-28.449404761880103
-28.452380952356293
-28.455357142832483
-28.458333333308673
-28.461309523784863
-28.464285714261052
-28.467261904737242
-28.470238095213432
-28.47321428568962
-28.47619047616581
-28.479166666642
-28.48214285711819
-28.48511904759438
-28.48809523807057
-28.49107142854676
-28.49404761902295
-28.49702380949914
-28.49999999997533
-28.50297619045152
-28.50595238092771
-28.5089285714039
-28.51190476188009
-28.51488095235628
-28.51785714283247
-28.52083333330866
-28.52380952378485
-28.526785714261038
-28.529761904737228
-28.532738095213418
-28.535714285689608
-28.538690476165797
-28.541666666641987
-28.544642857118177
-28.547619047594367
-28.550595238070557
-28.553571428546746
-28.556547619022936
-28.559523809499126
-28.562499999975316
-28.565476190451506
-28.568452380927695
-28.571428571403885
-28.574404761880075
-28.577380952356265
-28.580357142832455
-28.583333333308644
-28.586309523784834
-28.589285714261024
-28.592261904737214
-28.595238095213404
-28.598214285689593
-28.601190476165783
-28.604166666641973
-28.607142857118163
-28.610119047594353
-28.613095238070542
-28.616071428546732
-28.619047619022922
-28.62202380949911
-28.6249999999753
-28.62797619045149
-28.63095238092768
-28.63392857140387
-28.63690476188006
-28.63988095235625
-28.64285714283244
-28.64583333330863
-28.64880952378482
-28.65178571426101
-28.6547619047372
-28.65773809521339
-28.66071428568958
-28.66369047616577
-28.66666666664196
-28.66964285711815
-28.67261904759434
-28.675595238070528
-28.678571428546718
-28.681547619022908
-28.684523809499098
-28.687499999975287
-28.690476190451477
-28.693452380927667
-28.696428571403857
-28.699404761880047
-28.702380952356236
-28.705357142832426
-28.708333333308616
-28.711309523784806
-28.714285714260996
-28.717261904737185
-28.720238095213375
-28.723214285689565
-28.726190476165755
-28.729166666641945
-28.732142857118134
-28.735119047594324
-28.738095238070514
-28.741071428546704
-28.744047619022894
-28.747023809499083
-28.749999999975273
-28.752976190451463
-28.755952380927653
-28.758928571403843
-28.761904761880032
-28.764880952356222
-28.767857142832412
-28.7708333333086
-28.77380952378479
-28.77678571426098
-28.77976190473717
-28.78273809521336
-28.78571428568955
-28.78869047616574
-28.79166666664193
-28.79464285711812
-28.79761904759431
-28.8005952380705
-28.80357142854669
-28.80654761902288
-28.80952380949907
-28.81249999997526
-28.81547619045145
-28.81845238092764
-28.82142857140383
-28.824404761880018
-28.827380952356208
-28.830357142832398
-28.833333333308587
-28.836309523784777
-28.839285714260967
-28.842261904737157
-28.845238095213347
-28.848214285689536
-28.851190476165726
-28.854166666641916
-28.857142857118106
-28.860119047594296
-28.863095238070485
-28.866071428546675
-28.869047619022865
-28.872023809499055
-28.874999999975245
-28.877976190451434
-28.880952380927624
-28.883928571403814
-28.886904761880004
-28.889880952356194
-28.892857142832383
-28.895833333308573
-28.898809523784763
-28.901785714260953
-28.904761904737143
-28.907738095213332
-28.910714285689522
-28.913690476165712
-28.916666666641902
-28.91964285711809
-28.92261904759428
-28.92559523807047
-28.92857142854666
-28.93154761902285
-28.93452380949904
-28.93749999997523
-28.94047619045142
-28.94345238092761
-28.9464285714038
-28.94940476187999
-28.95238095235618
-28.95535714283237
-28.95833333330856
-28.96130952378475
-28.96428571426094
-28.96726190473713
-28.97023809521332
-28.973214285689508
-28.976190476165698
-28.979166666641888
-28.982142857118077
-28.985119047594267
-28.988095238070457
-28.991071428546647
-28.994047619022837
-28.997023809499026
-28.999999999975216
-29.002976190451406
-29.005952380927596
-29.008928571403786
-29.011904761879975
-29.014880952356165
-29.017857142832355
-29.020833333308545
-29.023809523784735
-29.026785714260924
-29.029761904737114
-29.032738095213304
-29.035714285689494
-29.038690476165684
-29.041666666641873
-29.044642857118063
-29.047619047594253
-29.050595238070443
-29.053571428546633
-29.056547619022822
-29.059523809499012
-29.062499999975202
-29.065476190451392
-29.06845238092758
-29.07142857140377
-29.07440476187996
-29.07738095235615
-29.08035714283234
-29.08333333330853
-29.08630952378472
-29.08928571426091
-29.0922619047371
-29.09523809521329
-29.09821428568948
-29.10119047616567
-29.10416666664186
-29.10714285711805
-29.11011904759424
-29.11309523807043
-29.11607142854662
-29.11904761902281
-29.122023809498998
-29.124999999975188
-29.127976190451378
-29.130952380927567
-29.133928571403757
-29.136904761879947
-29.139880952356137
-29.142857142832327
-29.145833333308516
-29.148809523784706
-29.151785714260896
-29.154761904737086
-29.157738095213276
-29.160714285689465
-29.163690476165655
-29.166666666641845
-29.169642857118035
-29.172619047594225
-29.175595238070414
-29.178571428546604
-29.181547619022794
-29.184523809498984
-29.187499999975174
-29.190476190451363
-29.193452380927553
-29.196428571403743
-29.199404761879933
-29.202380952356123
-29.205357142832312
-29.208333333308502
-29.211309523784692
-29.214285714260882
-29.21726190473707
-29.22023809521326
-29.22321428568945
-29.22619047616564
-29.22916666664183
-29.23214285711802
-29.23511904759421
-29.2380952380704
-29.24107142854659
-29.24404761902278
-29.24702380949897
-29.24999999997516
-29.25297619045135
-29.25595238092754
-29.25892857140373
-29.26190476187992
-29.26488095235611
-29.267857142832298
-29.270833333308488
-29.273809523784678
-29.276785714260868
-29.279761904737057
-29.282738095213247
-29.285714285689437
-29.288690476165627
-29.291666666641817
-29.294642857118006
-29.297619047594196
-29.300595238070386
-29.303571428546576
-29.306547619022766
-29.309523809498955
-29.312499999975145
-29.315476190451335
-29.318452380927525
-29.321428571403715
-29.324404761879904
-29.327380952356094
-29.330357142832284
-29.333333333308474
-29.336309523784664
-29.339285714260853
-29.342261904737043
-29.345238095213233
-29.348214285689423
-29.351190476165613
-29.354166666641802
-29.357142857117992
-29.360119047594182
-29.363095238070372
-29.36607142854656
-29.36904761902275
-29.37202380949894
-29.37499999997513
-29.37797619045132
-29.38095238092751
-29.3839285714037
-29.38690476187989
-29.38988095235608
-29.39285714283227
-29.39583333330846
-29.39880952378465
-29.40178571426084
-29.40476190473703
-29.40773809521322
-29.41071428568941
-29.4136904761656
-29.416666666641788
-29.419642857117978
-29.422619047594168
-29.425595238070358
-29.428571428546547
-29.431547619022737
-29.434523809498927
-29.437499999975117
-29.440476190451307
-29.443452380927496
-29.446428571403686
-29.449404761879876
-29.452380952356066
-29.455357142832256
-29.458333333308445
-29.461309523784635
-29.464285714260825
-29.467261904737015
-29.470238095213205
-29.473214285689394
-29.476190476165584
-29.479166666641774
-29.482142857117964
-29.485119047594154
-29.488095238070343
-29.491071428546533
-29.494047619022723
-29.497023809498913
-29.499999999975103
-29.502976190451292
-29.505952380927482
-29.508928571403672
-29.511904761879862
-29.51488095235605
-29.51785714283224
-29.52083333330843
-29.52380952378462
-29.52678571426081
-29.529761904737
-29.53273809521319
-29.53571428568938
-29.53869047616557
-29.54166666664176
-29.54464285711795
-29.54761904759414
-29.55059523807033
-29.55357142854652
-29.55654761902271
-29.5595238094989
-29.56249999997509
-29.565476190451278
-29.568452380927468
-29.571428571403658
-29.574404761879848
-29.577380952356037
-29.580357142832227
-29.583333333308417
-29.586309523784607
-29.589285714260797
-29.592261904736986
-29.595238095213176
-29.598214285689366
-29.601190476165556
-29.604166666641746
-29.607142857117935
-29.610119047594125
-29.613095238070315
-29.616071428546505
-29.619047619022695
-29.622023809498884
-29.624999999975074
-29.627976190451264
-29.630952380927454
-29.633928571403644
-29.636904761879833
-29.639880952356023
-29.642857142832213
-29.645833333308403
-29.648809523784593
-29.651785714260782
-29.654761904736972
-29.657738095213162
-29.66071428568935
-29.66369047616554
-29.66666666664173
-29.66964285711792
-29.67261904759411
-29.6755952380703
-29.67857142854649
-29.68154761902268
-29.68452380949887
-29.68749999997506
-29.69047619045125
-29.69345238092744
-29.69642857140363
-29.69940476187982
-29.70238095235601
-29.7053571428322
-29.70833333330839
-29.71130952378458
-29.714285714260768
-29.717261904736958
-29.720238095213148
-29.723214285689338
-29.726190476165527
-29.729166666641717
-29.732142857117907
-29.735119047594097
-29.738095238070287
-29.741071428546476
-29.744047619022666
-29.747023809498856
-29.749999999975046
-29.752976190451236
-29.755952380927425
-29.758928571403615
-29.761904761879805
-29.764880952355995
-29.767857142832185
-29.770833333308374
-29.773809523784564
-29.776785714260754
-29.779761904736944
-29.782738095213134
-29.785714285689323
-29.788690476165513
-29.791666666641703
-29.794642857117893
-29.797619047594083
-29.800595238070272
-29.803571428546462
-29.806547619022652
-29.80952380949884
-29.81249999997503
-29.81547619045122
-29.81845238092741
-29.8214285714036
-29.82440476187979
-29.82738095235598
-29.83035714283217
-29.83333333330836
-29.83630952378455
-29.83928571426074
-29.84226190473693
-29.84523809521312
-29.84821428568931
-29.8511904761655
-29.85416666664169
-29.85714285711788
-29.86011904759407
-29.863095238070258
-29.866071428546448
-29.869047619022638
-29.872023809498828
-29.874999999975017
-29.877976190451207
-29.880952380927397
-29.883928571403587
-29.886904761879777
-29.889880952355966
-29.892857142832156
-29.895833333308346
-29.898809523784536
-29.901785714260726
-29.904761904736915
-29.907738095213105
-29.910714285689295
-29.913690476165485
-29.916666666641675
-29.919642857117864
-29.922619047594054
-29.925595238070244
-29.928571428546434
-29.931547619022624
-29.934523809498813
-29.937499999975003
-29.940476190451193
-29.943452380927383
-29.946428571403573
-29.949404761879762
-29.952380952355952
-29.955357142832142
-29.95833333330833
-29.96130952378452
-29.96428571426071
-29.9672619047369
-29.97023809521309
-29.97321428568928
-29.97619047616547
-29.97916666664166
-29.98214285711785
-29.98511904759404
-29.98809523807023
-29.99107142854642
-29.99404761902261
-29.9970238094988
-29.99999999997499
-30.00297619045118
-30.00595238092737
-30.00892857140356
-30.011904761879748
-30.014880952355938
-30.017857142832128
-30.020833333308317
-30.023809523784507
-30.026785714260697
-30.029761904736887
-30.032738095213077
-30.035714285689266
-30.038690476165456
-30.041666666641646
-30.044642857117836
-30.047619047594026
-30.050595238070215
-30.053571428546405
-30.056547619022595
-30.059523809498785
-30.062499999974975
-30.065476190451164
-30.068452380927354
-30.071428571403544
-30.074404761879734
-30.077380952355924
-30.080357142832113
-30.083333333308303
-30.086309523784493
-30.089285714260683
-30.092261904736873
-30.095238095213062
-30.098214285689252
-30.101190476165442
-30.104166666641632
-30.10714285711782
-30.11011904759401
-30.1130952380702
-30.11607142854639
-30.11904761902258
-30.12202380949877
-30.12499999997496
-30.12797619045115
-30.13095238092734
-30.13392857140353
-30.13690476187972
-30.13988095235591
-30.1428571428321
-30.14583333330829
-30.14880952378448
-30.15178571426067
-30.15476190473686
-30.15773809521305
-30.160714285689238
-30.163690476165428
-30.166666666641618
-30.169642857117807
-30.172619047593997
-30.175595238070187
-30.178571428546377
-30.181547619022567
-30.184523809498756
-30.187499999974946
-30.190476190451136
-30.193452380927326
-30.196428571403516
-30.199404761879705
-30.202380952355895
-30.205357142832085
-30.208333333308275
-30.211309523784465
-30.214285714260654
-30.217261904736844
-30.220238095213034
-30.223214285689224
-30.226190476165414
-30.229166666641603
-30.232142857117793
-30.235119047593983
-30.238095238070173
-30.241071428546363
-30.244047619022552
-30.247023809498742
-30.249999999974932
-30.252976190451122
-30.25595238092731
-30.2589285714035
-30.26190476187969
-30.26488095235588
-30.26785714283207
-30.27083333330826
-30.27380952378445
-30.27678571426064
-30.27976190473683
-30.28273809521302
-30.28571428568921
-30.2886904761654
-30.29166666664159
-30.29464285711778
-30.29761904759397
-30.30059523807016
-30.30357142854635
-30.30654761902254
-30.309523809498728
-30.312499999974918
-30.315476190451108
-30.318452380927297
-30.321428571403487
-30.324404761879677
-30.327380952355867
-30.330357142832057
-30.333333333308246
-30.336309523784436
-30.339285714260626
-30.342261904736816
-30.345238095213006
-30.348214285689195
-30.351190476165385
-30.354166666641575
-30.357142857117765
-30.360119047593955
-30.363095238070144
-30.366071428546334
-30.369047619022524
-30.372023809498714
-30.374999999974904
-30.377976190451093
-30.380952380927283
-30.383928571403473
-30.386904761879663
-30.389880952355853
-30.392857142832042
-30.395833333308232
-30.398809523784422
-30.401785714260612
-30.4047619047368
-30.40773809521299
-30.41071428568918
-30.41369047616537
-30.41666666664156
-30.41964285711775
-30.42261904759394
-30.42559523807013
-30.42857142854632
-30.43154761902251
-30.4345238094987
-30.43749999997489
-30.44047619045108
-30.44345238092727
-30.44642857140346
-30.44940476187965
-30.45238095235584
-30.455357142832028
-30.458333333308218
-30.461309523784408
-30.464285714260598
-30.467261904736787
-30.470238095212977
-30.473214285689167
-30.476190476165357
-30.479166666641547
-30.482142857117736
-30.485119047593926
-30.488095238070116
-30.491071428546306
-30.494047619022496
-30.497023809498685
-30.499999999974875
-30.502976190451065
-30.505952380927255
-30.508928571403445
-30.511904761879634
-30.514880952355824
-30.517857142832014
-30.520833333308204
-30.523809523784394
-30.526785714260583
-30.529761904736773
-30.532738095212963
-30.535714285689153
-30.538690476165343
-30.541666666641532
-30.544642857117722
-30.547619047593912
-30.550595238070102
-30.55357142854629
-30.55654761902248
-30.55952380949867
-30.56249999997486
-30.56547619045105
-30.56845238092724
-30.57142857140343
-30.57440476187962
-30.57738095235581
-30.580357142832
-30.58333333330819
-30.58630952378438
-30.58928571426057
-30.59226190473676
-30.59523809521295
-30.59821428568914
-30.60119047616533
-30.604166666641518
-30.607142857117708
-30.610119047593898
-30.613095238070088
-30.616071428546277
-30.619047619022467
-30.622023809498657
-30.624999999974847
-30.627976190451037
-30.630952380927226
-30.633928571403416
-30.636904761879606
-30.639880952355796
-30.642857142831986
-30.645833333308175
-30.648809523784365
-30.651785714260555
-30.654761904736745
-30.657738095212935
-30.660714285689124
-30.663690476165314
-30.666666666641504
-30.669642857117694
-30.672619047593884
-30.675595238070073
-30.678571428546263
-30.681547619022453
-30.684523809498643
-30.687499999974833
-30.690476190451022
-30.693452380927212
-30.696428571403402
-30.69940476187959
-30.70238095235578
-30.70535714283197
-30.70833333330816
-30.71130952378435
-30.71428571426054
-30.71726190473673
-30.72023809521292
-30.72321428568911
-30.7261904761653
-30.72916666664149
-30.73214285711768
-30.73511904759387
-30.73809523807006
-30.74107142854625
-30.74404761902244
-30.74702380949863
-30.74999999997482
-30.752976190451008
-30.755952380927198
-30.758928571403388
-30.761904761879578
-30.764880952355767
-30.767857142831957
-30.770833333308147
-30.773809523784337
-30.776785714260527
-30.779761904736716
-30.782738095212906
-30.785714285689096
-30.788690476165286
-30.791666666641476
-30.794642857117665
-30.797619047593855
-30.800595238070045
-30.803571428546235
-30.806547619022425
-30.809523809498614
-30.812499999974804
-30.815476190450994
-30.818452380927184
-30.821428571403374
-30.824404761879563
-30.827380952355753
-30.830357142831943
-30.833333333308133
-30.836309523784323
-30.839285714260512
-30.842261904736702
-30.845238095212892
-30.84821428568908
-30.85119047616527
-30.85416666664146
-30.85714285711765
-30.86011904759384
-30.86309523807003
-30.86607142854622
-30.86904761902241
-30.8720238094986
-30.87499999997479
-30.87797619045098
-30.88095238092717
-30.88392857140336
-30.88690476187955
-30.88988095235574
-30.89285714283193
-30.89583333330812
-30.89880952378431
-30.901785714260498
-30.904761904736688
-30.907738095212878
-30.910714285689068
-30.913690476165257
-30.916666666641447
-30.919642857117637
-30.922619047593827
-30.925595238070017
-30.928571428546206
-30.931547619022396
-30.934523809498586
-30.937499999974776
-30.940476190450966
-30.943452380927155
-30.946428571403345
-30.949404761879535
-30.952380952355725
-30.955357142831915
-30.958333333308104
-30.961309523784294
-30.964285714260484
-30.967261904736674
-30.970238095212864
-30.973214285689053
-30.976190476165243
-30.979166666641433
-30.982142857117623
-30.985119047593813
-30.988095238070002
-30.991071428546192
-30.994047619022382
-30.99702380949857
-30.99999999997476
-31.00297619045095
-31.00595238092714
-31.00892857140333
-31.01190476187952
-31.01488095235571
-31.0178571428319
-31.02083333330809
-31.02380952378428
-31.02678571426047
-31.02976190473666
-31.03273809521285
-31.03571428568904
-31.03869047616523
-31.04166666664142
-31.04464285711761
-31.0476190475938
-31.050595238069988
-31.053571428546178
-31.056547619022368
-31.059523809498558
-31.062499999974747
-31.065476190450937
-31.068452380927127
-31.071428571403317
-31.074404761879507
-31.077380952355696
-31.080357142831886
-31.083333333308076
-31.086309523784266
-31.089285714260456
-31.092261904736645
-31.095238095212835
-31.098214285689025
-31.101190476165215
-31.104166666641405
-31.107142857117594
-31.110119047593784
-31.113095238069974
-31.116071428546164
-31.119047619022354
-31.122023809498543
-31.124999999974733
-31.127976190450923
-31.130952380927113
-31.133928571403302
-31.136904761879492
-31.139880952355682
-31.142857142831872
-31.14583333330806
-31.14880952378425
-31.15178571426044
-31.15476190473663
-31.15773809521282
-31.16071428568901
-31.1636904761652
-31.16666666664139
-31.16964285711758
-31.17261904759377
-31.17559523806996
-31.17857142854615
-31.18154761902234
-31.18452380949853
-31.18749999997472
-31.19047619045091
-31.1934523809271
-31.19642857140329
-31.199404761879478
-31.202380952355668
-31.205357142831858
-31.208333333308047
-31.211309523784237
-31.214285714260427
-31.217261904736617
-31.220238095212807
-31.223214285688996
-31.226190476165186
-31.229166666641376
-31.232142857117566
-31.235119047593756
-31.238095238069945
-31.241071428546135
-31.244047619022325
-31.247023809498515
-31.249999999974705
-31.252976190450894
-31.255952380927084
-31.258928571403274
-31.261904761879464
-31.264880952355654
-31.267857142831843
-31.270833333308033
-31.273809523784223
-31.276785714260413
-31.279761904736603
-31.282738095212792
-31.285714285688982
-31.288690476165172
-31.291666666641362
-31.29464285711755
-31.29761904759374
-31.30059523806993
-31.30357142854612
-31.30654761902231
-31.3095238094985
-31.31249999997469
-31.31547619045088
-31.31845238092707
-31.32142857140326
-31.32440476187945
-31.32738095235564
-31.33035714283183
-31.33333333330802
-31.33630952378421
-31.3392857142604
-31.34226190473659
-31.34523809521278
-31.348214285688968
-31.351190476165158
-31.354166666641348
-31.357142857117537
-31.360119047593727
-31.363095238069917
-31.366071428546107
-31.369047619022297
-31.372023809498486
-31.374999999974676
-31.377976190450866
-31.380952380927056
-31.383928571403246
-31.386904761879435
-31.389880952355625
-31.392857142831815
-31.395833333308005
-31.398809523784195
-31.401785714260384
-31.404761904736574
-31.407738095212764
-31.410714285688954
-31.413690476165144
-31.416666666641333
-31.419642857117523
-31.422619047593713
-31.425595238069903
-31.428571428546093
-31.431547619022282
-31.434523809498472
-31.437499999974662
-31.440476190450852
-31.44345238092704
-31.44642857140323
-31.44940476187942
-31.45238095235561
-31.4553571428318
-31.45833333330799
-31.46130952378418
-31.46428571426037
-31.46726190473656
-31.47023809521275
-31.47321428568894
-31.47619047616513
-31.47916666664132
-31.48214285711751
-31.4851190475937
-31.48809523806989
-31.49107142854608
-31.49404761902227
-31.497023809498458
-31.499999999974648
-31.502976190450838
-31.505952380927027
-31.508928571403217
-31.511904761879407
-31.514880952355597
-31.517857142831787
-31.520833333307976
-31.523809523784166
-31.526785714260356
-31.529761904736546
-31.532738095212736
-31.535714285688925
-31.538690476165115
-31.541666666641305
-31.544642857117495
-31.547619047593685
-31.550595238069874
-31.553571428546064
-31.556547619022254
-31.559523809498444
-31.562499999974634
-31.565476190450823
-31.568452380927013
-31.571428571403203
-31.574404761879393
-31.577380952355583
-31.580357142831772
-31.583333333307962
-31.586309523784152
-31.589285714260342
-31.59226190473653
-31.59523809521272
-31.59821428568891
-31.6011904761651
-31.60416666664129
-31.60714285711748
-31.61011904759367
-31.61309523806986
-31.61607142854605
-31.61904761902224
-31.62202380949843
-31.62499999997462
-31.62797619045081
-31.630952380927
-31.63392857140319
-31.63690476187938
-31.63988095235557
-31.642857142831758
-31.645833333307948
-31.648809523784138
-31.651785714260328
-31.654761904736517
-31.657738095212707
-31.660714285688897
-31.663690476165087
-31.666666666641277
-31.669642857117466
-31.672619047593656
-31.675595238069846
-31.678571428546036
-31.681547619022226
-31.684523809498415
-31.687499999974605
-31.690476190450795
-31.693452380926985
-31.696428571403175
-31.699404761879364
-31.702380952355554
-31.705357142831744
-31.708333333307934
-31.711309523784124
-31.714285714260313
-31.717261904736503
-31.720238095212693
-31.723214285688883
-31.726190476165073
-31.729166666641262
-31.732142857117452
-31.735119047593642
-31.738095238069832
-31.74107142854602
-31.74404761902221
-31.7470238094984
-31.74999999997459
-31.75297619045078
-31.75595238092697
-31.75892857140316
-31.76190476187935
-31.76488095235554
-31.76785714283173
-31.77083333330792
-31.77380952378411
-31.7767857142603
-31.77976190473649
-31.78273809521268
-31.78571428568887
-31.78869047616506
-31.791666666641248
-31.794642857117438
-31.797619047593628
-31.800595238069818
-31.803571428546007
-31.806547619022197
-31.809523809498387
-31.812499999974577
-31.815476190450767
-31.818452380926956
-31.821428571403146
-31.824404761879336
-31.827380952355526
-31.830357142831716
-31.833333333307905
-31.836309523784095
-31.839285714260285
-31.842261904736475
-31.845238095212665
-31.848214285688854
-31.851190476165044
-31.854166666641234
-31.857142857117424
-31.860119047593614
-31.863095238069803
-31.866071428545993
-31.869047619022183
-31.872023809498373
-31.874999999974563
-31.877976190450752
-31.880952380926942
-31.883928571403132
-31.88690476187932
-31.88988095235551
-31.8928571428317
-31.89583333330789
-31.89880952378408
-31.90178571426027
-31.90476190473646
-31.90773809521265
-31.91071428568884
-31.91369047616503
-31.91666666664122
-31.91964285711741
-31.9226190475936
-31.92559523806979
-31.92857142854598
-31.93154761902217
-31.93452380949836
-31.93749999997455
-31.940476190450738
-31.943452380926928
-31.946428571403118
-31.949404761879308
-31.952380952355497
-31.955357142831687
-31.958333333307877
-31.961309523784067
-31.964285714260257
-31.967261904736446
-31.970238095212636
-31.973214285688826
-31.976190476165016
-31.979166666641206
-31.982142857117395
-31.985119047593585
-31.988095238069775
-31.991071428545965
-31.994047619022155
-31.997023809498344
-31.999999999974534
-32.002976190450724
-32.005952380926914
-32.0089285714031
-32.01190476187929
-32.01488095235548
-32.01785714283167
-32.02083333330786
-32.02380952378405
-32.02678571426024
-32.02976190473643
-32.03273809521262
-32.03571428568881
-32.038690476165
-32.04166666664119
-32.04464285711738
-32.04761904759357
-32.05059523806976
-32.05357142854595
-32.05654761902214
-32.05952380949833
-32.06249999997452
-32.06547619045071
-32.0684523809269
-32.07142857140309
-32.07440476187928
-32.07738095235547
-32.08035714283166
-32.08333333330785
-32.08630952378404
-32.08928571426023
-32.09226190473642
-32.09523809521261
-32.0982142856888
-32.10119047616499
-32.10416666664118
-32.10714285711737
-32.11011904759356
-32.11309523806975
-32.116071428545936
-32.119047619022126
-32.122023809498316
-32.124999999974506
-32.127976190450696
-32.130952380926885
-32.133928571403075
-32.136904761879265
-32.139880952355455
-32.142857142831645
-32.145833333307834
-32.148809523784024
-32.151785714260214
-32.154761904736404
-32.15773809521259
-32.16071428568878
-32.16369047616497
-32.16666666664116
-32.16964285711735
-32.17261904759354
-32.17559523806973
-32.17857142854592
-32.18154761902211
-32.1845238094983
-32.18749999997449
-32.19047619045068
-32.19345238092687
-32.19642857140306
-32.19940476187925
-32.20238095235544
-32.20535714283163
-32.20833333330782
-32.21130952378401
-32.2142857142602
-32.21726190473639
-32.22023809521258
-32.22321428568877
-32.22619047616496
-32.22916666664115
-32.23214285711734
-32.23511904759353
-32.23809523806972
-32.24107142854591
-32.2440476190221
-32.24702380949829
-32.24999999997448
-32.25297619045067
-32.25595238092686
-32.25892857140305
-32.26190476187924
-32.264880952355426
-32.267857142831616
-32.270833333307806
-32.273809523783996
-32.276785714260186
-32.279761904736375
-32.282738095212565
-32.285714285688755
-32.288690476164945
-32.291666666641134
-32.294642857117324
-32.297619047593514
-32.300595238069704
-32.303571428545894
-32.30654761902208
-32.30952380949827
-32.31249999997446
-32.31547619045065
-32.31845238092684
-32.32142857140303
-32.32440476187922
-32.32738095235541
-32.3303571428316
-32.33333333330779
-32.33630952378398
-32.33928571426017
-32.34226190473636
-32.34523809521255
-32.34821428568874
-32.35119047616493
-32.35416666664112
-32.35714285711731
-32.3601190475935
-32.36309523806969
-32.36607142854588
-32.36904761902207
-32.37202380949826
-32.37499999997445
-32.37797619045064
-32.38095238092683
-32.38392857140302
-32.38690476187921
-32.3898809523554
-32.39285714283159
-32.39583333330778
-32.39880952378397
-32.40178571426016
-32.40476190473635
-32.40773809521254
-32.41071428568873
-32.413690476164916
-32.416666666641106
-32.419642857117296
-32.422619047593486
-32.425595238069675
-32.428571428545865
-32.431547619022055
-32.434523809498245
-32.437499999974435
-32.440476190450624
-32.443452380926814
-32.446428571403004
-32.449404761879194
-32.452380952355384
-32.45535714283157
-32.45833333330776
-32.46130952378395
-32.46428571426014
-32.46726190473633
-32.47023809521252
-32.47321428568871
-32.4761904761649
-32.47916666664109
-32.48214285711728
-32.48511904759347
-32.48809523806966
-32.49107142854585
-32.49404761902204
-32.49702380949823
-32.49999999997442
-32.50297619045061
-32.5059523809268
-32.50892857140299
-32.51190476187918
-32.51488095235537
-32.51785714283156
-32.52083333330775
-32.52380952378394
-32.52678571426013
-32.52976190473632
-32.53273809521251
-32.5357142856887
-32.53869047616489
-32.54166666664108
-32.54464285711727
-32.54761904759346
-32.55059523806965
-32.55357142854584
-32.55654761902203
-32.55952380949822
-32.562499999974406
-32.565476190450596
-32.568452380926786
-32.571428571402976
-32.574404761879165
-32.577380952355355
-32.580357142831545
-32.583333333307735
-32.586309523783925
-32.589285714260114
-32.592261904736304
-32.595238095212494
-32.598214285688684
-32.601190476164874
-32.60416666664106
-32.60714285711725
-32.61011904759344
-32.61309523806963
-32.61607142854582
-32.61904761902201
-32.6220238094982
-32.62499999997439
-32.62797619045058
-32.63095238092677
-32.63392857140296
-32.63690476187915
-32.63988095235534
-32.64285714283153
-32.64583333330772
-32.64880952378391
-32.6517857142601
-32.65476190473629
-32.65773809521248
-32.66071428568867
-32.66369047616486
-32.66666666664105
-32.66964285711724
-32.67261904759343
-32.67559523806962
-32.67857142854581
-32.681547619022
-32.68452380949819
-32.68749999997438
-32.69047619045057
-32.69345238092676
-32.69642857140295
-32.69940476187914
-32.70238095235533
-32.70535714283152
-32.708333333307706
-32.711309523783896
-32.714285714260086
-32.717261904736276
-32.720238095212466
-32.723214285688655
-32.726190476164845
-32.729166666641035
-32.732142857117225
-32.735119047593415
-32.738095238069604
-32.741071428545794
-32.744047619021984
-32.747023809498174
-32.749999999974364
-32.75297619045055
-32.75595238092674
-32.75892857140293
-32.76190476187912
-32.76488095235531
-32.7678571428315
-32.77083333330769
-32.77380952378388
-32.77678571426007
-32.77976190473626
-32.78273809521245
-32.78571428568864
-32.78869047616483
-32.79166666664102
-32.79464285711721
-32.7976190475934
-32.80059523806959
-32.80357142854578
-32.80654761902197
-32.80952380949816
-32.81249999997435
-32.81547619045054
-32.81845238092673
-32.82142857140292
-32.82440476187911
-32.8273809523553
-32.83035714283149
-32.83333333330768
-32.83630952378387
-32.83928571426006
-32.84226190473625
-32.84523809521244
-32.84821428568863
-32.85119047616482
-32.85416666664101
-32.857142857117196
-32.860119047593386
-32.863095238069576
-32.866071428545766
-32.869047619021956
-32.872023809498145
-32.874999999974335
-32.877976190450525
-32.880952380926715
-32.883928571402905
-32.886904761879094
-32.889880952355284
-32.892857142831474
-32.895833333307664
-32.898809523783854
-32.90178571426004
-32.90476190473623
-32.90773809521242
-32.91071428568861
-32.9136904761648
-32.91666666664099
-32.91964285711718
-32.92261904759337
-32.92559523806956
-32.92857142854575
-32.93154761902194
-32.93452380949813
-32.93749999997432
-32.94047619045051
-32.9434523809267
-32.94642857140289
-32.94940476187908
-32.95238095235527
-32.95535714283146
-32.95833333330765
-32.96130952378384
-32.96428571426003
-32.96726190473622
-32.97023809521241
-32.9732142856886
-32.97619047616479
-32.97916666664098
-32.98214285711717
-32.98511904759336
-32.98809523806955
-32.99107142854574
-32.99404761902193
-32.99702380949812
-32.99999999997431
-33.0029761904505
-33.005952380926686
-33.008928571402876
-33.011904761879066
-33.014880952355256
-33.017857142831446
-33.020833333307635
-33.023809523783825
-33.026785714260015
-33.029761904736205
-33.032738095212395
-33.035714285688584
-33.038690476164774
-33.041666666640964
-33.044642857117154
-33.047619047593344
-33.05059523806953
-33.05357142854572
-33.05654761902191
-33.0595238094981
-33.06249999997429
-33.06547619045048
-33.06845238092667
-33.07142857140286
-33.07440476187905
-33.07738095235524
-33.08035714283143
-33.08333333330762
-33.08630952378381
-33.08928571426
-33.09226190473619
-33.09523809521238
-33.09821428568857
-33.10119047616476
-33.10416666664095
-33.10714285711714
-33.11011904759333
-33.11309523806952
-33.11607142854571
-33.1190476190219
-33.12202380949809
-33.12499999997428
-33.12797619045047
-33.13095238092666
-33.13392857140285
-33.13690476187904
-33.13988095235523
-33.14285714283142
-33.14583333330761
-33.1488095237838
-33.15178571425999
-33.154761904736176
-33.157738095212366
-33.160714285688556
-33.163690476164746
-33.166666666640936
-33.169642857117125
-33.172619047593315
-33.175595238069505
-33.178571428545695
-33.181547619021885
-33.184523809498074
-33.187499999974264
-33.190476190450454
-33.193452380926644
-33.19642857140283
-33.19940476187902
-33.20238095235521
-33.2053571428314
-33.20833333330759
-33.21130952378378
-33.21428571425997
-33.21726190473616
-33.22023809521235
-33.22321428568854
-33.22619047616473
-33.22916666664092
-33.23214285711711
-33.2351190475933
-33.23809523806949
-33.24107142854568
-33.24404761902187
-33.24702380949806
-33.24999999997425
-33.25297619045044
-33.25595238092663
-33.25892857140282
-33.26190476187901
-33.2648809523552
-33.26785714283139
-33.27083333330758
-33.27380952378377
-33.27678571425996
-33.27976190473615
-33.28273809521234
-33.28571428568853
-33.28869047616472
-33.29166666664091
-33.2946428571171
-33.29761904759329
-33.30059523806948
-33.303571428545666
-33.306547619021856
-33.309523809498046
-33.312499999974236
-33.315476190450426
-33.318452380926615
-33.321428571402805
-33.324404761878995
-33.327380952355185
-33.330357142831375
-33.333333333307564
-33.336309523783754
-33.339285714259944
-33.342261904736134
-33.34523809521232
-33.34821428568851
-33.3511904761647
-33.35416666664089
-33.35714285711708
-33.36011904759327
-33.36309523806946
-33.36607142854565
-33.36904761902184
-33.37202380949803
-33.37499999997422
-33.37797619045041
-33.3809523809266
-33.38392857140279
-33.38690476187898
-33.38988095235517
-33.39285714283136
-33.39583333330755
-33.39880952378374
-33.40178571425993
-33.40476190473612
-33.40773809521231
-33.4107142856885
-33.41369047616469
-33.41666666664088
-33.41964285711707
-33.42261904759326
-33.42559523806945
-33.42857142854564
-33.43154761902183
-33.43452380949802
-33.43749999997421
-33.4404761904504
-33.44345238092659
-33.44642857140278
-33.44940476187897
-33.452380952355156
-33.455357142831346
-33.458333333307536
-33.461309523783726
-33.464285714259915
-33.467261904736105
-33.470238095212295
-33.473214285688485
-33.476190476164675
-33.479166666640864
-33.482142857117054
-33.485119047593244
-33.488095238069434
-33.491071428545624
-33.49404761902181
-33.497023809498
-33.49999999997419
-33.50297619045038
-33.50595238092657
-33.50892857140276
-33.51190476187895
-33.51488095235514
-33.51785714283133
-33.52083333330752
-33.52380952378371
-33.5267857142599
-33.52976190473609
-33.53273809521228
-33.53571428568847
-33.53869047616466
-33.54166666664085
-33.54464285711704
-33.54761904759323
-33.55059523806942
-33.55357142854561
-33.5565476190218
-33.55952380949799
-33.56249999997418
-33.56547619045037
-33.56845238092656
-33.57142857140275
-33.57440476187894
-33.57738095235513
-33.58035714283132
-33.58333333330751
-33.5863095237837
-33.58928571425989
-33.59226190473608
-33.59523809521227
-33.59821428568846
-33.601190476164646
-33.604166666640836
-33.607142857117026
-33.610119047593216
-33.613095238069405
-33.616071428545595
-33.619047619021785
-33.622023809497975
-33.624999999974165
-33.627976190450354
-33.630952380926544
-33.633928571402734
-33.636904761878924
-33.639880952355114
-33.6428571428313
-33.64583333330749
-33.64880952378368
-33.65178571425987
-33.65476190473606
-33.65773809521225
-33.66071428568844
-33.66369047616463
-33.66666666664082
-33.66964285711701
-33.6726190475932
-33.67559523806939
-33.67857142854558
-33.68154761902177
-33.68452380949796
-33.68749999997415
-33.69047619045034
-33.69345238092653
-33.69642857140272
-33.69940476187891
-33.7023809523551
-33.70535714283129
-33.70833333330748
-33.71130952378367
-33.71428571425986
-33.71726190473605
-33.72023809521224
-33.72321428568843
-33.72619047616462
-33.72916666664081
-33.732142857117
-33.73511904759319
-33.73809523806938
-33.74107142854557
-33.74404761902176
-33.747023809497946
-33.749999999974136
-33.752976190450326
-33.755952380926516
-33.758928571402706
-33.761904761878895
-33.764880952355085
-33.767857142831275
-33.770833333307465
-33.773809523783655
-33.776785714259844
-33.779761904736034
-33.782738095212224
-33.785714285688414
-33.788690476164604
-33.79166666664079
-33.79464285711698
-33.79761904759317
-33.80059523806936
-33.80357142854555
-33.80654761902174
-33.80952380949793
-33.81249999997412
-33.81547619045031
-33.8184523809265
-33.82142857140269
-33.82440476187888
-33.82738095235507
-33.83035714283126
-33.83333333330745
-33.83630952378364
-33.83928571425983
-33.84226190473602
-33.84523809521221
-33.8482142856884
-33.85119047616459
-33.85416666664078
-33.85714285711697
-33.86011904759316
-33.86309523806935
-33.86607142854554
-33.86904761902173
-33.87202380949792
-33.87499999997411
-33.8779761904503
-33.88095238092649
-33.88392857140268
-33.88690476187887
-33.88988095235506
-33.89285714283125
-33.895833333307436
-33.898809523783626
-33.901785714259816
-33.904761904736006
-33.907738095212196
-33.910714285688385
-33.913690476164575
-33.916666666640765
-33.919642857116955
-33.922619047593145
-33.925595238069334
-33.928571428545524
-33.931547619021714
-33.934523809497904
-33.937499999974094
-33.94047619045028
-33.94345238092647
-33.94642857140266
-33.94940476187885
-33.95238095235504
-33.95535714283123
-33.95833333330742
-33.96130952378361
-33.9642857142598
-33.96726190473599
-33.97023809521218
-33.97321428568837
-33.97619047616456
-33.97916666664075
-33.98214285711694
-33.98511904759313
-33.98809523806932
-33.99107142854551
-33.9940476190217
-33.99702380949789
-33.99999999997408
-34.00297619045027
-34.00595238092646
-34.00892857140265
-34.01190476187884
-34.01488095235503
-34.01785714283122
-34.02083333330741
-34.0238095237836
-34.02678571425979
-34.02976190473598
-34.03273809521217
-34.03571428568836
-34.03869047616455
-34.04166666664074
-34.044642857116926
-34.047619047593116
-34.050595238069306
-34.053571428545496
-34.056547619021686
-34.059523809497875
-34.062499999974065
-34.065476190450255
-34.068452380926445
-34.071428571402635
-34.074404761878824
-34.077380952355014
-34.080357142831204
-34.083333333307394
-34.086309523783584
-34.08928571425977
-34.09226190473596
-34.09523809521215
-34.09821428568834
-34.10119047616453
-34.10416666664072
-34.10714285711691
-34.1101190475931
-34.11309523806929
-34.11607142854548
-34.11904761902167
-34.12202380949786
-34.12499999997405
-34.12797619045024
-34.13095238092643
-34.13392857140262
-34.13690476187881
-34.139880952355
-34.14285714283119
-34.14583333330738
-34.14880952378357
-34.15178571425976
-34.15476190473595
-34.15773809521214
-34.16071428568833
-34.16369047616452
-34.16666666664071
-34.1696428571169
-34.17261904759309
-34.17559523806928
-34.17857142854547
-34.18154761902166
-34.18452380949785
-34.18749999997404
-34.19047619045023
-34.193452380926416
-34.196428571402606
-34.199404761878796
-34.202380952354986
-34.205357142831176
-34.208333333307365
-34.211309523783555
-34.214285714259745
-34.217261904735935
-34.220238095212125
-34.223214285688314
-34.226190476164504
-34.229166666640694
-34.232142857116884
-34.235119047593074
-34.23809523806926
-34.24107142854545
-34.24404761902164
-34.24702380949783
-34.24999999997402
-34.25297619045021
-34.2559523809264
-34.25892857140259
-34.26190476187878
-34.26488095235497
-34.26785714283116
-34.27083333330735
-34.27380952378354
-34.27678571425973
-34.27976190473592
-34.28273809521211
-34.2857142856883
-34.28869047616449
-34.29166666664068
-34.29464285711687
-34.29761904759306
-34.30059523806925
-34.30357142854544
-34.30654761902163
-34.30952380949782
-34.31249999997401
-34.3154761904502
-34.31845238092639
-34.32142857140258
-34.32440476187877
-34.32738095235496
-34.33035714283115
-34.33333333330734
-34.33630952378353
-34.33928571425972
-34.342261904735906
-34.345238095212096
-34.348214285688286
-34.351190476164476
-34.354166666640666
-34.357142857116855
-34.360119047593045
-34.363095238069235
-34.366071428545425
-34.369047619021615
-34.372023809497804
-34.374999999973994
-34.377976190450184
-34.380952380926374
-34.38392857140256
-34.38690476187875
-34.38988095235494
-34.39285714283113
-34.39583333330732
-34.39880952378351
-34.4017857142597
-34.40476190473589
-34.40773809521208
-34.41071428568827
-34.41369047616446
-34.41666666664065
-34.41964285711684
-34.42261904759303
-34.42559523806922
-34.42857142854541
-34.4315476190216
-34.43452380949779
-34.43749999997398
-34.44047619045017
-34.44345238092636
-34.44642857140255
-34.44940476187874
-34.45238095235493
-34.45535714283112
-34.45833333330731
-34.4613095237835
-34.46428571425969
-34.46726190473588
-34.47023809521207
-34.47321428568826
-34.47619047616445
-34.47916666664064
-34.48214285711683
-34.48511904759302
-34.48809523806921
-34.491071428545396
-34.494047619021586
-34.497023809497776
-34.499999999973966
-34.502976190450156
-34.505952380926345
-34.508928571402535
-34.511904761878725
-34.514880952354915
-34.517857142831105
-34.520833333307294
-34.523809523783484
-34.526785714259674
-34.529761904735864
-34.53273809521205
-34.53571428568824
-34.53869047616443
-34.54166666664062
-34.54464285711681
-34.547619047593
-34.55059523806919
-34.55357142854538
-34.55654761902157
-34.55952380949776
-34.56249999997395
-34.56547619045014
-34.56845238092633
-34.57142857140252
-34.57440476187871
-34.5773809523549
-34.58035714283109
-34.58333333330728
-34.58630952378347
-34.58928571425966
-34.59226190473585
-34.59523809521204
-34.59821428568823
-34.60119047616442
-34.60416666664061
-34.6071428571168
-34.61011904759299
-34.61309523806918
-34.61607142854537
-34.61904761902156
-34.62202380949775
-34.62499999997394
-34.62797619045013
-34.63095238092632
-34.63392857140251
-34.6369047618787
-34.639880952354886
-34.642857142831076
-34.645833333307266
-34.648809523783456
-34.651785714259645
-34.654761904735835
-34.657738095212025
-34.660714285688215
-34.663690476164405
-34.666666666640594
-34.669642857116784
-34.672619047592974
-34.675595238069164
-34.678571428545354
-34.68154761902154
-34.68452380949773
-34.68749999997392
-34.69047619045011
-34.6934523809263
-34.69642857140249
-34.69940476187868
-34.70238095235487
-34.70535714283106
-34.70833333330725
-34.71130952378344
-34.71428571425963
-34.71726190473582
-34.72023809521201
-34.7232142856882
-34.72619047616439
-34.72916666664058
-34.73214285711677
-34.73511904759296
-34.73809523806915
-34.74107142854534
-34.74404761902153
-34.74702380949772
-34.74999999997391
-34.7529761904501
-34.75595238092629
-34.75892857140248
-34.76190476187867
-34.76488095235486
-34.76785714283105
-34.77083333330724
-34.77380952378343
-34.77678571425962
-34.77976190473581
-34.782738095212
-34.78571428568819
-34.788690476164376
-34.791666666640566
-34.794642857116756
-34.797619047592946
-34.800595238069135
-34.803571428545325
-34.806547619021515
-34.809523809497705
-34.812499999973895
-34.815476190450084
-34.818452380926274
-34.821428571402464
-34.824404761878654
-34.827380952354844
-34.83035714283103
-34.83333333330722
-34.83630952378341
-34.8392857142596
-34.84226190473579
-34.84523809521198
-34.84821428568817
-34.85119047616436
-34.85416666664055
-34.85714285711674
-34.86011904759293
-34.86309523806912
-34.86607142854531
-34.8690476190215
-34.87202380949769
-34.87499999997388
-34.87797619045007
-34.88095238092626
-34.88392857140245
-34.88690476187864
-34.88988095235483
-34.89285714283102
-34.89583333330721
-34.8988095237834
-34.90178571425959
-34.90476190473578
-34.90773809521197
-34.91071428568816
-34.91369047616435
-34.91666666664054
-34.91964285711673
-34.92261904759292
-34.92559523806911
-34.9285714285453
-34.93154761902149
-34.934523809497676
-34.937499999973866
-34.940476190450056
-34.943452380926246
-34.946428571402436
-34.949404761878625
-34.952380952354815
-34.955357142831005
-34.958333333307195
-34.961309523783385
-34.964285714259574
-34.967261904735764
-34.970238095211954
-34.973214285688144
-34.976190476164334
-34.97916666664052
-34.98214285711671
-34.9851190475929
-34.98809523806909
-34.99107142854528
-34.99404761902147
-34.99702380949766
-34.99999999997385
-35.00297619045004
-35.00595238092623
-35.00892857140242
-35.01190476187861
-35.0148809523548
-35.01785714283099
-35.02083333330718
-35.02380952378337
-35.02678571425956
-35.02976190473575
-35.03273809521194
-35.03571428568813
-35.03869047616432
-35.04166666664051
-35.0446428571167
-35.04761904759289
-35.05059523806908
-35.05357142854527
-35.05654761902146
-35.05952380949765
-35.06249999997384
-35.06547619045003
-35.06845238092622
-35.07142857140241
-35.0744047618786
-35.07738095235479
-35.08035714283098
-35.083333333307166
-35.086309523783356
-35.089285714259546
-35.092261904735736
-35.095238095211926
-35.098214285688115
-35.101190476164305
-35.104166666640495
-35.107142857116685
-35.110119047592875
-35.113095238069064
-35.116071428545254
-35.119047619021444
-35.122023809497634
-35.124999999973824
-35.12797619045001
-35.1309523809262
-35.13392857140239
-35.13690476187858
-35.13988095235477
-35.14285714283096
-35.14583333330715
-35.14880952378334
-35.15178571425953
-35.15476190473572
-35.15773809521191
-35.1607142856881
-35.16369047616429
-35.16666666664048
-35.16964285711667
-35.17261904759286
-35.17559523806905
-35.17857142854524
-35.18154761902143
-35.18452380949762
-35.18749999997381
-35.19047619045
-35.19345238092619
-35.19642857140238
-35.19940476187857
-35.20238095235476
-35.20535714283095
-35.20833333330714
-35.21130952378333
-35.21428571425952
-35.21726190473571
-35.2202380952119
-35.22321428568809
-35.22619047616428
-35.22916666664047
-35.232142857116656
-35.235119047592846
-35.238095238069036
-35.241071428545226
-35.244047619021416
-35.247023809497605
-35.249999999973795
-35.252976190449985
-35.255952380926175
-35.258928571402365
-35.261904761878554
-35.264880952354744
-35.267857142830934
-35.270833333307124
-35.273809523783314
-35.2767857142595
-35.27976190473569
-35.28273809521188
-35.28571428568807
-35.28869047616426
-35.29166666664045
-35.29464285711664
-35.29761904759283
-35.30059523806902
-35.30357142854521
-35.3065476190214
-35.30952380949759
-35.31249999997378
-35.31547619044997
-35.31845238092616
-35.32142857140235
-35.32440476187854
-35.32738095235473
-35.33035714283092
-35.33333333330711
-35.3363095237833
-35.33928571425949
-35.34226190473568
-35.34523809521187
-35.34821428568806
-35.35119047616425
-35.35416666664044
-35.35714285711663
-35.36011904759282
-35.36309523806901
-35.3660714285452
-35.36904761902139
-35.37202380949758
-35.37499999997377
-35.37797619044996
-35.380952380926146
-35.383928571402336
-35.386904761878526
-35.389880952354716
-35.392857142830906
-35.395833333307095
-35.398809523783285
-35.401785714259475
-35.404761904735665
-35.407738095211855
-35.410714285688044
-35.413690476164234
-35.416666666640424
-35.419642857116614
-35.422619047592804
-35.42559523806899
-35.42857142854518
-35.43154761902137
-35.43452380949756
-35.43749999997375
-35.44047619044994
-35.44345238092613
-35.44642857140232
-35.44940476187851
-35.4523809523547
-35.45535714283089
-35.45833333330708
-35.46130952378327
-35.46428571425946
-35.46726190473565
-35.47023809521184
-35.47321428568803
-35.47619047616422
-35.47916666664041
-35.4821428571166
-35.48511904759279
-35.48809523806898
-35.49107142854517
-35.49404761902136
-35.49702380949755
-35.49999999997374
-35.50297619044993
-35.50595238092612
-35.50892857140231
-35.5119047618785
-35.51488095235469
-35.51785714283088
-35.52083333330707
-35.52380952378326
-35.52678571425945
-35.529761904735636
-35.532738095211826
-35.535714285688016
-35.538690476164206
-35.541666666640396
-35.544642857116585
-35.547619047592775
-35.550595238068965
-35.553571428545155
-35.556547619021345
-35.559523809497534
-35.562499999973724
-35.565476190449914
-35.568452380926104
-35.57142857140229
-35.57440476187848
-35.57738095235467
-35.58035714283086
-35.58333333330705
-35.58630952378324
-35.58928571425943
-35.59226190473562
-35.59523809521181
-35.598214285688
-35.60119047616419
-35.60416666664038
-35.60714285711657
-35.61011904759276
-35.61309523806895
-35.61607142854514
-35.61904761902133
-35.62202380949752
-35.62499999997371
-35.6279761904499
-35.63095238092609
-35.63392857140228
-35.63690476187847
-35.63988095235466
-35.64285714283085
-35.64583333330704
-35.64880952378323
-35.65178571425942
-35.65476190473561
-35.6577380952118
-35.66071428568799
-35.66369047616418
-35.66666666664037
-35.66964285711656
-35.67261904759275
-35.67559523806894
-35.678571428545126
-35.681547619021316
-35.684523809497506
-35.687499999973696
-35.690476190449886
-35.693452380926075
-35.696428571402265
-35.699404761878455
-35.702380952354645
-35.705357142830835
-35.708333333307024
-35.711309523783214
-35.714285714259404
-35.717261904735594
-35.72023809521178
-35.72321428568797
-35.72619047616416
-35.72916666664035
-35.73214285711654
-35.73511904759273
-35.73809523806892
-35.74107142854511
-35.7440476190213
-35.74702380949749
-35.74999999997368
-35.75297619044987
-35.75595238092606
-35.75892857140225
-35.76190476187844
-35.76488095235463
-35.76785714283082
-35.77083333330701
-35.7738095237832
-35.77678571425939
-35.77976190473558
-35.78273809521177
-35.78571428568796
-35.78869047616415
-35.79166666664034
-35.79464285711653
-35.79761904759272
-35.80059523806891
-35.8035714285451
-35.80654761902129
-35.80952380949748
-35.81249999997367
-35.81547619044986
-35.81845238092605
-35.82142857140224
-35.82440476187843
-35.827380952354616
-35.830357142830806
-35.833333333306996
-35.836309523783186
-35.839285714259375
-35.842261904735565
-35.845238095211755
-35.848214285687945
-35.851190476164135
-35.854166666640324
-35.857142857116514
-35.860119047592704
-35.863095238068894
-35.866071428545084
-35.86904761902127
-35.87202380949746
-35.87499999997365
-35.87797619044984
-35.88095238092603
-35.88392857140222
-35.88690476187841
-35.8898809523546
-35.89285714283079
-35.89583333330698
-35.89880952378317
-35.90178571425936
-35.90476190473555
-35.90773809521174
-35.91071428568793
-35.91369047616412
-35.91666666664031
-35.9196428571165
-35.92261904759269
-35.92559523806888
-35.92857142854507
-35.93154761902126
-35.93452380949745
-35.93749999997364
-35.94047619044983
-35.94345238092602
-35.94642857140221
-35.9494047618784
-35.95238095235459
-35.95535714283078
-35.95833333330697
-35.96130952378316
-35.96428571425935
-35.96726190473554
-35.97023809521173
-35.97321428568792
-35.976190476164106
-35.979166666640296
-35.982142857116486
-35.985119047592676
-35.988095238068865
-35.991071428545055
-35.994047619021245
-35.997023809497435
-35.999999999973625
-36.002976190449814
-36.005952380926004
-36.008928571402194
-36.011904761878384
-36.014880952354574
-36.01785714283076
-36.02083333330695
-36.02380952378314
-36.02678571425933
-36.02976190473552
-36.03273809521171
-36.0357142856879
-36.03869047616409
-36.04166666664028
-36.04464285711647
-36.04761904759266
-36.05059523806885
-36.05357142854504
-36.05654761902123
-36.05952380949742
-36.06249999997361
-36.0654761904498
-36.06845238092599
-36.07142857140218
-36.07440476187837
-36.07738095235456
-36.08035714283075
-36.08333333330694
-36.08630952378313
-36.08928571425932
-36.09226190473551
-36.0952380952117
-36.09821428568789
-36.10119047616408
-36.10416666664027
-36.10714285711646
-36.11011904759265
-36.11309523806884
-36.11607142854503
-36.11904761902122
-36.122023809497406
-36.124999999973596
-36.127976190449786
-36.130952380925976
-36.133928571402166
-36.136904761878355
-36.139880952354545
-36.142857142830735
-36.145833333306925
-36.148809523783115
-36.151785714259304
-36.154761904735494
-36.157738095211684
-36.160714285687874
-36.163690476164064
-36.16666666664025
-36.16964285711644
-36.17261904759263
-36.17559523806882
-36.17857142854501
-36.1815476190212
-36.18452380949739
-36.18749999997358
-36.19047619044977
-36.19345238092596
-36.19642857140215
-36.19940476187834
-36.20238095235453
-36.20535714283072
-36.20833333330691
-36.2113095237831
-36.21428571425929
-36.21726190473548
-36.22023809521167
-36.22321428568786
-36.22619047616405
-36.22916666664024
-36.23214285711643
-36.23511904759262
-36.23809523806881
-36.241071428545
-36.24404761902119
-36.24702380949738
-36.24999999997357
-36.25297619044976
-36.25595238092595
-36.25892857140214
-36.26190476187833
-36.26488095235452
-36.26785714283071
-36.270833333306896
-36.273809523783086
-36.276785714259276
-36.279761904735466
-36.282738095211656
-36.285714285687845
-36.288690476164035
-36.291666666640225
-36.294642857116415
-36.297619047592605
-36.300595238068794
-36.303571428544984
-36.306547619021174
-36.309523809497364
-36.312499999973554
-36.31547619044974
-36.31845238092593
-36.32142857140212
-36.32440476187831
-36.3273809523545
-36.33035714283069
-36.33333333330688
-36.33630952378307
-36.33928571425926
-36.34226190473545
-36.34523809521164
-36.34821428568783
-36.35119047616402
-36.35416666664021
-36.3571428571164
-36.36011904759259
-36.36309523806878
-36.36607142854497
-36.36904761902116
-36.37202380949735
-36.37499999997354
-36.37797619044973
-36.38095238092592
-36.38392857140211
-36.3869047618783
-36.38988095235449
-36.39285714283068
-36.39583333330687
-36.39880952378306
-36.40178571425925
-36.40476190473544
-36.40773809521163
-36.41071428568782
-36.41369047616401
-36.4166666666402
-36.419642857116386
-36.422619047592576
-36.425595238068766
-36.428571428544956
-36.431547619021146
-36.434523809497335
-36.437499999973525
-36.440476190449715
-36.443452380925905
-36.446428571402095
-36.449404761878284
-36.452380952354474
-36.455357142830664
-36.458333333306854
-36.461309523783044
-36.46428571425923
-36.46726190473542
-36.47023809521161
-36.4732142856878
-36.47619047616399
-36.47916666664018
-36.48214285711637
-36.48511904759256
-36.48809523806875
-36.49107142854494
-36.49404761902113
-36.49702380949732
-36.49999999997351
-36.5029761904497
-36.50595238092589
-36.50892857140208
-36.51190476187827
-36.51488095235446
-36.51785714283065
-36.52083333330684
-36.52380952378303
-36.52678571425922
-36.52976190473541
-36.5327380952116
-36.53571428568779
-36.53869047616398
-36.54166666664017
-36.54464285711636
-36.54761904759255
-36.55059523806874
-36.55357142854493
-36.55654761902112
-36.55952380949731
-36.5624999999735
-36.56547619044969
-36.568452380925876
-36.571428571402066
-36.574404761878256
-36.577380952354446
-36.580357142830636
-36.583333333306825
-36.586309523783015
-36.589285714259205
-36.592261904735395
-36.595238095211585
-36.598214285687774
-36.601190476163964
-36.604166666640154
-36.607142857116344
-36.61011904759253
-36.61309523806872
-36.61607142854491
-36.6190476190211
-36.62202380949729
-36.62499999997348
-36.62797619044967
-36.63095238092586
-36.63392857140205
-36.63690476187824
-36.63988095235443
-36.64285714283062
-36.64583333330681
-36.648809523783
-36.65178571425919
-36.65476190473538
-36.65773809521157
-36.66071428568776
-36.66369047616395
-36.66666666664014
-36.66964285711633
-36.67261904759252
-36.67559523806871
-36.6785714285449
-36.68154761902109
-36.68452380949728
-36.68749999997347
-36.69047619044966
-36.69345238092585
-36.69642857140204
-36.69940476187823
-36.70238095235442
-36.70535714283061
-36.7083333333068
-36.71130952378299
-36.71428571425918
-36.717261904735366
-36.720238095211556
-36.723214285687746
-36.726190476163936
-36.729166666640126
-36.732142857116315
-36.735119047592505
-36.738095238068695
-36.741071428544885
-36.744047619021075
-36.747023809497264
-36.749999999973454
-36.752976190449644
-36.755952380925834
-36.75892857140202
-36.76190476187821
-36.7648809523544
-36.76785714283059
-36.77083333330678
-36.77380952378297
-36.77678571425916
-36.77976190473535
-36.78273809521154
-36.78571428568773
-36.78869047616392
-36.79166666664011
-36.7946428571163
-36.79761904759249
-36.80059523806868
-36.80357142854487
-36.80654761902106
-36.80952380949725
-36.81249999997344
-36.81547619044963
-36.81845238092582
-36.82142857140201
-36.8244047618782
-36.82738095235439
-36.83035714283058
-36.83333333330677
-36.83630952378296
-36.83928571425915
-36.84226190473534
-36.84523809521153
-36.84821428568772
-36.85119047616391
-36.8541666666401
-36.85714285711629
-36.86011904759248
-36.86309523806867
-36.866071428544856
-36.869047619021046
-36.872023809497236
-36.874999999973426
-36.877976190449616
-36.880952380925805
-36.883928571401995
-36.886904761878185
-36.889880952354375
-36.892857142830564
-36.895833333306754
-36.898809523782944
-36.901785714259134
-36.904761904735324
-36.90773809521151
-36.9107142856877
-36.91369047616389
-36.91666666664008
-36.91964285711627
-36.92261904759246
-36.92559523806865
-36.92857142854484
-36.93154761902103
-36.93452380949722
-36.93749999997341
-36.9404761904496
-36.94345238092579
-36.94642857140198
-36.94940476187817
-36.95238095235436
-36.95535714283055
-36.95833333330674
-36.96130952378293
-36.96428571425912
-36.96726190473531
-36.9702380952115
-36.97321428568769
-36.97619047616388
-36.97916666664007
-36.98214285711626
-36.98511904759245
-36.98809523806864
-36.99107142854483
-36.99404761902102
-36.99702380949721
-36.9999999999734
-37.00297619044959
-37.00595238092578
-37.00892857140197
-37.01190476187816
-37.014880952354346
-37.017857142830536
-37.020833333306726
-37.023809523782916
-37.026785714259105
-37.029761904735295
-37.032738095211485
-37.035714285687675
-37.038690476163865
-37.041666666640054
-37.044642857116244
-37.047619047592434
-37.050595238068624
-37.053571428544814
-37.056547619021
-37.05952380949719
-37.06249999997338
-37.06547619044957
-37.06845238092576
-37.07142857140195
-37.07440476187814
-37.07738095235433
-37.08035714283052
-37.08333333330671
-37.0863095237829
-37.08928571425909
-37.09226190473528
-37.09523809521147
-37.09821428568766
-37.10119047616385
-37.10416666664004
-37.10714285711623
-37.11011904759242
-37.11309523806861
-37.1160714285448
-37.11904761902099
-37.12202380949718
-37.12499999997337
-37.12797619044956
-37.13095238092575
-37.13392857140194
-37.13690476187813
-37.13988095235432
-37.14285714283051
-37.1458333333067
-37.14880952378289
-37.15178571425908
-37.15476190473527
-37.15773809521146
-37.16071428568765
-37.163690476163836
-37.166666666640026
-37.169642857116216
-37.172619047592406
-37.175595238068595
-37.178571428544785
-37.181547619020975
-37.184523809497165
-37.187499999973355
-37.190476190449544
-37.193452380925734
-37.196428571401924
-37.199404761878114
-37.202380952354304
-37.20535714283049
-37.20833333330668
-37.21130952378287
-37.21428571425906
-37.21726190473525
-37.22023809521144
-37.22321428568763
-37.22619047616382
-37.22916666664001
-37.2321428571162
-37.23511904759239
-37.23809523806858
-37.24107142854477
-37.24404761902096
-37.24702380949715
-37.24999999997334
-37.25297619044953
-37.25595238092572
-37.25892857140191
-37.2619047618781
-37.26488095235429
-37.26785714283048
-37.27083333330667
-37.27380952378286
-37.27678571425905
-37.27976190473524
-37.28273809521143
-37.28571428568762
-37.28869047616381
-37.29166666664
-37.29464285711619
-37.29761904759238
-37.30059523806857
-37.30357142854476
-37.30654761902095
-37.309523809497136
-37.312499999973326
-37.315476190449516
-37.318452380925706
-37.321428571401896
-37.324404761878085
-37.327380952354275
-37.330357142830465
-37.333333333306655
-37.336309523782845
-37.339285714259034
-37.342261904735224
-37.345238095211414
-37.348214285687604
-37.351190476163794
-37.35416666663998
-37.35714285711617
-37.36011904759236
-37.36309523806855
-37.36607142854474
-37.36904761902093
-37.37202380949712
-37.37499999997331
-37.3779761904495
-37.38095238092569
-37.38392857140188
-37.38690476187807
-37.38988095235426
-37.39285714283045
-37.39583333330664
-37.39880952378283
-37.40178571425902
-37.40476190473521
-37.4077380952114
-37.41071428568759
-37.41369047616378
-37.41666666663997
-37.41964285711616
-37.42261904759235
-37.42559523806854
-37.42857142854473
-37.43154761902092
-37.43452380949711
-37.4374999999733
-37.44047619044949
-37.44345238092568
-37.44642857140187
-37.44940476187806
-37.45238095235425
-37.45535714283044
-37.458333333306626
-37.461309523782816
-37.464285714259006
-37.467261904735196
-37.470238095211386
-37.473214285687575
-37.476190476163765
-37.479166666639955
-37.482142857116145
-37.485119047592335
-37.488095238068524
-37.491071428544714
-37.494047619020904
-37.497023809497094
-37.499999999973284
-37.50297619044947
-37.50595238092566
-37.50892857140185
-37.51190476187804
-37.51488095235423
-37.51785714283042
-37.52083333330661
-37.5238095237828
-37.52678571425899
-37.52976190473518
-37.53273809521137
-37.53571428568756
-37.53869047616375
-37.54166666663994
-37.54464285711613
-37.54761904759232
-37.55059523806851
-37.5535714285447
-37.55654761902089
-37.55952380949708
-37.56249999997327
-37.56547619044946
-37.56845238092565
-37.57142857140184
-37.57440476187803
-37.57738095235422
-37.58035714283041
-37.5833333333066
-37.58630952378279
-37.58928571425898
-37.59226190473517
-37.59523809521136
-37.59821428568755
-37.60119047616374
-37.60416666663993
-37.607142857116116
-37.610119047592306
-37.613095238068496
-37.616071428544686
-37.619047619020876
-37.622023809497065
-37.624999999973255
-37.627976190449445
-37.630952380925635
-37.633928571401825
-37.636904761878014
-37.639880952354204
-37.642857142830394
-37.645833333306584
-37.648809523782774
-37.65178571425896
-37.65476190473515
-37.65773809521134
-37.66071428568753
-37.66369047616372
-37.66666666663991
-37.6696428571161
-37.67261904759229
-37.67559523806848
-37.67857142854467
-37.68154761902086
-37.68452380949705
-37.68749999997324
-37.69047619044943
-37.69345238092562
-37.69642857140181
-37.699404761878
-37.70238095235419
-37.70535714283038
-37.70833333330657
-37.71130952378276
-37.71428571425895
-37.71726190473514
-37.72023809521133
-37.72321428568752
-37.72619047616371
-37.7291666666399
-37.73214285711609
-37.73511904759228
-37.73809523806847
-37.74107142854466
-37.74404761902085
-37.74702380949704
-37.74999999997323
-37.75297619044942
-37.755952380925606
-37.758928571401796
-37.761904761877986
-37.764880952354176
-37.767857142830366
-37.770833333306555
-37.773809523782745
-37.776785714258935
-37.779761904735125
-37.782738095211315
-37.785714285687504
-37.788690476163694
-37.791666666639884
-37.794642857116074
-37.79761904759226
-37.80059523806845
-37.80357142854464
-37.80654761902083
-37.80952380949702
-37.81249999997321
-37.8154761904494
-37.81845238092559
-37.82142857140178
-37.82440476187797
-37.82738095235416
-37.83035714283035
-37.83333333330654
-37.83630952378273
-37.83928571425892
-37.84226190473511
-37.8452380952113
-37.84821428568749
-37.85119047616368
-37.85416666663987
-37.85714285711606
-37.86011904759225
-37.86309523806844
-37.86607142854463
-37.86904761902082
-37.87202380949701
-37.8749999999732
-37.87797619044939
-37.88095238092558
-37.88392857140177
-37.88690476187796
-37.88988095235415
-37.89285714283034
-37.89583333330653
-37.89880952378272
-37.90178571425891
-37.904761904735096
-37.907738095211286
-37.910714285687476
-37.913690476163666
-37.916666666639856
-37.919642857116045
-37.922619047592235
-37.925595238068425
-37.928571428544615
-37.931547619020805
-37.934523809496994
-37.937499999973184
-37.940476190449374
-37.943452380925564
-37.94642857140175
-37.94940476187794
-37.95238095235413
-37.95535714283032
-37.95833333330651
-37.9613095237827
-37.96428571425889
-37.96726190473508
-37.97023809521127
-37.97321428568746
-37.97619047616365
-37.97916666663984
-37.98214285711603
-37.98511904759222
-37.98809523806841
-37.9910714285446
-37.99404761902079
-37.99702380949698
-37.99999999997317
-38.00297619044936
-38.00595238092555
-38.00892857140174
-38.01190476187793
-38.01488095235412
-38.01785714283031
-38.0208333333065
-38.02380952378269
-38.02678571425888
-38.02976190473507
-38.03273809521126
-38.03571428568745
-38.03869047616364
-38.04166666663983
-38.04464285711602
-38.04761904759221
-38.0505952380684
-38.053571428544586
-38.056547619020776
-38.059523809496966
-38.062499999973156
-38.065476190449345
-38.068452380925535
-38.071428571401725
-38.074404761877915
-38.077380952354105
-38.080357142830294
-38.083333333306484
-38.086309523782674
-38.089285714258864
-38.092261904735054
-38.09523809521124
-38.09821428568743
-38.10119047616362
-38.10416666663981
-38.107142857116
-38.11011904759219
-38.11309523806838
-38.11607142854457
-38.11904761902076
-38.12202380949695
-38.12499999997314
-38.12797619044933
-38.13095238092552
-38.13392857140171
-38.1369047618779
-38.13988095235409
-38.14285714283028
-38.14583333330647
-38.14880952378266
-38.15178571425885
-38.15476190473504
-38.15773809521123
-38.16071428568742
-38.16369047616361
-38.1666666666398
-38.16964285711599
-38.17261904759218
-38.17559523806837
-38.17857142854456
-38.18154761902075
-38.18452380949694
-38.18749999997313
-38.19047619044932
-38.19345238092551
-38.1964285714017
-38.19940476187789
-38.202380952354076
-38.205357142830266
-38.208333333306456
-38.211309523782646
-38.214285714258835
-38.217261904735025
-38.220238095211215
-38.223214285687405
-38.226190476163595
-38.229166666639784
-38.232142857115974
-38.235119047592164
-38.238095238068354
-38.241071428544544
-38.24404761902073
-38.24702380949692
-38.24999999997311
-38.2529761904493
-38.25595238092549
-38.25892857140168
-38.26190476187787
-38.26488095235406
-38.26785714283025
-38.27083333330644
-38.27380952378263
-38.27678571425882
-38.27976190473501
-38.2827380952112
-38.28571428568739
-38.28869047616358
-38.29166666663977
-38.29464285711596
-38.29761904759215
-38.30059523806834
-38.30357142854453
-38.30654761902072
-38.30952380949691
-38.3124999999731
-38.31547619044929
-38.31845238092548
-38.32142857140167
-38.32440476187786
-38.32738095235405
-38.33035714283024
-38.33333333330643
-38.33630952378262
-38.33928571425881
-38.342261904735
-38.34523809521119
-38.348214285687376
-38.351190476163566
-38.354166666639756
-38.357142857115946
-38.360119047592136
-38.363095238068325
-38.366071428544515
-38.369047619020705
-38.372023809496895
-38.374999999973085
-38.377976190449274
-38.380952380925464
-38.383928571401654
-38.386904761877844
-38.389880952354034
-38.39285714283022
-38.39583333330641
-38.3988095237826
-38.40178571425879
-38.40476190473498
-38.40773809521117
-38.41071428568736
-38.41369047616355
-38.41666666663974
-38.41964285711593
-38.42261904759212
-38.42559523806831
-38.4285714285445
-38.43154761902069
-38.43452380949688
-38.43749999997307
-38.44047619044926
-38.44345238092545
-38.44642857140164
-38.44940476187783
-38.45238095235402
-38.45535714283021
-38.4583333333064
-38.46130952378259
-38.46428571425878
-38.46726190473497
-38.47023809521116
-38.47321428568735
-38.47619047616354
-38.47916666663973
-38.48214285711592
-38.48511904759211
-38.4880952380683
-38.49107142854449
-38.49404761902068
-38.497023809496866
-38.499999999973056
-38.502976190449246
-38.505952380925436
-38.508928571401626
-38.511904761877815
-38.514880952354005
-38.517857142830195
-38.520833333306385
-38.523809523782575
-38.526785714258764
-38.529761904734954
-38.532738095211144
-38.535714285687334
-38.538690476163524
-38.54166666663971
-38.5446428571159
-38.54761904759209
-38.55059523806828
-38.55357142854447
-38.55654761902066
-38.55952380949685
-38.56249999997304
-38.56547619044923
-38.56845238092542
-38.57142857140161
-38.5744047618778
-38.57738095235399
-38.58035714283018
-38.58333333330637
-38.58630952378256
-38.58928571425875
-38.59226190473494
-38.59523809521113
-38.59821428568732
-38.60119047616351
-38.6041666666397
-38.60714285711589
-38.61011904759208
-38.61309523806827
-38.61607142854446
-38.61904761902065
-38.62202380949684
-38.62499999997303
-38.62797619044922
-38.63095238092541
-38.6339285714016
-38.63690476187779
-38.63988095235398
-38.64285714283017
-38.645833333306356
-38.648809523782546
-38.651785714258736
-38.654761904734926
-38.657738095211116
-38.660714285687305
-38.663690476163495
-38.666666666639685
-38.669642857115875
-38.672619047592065
-38.675595238068254
-38.678571428544444
-38.681547619020634
-38.684523809496824
-38.687499999973014
-38.6904761904492
-38.69345238092539
-38.69642857140158
-38.69940476187777
-38.70238095235396
-38.70535714283015
-38.70833333330634
-38.71130952378253
-38.71428571425872
-38.71726190473491
-38.7202380952111
-38.72321428568729
-38.72619047616348
-38.72916666663967
-38.73214285711586
-38.73511904759205
-38.73809523806824
-38.74107142854443
-38.74404761902062
-38.74702380949681
-38.749999999973
-38.75297619044919
-38.75595238092538
-38.75892857140157
-38.76190476187776
-38.76488095235395
-38.76785714283014
-38.77083333330633
-38.77380952378252
-38.77678571425871
-38.7797619047349
-38.78273809521109
-38.78571428568728
-38.78869047616347
-38.79166666663966
-38.794642857115846
-38.797619047592036
-38.800595238068226
-38.803571428544416
-38.806547619020606
-38.809523809496795
-38.812499999972985
-38.815476190449175
-38.818452380925365
-38.821428571401555
-38.824404761877744
-38.827380952353934
-38.830357142830124
-38.833333333306314
-38.836309523782504
-38.83928571425869
-38.84226190473488
-38.84523809521107
-38.84821428568726
-38.85119047616345
-38.85416666663964
-38.85714285711583
-38.86011904759202
-38.86309523806821
-38.8660714285444
-38.86904761902059
-38.87202380949678
-38.87499999997297
-38.87797619044916
-38.88095238092535
-38.88392857140154
-38.88690476187773
-38.88988095235392
-38.89285714283011
-38.8958333333063
-38.89880952378249
-38.90178571425868
-38.90476190473487
-38.90773809521106
-38.91071428568725
-38.91369047616344
-38.91666666663963
-38.91964285711582
-38.92261904759201
-38.9255952380682
-38.92857142854439
-38.93154761902058
-38.93452380949677
-38.93749999997296
-38.94047619044915
-38.943452380925336
-38.946428571401526
-38.949404761877716
-38.952380952353906
-38.955357142830096
-38.958333333306285
-38.961309523782475
-38.964285714258665
-38.967261904734855
-38.970238095211045
-38.973214285687234
-38.976190476163424
-38.979166666639614
-38.982142857115804
-38.98511904759199
-38.98809523806818
-38.99107142854437
-38.99404761902056
-38.99702380949675
-38.99999999997294
-39.00297619044913
-39.00595238092532
-39.00892857140151
-39.0119047618777
-39.01488095235389
-39.01785714283008
-39.02083333330627
-39.02380952378246
-39.02678571425865
-39.02976190473484
-39.03273809521103
-39.03571428568722
-39.03869047616341
-39.0416666666396
-39.04464285711579
-39.04761904759198
-39.05059523806817
-39.05357142854436
-39.05654761902055
-39.05952380949674
-39.06249999997293
-39.06547619044912
-39.06845238092531
-39.0714285714015
-39.07440476187769
-39.07738095235388
-39.08035714283007
-39.08333333330626
-39.08630952378245
-39.08928571425864
-39.092261904734826
-39.095238095211016
-39.098214285687206
-39.101190476163396
-39.104166666639586
-39.107142857115775
-39.110119047591965
-39.113095238068155
-39.116071428544345
-39.119047619020535
-39.122023809496724
-39.124999999972914
-39.127976190449104
-39.130952380925294
-39.13392857140148
-39.13690476187767
-39.13988095235386
-39.14285714283005
-39.14583333330624
-39.14880952378243
-39.15178571425862
-39.15476190473481
-39.157738095211
-39.16071428568719
-39.16369047616338
-39.16666666663957
-39.16964285711576
-39.17261904759195
-39.17559523806814
-39.17857142854433
-39.18154761902052
-39.18452380949671
-39.1874999999729
-39.19047619044909
-39.19345238092528
-39.19642857140147
-39.19940476187766
-39.20238095235385
-39.20535714283004
-39.20833333330623
-39.21130952378242
-39.21428571425861
-39.2172619047348
-39.22023809521099
-39.22321428568718
-39.22619047616337
-39.22916666663956
-39.23214285711575
-39.23511904759194
-39.23809523806813
-39.241071428544316
-39.244047619020506
-39.247023809496696
-39.249999999972886
-39.252976190449075
-39.255952380925265
-39.258928571401455
-39.261904761877645
-39.264880952353835
-39.267857142830024
-39.270833333306214
-39.273809523782404
-39.276785714258594
-39.279761904734784
-39.28273809521097
-39.28571428568716
-39.28869047616335
-39.29166666663954
-39.29464285711573
-39.29761904759192
-39.30059523806811
-39.3035714285443
-39.30654761902049
-39.30952380949668
-39.31249999997287
-39.31547619044906
-39.31845238092525
-39.32142857140144
-39.32440476187763
-39.32738095235382
-39.33035714283001
-39.3333333333062
-39.33630952378239
-39.33928571425858
-39.34226190473477
-39.34523809521096
-39.34821428568715
-39.35119047616334
-39.35416666663953
-39.35714285711572
-39.36011904759191
-39.3630952380681
-39.36607142854429
-39.36904761902048
-39.37202380949667
-39.37499999997286
-39.37797619044905
-39.38095238092524
-39.38392857140143
-39.38690476187762
-39.389880952353806
-39.392857142829996
-39.395833333306186
-39.398809523782376
-39.401785714258565
-39.404761904734755
-39.407738095210945
-39.410714285687135
-39.413690476163325
-39.416666666639514
-39.419642857115704
-39.422619047591894
-39.425595238068084
-39.428571428544274
-39.43154761902046
-39.43452380949665
-39.43749999997284
-39.44047619044903
-39.44345238092522
-39.44642857140141
-39.4494047618776
-39.45238095235379
-39.45535714282998
-39.45833333330617
-39.46130952378236
-39.46428571425855
-39.46726190473474
-39.47023809521093
-39.47321428568712
-39.47619047616331
-39.4791666666395
-39.48214285711569
-39.48511904759188
-39.48809523806807
-39.49107142854426
-39.49404761902045
-39.49702380949664
-39.49999999997283
-39.50297619044902
-39.50595238092521
-39.5089285714014
-39.51190476187759
-39.51488095235378
-39.51785714282997
-39.52083333330616
-39.52380952378235
-39.52678571425854
-39.52976190473473
-39.53273809521092
-39.535714285687106
-39.538690476163296
-39.541666666639486
-39.544642857115676
-39.547619047591866
-39.550595238068055
-39.553571428544245
-39.556547619020435
-39.559523809496625
-39.562499999972815
-39.565476190449004
-39.568452380925194
-39.571428571401384
-39.574404761877574
-39.577380952353764
-39.58035714282995
-39.58333333330614
-39.58630952378233
-39.58928571425852
-39.59226190473471
-39.5952380952109
-39.59821428568709
-39.60119047616328
-39.60416666663947
-39.60714285711566
-39.61011904759185
-39.61309523806804
-39.61607142854423
-39.61904761902042
-39.62202380949661
-39.6249999999728
-39.62797619044899
-39.63095238092518
-39.63392857140137
-39.63690476187756
-39.63988095235375
-39.64285714282994
-39.64583333330613
-39.64880952378232
-39.65178571425851
-39.6547619047347
-39.65773809521089
-39.66071428568708
-39.66369047616327
-39.66666666663946
-39.66964285711565
-39.67261904759184
-39.67559523806803
-39.67857142854422
-39.68154761902041
-39.684523809496596
-39.687499999972786
-39.690476190448976
-39.693452380925166
-39.696428571401356
-39.699404761877545
-39.702380952353735
-39.705357142829925
-39.708333333306115
-39.711309523782305
-39.714285714258494
-39.717261904734684
-39.720238095210874
-39.723214285687064
-39.726190476163254
-39.72916666663944
-39.73214285711563
-39.73511904759182
-39.73809523806801
-39.7410714285442
-39.74404761902039
-39.74702380949658
-39.74999999997277
-39.75297619044896
-39.75595238092515
-39.75892857140134
-39.76190476187753
-39.76488095235372
-39.76785714282991
-39.7708333333061
-39.77380952378229
-39.77678571425848
-39.77976190473467
-39.78273809521086
-39.78571428568705
-39.78869047616324
-39.79166666663943
-39.79464285711562
-39.79761904759181
-39.800595238068
-39.80357142854419
-39.80654761902038
-39.80952380949657
-39.81249999997276
-39.81547619044895
-39.81845238092514
-39.82142857140133
-39.82440476187752
-39.82738095235371
-39.8303571428299
-39.833333333306086
-39.836309523782276
-39.839285714258466
-39.842261904734656
-39.845238095210846
-39.848214285687035
-39.851190476163225
-39.854166666639415
-39.857142857115605
-39.860119047591795
-39.863095238067984
-39.866071428544174
-39.869047619020364
-39.872023809496554
-39.874999999972744
-39.87797619044893
-39.88095238092512
-39.88392857140131
-39.8869047618775
-39.88988095235369
-39.89285714282988
-39.89583333330607
-39.89880952378226
-39.90178571425845
-39.90476190473464
-39.90773809521083
-39.91071428568702
-39.91369047616321
-39.9166666666394
-39.91964285711559
-39.92261904759178
-39.92559523806797
-39.92857142854416
-39.93154761902035
-39.93452380949654
-39.93749999997273
-39.94047619044892
-39.94345238092511
-39.9464285714013
-39.94940476187749
-39.95238095235368
-39.95535714282987
-39.95833333330606
-39.96130952378225
-39.96428571425844
-39.96726190473463
-39.97023809521082
-39.97321428568701
-39.9761904761632
-39.97916666663939
-39.982142857115576
-39.985119047591766
-39.988095238067956
-39.991071428544146
-39.994047619020336
-39.997023809496525
-39.999999999972715
-40.002976190448905
-40.005952380925095
-40.008928571401285
-40.011904761877474
-40.014880952353664
-40.017857142829854
-40.020833333306044
-40.023809523782234
-40.02678571425842
-40.02976190473461
-40.0327380952108
-40.03571428568699
-40.03869047616318
-40.04166666663937
-40.04464285711556
-40.04761904759175
-40.05059523806794
-40.05357142854413
-40.05654761902032
-40.05952380949651
-40.0624999999727
-40.06547619044889
-40.06845238092508
-40.07142857140127
-40.07440476187746
-40.07738095235365
-40.08035714282984
-40.08333333330603
-40.08630952378222
-40.08928571425841
-40.0922619047346
-40.09523809521079
-40.09821428568698
-40.10119047616317
-40.10416666663936
-40.10714285711555
-40.11011904759174
-40.11309523806793
-40.11607142854412
-40.11904761902031
-40.1220238094965
-40.12499999997269
-40.12797619044888
-40.130952380925066
-40.133928571401256
-40.136904761877446
-40.139880952353636
-40.142857142829826
-40.145833333306015
-40.148809523782205
-40.151785714258395
-40.154761904734585
-40.157738095210775
-40.160714285686964
-40.163690476163154
-40.166666666639344
-40.169642857115534
-40.17261904759172
-40.17559523806791
-40.1785714285441
-40.18154761902029
-40.18452380949648
-40.18749999997267
-40.19047619044886
-40.19345238092505
-40.19642857140124
-40.19940476187743
-40.20238095235362
-40.20535714282981
-40.208333333306
-40.21130952378219
-40.21428571425838
-40.21726190473457
-40.22023809521076
-40.22321428568695
-40.22619047616314
-40.22916666663933
-40.23214285711552
-40.23511904759171
-40.2380952380679
-40.24107142854409
-40.24404761902028
-40.24702380949647
-40.24999999997266
-40.25297619044885
-40.25595238092504
-40.25892857140123
-40.26190476187742
-40.26488095235361
-40.2678571428298
-40.27083333330599
-40.27380952378218
-40.27678571425837
-40.279761904734556
-40.282738095210746
-40.285714285686936
-40.288690476163126
-40.291666666639316
-40.294642857115505
-40.297619047591695
-40.300595238067885
-40.303571428544075
-40.306547619020265
-40.309523809496454
-40.312499999972644
-40.315476190448834
-40.318452380925024
-40.32142857140121
-40.3244047618774
-40.32738095235359
-40.33035714282978
-40.33333333330597
-40.33630952378216
-40.33928571425835
-40.34226190473454
-40.34523809521073
-40.34821428568692
-40.35119047616311
-40.3541666666393
-40.35714285711549
-40.36011904759168
-40.36309523806787
-40.36607142854406
-40.36904761902025
-40.37202380949644
-40.37499999997263
-40.37797619044882
-40.38095238092501
-40.3839285714012
-40.38690476187739
-40.38988095235358
-40.39285714282977
-40.39583333330596
-40.39880952378215
-40.40178571425834
-40.40476190473453
-40.40773809521072
-40.41071428568691
-40.4136904761631
-40.41666666663929
-40.41964285711548
-40.42261904759167
-40.42559523806786
-40.428571428544046
-40.431547619020236
-40.434523809496426
-40.437499999972616
-40.440476190448805
-40.443452380924995
-40.446428571401185
-40.449404761877375
-40.452380952353565
-40.455357142829754
-40.458333333305944
-40.461309523782134
-40.464285714258324
-40.467261904734514
-40.4702380952107
-40.47321428568689
-40.47619047616308
-40.47916666663927
-40.48214285711546
-40.48511904759165
-40.48809523806784
-40.49107142854403
-40.49404761902022
-40.49702380949641
-40.4999999999726
-40.50297619044879
-40.50595238092498
-40.50892857140117
-40.51190476187736
-40.51488095235355
-40.51785714282974
-40.52083333330593
-40.52380952378212
-40.52678571425831
-40.5297619047345
-40.53273809521069
-40.53571428568688
-40.53869047616307
-40.54166666663926
-40.54464285711545
-40.54761904759164
-40.55059523806783
-40.55357142854402
-40.55654761902021
-40.5595238094964
-40.56249999997259
-40.56547619044878
-40.56845238092497
-40.57142857140116
-40.57440476187735
-40.577380952353536
-40.580357142829726
-40.583333333305916
-40.586309523782106
-40.589285714258295
-40.592261904734485
-40.595238095210675
-40.598214285686865
-40.601190476163055
-40.604166666639244
-40.607142857115434
-40.610119047591624
-40.613095238067814
-40.616071428544004
-40.61904761902019
-40.62202380949638
-40.62499999997257
-40.62797619044876
-40.63095238092495
-40.63392857140114
-40.63690476187733
-40.63988095235352
-40.64285714282971
-40.6458333333059
-40.64880952378209
-40.65178571425828
-40.65476190473447
-40.65773809521066
-40.66071428568685
-40.66369047616304
-40.66666666663923
-40.66964285711542
-40.67261904759161
-40.6755952380678
-40.67857142854399
-40.68154761902018
-40.68452380949637
-40.68749999997256
-40.69047619044875
-40.69345238092494
-40.69642857140113
-40.69940476187732
-40.70238095235351
-40.7053571428297
-40.70833333330589
-40.71130952378208
-40.71428571425827
-40.71726190473446
-40.72023809521065
-40.723214285686836
-40.726190476163026
-40.729166666639216
-40.732142857115406
-40.735119047591596
-40.738095238067785
-40.741071428543975
-40.744047619020165
-40.747023809496355
-40.749999999972545
-40.752976190448734
-40.755952380924924
-40.758928571401114
-40.761904761877304
-40.764880952353494
-40.76785714282968
-40.77083333330587
-40.77380952378206
-40.77678571425825
-40.77976190473444
-40.78273809521063
-40.78571428568682
-40.78869047616301
-40.7916666666392
-40.79464285711539
-40.79761904759158
-40.80059523806777
-40.80357142854396
-40.80654761902015
-40.80952380949634
-40.81249999997253
-40.81547619044872
-40.81845238092491
-40.8214285714011
-40.82440476187729
-40.82738095235348
-40.83035714282967
-40.83333333330586
-40.83630952378205
-40.83928571425824
-40.84226190473443
-40.84523809521062
-40.84821428568681
-40.851190476163
-40.85416666663919
-40.85714285711538
-40.86011904759157
-40.86309523806776
-40.86607142854395
-40.86904761902014
-40.872023809496326
-40.874999999972516
-40.877976190448706
-40.880952380924896
-40.883928571401086
-40.886904761877275
-40.889880952353465
-40.892857142829655
-40.895833333305845
-40.898809523782035
-40.901785714258224
-40.904761904734414
-40.907738095210604
-40.910714285686794
-40.913690476162984
-40.91666666663917
-40.91964285711536
-40.92261904759155
-40.92559523806774
-40.92857142854393
-40.93154761902012
-40.93452380949631
-40.9374999999725
-40.94047619044869
-40.94345238092488
-40.94642857140107
-40.94940476187726
-40.95238095235345
-40.95535714282964
-40.95833333330583
-40.96130952378202
-40.96428571425821
-40.9672619047344
-40.97023809521059
-40.97321428568678
-40.97619047616297
-40.97916666663916
-40.98214285711535
-40.98511904759154
-40.98809523806773
-40.99107142854392
-40.99404761902011
-40.9970238094963
-40.99999999997249
-41.00297619044868
-41.00595238092487
-41.00892857140106
-41.01190476187725
-41.01488095235344
-41.01785714282963
-41.020833333305816
-41.023809523782006
-41.026785714258196
-41.029761904734386
-41.032738095210576
-41.035714285686765
-41.038690476162955
-41.041666666639145
-41.044642857115335
-41.047619047591525
-41.050595238067714
-41.053571428543904
-41.056547619020094
-41.059523809496284
-41.062499999972474
-41.06547619044866
-41.06845238092485
-41.07142857140104
-41.07440476187723
-41.07738095235342
-41.08035714282961
-41.0833333333058
-41.08630952378199
-41.08928571425818
-41.09226190473437
-41.09523809521056
-41.09821428568675
-41.10119047616294
-41.10416666663913
-41.10714285711532
-41.11011904759151
-41.1130952380677
-41.11607142854389
-41.11904761902008
-41.12202380949627
-41.12499999997246
-41.12797619044865
-41.13095238092484
-41.13392857140103
-41.13690476187722
-41.13988095235341
-41.1428571428296
-41.14583333330579
-41.14880952378198
-41.15178571425817
-41.15476190473436
-41.15773809521055
-41.16071428568674
-41.16369047616293
-41.16666666663912
-41.169642857115306
-41.172619047591496
-41.175595238067686
-41.178571428543876
-41.181547619020066
-41.184523809496255
-41.187499999972445
-41.190476190448635
-41.193452380924825
-41.196428571401015
-41.199404761877204
-41.202380952353394
-41.205357142829584
-41.208333333305774
-41.21130952378196
-41.21428571425815
-41.21726190473434
-41.22023809521053
-41.22321428568672
-41.22619047616291
-41.2291666666391
-41.23214285711529
-41.23511904759148
-41.23809523806767
-41.24107142854386
-41.24404761902005
-41.24702380949624
-41.24999999997243
-41.25297619044862
-41.25595238092481
-41.258928571401
-41.26190476187719
-41.26488095235338
-41.26785714282957
-41.27083333330576
-41.27380952378195
-41.27678571425814
-41.27976190473433
-41.28273809521052
-41.28571428568671
-41.2886904761629
-41.29166666663909
-41.29464285711528
-41.29761904759147
-41.30059523806766
-41.30357142854385
-41.30654761902004
-41.30952380949623
-41.31249999997242
-41.31547619044861
-41.318452380924796
-41.321428571400986
-41.324404761877176
-41.327380952353366
-41.330357142829556
-41.333333333305745
-41.336309523781935
-41.339285714258125
-41.342261904734315
-41.345238095210505
-41.348214285686694
-41.351190476162884
-41.354166666639074
-41.357142857115264
-41.36011904759145
-41.36309523806764
-41.36607142854383
-41.36904761902002
-41.37202380949621
-41.3749999999724
-41.37797619044859
-41.38095238092478
-41.38392857140097
-41.38690476187716
-41.38988095235335
-41.39285714282954
-41.39583333330573
-41.39880952378192
-41.40178571425811
-41.4047619047343
-41.40773809521049
-41.41071428568668
-41.41369047616287
-41.41666666663906
-41.41964285711525
-41.42261904759144
-41.42559523806763
-41.42857142854382
-41.43154761902001
-41.4345238094962
-41.43749999997239
-41.44047619044858
-41.44345238092477
-41.44642857140096
-41.44940476187715
-41.45238095235334
-41.45535714282953
-41.45833333330572
-41.46130952378191
-41.4642857142581
-41.467261904734286
-41.470238095210476
-41.473214285686666
-41.476190476162856
-41.479166666639046
-41.482142857115235
-41.485119047591425
-41.488095238067615
-41.491071428543805
-41.494047619019994
-41.497023809496184
-41.499999999972374
-41.502976190448564
-41.505952380924754
-41.50892857140094
-41.51190476187713
-41.51488095235332
-41.51785714282951
-41.5208333333057
-41.52380952378189
-41.52678571425808
-41.52976190473427
-41.53273809521046
-41.53571428568665
-41.53869047616284
-41.54166666663903
-41.54464285711522
-41.54761904759141
-41.5505952380676
-41.55357142854379
-41.55654761901998
-41.55952380949617
-41.56249999997236
-41.56547619044855
-41.56845238092474
-41.57142857140093
-41.57440476187712
-41.57738095235331
-41.5803571428295
-41.58333333330569
-41.58630952378188
-41.58928571425807
-41.59226190473426
-41.59523809521045
-41.59821428568664
-41.60119047616283
-41.60416666663902
-41.60714285711521
-41.6101190475914
-41.61309523806759
-41.616071428543776
-41.619047619019966
-41.622023809496156
-41.624999999972346
-41.627976190448535
-41.630952380924725
-41.633928571400915
-41.636904761877105
-41.639880952353295
-41.642857142829484
-41.645833333305674
-41.648809523781864
-41.651785714258054
-41.654761904734244
-41.65773809521043
-41.66071428568662
-41.66369047616281
-41.666666666639
-41.66964285711519
-41.67261904759138
-41.67559523806757
-41.67857142854376
-41.68154761901995
-41.68452380949614
-41.68749999997233
-41.69047619044852
-41.69345238092471
-41.6964285714009
-41.69940476187709
-41.70238095235328
-41.70535714282947
-41.70833333330566
-41.71130952378185
-41.71428571425804
-41.71726190473423
-41.72023809521042
-41.72321428568661
-41.7261904761628
-41.72916666663899
-41.73214285711518
-41.73511904759137
-41.73809523806756
-41.74107142854375
-41.74404761901994
-41.74702380949613
-41.74999999997232
-41.75297619044851
-41.7559523809247
-41.75892857140089
-41.76190476187708
-41.764880952353266
-41.767857142829456
-41.770833333305646
-41.773809523781836
-41.776785714258025
-41.779761904734215
-41.782738095210405
-41.785714285686595
-41.788690476162785
-41.791666666638974
-41.794642857115164
-41.797619047591354
-41.800595238067544
-41.803571428543734
-41.80654761901992
-41.80952380949611
-41.8124999999723
-41.81547619044849
-41.81845238092468
-41.82142857140087
-41.82440476187706
-41.82738095235325
-41.83035714282944
-41.83333333330563
-41.83630952378182
-41.83928571425801
-41.8422619047342
-41.84523809521039
-41.84821428568658
-41.85119047616277
-41.85416666663896
-41.85714285711515
-41.86011904759134
-41.86309523806753
-41.86607142854372
-41.86904761901991
-41.8720238094961
-41.87499999997229
-41.87797619044848
-41.88095238092467
-41.88392857140086
-41.88690476187705
-41.88988095235324
-41.89285714282943
-41.89583333330562
-41.89880952378181
-41.901785714258
-41.90476190473419
-41.90773809521038
-41.910714285686566
-41.913690476162756
-41.916666666638946
-41.919642857115136
-41.922619047591326
-41.925595238067515
-41.928571428543705
-41.931547619019895
-41.934523809496085
-41.937499999972275
-41.940476190448464
-41.943452380924654
-41.946428571400844
-41.949404761877034
-41.952380952353224
-41.95535714282941
-41.9583333333056
-41.96130952378179
-41.96428571425798
-41.96726190473417
-41.97023809521036
-41.97321428568655
-41.97619047616274
-41.97916666663893
-41.98214285711512
-41.98511904759131
-41.9880952380675
-41.99107142854369
-41.99404761901988
-41.99702380949607
-41.99999999997226
-42.00297619044845
-42.00595238092464
-42.00892857140083
-42.01190476187702
-42.01488095235321
-42.0178571428294
-42.02083333330559
-42.02380952378178
-42.02678571425797
-42.02976190473416
-42.03273809521035
-42.03571428568654
-42.03869047616273
-42.04166666663892
-42.04464285711511
-42.0476190475913
-42.05059523806749
-42.05357142854368
-42.05654761901987
-42.059523809496056
-42.062499999972246
-42.065476190448436
-42.068452380924626
-42.071428571400816
-42.074404761877005
-42.077380952353195
-42.080357142829385
-42.083333333305575
-42.086309523781765
-42.089285714257954
-42.092261904734144
-42.095238095210334
-42.098214285686524
-42.101190476162714
-42.1041666666389
-42.10714285711509
-42.11011904759128
-42.11309523806747
-42.11607142854366
-42.11904761901985
-42.12202380949604
-42.12499999997223
-42.12797619044842
-42.13095238092461
-42.1339285714008
-42.13690476187699
-42.13988095235318
-42.14285714282937
-42.14583333330556
-42.14880952378175
-42.15178571425794
-42.15476190473413
-42.15773809521032
-42.16071428568651
-42.1636904761627
-42.16666666663889
-42.16964285711508
-42.17261904759127
-42.17559523806746
-42.17857142854365
-42.18154761901984
-42.18452380949603
-42.18749999997222
-42.19047619044841
-42.1934523809246
-42.19642857140079
-42.19940476187698
-42.20238095235317
-42.20535714282936
-42.208333333305546
-42.211309523781736
-42.214285714257926
-42.217261904734116
-42.220238095210306
-42.223214285686495
-42.226190476162685
-42.229166666638875
-42.232142857115065
-42.235119047591255
-42.238095238067444
-42.241071428543634
-42.244047619019824
-42.247023809496014
-42.249999999972204
-42.25297619044839
-42.25595238092458
-42.25892857140077
-42.26190476187696
-42.26488095235315
-42.26785714282934
-42.27083333330553
-42.27380952378172
-42.27678571425791
-42.2797619047341
-42.28273809521029
-42.28571428568648
-42.28869047616267
-42.29166666663886
-42.29464285711505
-42.29761904759124
-42.30059523806743
-42.30357142854362
-42.30654761901981
-42.309523809496
-42.31249999997219
-42.31547619044838
-42.31845238092457
-42.32142857140076
-42.32440476187695
-42.32738095235314
-42.33035714282933
-42.33333333330552
-42.33630952378171
-42.3392857142579
-42.34226190473409
-42.34523809521028
-42.34821428568647
-42.35119047616266
-42.35416666663885
-42.357142857115036
-42.360119047591226
-42.363095238067416
-42.366071428543606
-42.369047619019796
-42.372023809495985
-42.374999999972175
-42.377976190448365
-42.380952380924555
-42.383928571400745
-42.386904761876934
-42.389880952353124
-42.392857142829314
-42.395833333305504
-42.39880952378169
-42.40178571425788
-42.40476190473407
-42.40773809521026
-42.41071428568645
-42.41369047616264
-42.41666666663883
-42.41964285711502
-42.42261904759121
-42.4255952380674
-42.42857142854359
-42.43154761901978
-42.43452380949597
-42.43749999997216
-42.44047619044835
-42.44345238092454
-42.44642857140073
-42.44940476187692
-42.45238095235311
-42.4553571428293
-42.45833333330549
-42.46130952378168
-42.46428571425787
-42.46726190473406
-42.47023809521025
-42.47321428568644
-42.47619047616263
-42.47916666663882
-42.48214285711501
-42.4851190475912
-42.48809523806739
-42.49107142854358
-42.49404761901977
-42.49702380949596
-42.49999999997215
-42.50297619044834
-42.505952380924526
-42.508928571400716
-42.511904761876906
-42.514880952353096
-42.517857142829286
-42.520833333305475
-42.523809523781665
-42.526785714257855
-42.529761904734045
-42.532738095210235
-42.535714285686424
-42.538690476162614
-42.541666666638804
-42.544642857114994
-42.54761904759118
-42.55059523806737
-42.55357142854356
-42.55654761901975
-42.55952380949594
-42.56249999997213
-42.56547619044832
-42.56845238092451
-42.5714285714007
-42.57440476187689
-42.57738095235308
-42.58035714282927
-42.58333333330546
-42.58630952378165
-42.58928571425784
-42.59226190473403
-42.59523809521022
-42.59821428568641
-42.6011904761626
-42.60416666663879
-42.60714285711498
-42.61011904759117
-42.61309523806736
-42.61607142854355
-42.61904761901974
-42.62202380949593
-42.62499999997212
-42.62797619044831
-42.6309523809245
-42.63392857140069
-42.63690476187688
-42.63988095235307
-42.64285714282926
-42.64583333330545
-42.64880952378164
-42.65178571425783
-42.654761904734016
-42.657738095210206
-42.660714285686396
-42.663690476162586
-42.666666666638775
-42.669642857114965
-42.672619047591155
-42.675595238067345
-42.678571428543535
-42.681547619019724
-42.684523809495914
-42.687499999972104
-42.690476190448294
-42.693452380924484
-42.69642857140067
-42.69940476187686
-42.70238095235305
-42.70535714282924
-42.70833333330543
-42.71130952378162
-42.71428571425781
-42.717261904734
-42.72023809521019
-42.72321428568638
-42.72619047616257
-42.72916666663876
-42.73214285711495
-42.73511904759114
-42.73809523806733
-42.74107142854352
-42.74404761901971
-42.7470238094959
-42.74999999997209
-42.75297619044828
-42.75595238092447
-42.75892857140066
-42.76190476187685
-42.76488095235304
-42.76785714282923
-42.77083333330542
-42.77380952378161
-42.7767857142578
-42.77976190473399
-42.78273809521018
-42.78571428568637
-42.78869047616256
-42.79166666663875
-42.79464285711494
-42.79761904759113
-42.80059523806732
-42.803571428543506
-42.806547619019696
-42.809523809495886
-42.812499999972076
-42.815476190448265
-42.818452380924455
-42.821428571400645
-42.824404761876835
-42.827380952353025
-42.830357142829214
-42.833333333305404
-42.836309523781594
-42.839285714257784
-42.842261904733974
-42.84523809521016
-42.84821428568635
-42.85119047616254
-42.85416666663873
-42.85714285711492
-42.86011904759111
-42.8630952380673
-42.86607142854349
-42.86904761901968
-42.87202380949587
-42.87499999997206
-42.87797619044825
-42.88095238092444
-42.88392857140063
-42.88690476187682
-42.88988095235301
-42.8928571428292
-42.89583333330539
-42.89880952378158
-42.90178571425777
-42.90476190473396
-42.90773809521015
-42.91071428568634
-42.91369047616253
-42.91666666663872
-42.91964285711491
-42.9226190475911
-42.92559523806729
-42.92857142854348
-42.93154761901967
-42.93452380949586
-42.93749999997205
-42.94047619044824
-42.94345238092443
-42.94642857140062
-42.949404761876806
-42.952380952352996
-42.955357142829186
-42.958333333305376
-42.961309523781566
-42.964285714257755
-42.967261904733945
-42.970238095210135
-42.973214285686325
-42.976190476162515
-42.979166666638704
-42.982142857114894
-42.985119047591084
-42.988095238067274
-42.991071428543464
-42.99404761901965
-42.99702380949584
-42.99999999997203
-43.00297619044822
-43.00595238092441
-43.0089285714006
-43.01190476187679
-43.01488095235298
-43.01785714282917
-43.02083333330536
-43.02380952378155
-43.02678571425774
-43.02976190473393
-43.03273809521012
-43.03571428568631
-43.0386904761625
-43.04166666663869
-43.04464285711488
-43.04761904759107
-43.05059523806726
-43.05357142854345
-43.05654761901964
-43.05952380949583
-43.06249999997202
-43.06547619044821
-43.0684523809244
-43.07142857140059
-43.07440476187678
-43.07738095235297
-43.08035714282916
-43.08333333330535
-43.08630952378154
-43.08928571425773
-43.09226190473392
-43.09523809521011
-43.098214285686296
-43.101190476162486
-43.104166666638676
-43.107142857114866
-43.110119047591056
-43.113095238067245
-43.116071428543435
-43.119047619019625
-43.122023809495815
-43.124999999972005
-43.127976190448194
-43.130952380924384
-43.133928571400574
-43.136904761876764
-43.139880952352954
-43.14285714282914
-43.14583333330533
-43.14880952378152
-43.15178571425771
-43.1547619047339
-43.15773809521009
-43.16071428568628
-43.16369047616247
-43.16666666663866
-43.16964285711485
-43.17261904759104
-43.17559523806723
-43.17857142854342
-43.18154761901961
-43.1845238094958
-43.18749999997199
-43.19047619044818
-43.19345238092437
-43.19642857140056
-43.19940476187675
-43.20238095235294
-43.20535714282913
-43.20833333330532
-43.21130952378151
-43.2142857142577
-43.21726190473389
-43.22023809521008
-43.22321428568627
-43.22619047616246
-43.22916666663865
-43.23214285711484
-43.23511904759103
-43.23809523806722
-43.24107142854341
-43.2440476190196
-43.247023809495786
-43.249999999971976
-43.252976190448166
-43.255952380924356
-43.258928571400546
-43.261904761876735
-43.264880952352925
-43.267857142829115
-43.270833333305305
-43.273809523781495
-43.276785714257684
-43.279761904733874
-43.282738095210064
-43.285714285686254
-43.288690476162444
-43.29166666663863
-43.29464285711482
-43.29761904759101
-43.3005952380672
-43.30357142854339
-43.30654761901958
-43.30952380949577
-43.31249999997196
-43.31547619044815
-43.31845238092434
-43.32142857140053
-43.32440476187672
-43.32738095235291
-43.3303571428291
-43.33333333330529
-43.33630952378148
-43.33928571425767
-43.34226190473386
-43.34523809521005
-43.34821428568624
-43.35119047616243
-43.35416666663862
-43.35714285711481
-43.360119047591
-43.36309523806719
-43.36607142854338
-43.36904761901957
-43.37202380949576
-43.37499999997195
-43.37797619044814
-43.38095238092433
-43.38392857140052
-43.38690476187671
-43.3898809523529
-43.39285714282909
-43.395833333305276
-43.398809523781466
-43.401785714257656
-43.404761904733846
-43.407738095210036
-43.410714285686225
-43.413690476162415
-43.416666666638605
-43.419642857114795
-43.422619047590985
-43.425595238067174
-43.428571428543364
-43.431547619019554
-43.434523809495744
-43.437499999971934
-43.44047619044812
-43.44345238092431
-43.4464285714005
-43.44940476187669
-43.45238095235288
-43.45535714282907
-43.45833333330526
-43.46130952378145
-43.46428571425764
-43.46726190473383
-43.47023809521002
-43.47321428568621
-43.4761904761624
-43.47916666663859
-43.48214285711478
-43.48511904759097
-43.48809523806716
-43.49107142854335
-43.49404761901954
-43.49702380949573
-43.49999999997192
-43.50297619044811
-43.5059523809243
-43.50892857140049
-43.51190476187668
-43.51488095235287
-43.51785714282906
-43.52083333330525
-43.52380952378144
-43.52678571425763
-43.52976190473382
-43.53273809521001
-43.5357142856862
-43.53869047616239
-43.54166666663858
-43.544642857114766
-43.547619047590956
-43.550595238067146
-43.553571428543336
-43.556547619019526
-43.559523809495715
-43.562499999971905
-43.565476190448095
-43.568452380924285
-43.571428571400475
-43.574404761876664
-43.577380952352854
-43.580357142829044
-43.583333333305234
-43.58630952378142
-43.58928571425761
-43.5922619047338
-43.59523809520999
-43.59821428568618
-43.60119047616237
-43.60416666663856
-43.60714285711475
-43.61011904759094
-43.61309523806713
-43.61607142854332
-43.61904761901951
-43.6220238094957
-43.62499999997189
-43.62797619044808
-43.63095238092427
-43.63392857140046
-43.63690476187665
-43.63988095235284
-43.64285714282903
-43.64583333330522
-43.64880952378141
-43.6517857142576
-43.65476190473379
-43.65773809520998
-43.66071428568617
-43.66369047616236
-43.66666666663855
-43.66964285711474
-43.67261904759093
-43.67559523806712
-43.67857142854331
-43.6815476190195
-43.68452380949569
-43.68749999997188
-43.69047619044807
-43.693452380924256
-43.696428571400446
-43.699404761876636
-43.702380952352826
-43.705357142829016
-43.708333333305205
-43.711309523781395
-43.714285714257585
-43.717261904733775
-43.720238095209965
-43.723214285686154
-43.726190476162344
-43.729166666638534
-43.732142857114724
-43.73511904759091
-43.7380952380671
-43.74107142854329
-43.74404761901948
-43.74702380949567
-43.74999999997186
-43.75297619044805
-43.75595238092424
-43.75892857140043
-43.76190476187662
-43.76488095235281
-43.767857142829
-43.77083333330519
-43.77380952378138
-43.77678571425757
-43.77976190473376
-43.78273809520995
-43.78571428568614
-43.78869047616233
-43.79166666663852
-43.79464285711471
-43.7976190475909
-43.80059523806709
-43.80357142854328
-43.80654761901947
-43.80952380949566
-43.81249999997185
-43.81547619044804
-43.81845238092423
-43.82142857140042
-43.82440476187661
-43.8273809523528
-43.83035714282899
-43.83333333330518
-43.83630952378137
-43.83928571425756
-43.842261904733746
-43.845238095209936
-43.848214285686126
-43.851190476162316
-43.854166666638505
-43.857142857114695
-43.860119047590885
-43.863095238067075
-43.866071428543265
-43.869047619019454
-43.872023809495644
-43.874999999971834
-43.877976190448024
-43.880952380924214
-43.8839285714004
-43.88690476187659
-43.88988095235278
-43.89285714282897
-43.89583333330516
-43.89880952378135
-43.90178571425754
-43.90476190473373
-43.90773809520992
-43.91071428568611
-43.9136904761623
-43.91666666663849
-43.91964285711468
-43.92261904759087
-43.92559523806706
-43.92857142854325
-43.93154761901944
-43.93452380949563
-43.93749999997182
-43.94047619044801
-43.9434523809242
-43.94642857140039
-43.94940476187658
-43.95238095235277
-43.95535714282896
-43.95833333330515
-43.96130952378134
-43.96428571425753
-43.96726190473372
-43.97023809520991
-43.9732142856861
-43.97619047616229
-43.97916666663848
-43.98214285711467
-43.98511904759086
-43.98809523806705
-43.991071428543236
-43.994047619019426
-43.997023809495616
-43.999999999971806
-44.002976190447995
-44.005952380924185
-44.008928571400375
-44.011904761876565
-44.014880952352755
-44.017857142828944
-44.020833333305134
-44.023809523781324
-44.026785714257514
-44.029761904733704
-44.03273809520989
-44.03571428568608
-44.03869047616227
-44.04166666663846
-44.04464285711465
-44.04761904759084
-44.05059523806703
-44.05357142854322
-44.05654761901941
-44.0595238094956
-44.06249999997179
-44.06547619044798
-44.06845238092417
-44.07142857140036
-44.07440476187655
-44.07738095235274
-44.08035714282893
-44.08333333330512
-44.08630952378131
-44.0892857142575
-44.09226190473369
-44.09523809520988
-44.09821428568607
-44.10119047616226
-44.10416666663845
-44.10714285711464
-44.11011904759083
-44.11309523806702
-44.11607142854321
-44.1190476190194
-44.12202380949559
-44.12499999997178
-44.12797619044797
-44.13095238092416
-44.13392857140035
-44.136904761876536
-44.139880952352726
-44.142857142828916
-44.145833333305106
-44.148809523781296
-44.151785714257485
-44.154761904733675
-44.157738095209865
-44.160714285686055
-44.163690476162245
-44.166666666638434
-44.169642857114624
-44.172619047590814
-44.175595238067004
-44.178571428543194
-44.18154761901938
-44.18452380949557
-44.18749999997176
-44.19047619044795
-44.19345238092414
-44.19642857140033
-44.19940476187652
-44.20238095235271
-44.2053571428289
-44.20833333330509
-44.21130952378128
-44.21428571425747
-44.21726190473366
-44.22023809520985
-44.22321428568604
-44.22619047616223
-44.22916666663842
-44.23214285711461
-44.2351190475908
-44.23809523806699
-44.24107142854318
-44.24404761901937
-44.24702380949556
-44.24999999997175
-44.25297619044794
-44.25595238092413
-44.25892857140032
-44.26190476187651
-44.2648809523527
-44.26785714282889
-44.27083333330508
-44.27380952378127
-44.27678571425746
-44.27976190473365
-44.28273809520984
-44.285714285686026
-44.288690476162216
-44.291666666638406
-44.294642857114596
-44.297619047590786
-44.300595238066975
-44.303571428543165
-44.306547619019355
-44.309523809495545
-44.312499999971735
-44.315476190447924
-44.318452380924114
-44.321428571400304
-44.324404761876494
-44.327380952352684
-44.33035714282887
-44.33333333330506
-44.33630952378125
-44.33928571425744
-44.34226190473363
-44.34523809520982
-44.34821428568601
-44.3511904761622
-44.35416666663839
-44.35714285711458
-44.36011904759077
-44.36309523806696
-44.36607142854315
-44.36904761901934
-44.37202380949553
-44.37499999997172
-44.37797619044791
-44.3809523809241
-44.38392857140029
-44.38690476187648
-44.38988095235267
-44.39285714282886
-44.39583333330505
-44.39880952378124
-44.40178571425743
-44.40476190473362
-44.40773809520981
-44.410714285686
-44.41369047616219
-44.41666666663838
-44.41964285711457
-44.42261904759076
-44.42559523806695
-44.42857142854314
-44.43154761901933
-44.434523809495516
-44.437499999971706
-44.440476190447896
-44.443452380924086
-44.446428571400276
-44.449404761876465
-44.452380952352655
-44.455357142828845
-44.458333333305035
-44.461309523781225
-44.464285714257414
-44.467261904733604
-44.470238095209794
-44.473214285685984
-44.476190476162174
-44.47916666663836
-44.48214285711455
-44.48511904759074
-44.48809523806693
-44.49107142854312
-44.49404761901931
-44.4970238094955
-44.49999999997169
-44.50297619044788
-44.50595238092407
-44.50892857140026
-44.51190476187645
-44.51488095235264
-44.51785714282883
-44.52083333330502
-44.52380952378121
-44.5267857142574
-44.52976190473359
-44.53273809520978
-44.53571428568597
-44.53869047616216
-44.54166666663835
-44.54464285711454
-44.54761904759073
-44.55059523806692
-44.55357142854311
-44.5565476190193
-44.55952380949549
-44.56249999997168
-44.56547619044787
-44.56845238092406
-44.57142857140025
-44.57440476187644
-44.57738095235263
-44.58035714282882
-44.583333333305006
-44.586309523781196
-44.589285714257386
-44.592261904733576
-44.595238095209766
-44.598214285685955
-44.601190476162145
-44.604166666638335
-44.607142857114525
-44.610119047590715
-44.613095238066904
-44.616071428543094
-44.619047619019284
-44.622023809495474
-44.624999999971664
-44.62797619044785
-44.63095238092404
-44.63392857140023
-44.63690476187642
-44.63988095235261
-44.6428571428288
-44.64583333330499
-44.64880952378118
-44.65178571425737
-44.65476190473356
-44.65773809520975
-44.66071428568594
-44.66369047616213
-44.66666666663832
-44.66964285711451
-44.6726190475907
-44.67559523806689
-44.67857142854308
-44.68154761901927
-44.68452380949546
-44.68749999997165
-44.69047619044784
-44.69345238092403
-44.69642857140022
-44.69940476187641
-44.7023809523526
-44.70535714282879
-44.70833333330498
-44.71130952378117
-44.71428571425736
-44.71726190473355
-44.72023809520974
-44.72321428568593
-44.72619047616212
-44.72916666663831
-44.732142857114496
-44.735119047590686
-44.738095238066876
-44.741071428543066
-44.744047619019256
-44.747023809495445
-44.749999999971635
-44.752976190447825
-44.755952380924015
-44.758928571400205
-44.761904761876394
-44.764880952352584
-44.767857142828774
-44.770833333304964
-44.77380952378115
-44.77678571425734
-44.77976190473353
-44.78273809520972
-44.78571428568591
-44.7886904761621
-44.79166666663829
-44.79464285711448
-44.79761904759067
-44.80059523806686
-44.80357142854305
-44.80654761901924
-44.80952380949543
-44.81249999997162
-44.81547619044781
-44.818452380924
-44.82142857140019
-44.82440476187638
-44.82738095235257
-44.83035714282876
-44.83333333330495
-44.83630952378114
-44.83928571425733
-44.84226190473352
-44.84523809520971
-44.8482142856859
-44.85119047616209
-44.85416666663828
-44.85714285711447
-44.86011904759066
-44.86309523806685
-44.86607142854304
-44.86904761901923
-44.87202380949542
-44.87499999997161
-44.8779761904478
-44.880952380923986
-44.883928571400176
-44.886904761876366
-44.889880952352556
-44.892857142828746
-44.895833333304935
-44.898809523781125
-44.901785714257315
-44.904761904733505
-44.907738095209695
-44.910714285685884
-44.913690476162074
-44.916666666638264
-44.919642857114454
-44.92261904759064
-44.92559523806683
-44.92857142854302
-44.93154761901921
-44.9345238094954
-44.93749999997159
-44.94047619044778
-44.94345238092397
-44.94642857140016
-44.94940476187635
-44.95238095235254
-44.95535714282873
-44.95833333330492
-44.96130952378111
-44.9642857142573
-44.96726190473349
-44.97023809520968
-44.97321428568587
-44.97619047616206
-44.97916666663825
-44.98214285711444
-44.98511904759063
-44.98809523806682
-44.99107142854301
-44.9940476190192
-44.99702380949539
-44.99999999997158
-45.00297619044777
-45.00595238092396
-45.00892857140015
-45.01190476187634
-45.01488095235253
-45.01785714282872
-45.02083333330491
-45.0238095237811
-45.02678571425729
-45.029761904733476
-45.032738095209666
-45.035714285685856
-45.038690476162046
-45.041666666638235
-45.044642857114425
-45.047619047590615
-45.050595238066805
-45.053571428542995
-45.056547619019184
-45.059523809495374
-45.062499999971564
-45.065476190447754
-45.068452380923944
-45.07142857140013
-45.07440476187632
-45.07738095235251
-45.0803571428287
-45.08333333330489
-45.08630952378108
-45.08928571425727
-45.09226190473346
-45.09523809520965
-45.09821428568584
-45.10119047616203
-45.10416666663822
-45.10714285711441
-45.1101190475906
-45.11309523806679
-45.11607142854298
-45.11904761901917
-45.12202380949536
-45.12499999997155
-45.12797619044774
-45.13095238092393
-45.13392857140012
-45.13690476187631
-45.1398809523525
-45.14285714282869
-45.14583333330488
-45.14880952378107
-45.15178571425726
-45.15476190473345
-45.15773809520964
-45.16071428568583
-45.16369047616202
-45.16666666663821
-45.1696428571144
-45.17261904759059
-45.17559523806678
-45.178571428542966
-45.181547619019156
-45.184523809495346
-45.187499999971536
-45.190476190447725
-45.193452380923915
-45.196428571400105
-45.199404761876295
-45.202380952352485
-45.205357142828674
-45.208333333304864
-45.211309523781054
-45.214285714257244
-45.217261904733434
-45.22023809520962
-45.22321428568581
-45.226190476162
-45.22916666663819
-45.23214285711438
-45.23511904759057
-45.23809523806676
-45.24107142854295
-45.24404761901914
-45.24702380949533
-45.24999999997152
-45.25297619044771
-45.2559523809239
-45.25892857140009
-45.26190476187628
-45.26488095235247
-45.26785714282866
-45.27083333330485
-45.27380952378104
-45.27678571425723
-45.27976190473342
-45.28273809520961
-45.2857142856858
-45.28869047616199
-45.29166666663818
-45.29464285711437
-45.29761904759056
-45.30059523806675
-45.30357142854294
-45.30654761901913
-45.30952380949532
-45.31249999997151
-45.3154761904477
-45.31845238092389
-45.32142857140008
-45.324404761876266
-45.327380952352456
-45.330357142828646
-45.333333333304836
-45.336309523781026
-45.339285714257215
-45.342261904733405
-45.345238095209595
-45.348214285685785
-45.351190476161975
-45.354166666638164
-45.357142857114354
-45.360119047590544
-45.363095238066734
-45.366071428542924
-45.36904761901911
-45.3720238094953
-45.37499999997149
-45.37797619044768
-45.38095238092387
-45.38392857140006
-45.38690476187625
-45.38988095235244
-45.39285714282863
-45.39583333330482
-45.39880952378101
-45.4017857142572
-45.40476190473339
-45.40773809520958
-45.41071428568577
-45.41369047616196
-45.41666666663815
-45.41964285711434
-45.42261904759053
-45.42559523806672
-45.42857142854291
-45.4315476190191
-45.43452380949529
-45.43749999997148
-45.44047619044767
-45.44345238092386
-45.44642857140005
-45.44940476187624
-45.45238095235243
-45.45535714282862
-45.45833333330481
-45.461309523781
-45.46428571425719
-45.46726190473338
-45.47023809520957
-45.473214285685756
-45.476190476161946
-45.479166666638136
-45.482142857114326
-45.485119047590516
-45.488095238066705
-45.491071428542895
-45.494047619019085
-45.497023809495275
-45.499999999971465
-45.502976190447654
-45.505952380923844
-45.508928571400034
-45.511904761876224
-45.514880952352414
-45.5178571428286
-45.52083333330479
-45.52380952378098
-45.52678571425717
-45.52976190473336
-45.53273809520955
-45.53571428568574
-45.53869047616193
-45.54166666663812
-45.54464285711431
-45.5476190475905
-45.55059523806669
-45.55357142854288
-45.55654761901907
-45.55952380949526
-45.56249999997145
-45.56547619044764
-45.56845238092383
-45.57142857140002
-45.57440476187621
-45.5773809523524
-45.58035714282859
-45.58333333330478
-45.58630952378097
-45.58928571425716
-45.59226190473335
-45.59523809520954
-45.59821428568573
-45.60119047616192
-45.60416666663811
-45.6071428571143
-45.61011904759049
-45.61309523806668
-45.61607142854287
-45.61904761901906
-45.622023809495246
-45.624999999971436
-45.627976190447626
-45.630952380923816
-45.633928571400006
-45.636904761876195
-45.639880952352385
-45.642857142828575
-45.645833333304765
-45.648809523780955
-45.651785714257144
-45.654761904733334
-45.657738095209524
-45.660714285685714
-45.663690476161904
-45.66666666663809
-45.66964285711428
-45.67261904759047
-45.67559523806666
-45.67857142854285
-45.68154761901904
-45.68452380949523
-45.68749999997142
-45.69047619044761
-45.6934523809238
-45.69642857139999
-45.69940476187618
-45.70238095235237
-45.70535714282856
-45.70833333330475
-45.71130952378094
-45.71428571425713
-45.71726190473332
-45.72023809520951
-45.7232142856857
-45.72619047616189
-45.72916666663808
-45.73214285711427
-45.73511904759046
-45.73809523806665
-45.74107142854284
-45.74404761901903
-45.74702380949522
-45.74999999997141
-45.7529761904476
-45.75595238092379
-45.75892857139998
-45.76190476187617
-45.76488095235236
-45.76785714282855
-45.770833333304736
-45.773809523780926
-45.776785714257116
-45.779761904733306
-45.782738095209496
-45.785714285685685
-45.788690476161875
-45.791666666638065
-45.794642857114255
-45.797619047590445
-45.800595238066634
-45.803571428542824
-45.806547619019014
-45.809523809495204
-45.81249999997139
-45.81547619044758
-45.81845238092377
-45.82142857139996
-45.82440476187615
-45.82738095235234
-45.83035714282853
-45.83333333330472
-45.83630952378091
-45.8392857142571
-45.84226190473329
-45.84523809520948
-45.84821428568567
-45.85119047616186
-45.85416666663805
-45.85714285711424
-45.86011904759043
-45.86309523806662
-45.86607142854281
-45.869047619019
-45.87202380949519
-45.87499999997138
-45.87797619044757
-45.88095238092376
-45.88392857139995
-45.88690476187614
-45.88988095235233
-45.89285714282852
-45.89583333330471
-45.8988095237809
-45.90178571425709
-45.90476190473328
-45.90773809520947
-45.91071428568566
-45.91369047616185
-45.91666666663804
-45.919642857114226
-45.922619047590416
-45.925595238066606
-45.928571428542796
-45.931547619018986
-45.934523809495175
-45.937499999971365
-45.940476190447555
-45.943452380923745
-45.946428571399935
-45.949404761876124
-45.952380952352314
-45.955357142828504
-45.958333333304694
-45.96130952378088
-45.96428571425707
-45.96726190473326
-45.97023809520945
-45.97321428568564
-45.97619047616183
-45.97916666663802
-45.98214285711421
-45.9851190475904
-45.98809523806659
-45.99107142854278
-45.99404761901897
-45.99702380949516
-45.99999999997135
-46.00297619044754
-46.00595238092373
-46.00892857139992
-46.01190476187611
-46.0148809523523
-46.01785714282849
-46.02083333330468
-46.02380952378087
-46.02678571425706
-46.02976190473325
-46.03273809520944
-46.03571428568563
-46.03869047616182
-46.04166666663801
-46.0446428571142
-46.04761904759039
-46.05059523806658
-46.05357142854277
-46.05654761901896
-46.05952380949515
-46.06249999997134
-46.06547619044753
-46.068452380923716
-46.071428571399906
-46.074404761876096
-46.077380952352286
-46.080357142828476
-46.083333333304665
-46.086309523780855
-46.089285714257045
-46.092261904733235
-46.095238095209425
-46.098214285685614
-46.101190476161804
-46.104166666637994
-46.107142857114184
-46.11011904759037
-46.11309523806656
-46.11607142854275
-46.11904761901894
-46.12202380949513
-46.12499999997132
-46.12797619044751
-46.1309523809237
-46.13392857139989
-46.13690476187608
-46.13988095235227
-46.14285714282846
-46.14583333330465
-46.14880952378084
-46.15178571425703
-46.15476190473322
-46.15773809520941
-46.1607142856856
-46.16369047616179
-46.16666666663798
-46.16964285711417
-46.17261904759036
-46.17559523806655
-46.17857142854274
-46.18154761901893
-46.18452380949512
-46.18749999997131
-46.1904761904475
-46.19345238092369
-46.19642857139988
-46.19940476187607
-46.20238095235226
-46.20535714282845
-46.20833333330464
-46.21130952378083
-46.21428571425702
-46.217261904733206
-46.220238095209396
-46.223214285685586
-46.226190476161776
-46.229166666637965
-46.232142857114155
-46.235119047590345
-46.238095238066535
-46.241071428542725
-46.244047619018914
-46.247023809495104
-46.249999999971294
-46.252976190447484
-46.255952380923674
-46.25892857139986
-46.26190476187605
-46.26488095235224
-46.26785714282843
-46.27083333330462
-46.27380952378081
-46.276785714257
-46.27976190473319
-46.28273809520938
-46.28571428568557
-46.28869047616176
-46.29166666663795
-46.29464285711414
-46.29761904759033
-46.30059523806652
-46.30357142854271
-46.3065476190189
-46.30952380949509
-46.31249999997128
-46.31547619044747
-46.31845238092366
-46.32142857139985
-46.32440476187604
-46.32738095235223
-46.33035714282842
-46.33333333330461
-46.3363095237808
-46.33928571425699
-46.34226190473318
-46.34523809520937
-46.34821428568556
-46.35119047616175
-46.35416666663794
-46.35714285711413
-46.36011904759032
-46.36309523806651
-46.366071428542696
-46.369047619018886
-46.372023809495076
-46.374999999971266
-46.377976190447455
-46.380952380923645
-46.383928571399835
-46.386904761876025
-46.389880952352215
-46.392857142828404
-46.395833333304594
-46.398809523780784
-46.401785714256974
-46.404761904733164
-46.40773809520935
-46.41071428568554
-46.41369047616173
-46.41666666663792
-46.41964285711411
-46.4226190475903
-46.42559523806649
-46.42857142854268
-46.43154761901887
-46.43452380949506
-46.43749999997125
-46.44047619044744
-46.44345238092363
-46.44642857139982
-46.44940476187601
-46.4523809523522
-46.45535714282839
-46.45833333330458
-46.46130952378077
-46.46428571425696
-46.46726190473315
-46.47023809520934
-46.47321428568553
-46.47619047616172
-46.47916666663791
-46.4821428571141
-46.48511904759029
-46.48809523806648
-46.49107142854267
-46.49404761901886
-46.49702380949505
-46.49999999997124
-46.50297619044743
-46.50595238092362
-46.50892857139981
-46.511904761875996
-46.514880952352186
-46.517857142828376
-46.520833333304566
-46.523809523780756
-46.526785714256945
-46.529761904733135
-46.532738095209325
-46.535714285685515
-46.538690476161705
-46.541666666637894
-46.544642857114084
-46.547619047590274
-46.550595238066464
-46.553571428542654
-46.55654761901884
-46.55952380949503
-46.56249999997122
-46.56547619044741
-46.5684523809236
-46.57142857139979
-46.57440476187598
-46.57738095235217
-46.58035714282836
-46.58333333330455
-46.58630952378074
-46.58928571425693
-46.59226190473312
-46.59523809520931
-46.5982142856855
-46.60119047616169
-46.60416666663788
-46.60714285711407
-46.61011904759026
-46.61309523806645
-46.61607142854264
-46.61904761901883
-46.62202380949502
-46.62499999997121
-46.6279761904474
-46.63095238092359
-46.63392857139978
-46.63690476187597
-46.63988095235216
-46.64285714282835
-46.64583333330454
-46.64880952378073
-46.65178571425692
-46.65476190473311
-46.6577380952093
-46.660714285685486
-46.663690476161676
-46.666666666637866
-46.669642857114056
-46.672619047590246
-46.675595238066435
-46.678571428542625
-46.681547619018815
-46.684523809495005
-46.687499999971195
-46.690476190447384
-46.693452380923574
-46.696428571399764
-46.699404761875954
-46.702380952352144
-46.70535714282833
-46.70833333330452
-46.71130952378071
-46.7142857142569
-46.71726190473309
-46.72023809520928
-46.72321428568547
-46.72619047616166
-46.72916666663785
-46.73214285711404
-46.73511904759023
-46.73809523806642
-46.74107142854261
-46.7440476190188
-46.74702380949499
-46.74999999997118
-46.75297619044737
-46.75595238092356
-46.75892857139975
-46.76190476187594
-46.76488095235213
-46.76785714282832
-46.77083333330451
-46.7738095237807
-46.77678571425689
-46.77976190473308
-46.78273809520927
-46.78571428568546
-46.78869047616165
-46.79166666663784
-46.79464285711403
-46.79761904759022
-46.80059523806641
-46.8035714285426
-46.80654761901879
-46.809523809494976
-46.812499999971166
-46.815476190447356
-46.818452380923546
-46.821428571399736
-46.824404761875925
-46.827380952352115
-46.830357142828305
-46.833333333304495
-46.836309523780685
-46.839285714256874
-46.842261904733064
-46.845238095209254
-46.848214285685444
-46.851190476161634
-46.85416666663782
-46.85714285711401
-46.8601190475902
-46.86309523806639
-46.86607142854258
-46.86904761901877
-46.87202380949496
-46.87499999997115
-46.87797619044734
-46.88095238092353
-46.88392857139972
-46.88690476187591
-46.8898809523521
-46.89285714282829
-46.89583333330448
-46.89880952378067
-46.90178571425686
-46.90476190473305
-46.90773809520924
-46.91071428568543
-46.91369047616162
-46.91666666663781
-46.919642857114
-46.92261904759019
-46.92559523806638
-46.92857142854257
-46.93154761901876
-46.93452380949495
-46.93749999997114
-46.94047619044733
-46.94345238092352
-46.94642857139971
-46.9494047618759
-46.95238095235209
-46.95535714282828
-46.958333333304466
-46.961309523780656
-46.964285714256846
-46.967261904733036
-46.970238095209226
-46.973214285685415
-46.976190476161605
-46.979166666637795
-46.982142857113985
-46.985119047590175
-46.988095238066364
-46.991071428542554
-46.994047619018744
-46.997023809494934
-46.99999999997112
-47.00297619044731
-47.0059523809235
-47.00892857139969
-47.01190476187588
-47.01488095235207
-47.01785714282826
-47.02083333330445
-47.02380952378064
-47.02678571425683
-47.02976190473302
-47.03273809520921
-47.0357142856854
-47.03869047616159
-47.04166666663778
-47.04464285711397
-47.04761904759016
-47.05059523806635
-47.05357142854254
-47.05654761901873
-47.05952380949492
-47.06249999997111
-47.0654761904473
-47.06845238092349
-47.07142857139968
-47.07440476187587
-47.07738095235206
-47.08035714282825
-47.08333333330444
-47.08630952378063
-47.08928571425682
-47.09226190473301
-47.0952380952092
-47.09821428568539
-47.10119047616158
-47.10416666663777
-47.107142857113956
-47.110119047590146
-47.113095238066336
-47.116071428542526
-47.119047619018716
-47.122023809494905
-47.124999999971095
-47.127976190447285
-47.130952380923475
-47.133928571399665
-47.136904761875854
-47.139880952352044
-47.142857142828234
-47.145833333304424
-47.14880952378061
-47.1517857142568
-47.15476190473299
-47.15773809520918
-47.16071428568537
-47.16369047616156
-47.16666666663775
-47.16964285711394
-47.17261904759013
-47.17559523806632
-47.17857142854251
-47.1815476190187
-47.18452380949489
-47.18749999997108
-47.19047619044727
-47.19345238092346
-47.19642857139965
-47.19940476187584
-47.20238095235203
-47.20535714282822
-47.20833333330441
-47.2113095237806
-47.21428571425679
-47.21726190473298
-47.22023809520917
-47.22321428568536
-47.22619047616155
-47.22916666663774
-47.23214285711393
-47.23511904759012
-47.23809523806631
-47.2410714285425
-47.24404761901869
-47.24702380949488
-47.24999999997107
-47.25297619044726
-47.255952380923446
-47.258928571399636
-47.261904761875826
-47.264880952352016
-47.267857142828205
-47.270833333304395
-47.273809523780585
-47.276785714256775
-47.279761904732965
-47.282738095209154
-47.285714285685344
-47.288690476161534
-47.291666666637724
-47.294642857113914
-47.2976190475901
-47.30059523806629
-47.30357142854248
-47.30654761901867
-47.30952380949486
-47.31249999997105
-47.31547619044724
-47.31845238092343
-47.32142857139962
-47.32440476187581
-47.327380952352
-47.33035714282819
-47.33333333330438
-47.33630952378057
-47.33928571425676
-47.34226190473295
-47.34523809520914
-47.34821428568533
-47.35119047616152
-47.35416666663771
-47.3571428571139
-47.36011904759009
-47.36309523806628
-47.36607142854247
-47.36904761901866
-47.37202380949485
-47.37499999997104
-47.37797619044723
-47.38095238092342
-47.38392857139961
-47.3869047618758
-47.38988095235199
-47.39285714282818
-47.39583333330437
-47.39880952378056
-47.40178571425675
-47.404761904732936
-47.407738095209126
-47.410714285685316
-47.413690476161506
-47.416666666637695
-47.419642857113885
-47.422619047590075
-47.425595238066265
-47.428571428542455
-47.431547619018644
-47.434523809494834
-47.437499999971024
-47.440476190447214
-47.443452380923404
-47.44642857139959
-47.44940476187578
-47.45238095235197
-47.45535714282816
-47.45833333330435
-47.46130952378054
-47.46428571425673
-47.46726190473292
-47.47023809520911
-47.4732142856853
-47.47619047616149
-47.47916666663768
-47.48214285711387
-47.48511904759006
-47.48809523806625
-47.49107142854244
-47.49404761901863
-47.49702380949482
-47.49999999997101
-47.5029761904472
-47.50595238092339
-47.50892857139958
-47.51190476187577
-47.51488095235196
-47.51785714282815
-47.52083333330434
-47.52380952378053
-47.52678571425672
-47.52976190473291
-47.5327380952091
-47.53571428568529
-47.53869047616148
-47.54166666663767
-47.54464285711386
-47.54761904759005
-47.55059523806624
-47.553571428542426
-47.556547619018616
-47.559523809494806
-47.562499999970996
-47.565476190447185
-47.568452380923375
-47.571428571399565
-47.574404761875755
-47.577380952351945
-47.580357142828134
-47.583333333304324
-47.586309523780514
-47.589285714256704
-47.592261904732894
-47.59523809520908
-47.59821428568527
-47.60119047616146
-47.60416666663765
-47.60714285711384
-47.61011904759003
-47.61309523806622
-47.61607142854241
-47.6190476190186
-47.62202380949479
-47.62499999997098
-47.62797619044717
-47.63095238092336
-47.63392857139955
-47.63690476187574
-47.63988095235193
-47.64285714282812
-47.64583333330431
-47.6488095237805
-47.65178571425669
-47.65476190473288
-47.65773809520907
-47.66071428568526
-47.66369047616145
-47.66666666663764
-47.66964285711383
-47.67261904759002
-47.67559523806621
-47.6785714285424
-47.68154761901859
-47.68452380949478
-47.68749999997097
-47.69047619044716
-47.69345238092335
-47.69642857139954
-47.699404761875726
-47.702380952351916
-47.705357142828106
-47.708333333304296
-47.711309523780486
-47.714285714256675
-47.717261904732865
-47.720238095209055
-47.723214285685245
-47.726190476161435
-47.729166666637624
-47.732142857113814
-47.735119047590004
-47.738095238066194
-47.741071428542384
-47.74404761901857
-47.74702380949476
-47.74999999997095
-47.75297619044714
-47.75595238092333
-47.75892857139952
-47.76190476187571
-47.7648809523519
-47.76785714282809
-47.77083333330428
-47.77380952378047
-47.77678571425666
-47.77976190473285
-47.78273809520904
-47.78571428568523
-47.78869047616142
-47.79166666663761
-47.7946428571138
-47.79761904758999
-47.80059523806618
-47.80357142854237
-47.80654761901856
-47.80952380949475
-47.81249999997094
-47.81547619044713
-47.81845238092332
-47.82142857139951
-47.8244047618757
-47.82738095235189
-47.83035714282808
-47.83333333330427
-47.83630952378046
-47.83928571425665
-47.84226190473284
-47.84523809520903
-47.848214285685216
-47.851190476161406
-47.854166666637596
-47.857142857113786
-47.860119047589976
-47.863095238066165
-47.866071428542355
-47.869047619018545
-47.872023809494735
-47.874999999970925
-47.877976190447114
-47.880952380923304
-47.883928571399494
-47.886904761875684
-47.889880952351874
-47.89285714282806
-47.89583333330425
-47.89880952378044
-47.90178571425663
-47.90476190473282
-47.90773809520901
-47.9107142856852
-47.91369047616139
-47.91666666663758
-47.91964285711377
-47.92261904758996
-47.92559523806615
-47.92857142854234
-47.93154761901853
-47.93452380949472
-47.93749999997091
-47.9404761904471
-47.94345238092329
-47.94642857139948
-47.94940476187567
-47.95238095235186
-47.95535714282805
-47.95833333330424
-47.96130952378043
-47.96428571425662
-47.96726190473281
-47.970238095209
-47.97321428568519
-47.97619047616138
-47.97916666663757
-47.98214285711376
-47.98511904758995
-47.98809523806614
-47.99107142854233
-47.99404761901852
-47.997023809494706
-47.999999999970896
-48.0029761904471
-48.005952380923276
-48.00892857139945
-48.011904761875655
-48.01488095235186
-48.017857142828035
-48.02083333330421
-48.023809523780415
-48.02678571425662
-48.029761904732794
-48.03273809520897
-48.035714285685174
-48.03869047616138
-48.04166666663755
-48.04464285711373
-48.04761904758993
-48.05059523806614
-48.05357142854231
-48.05654761901849
-48.05952380949469
-48.062499999970896
-48.06547619044707
-48.06845238092325
-48.07142857139945
-48.074404761875655
-48.07738095235183
-48.08035714282801
-48.08333333330421
-48.086309523780415
-48.08928571425659
-48.092261904732766
-48.09523809520897
-48.098214285685174
-48.10119047616135
-48.104166666637525
-48.10714285711373
-48.11011904758993
-48.11309523806611
-48.116071428542284
-48.11904761901849
-48.12202380949469
-48.12499999997087
-48.12797619044704
-48.13095238092325
-48.13392857139945
-48.13690476187563
-48.1398809523518
-48.14285714282801
-48.14583333330421
-48.148809523780386
-48.15178571425656
-48.154761904732766
-48.15773809520897
-48.160714285685145
-48.16369047616132
-48.166666666637525
-48.16964285711373
-48.172619047589905
-48.17559523806608
-48.178571428542284
-48.18154761901849
-48.184523809494664
-48.18749999997084
-48.19047619044704
-48.19345238092325
-48.19642857139942
-48.1994047618756
-48.2023809523518
-48.20535714282801
-48.20833333330418
-48.21130952378036
-48.21428571425656
-48.217261904732766
-48.22023809520894
-48.22321428568512
-48.22619047616132
-48.229166666637525
-48.2321428571137
-48.235119047589876
-48.23809523806608
-48.241071428542284
-48.24404761901846
-48.247023809494635
-48.24999999997084
-48.25297619044704
-48.25595238092322
-48.258928571399395
-48.2619047618756
-48.2648809523518
-48.26785714282798
-48.270833333304154
-48.27380952378036
-48.27678571425656
-48.27976190473274
-48.28273809520891
-48.28571428568512
-48.28869047616132
-48.2916666666375
-48.29464285711367
-48.297619047589876
-48.30059523806608
-48.303571428542256
-48.30654761901843
-48.309523809494635
-48.31249999997084
-48.315476190447015
-48.31845238092319
-48.321428571399395
-48.3244047618756
-48.327380952351774
-48.33035714282795
-48.333333333304154
-48.33630952378036
-48.33928571425653
-48.34226190473271
-48.34523809520891
-48.34821428568512
-48.35119047616129
-48.35416666663747
-48.35714285711367
-48.360119047589876
-48.36309523806605
-48.36607142854223
-48.36904761901843
-48.372023809494635
-48.37499999997081
-48.37797619044699
-48.38095238092319
-48.383928571399395
-48.38690476187557
-48.389880952351746
-48.39285714282795
-48.395833333304154
-48.39880952378033
-48.401785714256505
-48.40476190473271
-48.40773809520891
-48.41071428568509
-48.413690476161264
-48.41666666663747
-48.41964285711367
-48.42261904758985
-48.42559523806602
-48.42857142854223
-48.43154761901843
-48.43452380949461
-48.43749999997078
-48.44047619044699
-48.44345238092319
-48.446428571399366
-48.44940476187554
-48.452380952351746
-48.45535714282795
-48.458333333304125
-48.4613095237803
-48.464285714256505
-48.46726190473271
-48.470238095208884
-48.47321428568506
-48.476190476161264
-48.47916666663747
-48.482142857113644
-48.48511904758982
-48.48809523806602
-48.49107142854223
-48.4940476190184
-48.49702380949458
-48.49999999997078
-48.50297619044699
-48.50595238092316
-48.50892857139934
-48.51190476187554
-48.514880952351746
-48.51785714282792
-48.5208333333041
-48.5238095237803
-48.526785714256505
-48.52976190473268
-48.532738095208856
-48.53571428568506
-48.538690476161264
-48.54166666663744
-48.544642857113615
-48.54761904758982
-48.55059523806602
-48.5535714285422
-48.556547619018374
-48.55952380949458
-48.56249999997078
-48.56547619044696
-48.568452380923134
-48.57142857139934
-48.57440476187554
-48.57738095235172
-48.58035714282789
-48.5833333333041
-48.5863095237803
-48.58928571425648
-48.59226190473265
-48.595238095208856
-48.59821428568506
-48.601190476161236
-48.60416666663741
-48.607142857113615
-48.61011904758982
-48.613095238065995
-48.61607142854217
-48.619047619018374
-48.62202380949458
-48.624999999970754
-48.62797619044693
-48.630952380923134
-48.63392857139934
-48.63690476187551
-48.63988095235169
-48.64285714282789
-48.6458333333041
-48.64880952378027
-48.65178571425645
-48.65476190473265
-48.657738095208856
-48.66071428568503
-48.66369047616121
-48.66666666663741
-48.669642857113615
-48.67261904758979
-48.675595238065966
-48.67857142854217
-48.681547619018374
-48.68452380949455
-48.687499999970726
-48.69047619044693
-48.693452380923134
-48.69642857139931
-48.699404761875485
-48.70238095235169
-48.70535714282789
-48.70833333330407
-48.711309523780244
-48.71428571425645
-48.71726190473265
-48.72023809520883
-48.723214285685
-48.72619047616121
-48.72916666663741
-48.73214285711359
-48.73511904758976
-48.738095238065966
-48.74107142854217
-48.744047619018346
-48.74702380949452
-48.749999999970726
-48.75297619044693
-48.755952380923105
-48.75892857139928
-48.761904761875485
-48.76488095235169
-48.767857142827864
-48.77083333330404
-48.773809523780244
-48.77678571425645
-48.779761904732624
-48.7827380952088
-48.785714285685
-48.78869047616121
-48.79166666663738
-48.79464285711356
-48.79761904758976
-48.800595238065966
-48.80357142854214
-48.80654761901832
-48.80952380949452
-48.812499999970726
-48.8154761904469
-48.81845238092308
-48.82142857139928
-48.824404761875485
-48.82738095235166
-48.830357142827836
-48.83333333330404
-48.836309523780244
-48.83928571425642
-48.842261904732595
-48.8452380952088
-48.848214285685
-48.85119047616118
-48.854166666637354
-48.85714285711356
-48.86011904758976
-48.86309523806594
-48.866071428542114
-48.86904761901832
-48.87202380949452
-48.8749999999707
-48.87797619044687
-48.88095238092308
-48.88392857139928
-48.886904761875456
-48.88988095235163
-48.892857142827836
-48.89583333330404
-48.898809523780216
-48.90178571425639
-48.904761904732595
-48.9077380952088
-48.910714285684975
-48.91369047616115
-48.916666666637354
-48.91964285711356
-48.922619047589734
-48.92559523806591
-48.928571428542114
-48.93154761901832
-48.93452380949449
-48.93749999997067
-48.94047619044687
-48.94345238092308
-48.94642857139925
-48.94940476187543
-48.95238095235163
-48.955357142827836
-48.95833333330401
-48.96130952378019
-48.96428571425639
-48.967261904732595
-48.97023809520877
-48.973214285684946
-48.97619047616115
-48.979166666637354
-48.98214285711353
-48.985119047589706
-48.98809523806591
-48.991071428542114
-48.99404761901829
-48.997023809494465
-48.99999999997067
-49.00297619044687
-49.00595238092305
-49.008928571399224
-49.01190476187543
-49.01488095235163
-49.01785714282781
-49.02083333330398
-49.02380952378019
-49.02678571425639
-49.02976190473257
-49.03273809520874
-49.035714285684946
-49.03869047616115
-49.041666666637326
-49.0446428571135
-49.047619047589706
-49.05059523806591
-49.053571428542085
-49.05654761901826
-49.059523809494465
-49.06249999997067
-49.065476190446844
-49.06845238092302
-49.071428571399224
-49.07440476187543
-49.077380952351604
-49.08035714282778
-49.08333333330398
-49.08630952378019
-49.08928571425636
-49.09226190473254
-49.09523809520874
-49.098214285684946
-49.10119047616112
-49.1041666666373
-49.1071428571135
-49.110119047589706
-49.11309523806588
-49.11607142854206
-49.11904761901826
-49.122023809494465
-49.12499999997064
-49.127976190446816
-49.13095238092302
-49.133928571399224
-49.1369047618754
-49.139880952351575
-49.14285714282778
-49.14583333330398
-49.14880952378016
-49.151785714256334
-49.15476190473254
-49.15773809520874
-49.16071428568492
-49.163690476161094
-49.1666666666373
-49.1696428571135
-49.17261904758968
-49.17559523806585
-49.17857142854206
-49.18154761901826
-49.184523809494436
-49.18749999997061
-49.190476190446816
-49.19345238092302
-49.196428571399196
-49.19940476187537
-49.202380952351575
-49.20535714282778
-49.208333333303955
-49.21130952378013
-49.214285714256334
-49.21726190473254
-49.220238095208714
-49.22321428568489
-49.226190476161094
-49.2291666666373
-49.23214285711347
-49.23511904758965
-49.23809523806585
-49.24107142854206
-49.24404761901823
-49.24702380949441
-49.24999999997061
-49.252976190446816
-49.25595238092299
-49.25892857139917
-49.26190476187537
-49.264880952351575
-49.26785714282775
-49.270833333303926
-49.27380952378013
-49.276785714256334
-49.27976190473251
-49.282738095208686
-49.28571428568489
-49.288690476161094
-49.29166666663727
-49.294642857113445
-49.29761904758965
-49.30059523806585
-49.30357142854203
-49.306547619018204
-49.30952380949441
-49.31249999997061
-49.31547619044679
-49.31845238092296
-49.32142857139917
-49.32440476187537
-49.32738095235155
-49.33035714282772
-49.333333333303926
-49.33630952378013
-49.339285714256306
-49.34226190473248
-49.345238095208686
-49.34821428568489
-49.351190476161065
-49.35416666663724
-49.357142857113445
-49.36011904758965
-49.363095238065824
-49.366071428542
-49.369047619018204
-49.37202380949441
-49.37499999997058
-49.37797619044676
-49.38095238092296
-49.38392857139917
-49.38690476187534
-49.38988095235152
-49.39285714282772
-49.395833333303926
-49.3988095237801
-49.40178571425628
-49.40476190473248
-49.407738095208686
-49.41071428568486
-49.41369047616104
-49.41666666663724
-49.419642857113445
-49.42261904758962
-49.425595238065796
-49.428571428542
-49.431547619018204
-49.43452380949438
-49.437499999970555
-49.44047619044676
-49.44345238092296
-49.44642857139914
-49.449404761875314
-49.45238095235152
-49.45535714282772
-49.4583333333039
-49.46130952378007
-49.46428571425628
-49.46726190473248
-49.47023809520866
-49.47321428568483
-49.47619047616104
-49.47916666663724
-49.482142857113416
-49.48511904758959
-49.488095238065796
-49.491071428542
-49.494047619018176
-49.49702380949435
-49.499999999970555
-49.50297619044676
-49.505952380922935
-49.50892857139911
-49.511904761875314
-49.51488095235152
-49.517857142827694
-49.52083333330387
-49.52380952378007
-49.52678571425628
-49.52976190473245
-49.53273809520863
-49.53571428568483
-49.53869047616104
-49.54166666663721
-49.54464285711339
-49.54761904758959
-49.550595238065796
-49.55357142854197
-49.55654761901815
-49.55952380949435
-49.562499999970555
-49.56547619044673
-49.568452380922906
-49.57142857139911
-49.574404761875314
-49.57738095235149
-49.580357142827665
-49.58333333330387
-49.58630952378007
-49.58928571425625
-49.592261904732425
-49.59523809520863
-49.59821428568483
-49.60119047616101
-49.604166666637184
-49.60714285711339
-49.61011904758959
-49.61309523806577
-49.61607142854194
-49.61904761901815
-49.62202380949435
-49.62499999997053
-49.6279761904467
-49.630952380922906
-49.63392857139911
-49.636904761875286
-49.63988095235146
-49.642857142827665
-49.64583333330387
-49.648809523780045
-49.65178571425622
-49.654761904732425
-49.65773809520863
-49.660714285684804
-49.66369047616098
-49.666666666637184
-49.66964285711339
-49.67261904758956
-49.67559523806574
-49.67857142854194
-49.68154761901815
-49.68452380949432
-49.6874999999705
-49.6904761904467
-49.693452380922906
-49.69642857139908
-49.69940476187526
-49.70238095235146
-49.705357142827665
-49.70833333330384
-49.71130952378002
-49.71428571425622
-49.717261904732425
-49.7202380952086
-49.723214285684776
-49.72619047616098
-49.729166666637184
-49.73214285711336
-49.735119047589535
-49.73809523806574
-49.74107142854194
-49.74404761901812
-49.747023809494294
-49.7499999999705
-49.7529761904467
-49.75595238092288
-49.75892857139905
-49.76190476187526
-49.76488095235146
-49.76785714282764
-49.77083333330381
-49.77380952378002
-49.77678571425622
-49.779761904732396
-49.78273809520857
-49.785714285684776
-49.78869047616098
-49.791666666637155
-49.79464285711333
-49.797619047589535
-49.80059523806574
-49.803571428541915
-49.80654761901809
-49.809523809494294
-49.8124999999705
-49.815476190446674
-49.81845238092285
-49.82142857139905
-49.82440476187526
-49.82738095235143
-49.83035714282761
-49.83333333330381
-49.83630952378002
-49.83928571425619
-49.84226190473237
-49.84523809520857
-49.848214285684776
-49.85119047616095
-49.85416666663713
-49.85714285711333
-49.860119047589535
-49.86309523806571
-49.866071428541886
-49.86904761901809
-49.872023809494294
-49.87499999997047
-49.877976190446645
-49.88095238092285
-49.88392857139905
-49.88690476187523
-49.889880952351405
-49.89285714282761
-49.89583333330381
-49.89880952377999
-49.901785714256164
-49.90476190473237
-49.90773809520857
-49.91071428568475
-49.91369047616092
-49.91666666663713
-49.91964285711333
-49.92261904758951
-49.92559523806568
-49.928571428541886
-49.93154761901809
-49.934523809494266
-49.93749999997044
-49.940476190446645
-49.94345238092285
-49.946428571399025
-49.9494047618752
-49.952380952351405
-49.95535714282761
-49.958333333303784
-49.96130952377996
-49.964285714256164
-49.96726190473237
-49.97023809520854
-49.97321428568472
-49.97619047616092
-49.97916666663713
-49.9821428571133
-49.98511904758948
-49.98809523806568
-49.991071428541886
-49.99404761901806
-49.99702380949424
-49.99999999997044
-50.002976190446645
-50.00595238092282
-50.008928571399
-50.0119047618752
-50.014880952351405
-50.01785714282758
-50.020833333303756
-50.02380952377996
-50.026785714256164
-50.02976190473234
-50.032738095208515
-50.03571428568472
-50.03869047616092
-50.0416666666371
-50.044642857113274
-50.04761904758948
-50.05059523806568
-50.05357142854186
-50.05654761901803
-50.05952380949424
-50.06249999997044
-50.06547619044662
-50.06845238092279
-50.071428571399
-50.0744047618752
-50.077380952351376
-50.08035714282755
-50.083333333303756
-50.08630952377996
-50.089285714256135
-50.09226190473231
-50.095238095208515
-50.09821428568472
-50.101190476160895
-50.10416666663707
-50.107142857113274
-50.11011904758948
-50.113095238065654
-50.11607142854183
-50.11904761901803
-50.12202380949424
-50.12499999997041
-50.12797619044659
-50.13095238092279
-50.133928571399
-50.13690476187517
-50.13988095235135
-50.14285714282755
-50.145833333303756
-50.14880952377993
-50.15178571425611
-50.15476190473231
-50.157738095208515
-50.16071428568469
-50.163690476160866
-50.16666666663707
-50.169642857113274
-50.17261904758945
-50.175595238065625
-50.17857142854183
-50.18154761901803
-50.18452380949421
-50.187499999970385
-50.19047619044659
-50.19345238092279
-50.19642857139897
-50.199404761875144
-50.20238095235135
-50.20535714282755
-50.20833333330373
-50.2113095237799
-50.21428571425611
-50.21726190473231
-50.22023809520849
-50.22321428568466
-50.226190476160866
-50.22916666663707
-50.232142857113246
-50.23511904758942
-50.238095238065625
-50.24107142854183
-50.244047619018005
-50.24702380949418
-50.249999999970385
-50.25297619044659
-50.255952380922764
-50.25892857139894
-50.261904761875144
-50.26488095235135
-50.26785714282752
-50.2708333333037
-50.2738095237799
-50.27678571425611
-50.27976190473228
-50.28273809520846
-50.28571428568466
-50.288690476160866
-50.29166666663704
-50.29464285711322
-50.29761904758942
-50.300595238065625
-50.3035714285418
-50.30654761901798
-50.30952380949418
-50.312499999970385
-50.31547619044656
-50.318452380922736
-50.32142857139894
-50.324404761875144
-50.32738095235132
-50.330357142827495
-50.3333333333037
-50.3363095237799
-50.33928571425608
-50.342261904732254
-50.34523809520846
-50.34821428568466
-50.35119047616084
-50.35416666663701
-50.35714285711322
-50.36011904758942
-50.3630952380656
-50.36607142854177
-50.36904761901798
-50.37202380949418
-50.374999999970356
-50.37797619044653
-50.380952380922736
-50.38392857139894
-50.386904761875115
-50.38988095235129
-50.392857142827495
-50.3958333333037
-50.398809523779875
-50.40178571425605
-50.404761904732254
-50.40773809520846
-50.410714285684634
-50.41369047616081
-50.41666666663701
-50.41964285711322
-50.42261904758939
-50.42559523806557
-50.42857142854177
-50.43154761901798
-50.43452380949415
-50.43749999997033
-50.44047619044653
-50.443452380922736
-50.44642857139891
-50.44940476187509
-50.45238095235129
-50.455357142827495
-50.45833333330367
-50.461309523779846
-50.46428571425605
-50.467261904732254
-50.47023809520843
-50.473214285684605
-50.47619047616081
-50.47916666663701
-50.48214285711319
-50.485119047589365
-50.48809523806557
-50.49107142854177
-50.49404761901795
-50.497023809494124
-50.49999999997033
-50.50297619044653
-50.50595238092271
-50.50892857139888
-50.51190476187509
-50.51488095235129
-50.51785714282747
-50.52083333330364
-50.523809523779846
-50.52678571425605
-50.529761904732226
-50.5327380952084
-50.535714285684605
-50.53869047616081
-50.541666666636985
-50.54464285711316
-50.547619047589365
-50.55059523806557
-50.553571428541744
-50.55654761901792
-50.559523809494124
-50.56249999997033
-50.5654761904465
-50.56845238092268
-50.57142857139888
-50.57440476187509
-50.57738095235126
-50.58035714282744
-50.58333333330364
-50.586309523779846
-50.58928571425602
-50.5922619047322
-50.5952380952084
-50.598214285684605
-50.60119047616078
-50.60416666663696
-50.60714285711316
-50.610119047589365
-50.61309523806554
-50.616071428541716
-50.61904761901792
-50.622023809494124
-50.6249999999703
-50.627976190446475
-50.63095238092268
-50.63392857139888
-50.63690476187506
-50.639880952351234
-50.64285714282744
-50.64583333330364
-50.64880952377982
-50.65178571425599
-50.6547619047322
-50.6577380952084
-50.66071428568458
-50.66369047616075
-50.66666666663696
-50.66964285711316
-50.672619047589336
-50.67559523806551
-50.678571428541716
-50.68154761901792
-50.684523809494095
-50.68749999997027
-50.690476190446475
-50.69345238092268
-50.696428571398855
-50.69940476187503
-50.702380952351234
-50.70535714282744
-50.708333333303614
-50.71130952377979
-50.71428571425599
-50.7172619047322
-50.72023809520837
-50.72321428568455
-50.72619047616075
-50.72916666663696
-50.73214285711313
-50.73511904758931
-50.73809523806551
-50.741071428541716
-50.74404761901789
-50.74702380949407
-50.74999999997027
-50.752976190446475
-50.75595238092265
-50.758928571398826
-50.76190476187503
-50.764880952351234
-50.76785714282741
-50.770833333303585
-50.77380952377979
-50.77678571425599
-50.77976190473217
-50.782738095208344
-50.78571428568455
-50.78869047616075
-50.79166666663693
-50.794642857113104
-50.79761904758931
-50.80059523806551
-50.80357142854169
-50.80654761901786
-50.80952380949407
-50.81249999997027
-50.81547619044645
-50.81845238092262
-50.821428571398826
-50.82440476187503
-50.827380952351206
-50.83035714282738
-50.833333333303585
-50.83630952377979
-50.839285714255965
-50.84226190473214
-50.845238095208344
-50.84821428568455
-50.851190476160724
-50.8541666666369
-50.857142857113104
-50.86011904758931
-50.86309523806548
-50.86607142854166
-50.86904761901786
-50.87202380949407
-50.87499999997024
-50.87797619044642
-50.88095238092262
-50.883928571398826
-50.886904761875
-50.88988095235118
-50.89285714282738
-50.895833333303585
-50.89880952377976
-50.90178571425594
-50.90476190473214
-50.907738095208344
-50.91071428568452
-50.913690476160696
-50.9166666666369
-50.919642857113104
-50.92261904758928
-50.925595238065455
-50.92857142854166
-50.93154761901786
-50.93452380949404
-50.937499999970214
-50.94047619044642
-50.94345238092262
-50.9464285713988
-50.94940476187497
-50.95238095235118
-50.95535714282738
-50.95833333330356
-50.96130952377973
-50.96428571425594
-50.96726190473214
-50.970238095208316
-50.97321428568449
-50.976190476160696
-50.9791666666369
-50.982142857113075
-50.98511904758925
-50.988095238065455
-50.99107142854166
-50.994047619017834
-50.99702380949401
-50.999999999970214
-51.00297619044642
-51.005952380922594
-51.00892857139877
-51.01190476187497
-51.01488095235118
-51.01785714282735
-51.02083333330353
-51.02380952377973
-51.02678571425594
-51.02976190473211
-51.03273809520829
-51.03571428568449
-51.038690476160696
-51.04166666663687
-51.04464285711305
-51.04761904758925
-51.050595238065455
-51.05357142854163
-51.056547619017806
-51.05952380949401
-51.062499999970214
-51.06547619044639
-51.068452380922565
-51.07142857139877
-51.07440476187497
-51.07738095235115
-51.080357142827324
-51.08333333330353
-51.08630952377973
-51.08928571425591
-51.092261904732084
-51.09523809520829
-51.09821428568449
-51.10119047616067
-51.10416666663684
-51.10714285711305
-51.11011904758925
-51.113095238065426
-51.1160714285416
-51.119047619017806
-51.12202380949401
-51.124999999970186
-51.12797619044636
-51.130952380922565
-51.13392857139877
-51.136904761874945
-51.13988095235112
-51.142857142827324
-51.14583333330353
-51.148809523779704
-51.15178571425588
-51.154761904732084
-51.15773809520829
-51.16071428568446
-51.16369047616064
-51.16666666663684
-51.16964285711305
-51.17261904758922
-51.1755952380654
-51.1785714285416
-51.181547619017806
-51.18452380949398
-51.18749999997016
-51.19047619044636
-51.193452380922565
-51.19642857139874
-51.199404761874916
-51.20238095235112
-51.205357142827324
-51.2083333333035
-51.211309523779676
-51.21428571425588
-51.217261904732084
-51.22023809520826
-51.223214285684435
-51.22619047616064
-51.22916666663684
-51.23214285711302
-51.235119047589194
-51.2380952380654
-51.2410714285416
-51.24404761901778
-51.24702380949395
-51.24999999997016
-51.25297619044636
-51.25595238092254
-51.25892857139871
-51.261904761874916
-51.26488095235112
-51.267857142827296
-51.27083333330347
-51.273809523779676
-51.27678571425588
-51.279761904732055
-51.28273809520823
-51.285714285684435
-51.28869047616064
-51.291666666636814
-51.29464285711299
-51.297619047589194
-51.3005952380654
-51.303571428541574
-51.30654761901775
-51.30952380949395
-51.31249999997016
-51.31547619044633
-51.31845238092251
-51.32142857139871
-51.324404761874916
-51.32738095235109
-51.33035714282727
-51.33333333330347
-51.336309523779676
-51.33928571425585
-51.34226190473203
-51.34523809520823
-51.348214285684435
-51.35119047616061
-51.354166666636786
-51.35714285711299
-51.360119047589194
-51.36309523806537
-51.366071428541545
-51.36904761901775
-51.37202380949395
-51.37499999997013
-51.377976190446304
-51.38095238092251
-51.38392857139871
-51.38690476187489
-51.389880952351064
-51.39285714282727
-51.39583333330347
-51.39880952377965
-51.40178571425582
-51.40476190473203
-51.40773809520823
-51.410714285684406
-51.41369047616058
-51.416666666636786
-51.41964285711299
-51.422619047589166
-51.42559523806534
-51.428571428541545
-51.43154761901775
-51.434523809493925
-51.4374999999701
-51.440476190446304
-51.44345238092251
-51.446428571398684
-51.44940476187486
-51.452380952351064
-51.45535714282727
-51.45833333330344
-51.46130952377962
-51.46428571425582
-51.46726190473203
-51.4702380952082
-51.47321428568438
-51.47619047616058
-51.479166666636786
-51.48214285711296
-51.48511904758914
-51.48809523806534
-51.491071428541545
-51.49404761901772
-51.497023809493896
-51.4999999999701
-51.502976190446304
-51.50595238092248
-51.508928571398656
-51.51190476187486
-51.514880952351064
-51.51785714282724
-51.520833333303415
-51.52380952377962
-51.52678571425582
-51.529761904732
-51.532738095208174
-51.53571428568438
-51.53869047616058
-51.54166666663676
-51.54464285711293
-51.54761904758914
-51.55059523806534
-51.55357142854152
-51.55654761901769
-51.559523809493896
-51.5624999999701
-51.565476190446276
-51.56845238092245
-51.571428571398656
-51.57440476187486
-51.577380952351035
-51.58035714282721
-51.583333333303415
-51.58630952377962
-51.589285714255794
-51.59226190473197
-51.595238095208174
-51.59821428568438
-51.60119047616055
-51.60416666663673
-51.60714285711293
-51.61011904758914
-51.61309523806531
-51.61607142854149
-51.61904761901769
-51.622023809493896
-51.62499999997007
-51.62797619044625
-51.63095238092245
-51.633928571398656
-51.63690476187483
-51.63988095235101
-51.64285714282721
-51.645833333303415
-51.64880952377959
-51.651785714255766
-51.65476190473197
-51.657738095208174
-51.66071428568435
-51.663690476160525
-51.66666666663673
-51.66964285711293
-51.67261904758911
-51.675595238065284
-51.67857142854149
-51.68154761901769
-51.68452380949387
-51.68749999997004
-51.69047619044625
-51.69345238092245
-51.69642857139863
-51.6994047618748
-51.70238095235101
-51.70535714282721
-51.708333333303386
-51.71130952377956
-51.714285714255766
-51.71726190473197
-51.720238095208146
-51.72321428568432
-51.726190476160525
-51.72916666663673
-51.732142857112905
-51.73511904758908
-51.738095238065284
-51.74107142854149
-51.744047619017664
-51.74702380949384
-51.74999999997004
-51.75297619044625
-51.75595238092242
-51.7589285713986
-51.7619047618748
-51.76488095235101
-51.76785714282718
-51.77083333330336
-51.77380952377956
-51.776785714255766
-51.77976190473194
-51.78273809520812
-51.78571428568432
-51.788690476160525
-51.7916666666367
-51.794642857112876
-51.79761904758908
-51.800595238065284
-51.80357142854146
-51.806547619017635
-51.80952380949384
-51.81249999997004
-51.81547619044622
-51.818452380922395
-51.8214285713986
-51.8244047618748
-51.82738095235098
-51.830357142827154
-51.83333333330336
-51.83630952377956
-51.83928571425574
-51.84226190473191
-51.84523809520812
-51.84821428568432
-51.8511904761605
-51.85416666663667
-51.857142857112876
-51.86011904758908
-51.863095238065256
-51.86607142854143
-51.869047619017635
-51.87202380949384
-51.874999999970015
-51.87797619044619
-51.880952380922395
-51.8839285713986
-51.886904761874774
-51.88988095235095
-51.892857142827154
-51.89583333330336
-51.89880952377953
-51.90178571425571
-51.90476190473191
-51.90773809520812
-51.91071428568429
-51.91369047616047
-51.91666666663667
-51.919642857112876
-51.92261904758905
-51.92559523806523
-51.92857142854143
-51.931547619017635
-51.93452380949381
-51.93749999996999
-51.94047619044619
-51.943452380922395
-51.94642857139857
-51.949404761874746
-51.95238095235095
-51.955357142827154
-51.95833333330333
-51.961309523779505
-51.96428571425571
-51.96726190473191
-51.97023809520809
-51.973214285684264
-51.97619047616047
-51.97916666663667
-51.98214285711285
-51.98511904758902
-51.98809523806523
-51.99107142854143
-51.99404761901761
-51.99702380949378
-51.99999999996999
-52.00297619044619
-52.005952380922366
-52.00892857139854
-52.011904761874746
-52.01488095235095
-52.017857142827125
-52.0208333333033
-52.023809523779505
-52.02678571425571
-52.029761904731885
-52.03273809520806
-52.035714285684264
-52.03869047616047
-52.041666666636644
-52.04464285711282
-52.04761904758902
-52.05059523806523
-52.0535714285414
-52.05654761901758
-52.05952380949378
-52.06249999996999
-52.06547619044616
-52.06845238092234
-52.07142857139854
-52.074404761874746
-52.07738095235092
-52.0803571428271
-52.0833333333033
-52.086309523779505
-52.08928571425568
-52.092261904731856
-52.09523809520806
-52.098214285684264
-52.10119047616044
-52.104166666636615
-52.10714285711282
-52.11011904758902
-52.1130952380652
-52.116071428541375
-52.11904761901758
-52.12202380949378
-52.12499999996996
-52.127976190446134
-52.13095238092234
-52.13392857139854
-52.13690476187472
-52.13988095235089
-52.1428571428271
-52.1458333333033
-52.14880952377948
-52.15178571425565
-52.154761904731856
-52.15773809520806
-52.160714285684236
-52.16369047616041
-52.166666666636615
-52.16964285711282
-52.172619047588995
-52.17559523806517
-52.178571428541375
-52.18154761901758
-52.184523809493754
-52.18749999996993
-52.190476190446134
-52.19345238092234
-52.19642857139851
-52.19940476187469
-52.20238095235089
-52.2053571428271
-52.20833333330327
-52.21130952377945
-52.21428571425565
-52.217261904731856
-52.22023809520803
-52.22321428568421
-52.22619047616041
-52.229166666636615
-52.23214285711279
-52.23511904758897
-52.23809523806517
-52.241071428541375
-52.24404761901755
-52.247023809493726
-52.24999999996993
-52.252976190446134
-52.25595238092231
-52.258928571398485
-52.26190476187469
-52.26488095235089
-52.26785714282707
-52.270833333303244
-52.27380952377945
-52.27678571425565
-52.27976190473183
-52.282738095208
-52.28571428568421
-52.28869047616041
-52.29166666663659
-52.29464285711276
-52.29761904758897
-52.30059523806517
-52.303571428541346
-52.30654761901752
-52.309523809493726
-52.31249999996993
-52.315476190446105
-52.31845238092228
-52.321428571398485
-52.32440476187469
-52.327380952350865
-52.33035714282704
-52.333333333303244
-52.33630952377945
-52.339285714255624
-52.3422619047318
-52.345238095208
-52.34821428568421
-52.35119047616038
-52.35416666663656
-52.35714285711276
-52.36011904758897
-52.36309523806514
-52.36607142854132
-52.36904761901752
-52.372023809493726
-52.3749999999699
-52.37797619044608
-52.38095238092228
-52.383928571398485
-52.38690476187466
-52.389880952350836
-52.39285714282704
-52.395833333303244
-52.39880952377942
-52.401785714255595
-52.4047619047318
-52.407738095208
-52.41071428568418
-52.413690476160355
-52.41666666663656
-52.41964285711276
-52.42261904758894
-52.425595238065114
-52.42857142854132
-52.43154761901752
-52.4345238094937
-52.43749999996987
-52.44047619044608
-52.44345238092228
-52.44642857139846
-52.44940476187463
-52.452380952350836
-52.45535714282704
-52.458333333303216
-52.46130952377939
-52.464285714255595
-52.4672619047318
-52.470238095207975
-52.47321428568415
-52.476190476160355
-52.47916666663656
-52.482142857112734
-52.48511904758891
-52.488095238065114
-52.49107142854132
-52.49404761901749
-52.49702380949367
-52.49999999996987
-52.50297619044608
-52.50595238092225
-52.50892857139843
-52.51190476187463
-52.514880952350836
-52.51785714282701
-52.52083333330319
-52.52380952377939
-52.526785714255595
-52.52976190473177
-52.53273809520795
-52.53571428568415
-52.538690476160355
-52.54166666663653
-52.544642857112706
-52.54761904758891
-52.550595238065114
-52.55357142854129
-52.556547619017465
-52.55952380949367
-52.56249999996987
-52.56547619044605
-52.568452380922224
-52.57142857139843
-52.57440476187463
-52.57738095235081
-52.58035714282698
-52.58333333330319
-52.58630952377939
-52.58928571425557
-52.59226190473174
-52.59523809520795
-52.59821428568415
-52.601190476160326
-52.6041666666365
-52.607142857112706
-52.61011904758891
-52.613095238065085
-52.61607142854126
-52.619047619017465
-52.62202380949367
-52.624999999969845
-52.62797619044602
-52.630952380922224
-52.63392857139843
-52.636904761874604
-52.63988095235078
-52.64285714282698
-52.64583333330319
-52.64880952377936
-52.65178571425554
-52.65476190473174
-52.65773809520795
-52.66071428568412
-52.6636904761603
-52.6666666666365
-52.669642857112706
-52.67261904758888
-52.67559523806506
-52.67857142854126
-52.681547619017465
-52.68452380949364
-52.687499999969816
-52.69047619044602
-52.693452380922224
-52.6964285713984
-52.699404761874575
-52.70238095235078
-52.70535714282698
-52.70833333330316
-52.711309523779335
-52.71428571425554
-52.71726190473174
-52.72023809520792
-52.723214285684094
-52.7261904761603
-52.7291666666365
-52.73214285711268
-52.73511904758885
-52.73809523806506
-52.74107142854126
-52.74404761901744
-52.74702380949361
-52.749999999969816
-52.75297619044602
-52.755952380922196
-52.75892857139837
-52.761904761874575
-52.76488095235078
-52.767857142826955
-52.77083333330313
-52.773809523779335
-52.77678571425554
-52.779761904731714
-52.78273809520789
-52.785714285684094
-52.7886904761603
-52.79166666663647
-52.79464285711265
-52.79761904758885
-52.80059523806506
-52.80357142854123
-52.80654761901741
-52.80952380949361
-52.812499999969816
-52.81547619044599
-52.81845238092217
-52.82142857139837
-52.824404761874575
-52.82738095235075
-52.83035714282693
-52.83333333330313
-52.836309523779335
-52.83928571425551
-52.842261904731686
-52.84523809520789
-52.848214285684094
-52.85119047616027
-52.854166666636445
-52.85714285711265
-52.86011904758885
-52.86309523806503
-52.866071428541204
-52.86904761901741
-52.87202380949361
-52.87499999996979
-52.87797619044596
-52.88095238092217
-52.88392857139837
-52.88690476187455
-52.88988095235072
-52.89285714282693
-52.89583333330313
-52.898809523779306
-52.90178571425548
-52.904761904731686
-52.90773809520789
-52.910714285684065
-52.91369047616024
-52.916666666636445
-52.91964285711265
-52.922619047588825
-52.925595238065
-52.928571428541204
-52.93154761901741
-52.934523809493584
-52.93749999996976
-52.94047619044596
-52.94345238092217
-52.94642857139834
-52.94940476187452
-52.95238095235072
-52.95535714282693
-52.9583333333031
-52.96130952377928
-52.96428571425548
-52.967261904731686
-52.97023809520786
-52.97321428568404
-52.97619047616024
-52.979166666636445
-52.98214285711262
-52.985119047588796
-52.988095238065
-52.991071428541204
-52.99404761901738
-52.997023809493555
-52.99999999996976
-53.00297619044596
-53.00595238092214
-53.008928571398314
-53.01190476187452
-53.01488095235072
-53.0178571428269
-53.020833333303074
-53.02380952377928
-53.02678571425548
-53.02976190473166
-53.03273809520783
-53.03571428568404
-53.03869047616024
-53.04166666663642
-53.04464285711259
-53.047619047588796
-53.050595238065
-53.053571428541176
-53.05654761901735
-53.059523809493555
-53.06249999996976
-53.065476190445935
-53.06845238092211
-53.071428571398314
-53.07440476187452
-53.077380952350694
-53.08035714282687
-53.083333333303074
-53.08630952377928
-53.08928571425545
-53.09226190473163
-53.09523809520783
-53.09821428568404
-53.10119047616021
-53.10416666663639
-53.10714285711259
-53.110119047588796
-53.11309523806497
-53.11607142854115
-53.11904761901735
-53.122023809493555
-53.12499999996973
-53.12797619044591
-53.13095238092211
-53.133928571398314
-53.13690476187449
-53.139880952350666
-53.14285714282687
-53.145833333303074
-53.14880952377925
-53.151785714255425
-53.15476190473163
-53.15773809520783
-53.16071428568401
-53.163690476160184
-53.16666666663639
-53.16964285711259
-53.17261904758877
-53.17559523806494
-53.17857142854115
-53.18154761901735
-53.18452380949353
-53.1874999999697
-53.19047619044591
-53.19345238092211
-53.196428571398286
-53.19940476187446
-53.202380952350666
-53.20535714282687
-53.208333333303045
-53.21130952377922
-53.214285714255425
-53.21726190473163
-53.220238095207804
-53.22321428568398
-53.226190476160184
-53.22916666663639
-53.232142857112564
-53.23511904758874
-53.23809523806494
-53.24107142854115
-53.24404761901732
-53.2470238094935
-53.2499999999697
-53.25297619044591
-53.25595238092208
-53.25892857139826
-53.26190476187446
-53.264880952350666
-53.26785714282684
-53.27083333330302
-53.27380952377922
-53.276785714255425
-53.2797619047316
-53.282738095207776
-53.28571428568398
-53.288690476160184
-53.29166666663636
-53.294642857112535
-53.29761904758874
-53.30059523806494
-53.30357142854112
-53.306547619017294
-53.3095238094935
-53.3124999999697
-53.31547619044588
-53.318452380922054
-53.32142857139826
-53.32440476187446
-53.32738095235064
-53.33035714282681
-53.33333333330302
-53.33630952377922
-53.339285714255396
-53.34226190473157
-53.345238095207776
-53.34821428568398
-53.351190476160156
-53.35416666663633
-53.357142857112535
-53.36011904758874
-53.363095238064915
-53.36607142854109
-53.369047619017294
-53.3720238094935
-53.374999999969674
-53.37797619044585
-53.380952380922054
-53.38392857139826
-53.38690476187443
-53.38988095235061
-53.39285714282681
-53.39583333330302
-53.39880952377919
-53.40178571425537
-53.40476190473157
-53.407738095207776
-53.41071428568395
-53.41369047616013
-53.41666666663633
-53.419642857112535
-53.42261904758871
-53.425595238064886
-53.42857142854109
-53.431547619017294
-53.43452380949347
-53.437499999969646
-53.44047619044585
-53.443452380922054
-53.44642857139823
-53.449404761874405
-53.45238095235061
-53.45535714282681
-53.45833333330299
-53.461309523779164
-53.46428571425537
-53.46726190473157
-53.47023809520775
-53.47321428568392
-53.47619047616013
-53.47916666663633
-53.48214285711251
-53.48511904758868
-53.488095238064886
-53.49107142854109
-53.494047619017266
-53.49702380949344
-53.499999999969646
-53.50297619044585
-53.505952380922025
-53.5089285713982
-53.511904761874405
-53.51488095235061
-53.517857142826784
-53.52083333330296
-53.523809523779164
-53.52678571425537
-53.529761904731544
-53.53273809520772
-53.53571428568392
-53.53869047616013
-53.5416666666363
-53.54464285711248
-53.54761904758868
-53.550595238064886
-53.55357142854106
-53.55654761901724
-53.55952380949344
-53.562499999969646
-53.56547619044582
-53.568452380922
-53.5714285713982
-53.574404761874405
-53.57738095235058
-53.580357142826756
-53.58333333330296
-53.586309523779164
-53.58928571425534
-53.592261904731515
-53.59523809520772
-53.59821428568392
-53.6011904761601
-53.604166666636274
-53.60714285711248
-53.61011904758868
-53.61309523806486
-53.616071428541034
-53.61904761901724
-53.62202380949344
-53.62499999996962
-53.62797619044579
-53.630952380922
-53.6339285713982
-53.636904761874376
-53.63988095235055
-53.642857142826756
-53.64583333330296
-53.648809523779136
-53.65178571425531
-53.654761904731515
-53.65773809520772
-53.660714285683895
-53.66369047616007
-53.666666666636274
-53.66964285711248
-53.672619047588654
-53.67559523806483
-53.678571428541034
-53.68154761901724
-53.68452380949341
-53.68749999996959
-53.69047619044579
-53.693452380922
-53.69642857139817
-53.69940476187435
-53.70238095235055
-53.705357142826756
-53.70833333330293
-53.71130952377911
-53.71428571425531
-53.717261904731515
-53.72023809520769
-53.723214285683866
-53.72619047616007
-53.729166666636274
-53.73214285711245
-53.735119047588626
-53.73809523806483
-53.741071428541034
-53.74404761901721
-53.747023809493385
-53.74999999996959
-53.75297619044579
-53.75595238092197
-53.758928571398144
-53.76190476187435
-53.76488095235055
-53.76785714282673
-53.7708333333029
-53.77380952377911
-53.77678571425531
-53.77976190473149
-53.78273809520766
-53.785714285683866
-53.78869047616007
-53.791666666636246
-53.79464285711242
-53.797619047588626
-53.80059523806483
-53.803571428541005
-53.80654761901718
-53.809523809493385
-53.81249999996959
-53.815476190445764
-53.81845238092194
-53.821428571398144
-53.82440476187435
-53.827380952350524
-53.8303571428267
-53.8333333333029
-53.83630952377911
-53.83928571425528
-53.84226190473146
-53.84523809520766
-53.848214285683866
-53.85119047616004
-53.85416666663622
-53.85714285711242
-53.860119047588626
-53.8630952380648
-53.86607142854098
-53.86904761901718
-53.872023809493385
-53.87499999996956
-53.877976190445736
-53.88095238092194
-53.883928571398144
-53.88690476187432
-53.889880952350495
-53.8928571428267
-53.8958333333029
-53.89880952377908
-53.901785714255254
-53.90476190473146
-53.90773809520766
-53.91071428568384
-53.91369047616001
-53.91666666663622
-53.91964285711242
-53.9226190475886
-53.92559523806477
-53.92857142854098
-53.93154761901718
-53.934523809493356
-53.93749999996953
-53.940476190445736
-53.94345238092194
-53.946428571398116
-53.94940476187429
-53.952380952350495
-53.9553571428267
-53.958333333302875
-53.96130952377905
-53.964285714255254
-53.96726190473146
-53.970238095207634
-53.97321428568381
-53.97619047616001
-53.97916666663622
-53.98214285711239
-53.98511904758857
-53.98809523806477
-53.99107142854098
-53.99404761901715
-53.99702380949333
-53.99999999996953
-54.002976190445736
-54.00595238092191
-54.00892857139809
-54.01190476187429
-54.014880952350495
-54.01785714282667
-54.020833333302846
-54.02380952377905
-54.026785714255254
-54.02976190473143
-54.032738095207606
-54.03571428568381
-54.03869047616001
-54.04166666663619
-54.044642857112365
-54.04761904758857
-54.05059523806477
-54.05357142854095
-54.056547619017124
-54.05952380949333
-54.06249999996953
-54.06547619044571
-54.06845238092188
-54.07142857139809
-54.07440476187429
-54.07738095235047
-54.08035714282664
-54.083333333302846
-54.08630952377905
-54.089285714255226
-54.0922619047314
-54.095238095207606
-54.09821428568381
-54.101190476159985
-54.10416666663616
-54.107142857112365
-54.11011904758857
-54.113095238064744
-54.11607142854092
-54.119047619017124
-54.12202380949333
-54.1249999999695
-54.12797619044568
-54.13095238092188
-54.13392857139809
-54.13690476187426
-54.13988095235044
-54.14285714282664
-54.145833333302846
-54.14880952377902
-54.1517857142552
-54.1547619047314
-54.157738095207606
-54.16071428568378
-54.16369047615996
-54.16666666663616
-54.169642857112365
-54.17261904758854
-54.175595238064716
-54.17857142854092
-54.181547619017124
-54.1845238094933
-54.187499999969475
-54.19047619044568
-54.19345238092188
-54.19642857139806
-54.199404761874234
-54.20238095235044
-54.20535714282664
-54.20833333330282
-54.21130952377899
-54.2142857142552
-54.2172619047314
-54.22023809520758
-54.22321428568375
-54.22619047615996
-54.22916666663616
-54.232142857112336
-54.23511904758851
-54.238095238064716
-54.24107142854092
-54.244047619017095
-54.24702380949327
-54.249999999969475
-54.25297619044568
-54.255952380921855
-54.25892857139803
-54.261904761874234
-54.26488095235044
-54.267857142826614
-54.27083333330279
-54.27380952377899
-54.2767857142552
-54.27976190473137
-54.28273809520755
-54.28571428568375
-54.28869047615996
-54.29166666663613
-54.29464285711231
-54.29761904758851
-54.300595238064716
-54.30357142854089
-54.30654761901707
-54.30952380949327
-54.312499999969475
-54.31547619044565
-54.318452380921826
-54.32142857139803
-54.324404761874234
-54.32738095235041
-54.330357142826585
-54.33333333330279
-54.33630952377899
-54.33928571425517
-54.342261904731345
-54.34523809520755
-54.34821428568375
-54.35119047615993
-54.354166666636104
-54.35714285711231
-54.36011904758851
-54.36309523806469
-54.36607142854086
-54.36904761901707
-54.37202380949327
-54.37499999996945
-54.37797619044562
-54.380952380921826
-54.38392857139803
-54.386904761874206
-54.38988095235038
-54.392857142826585
-54.39583333330279
-54.398809523778965
-54.40178571425514
-54.404761904731345
-54.40773809520755
-54.410714285683724
-54.4136904761599
-54.416666666636104
-54.41964285711231
-54.42261904758848
-54.42559523806466
-54.42857142854086
-54.43154761901707
-54.43452380949324
-54.43749999996942
-54.44047619044562
-54.443452380921826
-54.446428571398
-54.44940476187418
-54.45238095235038
-54.455357142826585
-54.45833333330276
-54.46130952377894
-54.46428571425514
-54.467261904731345
-54.47023809520752
-54.473214285683696
-54.4761904761599
-54.479166666636104
-54.48214285711228
-54.485119047588455
-54.48809523806466
-54.49107142854086
-54.49404761901704
-54.497023809493214
-54.49999999996942
-54.50297619044562
-54.5059523809218
-54.50892857139797
-54.51190476187418
-54.51488095235038
-54.51785714282656
-54.52083333330273
-54.52380952377894
-54.52678571425514
-54.529761904731316
-54.53273809520749
-54.535714285683696
-54.5386904761599
-54.541666666636075
-54.54464285711225
-54.547619047588455
-54.55059523806466
-54.553571428540835
-54.55654761901701
-54.559523809493214
-54.56249999996942
-54.565476190445594
-54.56845238092177
-54.57142857139797
-54.57440476187418
-54.57738095235035
-54.58035714282653
-54.58333333330273
-54.58630952377894
-54.58928571425511
-54.59226190473129
-54.59523809520749
-54.598214285683696
-54.60119047615987
-54.60416666663605
-54.60714285711225
-54.610119047588455
-54.61309523806463
-54.616071428540806
-54.61904761901701
-54.622023809493214
-54.62499999996939
-54.627976190445565
-54.63095238092177
-54.63392857139797
-54.63690476187415
-54.639880952350325
-54.64285714282653
-54.64583333330273
-54.64880952377891
-54.651785714255084
-54.65476190473129
-54.65773809520749
-54.66071428568367
-54.66369047615984
-54.66666666663605
-54.66964285711225
-54.67261904758843
-54.6755952380646
-54.678571428540806
-54.68154761901701
-54.684523809493186
-54.68749999996936
-54.690476190445565
-54.69345238092177
-54.696428571397945
-54.69940476187412
-54.702380952350325
-54.70535714282653
-54.708333333302704
-54.71130952377888
-54.714285714255084
-54.71726190473129
-54.72023809520746
-54.72321428568364
-54.72619047615984
-54.72916666663605
-54.73214285711222
-54.7351190475884
-54.7380952380646
-54.741071428540806
-54.74404761901698
-54.74702380949316
-54.74999999996936
-54.752976190445565
-54.75595238092174
-54.75892857139792
-54.76190476187412
-54.764880952350325
-54.7678571428265
-54.770833333302676
-54.77380952377888
-54.776785714255084
-54.77976190473126
-54.782738095207435
-54.78571428568364
-54.78869047615984
-54.79166666663602
-54.794642857112194
-54.7976190475884
-54.8005952380646
-54.80357142854078
-54.80654761901695
-54.80952380949316
-54.81249999996936
-54.81547619044554
-54.81845238092171
-54.82142857139792
-54.82440476187412
-54.827380952350296
-54.83035714282647
-54.833333333302676
-54.83630952377888
-54.839285714255055
-54.84226190473123
-54.845238095207435
-54.84821428568364
-54.851190476159815
-54.85416666663599
-54.857142857112194
-54.8601190475884
-54.863095238064574
-54.86607142854075
-54.86904761901695
-54.87202380949316
-54.87499999996933
-54.87797619044551
-54.88095238092171
-54.88392857139792
-54.88690476187409
-54.88988095235027
-54.89285714282647
-54.895833333302676
-54.89880952377885
-54.90178571425503
-54.90476190473123
-54.907738095207435
-54.91071428568361
-54.913690476159786
-54.91666666663599
-54.919642857112194
-54.92261904758837
-54.925595238064545
-54.92857142854075
-54.93154761901695
-54.93452380949313
-54.937499999969305
-54.94047619044551
-54.94345238092171
-54.94642857139789
-54.949404761874064
-54.95238095235027
-54.95535714282647
-54.95833333330265
-54.96130952377882
-54.96428571425503
-54.96726190473123
-54.97023809520741
-54.97321428568358
-54.976190476159786
-54.97916666663599
-54.982142857112166
-54.98511904758834
-54.988095238064545
-54.99107142854075
-54.994047619016925
-54.9970238094931
-54.999999999969305
-55.00297619044551
-55.005952380921684
-55.00892857139786
-55.011904761874064
-55.01488095235027
-55.01785714282644
-55.02083333330262
-55.02380952377882
-55.02678571425503
-55.0297619047312
-55.03273809520738
-55.03571428568358
-55.038690476159786
-55.04166666663596
-55.04464285711214
-55.04761904758834
-55.050595238064545
-55.05357142854072
-55.0565476190169
-55.0595238094931
-55.062499999969305
-55.06547619044548
-55.068452380921656
-55.07142857139786
-55.074404761874064
-55.07738095235024
-55.080357142826415
-55.08333333330262
-55.08630952377882
-55.089285714255
-55.092261904731174
-55.09523809520738
-55.09821428568358
-55.10119047615976
-55.10416666663593
-55.10714285711214
-55.11011904758834
-55.11309523806452
-55.11607142854069
-55.1190476190169
-55.1220238094931
-55.124999999969276
-55.12797619044545
-55.130952380921656
-55.13392857139786
-55.136904761874035
-55.13988095235021
-55.142857142826415
-55.14583333330262
-55.148809523778795
-55.15178571425497
-55.154761904731174
-55.15773809520738
-55.160714285683554
-55.16369047615973
-55.16666666663593
-55.16964285711214
-55.17261904758831
-55.17559523806449
-55.17857142854069
-55.1815476190169
-55.18452380949307
-55.18749999996925
-55.19047619044545
-55.193452380921656
-55.19642857139783
-55.19940476187401
-55.20238095235021
-55.205357142826415
-55.20833333330259
-55.211309523778766
-55.21428571425497
-55.217261904731174
-55.22023809520735
-55.223214285683525
-55.22619047615973
-55.22916666663593
-55.23214285711211
-55.235119047588285
-55.23809523806449
-55.24107142854069
-55.24404761901687
-55.247023809493044
-55.24999999996925
-55.25297619044545
-55.25595238092163
-55.2589285713978
-55.26190476187401
-55.26488095235021
-55.26785714282639
-55.27083333330256
-55.273809523778766
-55.27678571425497
-55.279761904731146
-55.28273809520732
-55.285714285683525
-55.28869047615973
-55.291666666635905
-55.29464285711208
-55.297619047588285
-55.30059523806449
-55.303571428540664
-55.30654761901684
-55.309523809493044
-55.31249999996925
-55.31547619044542
-55.3184523809216
-55.3214285713978
-55.32440476187401
-55.32738095235018
-55.33035714282636
-55.33333333330256
-55.336309523778766
-55.33928571425494
-55.34226190473112
-55.34523809520732
-55.348214285683525
-55.3511904761597
-55.35416666663588
-55.35714285711208
-55.360119047588285
-55.36309523806446
-55.366071428540636
-55.36904761901684
-55.372023809493044
-55.37499999996922
-55.377976190445395
-55.3809523809216
-55.3839285713978
-55.38690476187398
-55.389880952350154
-55.39285714282636
-55.39583333330256
-55.39880952377874
-55.40178571425491
-55.40476190473112
-55.40773809520732
-55.4107142856835
-55.41369047615967
-55.41666666663588
-55.41964285711208
-55.422619047588256
-55.42559523806443
-55.428571428540636
-55.43154761901684
-55.434523809493015
-55.43749999996919
-55.440476190445395
-55.4434523809216
-55.446428571397774
-55.44940476187395
-55.452380952350154
-55.45535714282636
-55.458333333302534
-55.46130952377871
-55.46428571425491
-55.46726190473112
-55.47023809520729
-55.47321428568347
-55.47619047615967
-55.47916666663588
-55.48214285711205
-55.48511904758823
-55.48809523806443
-55.491071428540636
-55.49404761901681
-55.49702380949299
-55.49999999996919
-55.502976190445395
-55.50595238092157
-55.508928571397746
-55.51190476187395
-55.514880952350154
-55.51785714282633
-55.520833333302505
-55.52380952377871
-55.52678571425491
-55.52976190473109
-55.532738095207264
-55.53571428568347
-55.53869047615967
-55.54166666663585
-55.544642857112024
-55.54761904758823
-55.55059523806443
-55.55357142854061
-55.55654761901678
-55.55952380949299
-55.56249999996919
-55.56547619044537
-55.56845238092154
-55.571428571397746
-55.57440476187395
-55.577380952350126
-55.5803571428263
-55.583333333302505
-55.58630952377871
-55.589285714254885
-55.59226190473106
-55.595238095207264
-55.59821428568347
-55.601190476159644
-55.60416666663582
-55.607142857112024
-55.61011904758823
-55.6130952380644
-55.61607142854058
-55.61904761901678
-55.62202380949299
-55.62499999996916
-55.62797619044534
-55.63095238092154
-55.633928571397746
-55.63690476187392
-55.6398809523501
-55.6428571428263
-55.645833333302505
-55.64880952377868
-55.651785714254856
-55.65476190473106
-55.657738095207264
-55.66071428568344
-55.663690476159616
-55.66666666663582
-55.669642857112024
-55.6726190475882
-55.675595238064375
-55.67857142854058
-55.68154761901678
-55.68452380949296
-55.687499999969134
-55.69047619044534
-55.69345238092154
-55.69642857139772
-55.69940476187389
-55.7023809523501
-55.7053571428263
-55.70833333330248
-55.71130952377865
-55.714285714254856
-55.71726190473106
-55.720238095207236
-55.72321428568341
-55.726190476159616
-55.72916666663582
-55.732142857111995
-55.73511904758817
-55.738095238064375
-55.74107142854058
-55.744047619016754
-55.74702380949293
-55.749999999969134
-55.75297619044534
-55.755952380921514
-55.75892857139769
-55.76190476187389
-55.7648809523501
-55.76785714282627
-55.77083333330245
-55.77380952377865
-55.776785714254856
-55.77976190473103
-55.78273809520721
-55.78571428568341
-55.788690476159616
-55.79166666663579
-55.79464285711197
-55.79761904758817
-55.800595238064375
-55.80357142854055
-55.806547619016726
-55.80952380949293
-55.812499999969134
-55.81547619044531
-55.818452380921485
-55.82142857139769
-55.82440476187389
-55.82738095235007
-55.830357142826244
-55.83333333330245
-55.83630952377865
-55.83928571425483
-55.842261904731004
-55.84523809520721
-55.84821428568341
-55.85119047615959
-55.85416666663576
-55.85714285711197
-55.86011904758817
-55.863095238064346
-55.86607142854052
-55.869047619016726
-55.87202380949293
-55.874999999969106
-55.87797619044528
-55.880952380921485
-55.88392857139769
-55.886904761873865
-55.88988095235004
-55.892857142826244
-55.89583333330245
-55.898809523778624
-55.9017857142548
-55.904761904731004
-55.90773809520721
-55.91071428568338
-55.91369047615956
-55.91666666663576
-55.91964285711197
-55.92261904758814
-55.92559523806432
-55.92857142854052
-55.931547619016726
-55.9345238094929
-55.93749999996908
-55.94047619044528
-55.943452380921485
-55.94642857139766
-55.949404761873836
-55.95238095235004
-55.955357142826244
-55.95833333330242
-55.961309523778596
-55.9642857142548
-55.967261904731004
-55.97023809520718
-55.973214285683355
-55.97619047615956
-55.97916666663576
-55.98214285711194
-55.985119047588114
-55.98809523806432
-55.99107142854052
-55.9940476190167
-55.99702380949287
-55.99999999996908
-56.00297619044528
-56.00595238092146
-56.00892857139763
-56.011904761873836
-56.01488095235004
-56.017857142826216
-56.02083333330239
-56.023809523778596
-56.0267857142548
-56.029761904730975
-56.03273809520715
-56.035714285683355
-56.03869047615956
-56.041666666635734
-56.04464285711191
-56.047619047588114
-56.05059523806432
-56.053571428540494
-56.05654761901667
-56.05952380949287
-56.06249999996908
-56.06547619044525
-56.06845238092143
-56.07142857139763
-56.074404761873836
-56.07738095235001
-56.08035714282619
-56.08333333330239
-56.086309523778596
-56.08928571425477
-56.09226190473095
-56.09523809520715
-56.098214285683355
-56.10119047615953
-56.104166666635706
-56.10714285711191
-56.110119047588114
-56.11309523806429
-56.116071428540465
-56.11904761901667
-56.12202380949287
-56.12499999996905
-56.127976190445224
-56.13095238092143
-56.13392857139763
-56.13690476187381
-56.13988095234998
-56.14285714282619
-56.14583333330239
-56.14880952377857
-56.15178571425474
-56.15476190473095
-56.15773809520715
-56.160714285683326
-56.1636904761595
-56.166666666635706
-56.16964285711191
-56.172619047588086
-56.17559523806426
-56.178571428540465
-56.18154761901667
-56.184523809492845
-56.18749999996902
-56.190476190445224
-56.19345238092143
-56.196428571397604
-56.19940476187378
-56.20238095234998
-56.20535714282619
-56.20833333330236
-56.21130952377854
-56.21428571425474
-56.21726190473095
-56.22023809520712
-56.2232142856833
-56.2261904761595
-56.229166666635706
-56.23214285711188
-56.23511904758806
-56.23809523806426
-56.241071428540465
-56.24404761901664
-56.247023809492816
-56.24999999996902
-56.252976190445224
-56.2559523809214
-56.258928571397576
-56.26190476187378
-56.26488095234998
-56.26785714282616
-56.270833333302335
-56.27380952377854
-56.27678571425474
-56.27976190473092
-56.282738095207094
-56.2857142856833
-56.2886904761595
-56.29166666663568
-56.29464285711185
-56.29761904758806
-56.30059523806426
-56.30357142854044
-56.30654761901661
-56.309523809492816
-56.31249999996902
-56.315476190445196
-56.31845238092137
-56.321428571397576
-56.32440476187378
-56.327380952349955
-56.33035714282613
-56.333333333302335
-56.33630952377854
-56.339285714254714
-56.34226190473089
-56.345238095207094
-56.3482142856833
-56.35119047615947
-56.35416666663565
-56.35714285711185
-56.36011904758806
-56.36309523806423
-56.36607142854041
-56.36904761901661
-56.372023809492816
-56.37499999996899
-56.37797619044517
-56.38095238092137
-56.383928571397576
-56.38690476187375
-56.38988095234993
-56.39285714282613
-56.395833333302335
-56.39880952377851
-56.401785714254686
-56.40476190473089
-56.407738095207094
-56.41071428568327
-56.413690476159445
-56.41666666663565
-56.41964285711185
-56.42261904758803
-56.425595238064204
-56.42857142854041
-56.43154761901661
-56.43452380949279
-56.43749999996896
-56.44047619044517
-56.44345238092137
-56.44642857139755
-56.44940476187372
-56.45238095234993
-56.45535714282613
-56.458333333302306
-56.46130952377848
-56.464285714254686
-56.46726190473089
-56.470238095207065
-56.47321428568324
-56.476190476159445
-56.47916666663565
-56.482142857111825
-56.485119047588
-56.488095238064204
-56.49107142854041
-56.494047619016584
-56.49702380949276
-56.49999999996896
-56.50297619044517
-56.50595238092134
-56.50892857139752
-56.51190476187372
-56.51488095234993
-56.5178571428261
-56.52083333330228
-56.52380952377848
-56.526785714254686
-56.52976190473086
-56.53273809520704
-56.53571428568324
-56.538690476159445
-56.54166666663562
-56.544642857111796
-56.547619047588
-56.550595238064204
-56.55357142854038
-56.556547619016555
-56.55952380949276
-56.56249999996896
-56.56547619044514
-56.568452380921315
-56.57142857139752
-56.57440476187372
-56.5773809523499
-56.580357142826074
-56.58333333330228
-56.58630952377848
-56.58928571425466
-56.59226190473083
-56.59523809520704
-56.59821428568324
-56.60119047615942
-56.60416666663559
-56.607142857111796
-56.610119047588
-56.613095238064176
-56.61607142854035
-56.619047619016555
-56.62202380949276
-56.624999999968935
-56.62797619044511
-56.630952380921315
-56.63392857139752
-56.636904761873694
-56.63988095234987
-56.642857142826074
-56.64583333330228
-56.64880952377845
-56.65178571425463
-56.65476190473083
-56.65773809520704
-56.66071428568321
-56.66369047615939
-56.66666666663559
-56.669642857111796
-56.67261904758797
-56.67559523806415
-56.67857142854035
-56.681547619016555
-56.68452380949273
-56.68749999996891
-56.69047619044511
-56.693452380921315
-56.69642857139749
-56.699404761873666
-56.70238095234987
-56.705357142826074
-56.70833333330225
-56.711309523778425
-56.71428571425463
-56.71726190473083
-56.72023809520701
-56.723214285683184
-56.72619047615939
-56.72916666663559
-56.73214285711177
-56.73511904758794
-56.73809523806415
-56.74107142854035
-56.74404761901653
-56.7470238094927
-56.74999999996891
-56.75297619044511
-56.755952380921286
-56.75892857139746
-56.761904761873666
-56.76488095234987
-56.767857142826045
-56.77083333330222
-56.773809523778425
-56.77678571425463
-56.779761904730805
-56.78273809520698
-56.785714285683184
-56.78869047615939
-56.791666666635564
-56.79464285711174
-56.79761904758794
-56.80059523806415
-56.80357142854032
-56.8065476190165
-56.8095238094927
-56.81249999996891
-56.81547619044508
-56.81845238092126
-56.82142857139746
-56.824404761873666
-56.82738095234984
-56.83035714282602
-56.83333333330222
-56.836309523778425
-56.8392857142546
-56.842261904730776
-56.84523809520698
-56.848214285683184
-56.85119047615936
-56.854166666635535
-56.85714285711174
-56.86011904758794
-56.86309523806412
-56.866071428540295
-56.8690476190165
-56.8720238094927
-56.87499999996888
-56.877976190445054
-56.88095238092126
-56.88392857139746
-56.88690476187364
-56.88988095234981
-56.89285714282602
-56.89583333330222
-56.8988095237784
-56.90178571425457
-56.904761904730776
-56.90773809520698
-56.910714285683156
-56.91369047615933
-56.916666666635535
-56.91964285711174
-56.922619047587915
-56.92559523806409
-56.928571428540295
-56.9315476190165
-56.934523809492674
-56.93749999996885
-56.940476190445054
-56.94345238092126
-56.94642857139743
-56.94940476187361
-56.95238095234981
-56.95535714282602
-56.95833333330219
-56.96130952377837
-56.96428571425457
-56.967261904730776
-56.97023809520695
-56.97321428568313
-56.97619047615933
-56.979166666635535
-56.98214285711171
-56.98511904758789
-56.98809523806409
-56.991071428540295
-56.99404761901647
-56.997023809492646
-56.99999999996885
-57.002976190445054
-57.00595238092123
-57.008928571397405
-57.01190476187361
-57.01488095234981
-57.01785714282599
-57.020833333302164
-57.02380952377837
-57.02678571425457
-57.02976190473075
-57.03273809520692
-57.03571428568313
-57.03869047615933
-57.04166666663551
-57.04464285711168
-57.04761904758789
-57.05059523806409
-57.053571428540266
-57.05654761901644
-57.059523809492646
-57.06249999996885
-57.065476190445025
-57.0684523809212
-57.071428571397405
-57.07440476187361
-57.077380952349785
-57.08035714282596
-57.083333333302164
-57.08630952377837
-57.089285714254544
-57.09226190473072
-57.09523809520692
-57.09821428568313
-57.1011904761593
-57.10416666663548
-57.10714285711168
-57.11011904758789
-57.11309523806406
-57.11607142854024
-57.11904761901644
-57.122023809492646
-57.12499999996882
-57.127976190445
-57.1309523809212
-57.133928571397405
-57.13690476187358
-57.139880952349756
-57.14285714282596
-57.145833333302164
-57.14880952377834
-57.151785714254515
-57.15476190473072
-57.15773809520692
-57.1607142856831
-57.163690476159275
-57.16666666663548
-57.16964285711168
-57.17261904758786
-57.175595238064034
-57.17857142854024
-57.18154761901644
-57.18452380949262
-57.18749999996879
-57.190476190445
-57.1934523809212
-57.19642857139738
-57.19940476187355
-57.202380952349756
-57.20535714282596
-57.208333333302136
-57.21130952377831
-57.214285714254515
-57.21726190473072
-57.220238095206895
-57.22321428568307
-57.226190476159275
-57.22916666663548
-57.232142857111654
-57.23511904758783
-57.238095238064034
-57.24107142854024
-57.24404761901641
-57.24702380949259
-57.24999999996879
-57.252976190445
-57.25595238092117
-57.25892857139735
-57.26190476187355
-57.264880952349756
-57.26785714282593
-57.27083333330211
-57.27380952377831
-57.276785714254515
-57.27976190473069
-57.28273809520687
-57.28571428568307
-57.288690476159275
-57.29166666663545
-57.294642857111626
-57.29761904758783
-57.300595238064034
-57.30357142854021
-57.306547619016385
-57.30952380949259
-57.31249999996879
-57.31547619044497
-57.318452380921144
-57.32142857139735
-57.32440476187355
-57.32738095234973
-57.3303571428259
-57.33333333330211
-57.33630952377831
-57.33928571425449
-57.34226190473066
-57.34523809520687
-57.34821428568307
-57.351190476159246
-57.35416666663542
-57.357142857111626
-57.36011904758783
-57.363095238064005
-57.36607142854018
-57.369047619016385
-57.37202380949259
-57.374999999968765
-57.37797619044494
-57.380952380921144
-57.38392857139735
-57.386904761873524
-57.3898809523497
-57.3928571428259
-57.39583333330211
-57.39880952377828
-57.40178571425446
-57.40476190473066
-57.40773809520687
-57.41071428568304
-57.41369047615922
-57.41666666663542
-57.419642857111626
-57.4226190475878
-57.42559523806398
-57.42857142854018
-57.431547619016385
-57.43452380949256
-57.437499999968736
-57.44047619044494
-57.443452380921144
-57.44642857139732
-57.449404761873495
-57.4523809523497
-57.4553571428259
-57.45833333330208
-57.461309523778255
-57.46428571425446
-57.46726190473066
-57.47023809520684
-57.473214285683014
-57.47619047615922
-57.47916666663542
-57.4821428571116
-57.48511904758777
-57.48809523806398
-57.49107142854018
-57.49404761901636
-57.49702380949253
-57.499999999968736
-57.50297619044494
-57.505952380921116
-57.50892857139729
-57.511904761873495
-57.5148809523497
-57.517857142825875
-57.52083333330205
-57.523809523778255
-57.52678571425446
-57.529761904730634
-57.53273809520681
-57.535714285683014
-57.53869047615922
-57.54166666663539
-57.54464285711157
-57.54761904758777
-57.55059523806398
-57.55357142854015
-57.55654761901633
-57.55952380949253
-57.562499999968736
-57.56547619044491
-57.56845238092109
-57.57142857139729
-57.574404761873495
-57.57738095234967
-57.58035714282585
-57.58333333330205
-57.586309523778255
-57.58928571425443
-57.592261904730606
-57.59523809520681
-57.598214285683014
-57.60119047615919
-57.604166666635365
-57.60714285711157
-57.61011904758777
-57.61309523806395
-57.616071428540124
-57.61904761901633
-57.62202380949253
-57.62499999996871
-57.62797619044488
-57.63095238092109
-57.63392857139729
-57.63690476187347
-57.63988095234964
-57.64285714282585
-57.64583333330205
-57.648809523778226
-57.6517857142544
-57.654761904730606
-57.65773809520681
-57.660714285682985
-57.66369047615916
-57.666666666635365
-57.66964285711157
-57.672619047587744
-57.67559523806392
-57.678571428540124
-57.68154761901633
-57.684523809492504
-57.68749999996868
-57.69047619044488
-57.69345238092109
-57.69642857139726
-57.69940476187344
-57.70238095234964
-57.70535714282585
-57.70833333330202
-57.7113095237782
-57.7142857142544
-57.717261904730606
-57.72023809520678
-57.72321428568296
-57.72619047615916
-57.729166666635365
-57.73214285711154
-57.735119047587716
-57.73809523806392
-57.741071428540124
-57.7440476190163
-57.747023809492475
-57.74999999996868
-57.75297619044488
-57.75595238092106
-57.758928571397234
-57.76190476187344
-57.76488095234964
-57.76785714282582
-57.770833333301994
-57.7738095237782
-57.7767857142544
-57.77976190473058
-57.78273809520675
-57.78571428568296
-57.78869047615916
-57.79166666663534
-57.79464285711151
-57.797619047587716
-57.80059523806392
-57.803571428540096
-57.80654761901627
-57.809523809492475
-57.81249999996868
-57.815476190444855
-57.81845238092103
-57.821428571397234
-57.82440476187344
-57.827380952349614
-57.83035714282579
-57.833333333301994
-57.8363095237782
-57.83928571425437
-57.84226190473055
-57.84523809520675
-57.84821428568296
-57.85119047615913
-57.85416666663531
-57.85714285711151
-57.860119047587716
-57.86309523806389
-57.86607142854007
-57.86904761901627
-57.872023809492475
-57.87499999996865
-57.877976190444826
-57.88095238092103
-57.883928571397234
-57.88690476187341
-57.889880952349586
-57.89285714282579
-57.895833333301994
-57.89880952377817
-57.901785714254345
-57.90476190473055
-57.90773809520675
-57.91071428568293
-57.913690476159104
-57.91666666663531
-57.91964285711151
-57.92261904758769
-57.92559523806386
-57.92857142854007
-57.93154761901627
-57.93452380949245
-57.93749999996862
-57.940476190444826
-57.94345238092103
-57.946428571397206
-57.94940476187338
-57.952380952349586
-57.95535714282579
-57.958333333301965
-57.96130952377814
-57.964285714254345
-57.96726190473055
-57.970238095206724
-57.9732142856829
-57.976190476159104
-57.97916666663531
-57.982142857111484
-57.98511904758766
-57.98809523806386
-57.99107142854007
-57.99404761901624
-57.99702380949242
-57.99999999996862
-58.002976190444826
-58.005952380921
-58.00892857139718
-58.01190476187338
-58.014880952349586
-58.01785714282576
-58.02083333330194
-58.02380952377814
-58.026785714254345
-58.02976190473052
-58.032738095206696
-58.0357142856829
-58.038690476159104
-58.04166666663528
-58.044642857111455
-58.04761904758766
-58.05059523806386
-58.05357142854004
-58.056547619016214
-58.05952380949242
-58.06249999996862
-58.0654761904448
-58.068452380920974
-58.07142857139718
-58.07440476187338
-58.07738095234956
-58.08035714282573
-58.08333333330194
-58.08630952377814
-58.089285714254316
-58.09226190473049
-58.095238095206696
-58.0982142856829
-58.101190476159076
-58.10416666663525
-58.107142857111455
-58.11011904758766
-58.113095238063835
-58.11607142854001
-58.119047619016214
-58.12202380949242
-58.124999999968594
-58.12797619044477
-58.130952380920974
-58.13392857139718
-58.13690476187335
-58.13988095234953
-58.14285714282573
-58.14583333330194
-58.14880952377811
-58.15178571425429
-58.15476190473049
-58.157738095206696
-58.16071428568287
-58.16369047615905
-58.16666666663525
-58.169642857111455
-58.17261904758763
-58.175595238063806
-58.17857142854001
-58.181547619016214
-58.18452380949239
-58.187499999968566
-58.19047619044477
-58.193452380920974
-58.19642857139715
-58.199404761873325
-58.20238095234953
-58.20535714282573
-58.20833333330191
-58.211309523778084
-58.21428571425429
-58.21726190473049
-58.22023809520667
-58.22321428568284
-58.22619047615905
-58.22916666663525
-58.23214285711143
-58.2351190475876
-58.238095238063806
-58.24107142854001
-58.244047619016186
-58.24702380949236
-58.249999999968566
-58.25297619044477
-58.255952380920945
-58.25892857139712
-58.261904761873325
-58.26488095234953
-58.267857142825704
-58.27083333330188
-58.273809523778084
-58.27678571425429
-58.279761904730464
-58.28273809520664
-58.28571428568284
-58.28869047615905
-58.29166666663522
-58.2946428571114
-58.2976190475876
-58.300595238063806
-58.30357142853998
-58.30654761901616
-58.30952380949236
-58.312499999968566
-58.31547619044474
-58.31845238092092
-58.32142857139712
-58.324404761873325
-58.3273809523495
-58.330357142825676
-58.33333333330188
-58.336309523778084
-58.33928571425426
-58.342261904730435
-58.34523809520664
-58.34821428568284
-58.35119047615902
-58.354166666635194
-58.3571428571114
-58.3601190475876
-58.36309523806378
-58.366071428539954
-58.36904761901616
-58.37202380949236
-58.37499999996854
-58.37797619044471
-58.38095238092092
-58.38392857139712
-58.386904761873296
-58.38988095234947
-58.392857142825676
-58.39583333330188
-58.398809523778056
-58.40178571425423
-58.404761904730435
-58.40773809520664
-58.410714285682815
-58.41369047615899
-58.416666666635194
-58.4196428571114
-58.422619047587574
-58.42559523806375
-58.428571428539954
-58.43154761901616
-58.43452380949233
-58.43749999996851
-58.44047619044471
-58.44345238092092
-58.44642857139709
-58.44940476187327
-58.45238095234947
-58.455357142825676
-58.45833333330185
-58.46130952377803
-58.46428571425423
-58.467261904730435
-58.47023809520661
-58.473214285682786
-58.47619047615899
-58.479166666635194
-58.48214285711137
-58.485119047587546
-58.48809523806375
-58.491071428539954
-58.49404761901613
-58.497023809492305
-58.49999999996851
-58.50297619044471
-58.50595238092089
-58.508928571397064
-58.51190476187327
-58.51488095234947
-58.51785714282565
-58.52083333330182
-58.52380952377803
-58.52678571425423
-58.52976190473041
-58.53273809520658
-58.535714285682786
-58.53869047615899
-58.541666666635166
-58.54464285711134
-58.547619047587546
-58.55059523806375
-58.553571428539925
-58.5565476190161
-58.559523809492305
-58.56249999996851
-58.565476190444684
-58.56845238092086
-58.571428571397064
-58.57440476187327
-58.57738095234944
-58.58035714282562
-58.58333333330182
-58.58630952377803
-58.5892857142542
-58.59226190473038
-58.59523809520658
-58.598214285682786
-58.60119047615896
-58.60416666663514
-58.60714285711134
-58.610119047587546
-58.61309523806372
-58.6160714285399
-58.6190476190161
-58.622023809492305
-58.62499999996848
-58.627976190444656
-58.63095238092086
-58.633928571397064
-58.63690476187324
-58.639880952349415
-58.64285714282562
-58.64583333330182
-58.648809523778
-58.651785714254174
-58.65476190473038
-58.65773809520658
-58.66071428568276
-58.66369047615893
-58.66666666663514
-58.66964285711134
-58.67261904758752
-58.67559523806369
-58.6785714285399
-58.6815476190161
-58.684523809492276
-58.68749999996845
-58.690476190444656
-58.69345238092086
-58.696428571397036
-58.69940476187321
-58.702380952349415
-58.70535714282562
-58.708333333301795
-58.71130952377797
-58.714285714254174
-58.71726190473038
-58.720238095206554
-58.72321428568273
-58.72619047615893
-58.72916666663514
-58.73214285711131
-58.73511904758749
-58.73809523806369
-58.7410714285399
-58.74404761901607
-58.74702380949225
-58.74999999996845
-58.752976190444656
-58.75595238092083
-58.75892857139701
-58.76190476187321
-58.764880952349415
-58.76785714282559
-58.770833333301766
-58.77380952377797
-58.776785714254174
-58.77976190473035
-58.782738095206525
-58.78571428568273
-58.78869047615893
-58.79166666663511
-58.794642857111285
-58.79761904758749
-58.80059523806369
-58.80357142853987
-58.806547619016044
-58.80952380949225
-58.81249999996845
-58.81547619044463
-58.8184523809208
-58.82142857139701
-58.82440476187321
-58.82738095234939
-58.83035714282556
-58.833333333301766
-58.83630952377797
-58.839285714254146
-58.84226190473032
-58.845238095206525
-58.84821428568273
-58.851190476158905
-58.85416666663508
-58.857142857111285
-58.86011904758749
-58.863095238063664
-58.86607142853984
-58.869047619016044
-58.87202380949225
-58.87499999996842
-58.8779761904446
-58.8809523809208
-58.88392857139701
-58.88690476187318
-58.88988095234936
-58.89285714282556
-58.895833333301766
-58.89880952377794
-58.90178571425412
-58.90476190473032
-58.907738095206525
-58.9107142856827
-58.91369047615888
-58.91666666663508
-58.919642857111285
-58.92261904758746
-58.925595238063636
-58.92857142853984
-58.931547619016044
-58.93452380949222
-58.937499999968395
-58.9404761904446
-58.9434523809208
-58.94642857139698
-58.949404761873154
-58.95238095234936
-58.95535714282556
-58.95833333330174
-58.96130952377791
-58.96428571425412
-58.96726190473032
-58.9702380952065
-58.97321428568267
-58.97619047615888
-58.97916666663508
-58.982142857111256
-58.98511904758743
-58.988095238063636
-58.99107142853984
-58.994047619016015
-58.99702380949219
-58.999999999968395
-59.0029761904446
-59.005952380920775
-59.00892857139695
-59.011904761873154
-59.01488095234936
-59.017857142825534
-59.02083333330171
-59.02380952377791
-59.02678571425412
-59.02976190473029
-59.03273809520647
-59.03571428568267
-59.03869047615888
-59.04166666663505
-59.04464285711123
-59.04761904758743
-59.050595238063636
-59.05357142853981
-59.05654761901599
-59.05952380949219
-59.062499999968395
-59.06547619044457
-59.068452380920746
-59.07142857139695
-59.074404761873154
-59.07738095234933
-59.080357142825505
-59.08333333330171
-59.08630952377791
-59.08928571425409
-59.092261904730265
-59.09523809520647
-59.09821428568267
-59.10119047615885
-59.104166666635024
-59.10714285711123
-59.11011904758743
-59.11309523806361
-59.11607142853978
-59.11904761901599
-59.12202380949219
-59.12499999996837
-59.12797619044454
-59.130952380920746
-59.13392857139695
-59.136904761873126
-59.1398809523493
-59.142857142825505
-59.14583333330171
-59.148809523777885
-59.15178571425406
-59.154761904730265
-59.15773809520647
-59.160714285682644
-59.16369047615882
-59.166666666635024
-59.16964285711123
-59.1726190475874
-59.17559523806358
-59.17857142853978
-59.18154761901599
-59.18452380949216
-59.18749999996834
-59.19047619044454
-59.193452380920746
-59.19642857139692
-59.1994047618731
-59.2023809523493
-59.205357142825505
-59.20833333330168
-59.21130952377786
-59.21428571425406
-59.217261904730265
-59.22023809520644
-59.223214285682616
-59.22619047615882
-59.229166666635024
-59.2321428571112
-59.235119047587375
-59.23809523806358
-59.24107142853978
-59.24404761901596
-59.247023809492134
-59.24999999996834
-59.25297619044454
-59.25595238092072
-59.25892857139689
-59.2619047618731
-59.2648809523493
-59.26785714282548
-59.27083333330165
-59.27380952377786
-59.27678571425406
-59.279761904730236
-59.28273809520641
-59.285714285682616
-59.28869047615882
-59.291666666634995
-59.29464285711117
-59.297619047587375
-59.30059523806358
-59.303571428539755
-59.30654761901593
-59.309523809492134
-59.31249999996834
-59.315476190444514
-59.31845238092069
-59.32142857139689
-59.3244047618731
-59.32738095234927
-59.33035714282545
-59.33333333330165
-59.33630952377786
-59.33928571425403
-59.34226190473021
-59.34523809520641
-59.348214285682616
-59.35119047615879
-59.35416666663497
-59.35714285711117
-59.360119047587375
-59.36309523806355
-59.366071428539726
-59.36904761901593
-59.372023809492134
-59.37499999996831
-59.377976190444485
-59.38095238092069
-59.38392857139689
-59.38690476187307
-59.389880952349245
-59.39285714282545
-59.39583333330165
-59.39880952377783
-59.401785714254004
-59.40476190473021
-59.40773809520641
-59.41071428568259
-59.41369047615876
-59.41666666663497
-59.41964285711117
-59.42261904758735
-59.42559523806352
-59.428571428539726
-59.43154761901593
-59.434523809492106
-59.43749999996828
-59.440476190444485
-59.44345238092069
-59.446428571396865
-59.44940476187304
-59.452380952349245
-59.45535714282545
-59.458333333301624
-59.4613095237778
-59.464285714254004
-59.46726190473021
-59.47023809520638
-59.47321428568256
-59.47619047615876
-59.47916666663497
-59.48214285711114
-59.48511904758732
-59.48809523806352
-59.491071428539726
-59.4940476190159
-59.49702380949208
-59.49999999996828
-59.502976190444485
-59.50595238092066
-59.50892857139684
-59.51190476187304
-59.514880952349245
-59.51785714282542
-59.520833333301596
-59.5238095237778
-59.526785714254004
-59.52976190473018
-59.532738095206355
-59.53571428568256
-59.53869047615876
-59.54166666663494
-59.544642857111114
-59.54761904758732
-59.55059523806352
-59.5535714285397
-59.55654761901587
-59.55952380949208
-59.56249999996828
-59.56547619044446
-59.56845238092063
-59.57142857139684
-59.57440476187304
-59.577380952349216
-59.58035714282539
-59.583333333301596
-59.5863095237778
-59.589285714253975
-59.59226190473015
-59.595238095206355
-59.59821428568256
-59.601190476158735
-59.60416666663491
-59.607142857111114
-59.61011904758732
-59.613095238063494
-59.61607142853967
-59.61904761901587
-59.62202380949208
-59.62499999996825
-59.62797619044443
-59.63095238092063
-59.63392857139684
-59.63690476187301
-59.63988095234919
-59.64285714282539
-59.645833333301596
-59.64880952377777
-59.65178571425395
-59.65476190473015
-59.657738095206355
-59.66071428568253
-59.663690476158706
-59.66666666663491
-59.669642857111114
-59.67261904758729
-59.675595238063465
-59.67857142853967
-59.68154761901587
-59.68452380949205
-59.687499999968225
-59.69047619044443
-59.69345238092063
-59.69642857139681
-59.699404761872984
-59.70238095234919
-59.70535714282539
-59.70833333330157
-59.71130952377774
-59.71428571425395
-59.71726190473015
-59.72023809520633
-59.7232142856825
-59.726190476158706
-59.72916666663491
-59.732142857111086
-59.73511904758726
-59.738095238063465
-59.74107142853967
-59.744047619015845
-59.74702380949202
-59.749999999968225
-59.75297619044443
-59.755952380920604
-59.75892857139678
-59.761904761872984
-59.76488095234919
-59.76785714282536
-59.77083333330154
-59.77380952377774
-59.77678571425395
-59.77976190473012
-59.7827380952063
-59.7857142856825
-59.788690476158706
-59.79166666663488
-59.79464285711106
-59.79761904758726
-59.800595238063465
-59.80357142853964
-59.80654761901582
-59.80952380949202
-59.812499999968225
-59.8154761904444
-59.818452380920576
-59.82142857139678
-59.824404761872984
-59.82738095234916
-59.830357142825335
-59.83333333330154
-59.83630952377774
-59.83928571425392
-59.842261904730094
-59.8452380952063
-59.8482142856825
-59.85119047615868
-59.85416666663485
-59.85714285711106
-59.86011904758726
-59.86309523806344
-59.86607142853961
-59.86904761901582
-59.87202380949202
-59.874999999968196
-59.87797619044437
-59.880952380920576
-59.88392857139678
-59.886904761872955
-59.88988095234913
-59.892857142825335
-59.89583333330154
-59.898809523777715
-59.90178571425389
-59.904761904730094
-59.9077380952063
-59.910714285682474
-59.91369047615865
-59.91666666663485
-59.91964285711106
-59.92261904758723
-59.92559523806341
-59.92857142853961
-59.93154761901582
-59.93452380949199
-59.93749999996817
-59.94047619044437
-59.943452380920576
-59.94642857139675
-59.94940476187293
-59.95238095234913
-59.955357142825335
-59.95833333330151
-59.961309523777686
-59.96428571425389
-59.967261904730094
-59.97023809520627
-59.973214285682445
-59.97619047615865
-59.97916666663485
-59.98214285711103
-59.985119047587204
-59.98809523806341
-59.99107142853961
-59.99404761901579
-59.997023809491964
