lon1km
-180.0
-179.99107142857142
-179.98214285714283
-179.97321428571425
-179.96428571428567
-179.95535714285708
-179.9464285714285
-179.93749999999991
-179.92857142857133
-179.91964285714275
-179.91071428571416
-179.90178571428558
-179.892857142857
-179.8839285714284
-179.87499999999983
-179.86607142857125
-179.85714285714266
-179.84821428571408
-179.8392857142855
-179.8303571428569
-179.82142857142833
-179.81249999999974
-179.80357142857116
-179.79464285714258
-179.785714285714
-179.7767857142854
-179.76785714285683
-179.75892857142824
-179.74999999999966
-179.74107142857108
-179.7321428571425
-179.7232142857139
-179.71428571428532
-179.70535714285674
-179.69642857142816
-179.68749999999957
-179.678571428571
-179.6696428571424
-179.66071428571382
-179.65178571428524
-179.64285714285666
-179.63392857142807
-179.6249999999995
-179.6160714285709
-179.60714285714232
-179.59821428571374
-179.58928571428515
-179.58035714285657
-179.571428571428
-179.5624999999994
-179.55357142857082
-179.54464285714224
-179.53571428571365
-179.52678571428507
-179.51785714285649
-179.5089285714279
-179.49999999999932
-179.49107142857073
-179.48214285714215
-179.47321428571357
-179.46428571428498
-179.4553571428564
-179.44642857142782
-179.43749999999923
-179.42857142857065
-179.41964285714207
-179.41071428571348
-179.4017857142849
-179.39285714285631
-179.38392857142773
-179.37499999999915
-179.36607142857056
-179.35714285714198
-179.3482142857134
-179.3392857142848
-179.33035714285623
-179.32142857142765
-179.31249999999906
-179.30357142857048
-179.2946428571419
-179.2857142857133
-179.27678571428473
-179.26785714285614
-179.25892857142756
-179.24999999999898
-179.2410714285704
-179.2321428571418
-179.22321428571323
-179.21428571428464
-179.20535714285606
-179.19642857142748
-179.1874999999989
-179.1785714285703
-179.16964285714172
-179.16071428571314
-179.15178571428456
-179.14285714285597
-179.1339285714274
-179.1249999999988
-179.11607142857022
-179.10714285714164
-179.09821428571306
-179.08928571428447
-179.0803571428559
-179.0714285714273
-179.06249999999872
-179.05357142857014
-179.04464285714155
-179.03571428571297
-179.0267857142844
-179.0178571428558
-179.00892857142722
-178.99999999999864
-178.99107142857005
-178.98214285714147
-178.97321428571288
-178.9642857142843
-178.95535714285572
-178.94642857142713
-178.93749999999855
-178.92857142856997
-178.91964285714138
-178.9107142857128
-178.90178571428422
-178.89285714285563
-178.88392857142705
-178.87499999999847
-178.86607142856988
-178.8571428571413
-178.84821428571271
-178.83928571428413
-178.83035714285555
-178.82142857142696
-178.81249999999838
-178.8035714285698
-178.7946428571412
-178.78571428571263
-178.77678571428405
-178.76785714285546
-178.75892857142688
-178.7499999999983
-178.7410714285697
-178.73214285714113
-178.72321428571254
-178.71428571428396
-178.70535714285538
-178.6964285714268
-178.6874999999982
-178.67857142856963
-178.66964285714104
-178.66071428571246
-178.65178571428387
-178.6428571428553
-178.6339285714267
-178.62499999999812
-178.61607142856954
-178.60714285714096
-178.59821428571237
-178.5892857142838
-178.5803571428552
-178.57142857142662
-178.56249999999804
-178.55357142856946
-178.54464285714087
-178.5357142857123
-178.5267857142837
-178.51785714285512
-178.50892857142654
-178.49999999999795
-178.49107142856937
-178.4821428571408
-178.4732142857122
-178.46428571428362
-178.45535714285504
-178.44642857142645
-178.43749999999787
-178.42857142856928
-178.4196428571407
-178.41071428571212
-178.40178571428353
-178.39285714285495
-178.38392857142637
-178.37499999999778
-178.3660714285692
-178.35714285714062
-178.34821428571203
-178.33928571428345
-178.33035714285487
-178.32142857142628
-178.3124999999977
-178.30357142856911
-178.29464285714053
-178.28571428571195
-178.27678571428336
-178.26785714285478
-178.2589285714262
-178.2499999999976
-178.24107142856903
-178.23214285714045
-178.22321428571186
-178.21428571428328
-178.2053571428547
-178.1964285714261
-178.18749999999753
-178.17857142856894
-178.16964285714036
-178.16071428571178
-178.1517857142832
-178.1428571428546
-178.13392857142603
-178.12499999999744
-178.11607142856886
-178.10714285714027
-178.0982142857117
-178.0892857142831
-178.08035714285452
-178.07142857142594
-178.06249999999736
-178.05357142856877
-178.0446428571402
-178.0357142857116
-178.02678571428302
-178.01785714285444
-178.00892857142586
-177.99999999999727
-177.9910714285687
-177.9821428571401
-177.97321428571152
-177.96428571428294
-177.95535714285435
-177.94642857142577
-177.9374999999972
-177.9285714285686
-177.91964285714002
-177.91071428571144
-177.90178571428285
-177.89285714285427
-177.88392857142568
-177.8749999999971
-177.86607142856852
-177.85714285713993
-177.84821428571135
-177.83928571428277
-177.83035714285418
-177.8214285714256
-177.81249999999702
-177.80357142856843
-177.79464285713985
-177.78571428571126
-177.77678571428268
-177.7678571428541
-177.7589285714255
-177.74999999999693
-177.74107142856835
-177.73214285713976
-177.72321428571118
-177.7142857142826
-177.705357142854
-177.69642857142543
-177.68749999999685
-177.67857142856826
-177.66964285713968
-177.6607142857111
-177.6517857142825
-177.64285714285393
-177.63392857142534
-177.62499999999676
-177.61607142856818
-177.6071428571396
-177.598214285711
-177.58928571428243
-177.58035714285384
-177.57142857142526
-177.56249999999667
-177.5535714285681
-177.5446428571395
-177.53571428571092
-177.52678571428234
-177.51785714285376
-177.50892857142517
-177.4999999999966
-177.491071428568
-177.48214285713942
-177.47321428571084
-177.46428571428225
-177.45535714285367
-177.4464285714251
-177.4374999999965
-177.42857142856792
-177.41964285713934
-177.41071428571075
-177.40178571428217
-177.3928571428536
-177.383928571425
-177.37499999999642
-177.36607142856784
-177.35714285713925
-177.34821428571067
-177.33928571428208
-177.3303571428535
-177.32142857142492
-177.31249999999633
-177.30357142856775
-177.29464285713917
-177.28571428571058
-177.276785714282
-177.26785714285342
-177.25892857142483
-177.24999999999625
-177.24107142856766
-177.23214285713908
-177.2232142857105
-177.2142857142819
-177.20535714285333
-177.19642857142475
-177.18749999999616
-177.17857142856758
-177.169642857139
-177.1607142857104
-177.15178571428183
-177.14285714285325
-177.13392857142466
-177.12499999999608
-177.1160714285675
-177.1071428571389
-177.09821428571033
-177.08928571428174
-177.08035714285316
-177.07142857142458
-177.062499999996
-177.0535714285674
-177.04464285713883
-177.03571428571024
-177.02678571428166
-177.01785714285307
-177.0089285714245
-176.9999999999959
-176.99107142856732
-176.98214285713874
-176.97321428571016
-176.96428571428157
-176.955357142853
-176.9464285714244
-176.93749999999582
-176.92857142856724
-176.91964285713865
-176.91071428571007
-176.9017857142815
-176.8928571428529
-176.88392857142432
-176.87499999999574
-176.86607142856715
-176.85714285713857
-176.84821428571
-176.8392857142814
-176.83035714285282
-176.82142857142424
-176.81249999999565
-176.80357142856707
-176.79464285713848
-176.7857142857099
-176.77678571428132
-176.76785714285273
-176.75892857142415
-176.74999999999557
-176.74107142856698
-176.7321428571384
-176.72321428570982
-176.71428571428123
-176.70535714285265
-176.69642857142406
-176.68749999999548
-176.6785714285669
-176.6696428571383
-176.66071428570973
-176.65178571428115
-176.64285714285256
-176.63392857142398
-176.6249999999954
-176.6160714285668
-176.60714285713823
-176.59821428570964
-176.58928571428106
-176.58035714285248
-176.5714285714239
-176.5624999999953
-176.55357142856673
-176.54464285713814
-176.53571428570956
-176.52678571428098
-176.5178571428524
-176.5089285714238
-176.49999999999523
-176.49107142856664
-176.48214285713806
-176.47321428570947
-176.4642857142809
-176.4553571428523
-176.44642857142372
-176.43749999999514
-176.42857142856656
-176.41964285713797
-176.4107142857094
-176.4017857142808
-176.39285714285222
-176.38392857142364
-176.37499999999505
-176.36607142856647
-176.3571428571379
-176.3482142857093
-176.33928571428072
-176.33035714285214
-176.32142857142355
-176.31249999999497
-176.30357142856639
-176.2946428571378
-176.28571428570922
-176.27678571428063
-176.26785714285205
-176.25892857142347
-176.24999999999488
-176.2410714285663
-176.23214285713772
-176.22321428570913
-176.21428571428055
-176.20535714285197
-176.19642857142338
-176.1874999999948
-176.17857142856622
-176.16964285713763
-176.16071428570905
-176.15178571428046
-176.14285714285188
-176.1339285714233
-176.1249999999947
-176.11607142856613
-176.10714285713755
-176.09821428570896
-176.08928571428038
-176.0803571428518
-176.0714285714232
-176.06249999999463
-176.05357142856604
-176.04464285713746
-176.03571428570888
-176.0267857142803
-176.0178571428517
-176.00892857142313
-175.99999999999454
-175.99107142856596
-175.98214285713738
-175.9732142857088
-175.9642857142802
-175.95535714285162
-175.94642857142304
-175.93749999999446
-175.92857142856587
-175.9196428571373
-175.9107142857087
-175.90178571428012
-175.89285714285154
-175.88392857142296
-175.87499999999437
-175.8660714285658
-175.8571428571372
-175.84821428570862
-175.83928571428004
-175.83035714285145
-175.82142857142287
-175.8124999999943
-175.8035714285657
-175.79464285713712
-175.78571428570854
-175.77678571427995
-175.76785714285137
-175.75892857142279
-175.7499999999942
-175.74107142856562
-175.73214285713703
-175.72321428570845
-175.71428571427987
-175.70535714285128
-175.6964285714227
-175.68749999999412
-175.67857142856553
-175.66964285713695
-175.66071428570837
-175.65178571427978
-175.6428571428512
-175.63392857142262
-175.62499999999403
-175.61607142856545
-175.60714285713686
-175.59821428570828
-175.5892857142797
-175.5803571428511
-175.57142857142253
-175.56249999999395
-175.55357142856536
-175.54464285713678
-175.5357142857082
-175.5267857142796
-175.51785714285103
-175.50892857142244
-175.49999999999386
-175.49107142856528
-175.4821428571367
-175.4732142857081
-175.46428571427953
-175.45535714285094
-175.44642857142236
-175.43749999999378
-175.4285714285652
-175.4196428571366
-175.41071428570802
-175.40178571427944
-175.39285714285086
-175.38392857142227
-175.3749999999937
-175.3660714285651
-175.35714285713652
-175.34821428570794
-175.33928571427936
-175.33035714285077
-175.3214285714222
-175.3124999999936
-175.30357142856502
-175.29464285713644
-175.28571428570785
-175.27678571427927
-175.2678571428507
-175.2589285714221
-175.24999999999352
-175.24107142856494
-175.23214285713635
-175.22321428570777
-175.21428571427919
-175.2053571428506
-175.19642857142202
-175.18749999999343
-175.17857142856485
-175.16964285713627
-175.16071428570768
-175.1517857142791
-175.14285714285052
-175.13392857142193
-175.12499999999335
-175.11607142856477
-175.10714285713618
-175.0982142857076
-175.08928571427901
-175.08035714285043
-175.07142857142185
-175.06249999999326
-175.05357142856468
-175.0446428571361
-175.0357142857075
-175.02678571427893
-175.01785714285035
-175.00892857142176
-174.99999999999318
-174.9910714285646
-174.982142857136
-174.97321428570743
-174.96428571427884
-174.95535714285026
-174.94642857142168
-174.9374999999931
-174.9285714285645
-174.91964285713593
-174.91071428570734
-174.90178571427876
-174.89285714285018
-174.8839285714216
-174.874999999993
-174.86607142856442
-174.85714285713584
-174.84821428570726
-174.83928571427867
-174.8303571428501
-174.8214285714215
-174.81249999999292
-174.80357142856434
-174.79464285713576
-174.78571428570717
-174.7767857142786
-174.76785714285
-174.75892857142142
-174.74999999999284
-174.74107142856425
-174.73214285713567
-174.7232142857071
-174.7142857142785
-174.70535714284992
-174.69642857142134
-174.68749999999275
-174.67857142856417
-174.66964285713559
-174.660714285707
-174.65178571427842
-174.64285714284983
-174.63392857142125
-174.62499999999267
-174.61607142856408
-174.6071428571355
-174.59821428570692
-174.58928571427833
-174.58035714284975
-174.57142857142117
-174.56249999999258
-174.553571428564
-174.54464285713541
-174.53571428570683
-174.52678571427825
-174.51785714284966
-174.50892857142108
-174.4999999999925
-174.4910714285639
-174.48214285713533
-174.47321428570675
-174.46428571427816
-174.45535714284958
-174.446428571421
-174.4374999999924
-174.42857142856383
-174.41964285713524
-174.41071428570666
-174.40178571427808
-174.3928571428495
-174.3839285714209
-174.37499999999233
-174.36607142856374
-174.35714285713516
-174.34821428570658
-174.339285714278
-174.3303571428494
-174.32142857142082
-174.31249999999224
-174.30357142856366
-174.29464285713507
-174.2857142857065
-174.2767857142779
-174.26785714284932
-174.25892857142074
-174.24999999999216
-174.24107142856357
-174.232142857135
-174.2232142857064
-174.21428571427782
-174.20535714284924
-174.19642857142065
-174.18749999999207
-174.1785714285635
-174.1696428571349
-174.16071428570632
-174.15178571427774
-174.14285714284915
-174.13392857142057
-174.12499999999199
-174.1160714285634
-174.10714285713482
-174.09821428570623
-174.08928571427765
-174.08035714284907
-174.07142857142048
-174.0624999999919
-174.05357142856332
-174.04464285713473
-174.03571428570615
-174.02678571427757
-174.01785714284898
-174.0089285714204
-173.99999999999181
-173.99107142856323
-173.98214285713465
-173.97321428570606
-173.96428571427748
-173.9553571428489
-173.9464285714203
-173.93749999999173
-173.92857142856315
-173.91964285713456
-173.91071428570598
-173.9017857142774
-173.8928571428488
-173.88392857142023
-173.87499999999164
-173.86607142856306
-173.85714285713448
-173.8482142857059
-173.8392857142773
-173.83035714284873
-173.82142857142014
-173.81249999999156
-173.80357142856298
-173.7946428571344
-173.7857142857058
-173.77678571427722
-173.76785714284864
-173.75892857142006
-173.74999999999147
-173.7410714285629
-173.7321428571343
-173.72321428570572
-173.71428571427714
-173.70535714284856
-173.69642857141997
-173.6874999999914
-173.6785714285628
-173.66964285713422
-173.66071428570564
-173.65178571427705
-173.64285714284847
-173.6339285714199
-173.6249999999913
-173.61607142856272
-173.60714285713414
-173.59821428570555
-173.58928571427697
-173.58035714284838
-173.5714285714198
-173.56249999999122
-173.55357142856263
-173.54464285713405
-173.53571428570547
-173.52678571427688
-173.5178571428483
-173.50892857141972
-173.49999999999113
-173.49107142856255
-173.48214285713397
-173.47321428570538
-173.4642857142768
-173.45535714284821
-173.44642857141963
-173.43749999999105
-173.42857142856246
-173.41964285713388
-173.4107142857053
-173.4017857142767
-173.39285714284813
-173.38392857141955
-173.37499999999096
-173.36607142856238
-173.3571428571338
-173.3482142857052
-173.33928571427663
-173.33035714284804
-173.32142857141946
-173.31249999999088
-173.3035714285623
-173.2946428571337
-173.28571428570513
-173.27678571427654
-173.26785714284796
-173.25892857141937
-173.2499999999908
-173.2410714285622
-173.23214285713362
-173.22321428570504
-173.21428571427646
-173.20535714284787
-173.1964285714193
-173.1874999999907
-173.17857142856212
-173.16964285713354
-173.16071428570496
-173.15178571427637
-173.1428571428478
-173.1339285714192
-173.12499999999062
-173.11607142856204
-173.10714285713345
-173.09821428570487
-173.0892857142763
-173.0803571428477
-173.07142857141912
-173.06249999999054
-173.05357142856195
-173.04464285713337
-173.03571428570478
-173.0267857142762
-173.01785714284762
-173.00892857141903
-172.99999999999045
-172.99107142856187
-172.98214285713328
-172.9732142857047
-172.96428571427612
-172.95535714284753
-172.94642857141895
-172.93749999999037
-172.92857142856178
-172.9196428571332
-172.91071428570461
-172.90178571427603
-172.89285714284745
-172.88392857141886
-172.87499999999028
-172.8660714285617
-172.8571428571331
-172.84821428570453
-172.83928571427595
-172.83035714284736
-172.82142857141878
-172.8124999999902
-172.8035714285616
-172.79464285713303
-172.78571428570444
-172.77678571427586
-172.76785714284728
-172.7589285714187
-172.7499999999901
-172.74107142856153
-172.73214285713294
-172.72321428570436
-172.71428571427577
-172.7053571428472
-172.6964285714186
-172.68749999999002
-172.67857142856144
-172.66964285713286
-172.66071428570427
-172.6517857142757
-172.6428571428471
-172.63392857141852
-172.62499999998994
-172.61607142856136
-172.60714285713277
-172.5982142857042
-172.5892857142756
-172.58035714284702
-172.57142857141844
-172.56249999998985
-172.55357142856127
-172.5446428571327
-172.5357142857041
-172.52678571427552
-172.51785714284694
-172.50892857141835
-172.49999999998977
-172.49107142856118
-172.4821428571326
-172.47321428570402
-172.46428571427543
-172.45535714284685
-172.44642857141827
-172.43749999998968
-172.4285714285611
-172.41964285713252
-172.41071428570393
-172.40178571427535
-172.39285714284676
-172.38392857141818
-172.3749999999896
-172.366071428561
-172.35714285713243
-172.34821428570385
-172.33928571427526
-172.33035714284668
-172.3214285714181
-172.3124999999895
-172.30357142856093
-172.29464285713235
-172.28571428570376
-172.27678571427518
-172.2678571428466
-172.258928571418
-172.24999999998943
-172.24107142856084
-172.23214285713226
-172.22321428570368
-172.2142857142751
-172.2053571428465
-172.19642857141793
-172.18749999998934
-172.17857142856076
-172.16964285713217
-172.1607142857036
-172.151785714275
-172.14285714284642
-172.13392857141784
-172.12499999998926
-172.11607142856067
-172.1071428571321
-172.0982142857035
-172.08928571427492
-172.08035714284634
-172.07142857141775
-172.06249999998917
-172.0535714285606
-172.044642857132
-172.03571428570342
-172.02678571427484
-172.01785714284625
-172.00892857141767
-171.9999999999891
-171.9910714285605
-171.98214285713192
-171.97321428570334
-171.96428571427475
-171.95535714284617
-171.94642857141758
-171.937499999989
-171.92857142856042
-171.91964285713183
-171.91071428570325
-171.90178571427467
-171.89285714284608
-171.8839285714175
-171.87499999998892
-171.86607142856033
-171.85714285713175
-171.84821428570316
-171.83928571427458
-171.830357142846
-171.8214285714174
-171.81249999998883
-171.80357142856025
-171.79464285713166
-171.78571428570308
-171.7767857142745
-171.7678571428459
-171.75892857141733
-171.74999999998875
-171.74107142856016
-171.73214285713158
-171.723214285703
-171.7142857142744
-171.70535714284583
-171.69642857141724
-171.68749999998866
-171.67857142856008
-171.6696428571315
-171.6607142857029
-171.65178571427433
-171.64285714284574
-171.63392857141716
-171.62499999998857
-171.61607142856
-171.6071428571314
-171.59821428570282
-171.58928571427424
-171.58035714284566
-171.57142857141707
-171.5624999999885
-171.5535714285599
-171.54464285713132
-171.53571428570274
-171.52678571427415
-171.51785714284557
-171.508928571417
-171.4999999999884
-171.49107142855982
-171.48214285713124
-171.47321428570265
-171.46428571427407
-171.4553571428455
-171.4464285714169
-171.43749999998832
-171.42857142855974
-171.41964285713115
-171.41071428570257
-171.40178571427398
-171.3928571428454
-171.38392857141682
-171.37499999998823
-171.36607142855965
-171.35714285713107
-171.34821428570248
-171.3392857142739
-171.33035714284532
-171.32142857141673
-171.31249999998815
-171.30357142855956
-171.29464285713098
-171.2857142857024
-171.2767857142738
-171.26785714284523
-171.25892857141665
-171.24999999998806
-171.24107142855948
-171.2321428571309
-171.2232142857023
-171.21428571427373
-171.20535714284514
-171.19642857141656
-171.18749999998798
-171.1785714285594
-171.1696428571308
-171.16071428570223
-171.15178571427364
-171.14285714284506
-171.13392857141648
-171.1249999999879
-171.1160714285593
-171.10714285713073
-171.09821428570214
-171.08928571427356
-171.08035714284497
-171.0714285714164
-171.0624999999878
-171.05357142855922
-171.04464285713064
-171.03571428570206
-171.02678571427347
-171.0178571428449
-171.0089285714163
-170.99999999998772
-170.99107142855914
-170.98214285713055
-170.97321428570197
-170.9642857142734
-170.9553571428448
-170.94642857141622
-170.93749999998764
-170.92857142855905
-170.91964285713047
-170.91071428570189
-170.9017857142733
-170.89285714284472
-170.88392857141613
-170.87499999998755
-170.86607142855897
-170.85714285713038
-170.8482142857018
-170.83928571427322
-170.83035714284463
-170.82142857141605
-170.81249999998747
-170.80357142855888
-170.7946428571303
-170.78571428570172
-170.77678571427313
-170.76785714284455
-170.75892857141596
-170.74999999998738
-170.7410714285588
-170.7321428571302
-170.72321428570163
-170.71428571427305
-170.70535714284446
-170.69642857141588
-170.6874999999873
-170.6785714285587
-170.66964285713013
-170.66071428570154
-170.65178571427296
-170.64285714284438
-170.6339285714158
-170.6249999999872
-170.61607142855863
-170.60714285713004
-170.59821428570146
-170.58928571427288
-170.5803571428443
-170.5714285714157
-170.56249999998712
-170.55357142855854
-170.54464285712996
-170.53571428570137
-170.5267857142728
-170.5178571428442
-170.50892857141562
-170.49999999998704
-170.49107142855846
-170.48214285712987
-170.4732142857013
-170.4642857142727
-170.45535714284412
-170.44642857141554
-170.43749999998695
-170.42857142855837
-170.4196428571298
-170.4107142857012
-170.40178571427262
-170.39285714284404
-170.38392857141545
-170.37499999998687
-170.36607142855829
-170.3571428571297
-170.34821428570112
-170.33928571427253
-170.33035714284395
-170.32142857141537
-170.31249999998678
-170.3035714285582
-170.29464285712962
-170.28571428570103
-170.27678571427245
-170.26785714284387
-170.25892857141528
-170.2499999999867
-170.24107142855812
-170.23214285712953
-170.22321428570095
-170.21428571427236
-170.20535714284378
-170.1964285714152
-170.1874999999866
-170.17857142855803
-170.16964285712945
-170.16071428570086
-170.15178571427228
-170.1428571428437
-170.1339285714151
-170.12499999998653
-170.11607142855794
-170.10714285712936
-170.09821428570078
-170.0892857142722
-170.0803571428436
-170.07142857141503
-170.06249999998644
-170.05357142855786
-170.04464285712928
-170.0357142857007
-170.0267857142721
-170.01785714284352
-170.00892857141494
-169.99999999998636
-169.99107142855777
-169.9821428571292
-169.9732142857006
-169.96428571427202
-169.95535714284344
-169.94642857141486
-169.93749999998627
-169.9285714285577
-169.9196428571291
-169.91071428570052
-169.90178571427194
-169.89285714284335
-169.88392857141477
-169.8749999999862
-169.8660714285576
-169.85714285712902
-169.84821428570044
-169.83928571427185
-169.83035714284327
-169.82142857141469
-169.8124999999861
-169.80357142855752
-169.79464285712893
-169.78571428570035
-169.77678571427177
-169.76785714284318
-169.7589285714146
-169.74999999998602
-169.74107142855743
-169.73214285712885
-169.72321428570027
-169.71428571427168
-169.7053571428431
-169.69642857141451
-169.68749999998593
-169.67857142855735
-169.66964285712876
-169.66071428570018
-169.6517857142716
-169.642857142843
-169.63392857141443
-169.62499999998585
-169.61607142855726
-169.60714285712868
-169.5982142857001
-169.5892857142715
-169.58035714284293
-169.57142857141434
-169.56249999998576
-169.55357142855718
-169.5446428571286
-169.5357142857
-169.52678571427143
-169.51785714284284
-169.50892857141426
-169.49999999998568
-169.4910714285571
-169.4821428571285
-169.47321428569992
-169.46428571427134
-169.45535714284276
-169.44642857141417
-169.4374999999856
-169.428571428557
-169.41964285712842
-169.41071428569984
-169.40178571427126
-169.39285714284267
-169.3839285714141
-169.3749999999855
-169.36607142855692
-169.35714285712834
-169.34821428569975
-169.33928571427117
-169.3303571428426
-169.321428571414
-169.31249999998542
-169.30357142855684
-169.29464285712825
-169.28571428569967
-169.27678571427109
-169.2678571428425
-169.25892857141392
-169.24999999998533
-169.24107142855675
-169.23214285712817
-169.22321428569958
-169.214285714271
-169.20535714284242
-169.19642857141383
-169.18749999998525
-169.17857142855667
-169.16964285712808
-169.1607142856995
-169.15178571427091
-169.14285714284233
-169.13392857141375
-169.12499999998516
-169.11607142855658
-169.107142857128
-169.0982142856994
-169.08928571427083
-169.08035714284225
-169.07142857141366
-169.06249999998508
-169.0535714285565
-169.0446428571279
-169.03571428569933
-169.02678571427074
-169.01785714284216
-169.00892857141358
-168.999999999985
-168.9910714285564
-168.98214285712783
-168.97321428569924
-168.96428571427066
-168.95535714284208
-168.9464285714135
-168.9374999999849
-168.92857142855632
-168.91964285712774
-168.91071428569916
-168.90178571427057
-168.892857142842
-168.8839285714134
-168.87499999998482
-168.86607142855624
-168.85714285712766
-168.84821428569907
-168.8392857142705
-168.8303571428419
-168.82142857141332
-168.81249999998474
-168.80357142855615
-168.79464285712757
-168.785714285699
-168.7767857142704
-168.76785714284182
-168.75892857141324
-168.74999999998465
-168.74107142855607
-168.73214285712749
-168.7232142856989
-168.71428571427032
-168.70535714284173
-168.69642857141315
-168.68749999998457
-168.67857142855598
-168.6696428571274
-168.66071428569882
-168.65178571427023
-168.64285714284165
-168.63392857141307
-168.62499999998448
-168.6160714285559
-168.60714285712731
-168.59821428569873
-168.58928571427015
-168.58035714284156
-168.57142857141298
-168.5624999999844
-168.5535714285558
-168.54464285712723
-168.53571428569865
-168.52678571427006
-168.51785714284148
-168.5089285714129
-168.4999999999843
-168.49107142855573
-168.48214285712714
-168.47321428569856
-168.46428571426998
-168.4553571428414
-168.4464285714128
-168.43749999998423
-168.42857142855564
-168.41964285712706
-168.41071428569848
-168.4017857142699
-168.3928571428413
-168.38392857141272
-168.37499999998414
-168.36607142855556
-168.35714285712697
-168.3482142856984
-168.3392857142698
-168.33035714284122
-168.32142857141264
-168.31249999998406
-168.30357142855547
-168.2946428571269
-168.2857142856983
-168.27678571426972
-168.26785714284114
-168.25892857141255
-168.24999999998397
-168.2410714285554
-168.2321428571268
-168.22321428569822
-168.21428571426964
-168.20535714284105
-168.19642857141247
-168.18749999998388
-168.1785714285553
-168.16964285712672
-168.16071428569813
-168.15178571426955
-168.14285714284097
-168.13392857141238
-168.1249999999838
-168.11607142855522
-168.10714285712663
-168.09821428569805
-168.08928571426947
-168.08035714284088
-168.0714285714123
-168.06249999998371
-168.05357142855513
-168.04464285712655
-168.03571428569796
-168.02678571426938
-168.0178571428408
-168.0089285714122
-167.99999999998363
-167.99107142855505
-167.98214285712646
-167.97321428569788
-167.9642857142693
-167.9553571428407
-167.94642857141213
-167.93749999998354
-167.92857142855496
-167.91964285712638
-167.9107142856978
-167.9017857142692
-167.89285714284063
-167.88392857141204
-167.87499999998346
-167.86607142855487
-167.8571428571263
-167.8482142856977
-167.83928571426912
-167.83035714284054
-167.82142857141196
-167.81249999998337
-167.8035714285548
-167.7946428571262
-167.78571428569762
-167.77678571426904
-167.76785714284046
-167.75892857141187
-167.7499999999833
-167.7410714285547
-167.73214285712612
-167.72321428569754
-167.71428571426895
-167.70535714284037
-167.6964285714118
-167.6874999999832
-167.67857142855462
-167.66964285712604
-167.66071428569745
-167.65178571426887
-167.64285714284028
-167.6339285714117
-167.62499999998312
-167.61607142855453
-167.60714285712595
-167.59821428569737
-167.58928571426878
-167.5803571428402
-167.57142857141162
-167.56249999998303
-167.55357142855445
-167.54464285712587
-167.53571428569728
-167.5267857142687
-167.5178571428401
-167.50892857141153
-167.49999999998295
-167.49107142855436
-167.48214285712578
-167.4732142856972
-167.4642857142686
-167.45535714284003
-167.44642857141145
-167.43749999998286
-167.42857142855428
-167.4196428571257
-167.4107142856971
-167.40178571426853
-167.39285714283994
-167.38392857141136
-167.37499999998278
-167.3660714285542
-167.3571428571256
-167.34821428569703
-167.33928571426844
-167.33035714283986
-167.32142857141127
-167.3124999999827
-167.3035714285541
-167.29464285712552
-167.28571428569694
-167.27678571426836
-167.26785714283977
-167.2589285714112
-167.2499999999826
-167.24107142855402
-167.23214285712544
-167.22321428569686
-167.21428571426827
-167.2053571428397
-167.1964285714111
-167.18749999998252
-167.17857142855394
-167.16964285712535
-167.16071428569677
-167.1517857142682
-167.1428571428396
-167.13392857141102
-167.12499999998244
-167.11607142855385
-167.10714285712527
-167.09821428569668
-167.0892857142681
-167.08035714283952
-167.07142857141093
-167.06249999998235
-167.05357142855377
-167.04464285712518
-167.0357142856966
-167.02678571426802
-167.01785714283943
-167.00892857141085
-166.99999999998226
-166.99107142855368
-166.9821428571251
-166.9732142856965
-166.96428571426793
-166.95535714283935
-166.94642857141076
-166.93749999998218
-166.9285714285536
-166.919642857125
-166.91071428569643
-166.90178571426785
-166.89285714283926
-166.88392857141068
-166.8749999999821
-166.8660714285535
-166.85714285712493
-166.84821428569634
-166.83928571426776
-166.83035714283918
-166.8214285714106
-166.812499999982
-166.80357142855343
-166.79464285712484
-166.78571428569626
-166.77678571426767
-166.7678571428391
-166.7589285714105
-166.74999999998192
-166.74107142855334
-166.73214285712476
-166.72321428569617
-166.7142857142676
-166.705357142839
-166.69642857141042
-166.68749999998184
-166.67857142855325
-166.66964285712467
-166.6607142856961
-166.6517857142675
-166.64285714283892
-166.63392857141034
-166.62499999998175
-166.61607142855317
-166.6071428571246
-166.598214285696
-166.58928571426742
-166.58035714283884
-166.57142857141025
-166.56249999998167
-166.55357142855308
-166.5446428571245
-166.53571428569592
-166.52678571426733
-166.51785714283875
-166.50892857141017
-166.49999999998158
-166.491071428553
-166.48214285712442
-166.47321428569583
-166.46428571426725
-166.45535714283866
-166.44642857141008
-166.4374999999815
-166.4285714285529
-166.41964285712433
-166.41071428569575
-166.40178571426716
-166.39285714283858
-166.38392857141
-166.3749999999814
-166.36607142855283
-166.35714285712424
-166.34821428569566
-166.33928571426708
-166.3303571428385
-166.3214285714099
-166.31249999998133
-166.30357142855274
-166.29464285712416
-166.28571428569558
-166.276785714267
-166.2678571428384
-166.25892857140983
-166.24999999998124
-166.24107142855266
-166.23214285712407
-166.2232142856955
-166.2142857142669
-166.20535714283832
-166.19642857140974
-166.18749999998116
-166.17857142855257
-166.169642857124
-166.1607142856954
-166.15178571426682
-166.14285714283824
-166.13392857140965
-166.12499999998107
-166.1160714285525
-166.1071428571239
-166.09821428569532
-166.08928571426674
-166.08035714283815
-166.07142857140957
-166.062499999981
-166.0535714285524
-166.04464285712382
-166.03571428569524
-166.02678571426665
-166.01785714283807
-166.00892857140948
-165.9999999999809
-165.99107142855232
-165.98214285712373
-165.97321428569515
-165.96428571426657
-165.95535714283798
-165.9464285714094
-165.93749999998082
-165.92857142855223
-165.91964285712365
-165.91071428569506
-165.90178571426648
-165.8928571428379
-165.8839285714093
-165.87499999998073
-165.86607142855215
-165.85714285712356
-165.84821428569498
-165.8392857142664
-165.8303571428378
-165.82142857140923
-165.81249999998064
-165.80357142855206
-165.79464285712348
-165.7857142856949
-165.7767857142663
-165.76785714283773
-165.75892857140914
-165.74999999998056
-165.74107142855198
-165.7321428571234
-165.7232142856948
-165.71428571426623
-165.70535714283764
-165.69642857140906
-165.68749999998047
-165.6785714285519
-165.6696428571233
-165.66071428569472
-165.65178571426614
-165.64285714283756
-165.63392857140897
-165.6249999999804
-165.6160714285518
-165.60714285712322
-165.59821428569464
-165.58928571426605
-165.58035714283747
-165.5714285714089
-165.5624999999803
-165.55357142855172
-165.54464285712314
-165.53571428569455
-165.52678571426597
-165.51785714283739
-165.5089285714088
-165.49999999998022
-165.49107142855163
-165.48214285712305
-165.47321428569447
-165.46428571426588
-165.4553571428373
-165.44642857140872
-165.43749999998013
-165.42857142855155
-165.41964285712297
-165.41071428569438
-165.4017857142658
-165.39285714283722
-165.38392857140863
-165.37499999998005
-165.36607142855146
-165.35714285712288
-165.3482142856943
-165.3392857142657
-165.33035714283713
-165.32142857140855
-165.31249999997996
-165.30357142855138
-165.2946428571228
-165.2857142856942
-165.27678571426563
-165.26785714283704
-165.25892857140846
-165.24999999997988
-165.2410714285513
-165.2321428571227
-165.22321428569413
-165.21428571426554
-165.20535714283696
-165.19642857140838
-165.1874999999798
-165.1785714285512
-165.16964285712262
-165.16071428569404
-165.15178571426546
-165.14285714283687
-165.1339285714083
-165.1249999999797
-165.11607142855112
-165.10714285712254
-165.09821428569396
-165.08928571426537
-165.0803571428368
-165.0714285714082
-165.06249999997962
-165.05357142855104
-165.04464285712245
-165.03571428569387
-165.0267857142653
-165.0178571428367
-165.00892857140812
-164.99999999997954
-164.99107142855095
-164.98214285712237
-164.97321428569379
-164.9642857142652
-164.95535714283662
-164.94642857140803
-164.93749999997945
-164.92857142855087
-164.91964285712228
-164.9107142856937
-164.90178571426512
-164.89285714283653
-164.88392857140795
-164.87499999997937
-164.86607142855078
-164.8571428571222
-164.84821428569362
-164.83928571426503
-164.83035714283645
-164.82142857140786
-164.81249999997928
-164.8035714285507
-164.7946428571221
-164.78571428569353
-164.77678571426495
-164.76785714283636
-164.75892857140778
-164.7499999999792
-164.7410714285506
-164.73214285712203
-164.72321428569344
-164.71428571426486
-164.70535714283628
-164.6964285714077
-164.6874999999791
-164.67857142855053
-164.66964285712194
-164.66071428569336
-164.65178571426478
-164.6428571428362
-164.6339285714076
-164.62499999997902
-164.61607142855044
-164.60714285712186
-164.59821428569327
-164.5892857142647
-164.5803571428361
-164.57142857140752
-164.56249999997894
-164.55357142855036
-164.54464285712177
-164.5357142856932
-164.5267857142646
-164.51785714283602
-164.50892857140744
-164.49999999997885
-164.49107142855027
-164.4821428571217
-164.4732142856931
-164.46428571426452
-164.45535714283594
-164.44642857140735
-164.43749999997877
-164.42857142855019
-164.4196428571216
-164.41071428569302
-164.40178571426443
-164.39285714283585
-164.38392857140727
-164.37499999997868
-164.3660714285501
-164.35714285712152
-164.34821428569293
-164.33928571426435
-164.33035714283577
-164.32142857140718
-164.3124999999786
-164.30357142855001
-164.29464285712143
-164.28571428569285
-164.27678571426426
-164.26785714283568
-164.2589285714071
-164.2499999999785
-164.24107142854993
-164.23214285712135
-164.22321428569276
-164.21428571426418
-164.2053571428356
-164.196428571407
-164.18749999997843
-164.17857142854984
-164.16964285712126
-164.16071428569268
-164.1517857142641
-164.1428571428355
-164.13392857140693
-164.12499999997834
-164.11607142854976
-164.10714285712118
-164.0982142856926
-164.089285714264
-164.08035714283542
-164.07142857140684
-164.06249999997826
-164.05357142854967
-164.0446428571211
-164.0357142856925
-164.02678571426392
-164.01785714283534
-164.00892857140676
-163.99999999997817
-163.9910714285496
-163.982142857121
-163.97321428569242
-163.96428571426384
-163.95535714283525
-163.94642857140667
-163.9374999999781
-163.9285714285495
-163.91964285712092
-163.91071428569234
-163.90178571426375
-163.89285714283517
-163.88392857140659
-163.874999999978
-163.86607142854942
-163.85714285712083
-163.84821428569225
-163.83928571426367
-163.83035714283508
-163.8214285714065
-163.81249999997792
-163.80357142854933
-163.79464285712075
-163.78571428569217
-163.77678571426358
-163.767857142835
-163.75892857140641
-163.74999999997783
-163.74107142854925
-163.73214285712066
-163.72321428569208
-163.7142857142635
-163.7053571428349
-163.69642857140633
-163.68749999997775
-163.67857142854916
-163.66964285712058
-163.660714285692
-163.6517857142634
-163.64285714283483
-163.63392857140624
-163.62499999997766
-163.61607142854908
-163.6071428571205
-163.5982142856919
-163.58928571426333
-163.58035714283474
-163.57142857140616
-163.56249999997758
-163.553571428549
-163.5446428571204
-163.53571428569182
-163.52678571426324
-163.51785714283466
-163.50892857140607
-163.4999999999775
-163.4910714285489
-163.48214285712032
-163.47321428569174
-163.46428571426316
-163.45535714283457
-163.446428571406
-163.4374999999774
-163.42857142854882
-163.41964285712024
-163.41071428569165
-163.40178571426307
-163.3928571428345
-163.3839285714059
-163.37499999997732
-163.36607142854874
-163.35714285712015
-163.34821428569157
-163.33928571426299
-163.3303571428344
-163.32142857140582
-163.31249999997723
-163.30357142854865
-163.29464285712007
-163.28571428569148
-163.2767857142629
-163.26785714283432
-163.25892857140573
-163.24999999997715
-163.24107142854857
-163.23214285711998
-163.2232142856914
-163.21428571426281
-163.20535714283423
-163.19642857140565
-163.18749999997706
-163.17857142854848
-163.1696428571199
-163.1607142856913
-163.15178571426273
-163.14285714283415
-163.13392857140556
-163.12499999997698
-163.1160714285484
-163.1071428571198
-163.09821428569123
-163.08928571426264
-163.08035714283406
-163.07142857140548
-163.0624999999769
-163.0535714285483
-163.04464285711973
-163.03571428569114
-163.02678571426256
-163.01785714283398
-163.0089285714054
-162.9999999999768
-162.99107142854822
-162.98214285711964
-162.97321428569106
-162.96428571426247
-162.9553571428339
-162.9464285714053
-162.93749999997672
-162.92857142854814
-162.91964285711956
-162.91071428569097
-162.9017857142624
-162.8928571428338
-162.88392857140522
-162.87499999997664
-162.86607142854805
-162.85714285711947
-162.8482142856909
-162.8392857142623
-162.83035714283372
-162.82142857140514
-162.81249999997655
-162.80357142854797
-162.79464285711938
-162.7857142856908
-162.77678571426222
-162.76785714283363
-162.75892857140505
-162.74999999997647
-162.74107142854788
-162.7321428571193
-162.72321428569072
-162.71428571426213
-162.70535714283355
-162.69642857140497
-162.68749999997638
-162.6785714285478
-162.66964285711921
-162.66071428569063
-162.65178571426205
-162.64285714283346
-162.63392857140488
-162.6249999999763
-162.6160714285477
-162.60714285711913
-162.59821428569055
-162.58928571426196
-162.58035714283338
-162.5714285714048
-162.5624999999762
-162.55357142854763
-162.54464285711904
-162.53571428569046
-162.52678571426188
-162.5178571428333
-162.5089285714047
-162.49999999997613
-162.49107142854754
-162.48214285711896
-162.47321428569037
-162.4642857142618
-162.4553571428332
-162.44642857140462
-162.43749999997604
-162.42857142854746
-162.41964285711887
-162.4107142856903
-162.4017857142617
-162.39285714283312
-162.38392857140454
-162.37499999997596
-162.36607142854737
-162.3571428571188
-162.3482142856902
-162.33928571426162
-162.33035714283304
-162.32142857140445
-162.31249999997587
-162.3035714285473
-162.2946428571187
-162.28571428569012
-162.27678571426154
-162.26785714283295
-162.25892857140437
-162.24999999997578
-162.2410714285472
-162.23214285711862
-162.22321428569003
-162.21428571426145
-162.20535714283287
-162.19642857140428
-162.1874999999757
-162.17857142854712
-162.16964285711853
-162.16071428568995
-162.15178571426137
-162.14285714283278
-162.1339285714042
-162.1249999999756
-162.11607142854703
-162.10714285711845
-162.09821428568986
-162.08928571426128
-162.0803571428327
-162.0714285714041
-162.06249999997553
-162.05357142854695
-162.04464285711836
-162.03571428568978
-162.0267857142612
-162.0178571428326
-162.00892857140403
-161.99999999997544
-161.99107142854686
-161.98214285711828
-161.9732142856897
-161.9642857142611
-161.95535714283253
-161.94642857140394
-161.93749999997536
-161.92857142854677
-161.9196428571182
-161.9107142856896
-161.90178571426102
-161.89285714283244
-161.88392857140386
-161.87499999997527
-161.8660714285467
-161.8571428571181
-161.84821428568952
-161.83928571426094
-161.83035714283236
-161.82142857140377
-161.8124999999752
-161.8035714285466
-161.79464285711802
-161.78571428568944
-161.77678571426085
-161.76785714283227
-161.7589285714037
-161.7499999999751
-161.74107142854652
-161.73214285711794
-161.72321428568935
-161.71428571426077
-161.70535714283218
-161.6964285714036
-161.68749999997502
-161.67857142854643
-161.66964285711785
-161.66071428568927
-161.65178571426068
-161.6428571428321
-161.63392857140352
-161.62499999997493
-161.61607142854635
-161.60714285711776
-161.59821428568918
-161.5892857142606
-161.580357142832
-161.57142857140343
-161.56249999997485
-161.55357142854626
-161.54464285711768
-161.5357142856891
-161.5267857142605
-161.51785714283193
-161.50892857140335
-161.49999999997476
-161.49107142854618
-161.4821428571176
-161.473214285689
-161.46428571426043
-161.45535714283184
-161.44642857140326
-161.43749999997468
-161.4285714285461
-161.4196428571175
-161.41071428568893
-161.40178571426034
-161.39285714283176
-161.38392857140317
-161.3749999999746
-161.366071428546
-161.35714285711742
-161.34821428568884
-161.33928571426026
-161.33035714283167
-161.3214285714031
-161.3124999999745
-161.30357142854592
-161.29464285711734
-161.28571428568875
-161.27678571426017
-161.2678571428316
-161.258928571403
-161.24999999997442
-161.24107142854584
-161.23214285711725
-161.22321428568867
-161.2142857142601
-161.2053571428315
-161.19642857140292
-161.18749999997434
-161.17857142854575
-161.16964285711717
-161.16071428568858
-161.15178571426
-161.14285714283142
-161.13392857140283
-161.12499999997425
-161.11607142854567
-161.10714285711708
-161.0982142856885
-161.08928571425992
-161.08035714283133
-161.07142857140275
-161.06249999997416
-161.05357142854558
-161.044642857117
-161.0357142856884
-161.02678571425983
-161.01785714283125
-161.00892857140266
-160.99999999997408
-160.9910714285455
-160.9821428571169
-160.97321428568833
-160.96428571425974
-160.95535714283116
-160.94642857140258
-160.937499999974
-160.9285714285454
-160.91964285711683
-160.91071428568824
-160.90178571425966
-160.89285714283108
-160.8839285714025
-160.8749999999739
-160.86607142854533
-160.85714285711674
-160.84821428568816
-160.83928571425957
-160.830357142831
-160.8214285714024
-160.81249999997382
-160.80357142854524
-160.79464285711666
-160.78571428568807
-160.7767857142595
-160.7678571428309
-160.75892857140232
-160.74999999997374
-160.74107142854515
-160.73214285711657
-160.723214285688
-160.7142857142594
-160.70535714283082
-160.69642857140224
-160.68749999997365
-160.67857142854507
-160.6696428571165
-160.6607142856879
-160.65178571425932
-160.64285714283074
-160.63392857140215
-160.62499999997357
-160.61607142854498
-160.6071428571164
-160.59821428568782
-160.58928571425923
-160.58035714283065
-160.57142857140207
-160.56249999997348
-160.5535714285449
-160.54464285711632
-160.53571428568773
-160.52678571425915
-160.51785714283056
-160.50892857140198
-160.4999999999734
-160.4910714285448
-160.48214285711623
-160.47321428568765
-160.46428571425906
-160.45535714283048
-160.4464285714019
-160.4374999999733
-160.42857142854473
-160.41964285711614
-160.41071428568756
-160.40178571425898
-160.3928571428304
-160.3839285714018
-160.37499999997323
-160.36607142854464
-160.35714285711606
-160.34821428568748
-160.3392857142589
-160.3303571428303
-160.32142857140173
-160.31249999997314
-160.30357142854456
-160.29464285711597
-160.2857142856874
-160.2767857142588
-160.26785714283022
-160.25892857140164
-160.24999999997306
-160.24107142854447
-160.2321428571159
-160.2232142856873
-160.21428571425872
-160.20535714283014
-160.19642857140155
-160.18749999997297
-160.1785714285444
-160.1696428571158
-160.16071428568722
-160.15178571425864
-160.14285714283005
-160.13392857140147
-160.12499999997289
-160.1160714285443
-160.10714285711572
-160.09821428568713
-160.08928571425855
-160.08035714282997
-160.07142857140138
-160.0624999999728
-160.05357142854422
-160.04464285711563
-160.03571428568705
-160.02678571425847
-160.01785714282988
-160.0089285714013
-159.99999999997272
-159.99107142854413
-159.98214285711555
-159.97321428568696
-159.96428571425838
-159.9553571428298
-159.9464285714012
-159.93749999997263
-159.92857142854405
-159.91964285711546
-159.91071428568688
-159.9017857142583
-159.8928571428297
-159.88392857140113
-159.87499999997254
-159.86607142854396
-159.85714285711538
-159.8482142856868
-159.8392857142582
-159.83035714282963
-159.82142857140104
-159.81249999997246
-159.80357142854388
-159.7946428571153
-159.7857142856867
-159.77678571425812
-159.76785714282954
-159.75892857140096
-159.74999999997237
-159.7410714285438
-159.7321428571152
-159.72321428568662
-159.71428571425804
-159.70535714282946
-159.69642857140087
-159.6874999999723
-159.6785714285437
-159.66964285711512
-159.66071428568654
-159.65178571425795
-159.64285714282937
-159.6339285714008
-159.6249999999722
-159.61607142854362
-159.60714285711504
-159.59821428568645
-159.58928571425787
-159.58035714282929
-159.5714285714007
-159.56249999997212
-159.55357142854353
-159.54464285711495
-159.53571428568637
-159.52678571425778
-159.5178571428292
-159.50892857140062
-159.49999999997203
-159.49107142854345
-159.48214285711487
-159.47321428568628
-159.4642857142577
-159.45535714282911
-159.44642857140053
-159.43749999997195
-159.42857142854336
-159.41964285711478
-159.4107142856862
-159.4017857142576
-159.39285714282903
-159.38392857140045
-159.37499999997186
-159.36607142854328
-159.3571428571147
-159.3482142856861
-159.33928571425753
-159.33035714282894
-159.32142857140036
-159.31249999997178
-159.3035714285432
-159.2946428571146
-159.28571428568603
-159.27678571425744
-159.26785714282886
-159.25892857140028
-159.2499999999717
-159.2410714285431
-159.23214285711452
-159.22321428568594
-159.21428571425736
-159.20535714282877
-159.1964285714002
-159.1874999999716
-159.17857142854302
-159.16964285711444
-159.16071428568586
-159.15178571425727
-159.1428571428287
-159.1339285714001
-159.12499999997152
-159.11607142854294
-159.10714285711435
-159.09821428568577
-159.0892857142572
-159.0803571428286
-159.07142857140002
-159.06249999997144
-159.05357142854285
-159.04464285711427
-159.03571428568569
-159.0267857142571
-159.01785714282852
-159.00892857139993
-158.99999999997135
-158.99107142854277
-158.98214285711418
-158.9732142856856
-158.96428571425702
-158.95535714282843
-158.94642857139985
-158.93749999997127
-158.92857142854268
-158.9196428571141
-158.91071428568551
-158.90178571425693
-158.89285714282835
-158.88392857139976
-158.87499999997118
-158.8660714285426
-158.857142857114
-158.84821428568543
-158.83928571425685
-158.83035714282826
-158.82142857139968
-158.8124999999711
-158.8035714285425
-158.79464285711393
-158.78571428568534
-158.77678571425676
-158.76785714282818
-158.7589285713996
-158.749999999971
-158.74107142854243
-158.73214285711384
-158.72321428568526
-158.71428571425668
-158.7053571428281
-158.6964285713995
-158.68749999997092
-158.67857142854234
-158.66964285711376
-158.66071428568517
-158.6517857142566
-158.642857142828
-158.63392857139942
-158.62499999997084
-158.61607142854226
-158.60714285711367
-158.5982142856851
-158.5892857142565
-158.58035714282792
-158.57142857139934
-158.56249999997075
-158.55357142854217
-158.5446428571136
-158.535714285685
-158.52678571425642
-158.51785714282784
-158.50892857139925
-158.49999999997067
-158.49107142854209
-158.4821428571135
-158.47321428568492
-158.46428571425633
-158.45535714282775
-158.44642857139917
-158.43749999997058
-158.428571428542
-158.41964285711342
-158.41071428568483
-158.40178571425625
-158.39285714282767
-158.38392857139908
-158.3749999999705
-158.36607142854191
-158.35714285711333
-158.34821428568475
-158.33928571425616
-158.33035714282758
-158.321428571399
-158.3124999999704
-158.30357142854183
-158.29464285711325
-158.28571428568466
-158.27678571425608
-158.2678571428275
-158.2589285713989
-158.24999999997033
-158.24107142854174
-158.23214285711316
-158.22321428568458
-158.214285714256
-158.2053571428274
-158.19642857139883
-158.18749999997024
-158.17857142854166
-158.16964285711308
-158.1607142856845
-158.1517857142559
-158.14285714282732
-158.13392857139874
-158.12499999997016
-158.11607142854157
-158.107142857113
-158.0982142856844
-158.08928571425582
-158.08035714282724
-158.07142857139866
-158.06249999997007
-158.0535714285415
-158.0446428571129
-158.03571428568432
-158.02678571425574
-158.01785714282715
-158.00892857139857
-157.99999999997
-157.9910714285414
-157.98214285711282
-157.97321428568424
-157.96428571425565
-157.95535714282707
-157.94642857139849
-157.9374999999699
-157.92857142854132
-157.91964285711273
-157.91071428568415
-157.90178571425557
-157.89285714282698
-157.8839285713984
-157.87499999996982
-157.86607142854123
-157.85714285711265
-157.84821428568407
-157.83928571425548
-157.8303571428269
-157.82142857139831
-157.81249999996973
-157.80357142854115
-157.79464285711256
-157.78571428568398
-157.7767857142554
-157.7678571428268
-157.75892857139823
-157.74999999996965
-157.74107142854106
-157.73214285711248
-157.7232142856839
-157.7142857142553
-157.70535714282673
-157.69642857139814
-157.68749999996956
-157.67857142854098
-157.6696428571124
-157.6607142856838
-157.65178571425523
-157.64285714282664
-157.63392857139806
-157.62499999996948
-157.6160714285409
-157.6071428571123
-157.59821428568372
-157.58928571425514
-157.58035714282656
-157.57142857139797
-157.5624999999694
-157.5535714285408
-157.54464285711222
-157.53571428568364
-157.52678571425506
-157.51785714282647
-157.5089285713979
-157.4999999999693
-157.49107142854072
-157.48214285711214
-157.47321428568355
-157.46428571425497
-157.4553571428264
-157.4464285713978
-157.43749999996922
-157.42857142854064
-157.41964285711205
-157.41071428568347
-157.40178571425488
-157.3928571428263
-157.38392857139772
-157.37499999996913
-157.36607142854055
-157.35714285711197
-157.34821428568338
-157.3392857142548
-157.33035714282622
-157.32142857139763
-157.31249999996905
-157.30357142854047
-157.29464285711188
-157.2857142856833
-157.27678571425471
-157.26785714282613
-157.25892857139755
-157.24999999996896
-157.24107142854038
-157.2321428571118
-157.2232142856832
-157.21428571425463
-157.20535714282605
-157.19642857139746
-157.18749999996888
-157.1785714285403
-157.1696428571117
-157.16071428568313
-157.15178571425454
-157.14285714282596
-157.13392857139738
-157.1249999999688
-157.1160714285402
-157.10714285711163
-157.09821428568304
-157.08928571425446
-157.08035714282587
-157.0714285713973
-157.0624999999687
-157.05357142854012
-157.04464285711154
-157.03571428568296
-157.02678571425437
-157.0178571428258
-157.0089285713972
-156.99999999996862
-156.99107142854004
-156.98214285711146
-156.97321428568287
-156.9642857142543
-156.9553571428257
-156.94642857139712
-156.93749999996854
-156.92857142853995
-156.91964285711137
-156.9107142856828
-156.9017857142542
-156.89285714282562
-156.88392857139704
-156.87499999996845
-156.86607142853987
-156.85714285711128
-156.8482142856827
-156.83928571425412
-156.83035714282553
-156.82142857139695
-156.81249999996837
-156.80357142853978
-156.7946428571112
-156.78571428568262
-156.77678571425403
-156.76785714282545
-156.75892857139686
-156.74999999996828
-156.7410714285397
-156.7321428571111
-156.72321428568253
-156.71428571425395
-156.70535714282536
-156.69642857139678
-156.6874999999682
-156.6785714285396
-156.66964285711103
-156.66071428568245
-156.65178571425386
-156.64285714282528
-156.6339285713967
-156.6249999999681
-156.61607142853953
-156.60714285711094
-156.59821428568236
-156.58928571425378
-156.5803571428252
-156.5714285713966
-156.56249999996803
-156.55357142853944
-156.54464285711086
-156.53571428568227
-156.5267857142537
-156.5178571428251
-156.50892857139652
-156.49999999996794
-156.49107142853936
-156.48214285711077
-156.4732142856822
-156.4642857142536
-156.45535714282502
-156.44642857139644
-156.43749999996786
-156.42857142853927
-156.4196428571107
-156.4107142856821
-156.40178571425352
-156.39285714282494
-156.38392857139635
-156.37499999996777
-156.3660714285392
-156.3571428571106
-156.34821428568202
-156.33928571425344
-156.33035714282485
-156.32142857139627
-156.31249999996768
-156.3035714285391
-156.29464285711052
-156.28571428568193
-156.27678571425335
-156.26785714282477
-156.25892857139618
-156.2499999999676
-156.24107142853902
-156.23214285711043
-156.22321428568185
-156.21428571425326
-156.20535714282468
-156.1964285713961
-156.1874999999675
-156.17857142853893
-156.16964285711035
-156.16071428568176
-156.15178571425318
-156.1428571428246
-156.133928571396
-156.12499999996743
-156.11607142853885
-156.10714285711026
-156.09821428568168
-156.0892857142531
-156.0803571428245
-156.07142857139593
-156.06249999996734
-156.05357142853876
-156.04464285711018
-156.0357142856816
-156.026785714253
-156.01785714282443
-156.00892857139584
-155.99999999996726
-155.99107142853867
-155.9821428571101
-155.9732142856815
-155.96428571425292
-155.95535714282434
-155.94642857139576
-155.93749999996717
-155.9285714285386
-155.91964285711
-155.91071428568142
-155.90178571425284
-155.89285714282425
-155.88392857139567
-155.8749999999671
-155.8660714285385
-155.85714285710992
-155.84821428568134
-155.83928571425275
-155.83035714282417
-155.8214285713956
-155.812499999967
-155.80357142853842
-155.79464285710984
-155.78571428568125
-155.77678571425267
-155.76785714282408
-155.7589285713955
-155.74999999996692
-155.74107142853833
-155.73214285710975
-155.72321428568117
-155.71428571425258
-155.705357142824
-155.69642857139542
-155.68749999996683
-155.67857142853825
-155.66964285710966
-155.66071428568108
-155.6517857142525
-155.6428571428239
-155.63392857139533
-155.62499999996675
-155.61607142853816
-155.60714285710958
-155.598214285681
-155.5892857142524
-155.58035714282383
-155.57142857139524
-155.56249999996666
-155.55357142853808
-155.5446428571095
-155.5357142856809
-155.52678571425233
-155.51785714282374
-155.50892857139516
-155.49999999996658
-155.491071428538
-155.4821428571094
-155.47321428568083
-155.46428571425224
-155.45535714282366
-155.44642857139507
-155.4374999999665
-155.4285714285379
-155.41964285710932
-155.41071428568074
-155.40178571425216
-155.39285714282357
-155.383928571395
-155.3749999999664
-155.36607142853782
-155.35714285710924
-155.34821428568065
-155.33928571425207
-155.3303571428235
-155.3214285713949
-155.31249999996632
-155.30357142853774
-155.29464285710915
-155.28571428568057
-155.276785714252
-155.2678571428234
-155.25892857139482
-155.24999999996624
-155.24107142853765
-155.23214285710907
-155.22321428568048
-155.2142857142519
-155.20535714282332
-155.19642857139473
-155.18749999996615
-155.17857142853757
-155.16964285710898
-155.1607142856804
-155.15178571425182
-155.14285714282323
-155.13392857139465
-155.12499999996606
-155.11607142853748
-155.1071428571089
-155.0982142856803
-155.08928571425173
-155.08035714282315
-155.07142857139456
-155.06249999996598
-155.0535714285374
-155.0446428571088
-155.03571428568023
-155.02678571425164
-155.01785714282306
-155.00892857139448
-154.9999999999659
-154.9910714285373
-154.98214285710873
-154.97321428568014
-154.96428571425156
-154.95535714282298
-154.9464285713944
-154.9374999999658
-154.92857142853723
-154.91964285710864
-154.91071428568006
-154.90178571425147
-154.8928571428229
-154.8839285713943
-154.87499999996572
-154.86607142853714
-154.85714285710856
-154.84821428567997
-154.8392857142514
-154.8303571428228
-154.82142857139422
-154.81249999996564
-154.80357142853705
-154.79464285710847
-154.7857142856799
-154.7767857142513
-154.76785714282272
-154.75892857139414
-154.74999999996555
-154.74107142853697
-154.73214285710839
-154.7232142856798
-154.71428571425122
-154.70535714282263
-154.69642857139405
-154.68749999996547
-154.67857142853688
-154.6696428571083
-154.66071428567972
-154.65178571425113
-154.64285714282255
-154.63392857139397
-154.62499999996538
-154.6160714285368
-154.60714285710822
-154.59821428567963
-154.58928571425105
-154.58035714282246
-154.57142857139388
-154.5624999999653
-154.5535714285367
-154.54464285710813
-154.53571428567955
-154.52678571425096
-154.51785714282238
-154.5089285713938
-154.4999999999652
-154.49107142853663
-154.48214285710804
-154.47321428567946
-154.46428571425088
-154.4553571428223
-154.4464285713937
-154.43749999996513
-154.42857142853654
-154.41964285710796
-154.41071428567938
-154.4017857142508
-154.3928571428222
-154.38392857139362
-154.37499999996504
-154.36607142853646
-154.35714285710787
-154.3482142856793
-154.3392857142507
-154.33035714282212
-154.32142857139354
-154.31249999996496
-154.30357142853637
-154.2946428571078
-154.2857142856792
-154.27678571425062
-154.26785714282204
-154.25892857139345
-154.24999999996487
-154.2410714285363
-154.2321428571077
-154.22321428567912
-154.21428571425054
-154.20535714282195
-154.19642857139337
-154.18749999996479
-154.1785714285362
-154.16964285710762
-154.16071428567903
-154.15178571425045
-154.14285714282187
-154.13392857139328
-154.1249999999647
-154.11607142853612
-154.10714285710753
-154.09821428567895
-154.08928571425037
-154.08035714282178
-154.0714285713932
-154.06249999996461
-154.05357142853603
-154.04464285710745
-154.03571428567886
-154.02678571425028
-154.0178571428217
-154.0089285713931
-153.99999999996453
-153.99107142853595
-153.98214285710736
-153.97321428567878
-153.9642857142502
-153.9553571428216
-153.94642857139303
-153.93749999996444
-153.92857142853586
-153.91964285710728
-153.9107142856787
-153.9017857142501
-153.89285714282153
-153.88392857139294
-153.87499999996436
-153.86607142853578
-153.8571428571072
-153.8482142856786
-153.83928571425002
-153.83035714282144
-153.82142857139286
-153.81249999996427
-153.8035714285357
-153.7946428571071
-153.78571428567852
-153.77678571424994
-153.76785714282136
-153.75892857139277
-153.7499999999642
-153.7410714285356
-153.73214285710702
-153.72321428567844
-153.71428571424985
-153.70535714282127
-153.6964285713927
-153.6874999999641
-153.67857142853552
-153.66964285710694
-153.66071428567835
-153.65178571424977
-153.64285714282119
-153.6339285713926
-153.62499999996402
-153.61607142853543
-153.60714285710685
-153.59821428567827
-153.58928571424968
-153.5803571428211
-153.57142857139252
-153.56249999996393
-153.55357142853535
-153.54464285710677
-153.53571428567818
-153.5267857142496
-153.51785714282101
-153.50892857139243
-153.49999999996385
-153.49107142853526
-153.48214285710668
-153.4732142856781
-153.4642857142495
-153.45535714282093
-153.44642857139235
-153.43749999996376
-153.42857142853518
-153.4196428571066
-153.410714285678
-153.40178571424943
-153.39285714282084
-153.38392857139226
-153.37499999996368
-153.3660714285351
-153.3571428571065
-153.34821428567793
-153.33928571424934
-153.33035714282076
-153.32142857139218
-153.3124999999636
-153.303571428535
-153.29464285710642
-153.28571428567784
-153.27678571424926
-153.26785714282067
-153.2589285713921
-153.2499999999635
-153.24107142853492
-153.23214285710634
-153.22321428567776
-153.21428571424917
-153.2053571428206
-153.196428571392
-153.18749999996342
-153.17857142853484
-153.16964285710625
-153.16071428567767
-153.1517857142491
-153.1428571428205
-153.13392857139192
-153.12499999996334
-153.11607142853475
-153.10714285710617
-153.09821428567759
-153.089285714249
-153.08035714282042
-153.07142857139183
-153.06249999996325
-153.05357142853467
-153.04464285710608
-153.0357142856775
-153.02678571424892
-153.01785714282033
-153.00892857139175
-152.99999999996317
-152.99107142853458
-152.982142857106
-152.97321428567741
-152.96428571424883
-152.95535714282025
-152.94642857139166
-152.93749999996308
-152.9285714285345
-152.9196428571059
-152.91071428567733
-152.90178571424875
-152.89285714282016
-152.88392857139158
-152.874999999963
-152.8660714285344
-152.85714285710583
-152.84821428567724
-152.83928571424866
-152.83035714282008
-152.8214285713915
-152.8124999999629
-152.80357142853433
-152.79464285710574
-152.78571428567716
-152.77678571424858
-152.76785714282
-152.7589285713914
-152.74999999996282
-152.74107142853424
-152.73214285710566
-152.72321428567707
-152.7142857142485
-152.7053571428199
-152.69642857139132
-152.68749999996274
-152.67857142853416
-152.66964285710557
-152.660714285677
-152.6517857142484
-152.64285714281982
-152.63392857139124
-152.62499999996265
-152.61607142853407
-152.6071428571055
-152.5982142856769
-152.58928571424832
-152.58035714281974
-152.57142857139115
-152.56249999996257
-152.55357142853398
-152.5446428571054
-152.53571428567682
-152.52678571424823
-152.51785714281965
-152.50892857139107
-152.49999999996248
-152.4910714285339
-152.48214285710532
-152.47321428567673
-152.46428571424815
-152.45535714281957
-152.44642857139098
-152.4374999999624
-152.42857142853381
-152.41964285710523
-152.41071428567665
-152.40178571424806
-152.39285714281948
-152.3839285713909
-152.3749999999623
-152.36607142853373
-152.35714285710515
-152.34821428567656
-152.33928571424798
-152.3303571428194
-152.3214285713908
-152.31249999996223
-152.30357142853364
-152.29464285710506
-152.28571428567648
-152.2767857142479
-152.2678571428193
-152.25892857139073
-152.24999999996214
-152.24107142853356
-152.23214285710498
-152.2232142856764
-152.2142857142478
-152.20535714281922
-152.19642857139064
-152.18749999996206
-152.17857142853347
-152.1696428571049
-152.1607142856763
-152.15178571424772
-152.14285714281914
-152.13392857139056
-152.12499999996197
-152.1160714285334
-152.1071428571048
-152.09821428567622
-152.08928571424764
-152.08035714281905
-152.07142857139047
-152.0624999999619
-152.0535714285333
-152.04464285710472
-152.03571428567614
-152.02678571424755
-152.01785714281897
-152.00892857139038
-151.9999999999618
-151.99107142853322
-151.98214285710463
-151.97321428567605
-151.96428571424747
-151.95535714281888
-151.9464285713903
-151.93749999996172
-151.92857142853313
-151.91964285710455
-151.91071428567597
-151.90178571424738
-151.8928571428188
-151.88392857139021
-151.87499999996163
-151.86607142853305
-151.85714285710446
-151.84821428567588
-151.8392857142473
-151.8303571428187
-151.82142857139013
-151.81249999996155
-151.80357142853296
-151.79464285710438
-151.7857142856758
-151.7767857142472
-151.76785714281863
-151.75892857139004
-151.74999999996146
-151.74107142853288
-151.7321428571043
-151.7232142856757
-151.71428571424713
-151.70535714281854
-151.69642857138996
-151.68749999996137
-151.6785714285328
-151.6696428571042
-151.66071428567562
-151.65178571424704
-151.64285714281846
-151.63392857138987
-151.6249999999613
-151.6160714285327
-151.60714285710412
-151.59821428567554
-151.58928571424696
-151.58035714281837
-151.5714285713898
-151.5624999999612
-151.55357142853262
-151.54464285710404
-151.53571428567545
-151.52678571424687
-151.5178571428183
-151.5089285713897
-151.49999999996112
-151.49107142853254
-151.48214285710395
-151.47321428567537
-151.46428571424678
-151.4553571428182
-151.44642857138962
-151.43749999996103
-151.42857142853245
-151.41964285710387
-151.41071428567528
-151.4017857142467
-151.39285714281812
-151.38392857138953
-151.37499999996095
-151.36607142853236
-151.35714285710378
-151.3482142856752
-151.3392857142466
-151.33035714281803
-151.32142857138945
-151.31249999996086
-151.30357142853228
-151.2946428571037
-151.2857142856751
-151.27678571424653
-151.26785714281795
-151.25892857138936
-151.24999999996078
-151.2410714285322
-151.2321428571036
-151.22321428567503
-151.21428571424644
-151.20535714281786
-151.19642857138928
-151.1874999999607
-151.1785714285321
-151.16964285710353
-151.16071428567494
-151.15178571424636
-151.14285714281777
-151.1339285713892
-151.1249999999606
-151.11607142853202
-151.10714285710344
-151.09821428567486
-151.08928571424627
-151.0803571428177
-151.0714285713891
-151.06249999996052
-151.05357142853194
-151.04464285710336
-151.03571428567477
-151.0267857142462
-151.0178571428176
-151.00892857138902
-150.99999999996044
-150.99107142853185
-150.98214285710327
-150.9732142856747
-150.9642857142461
-150.95535714281752
-150.94642857138894
-150.93749999996035
-150.92857142853177
-150.91964285710318
-150.9107142856746
-150.90178571424602
-150.89285714281743
-150.88392857138885
-150.87499999996027
-150.86607142853168
-150.8571428571031
-150.84821428567452
-150.83928571424593
-150.83035714281735
-150.82142857138876
-150.81249999996018
-150.8035714285316
-150.794642857103
-150.78571428567443
-150.77678571424585
-150.76785714281726
-150.75892857138868
-150.7499999999601
-150.7410714285315
-150.73214285710293
-150.72321428567435
-150.71428571424576
-150.70535714281718
-150.6964285713886
-150.68749999996
-150.67857142853143
-150.66964285710284
-150.66071428567426
-150.65178571424568
-150.6428571428171
-150.6339285713885
-150.62499999995993
-150.61607142853134
-150.60714285710276
-150.59821428567417
-150.5892857142456
-150.580357142817
-150.57142857138842
-150.56249999995984
-150.55357142853126
-150.54464285710267
-150.5357142856741
-150.5267857142455
-150.51785714281692
-150.50892857138834
-150.49999999995975
-150.49107142853117
-150.4821428571026
-150.473214285674
-150.46428571424542
-150.45535714281684
-150.44642857138825
-150.43749999995967
-150.4285714285311
-150.4196428571025
-150.41071428567392
-150.40178571424534
-150.39285714281675
-150.38392857138817
-150.37499999995958
-150.366071428531
-150.35714285710242
-150.34821428567383
-150.33928571424525
-150.33035714281667
-150.32142857138808
-150.3124999999595
-150.30357142853092
-150.29464285710233
-150.28571428567375
-150.27678571424516
-150.26785714281658
-150.258928571388
-150.2499999999594
-150.24107142853083
-150.23214285710225
-150.22321428567366
-150.21428571424508
-150.2053571428165
-150.1964285713879
-150.18749999995933
-150.17857142853074
-150.16964285710216
-150.16071428567358
-150.151785714245
-150.1428571428164
-150.13392857138783
-150.12499999995924
-150.11607142853066
-150.10714285710208
-150.0982142856735
-150.0892857142449
-150.08035714281633
-150.07142857138774
-150.06249999995916
-150.05357142853057
-150.044642857102
-150.0357142856734
-150.02678571424482
-150.01785714281624
-150.00892857138766
-149.99999999995907
-149.9910714285305
-149.9821428571019
-149.97321428567332
-149.96428571424474
-149.95535714281615
-149.94642857138757
-149.937499999959
-149.9285714285304
-149.91964285710182
-149.91071428567324
-149.90178571424465
-149.89285714281607
-149.8839285713875
-149.8749999999589
-149.86607142853032
-149.85714285710173
-149.84821428567315
-149.83928571424457
-149.83035714281598
-149.8214285713874
-149.81249999995882
-149.80357142853023
-149.79464285710165
-149.78571428567307
-149.77678571424448
-149.7678571428159
-149.75892857138732
-149.74999999995873
-149.74107142853015
-149.73214285710156
-149.72321428567298
-149.7142857142444
-149.7053571428158
-149.69642857138723
-149.68749999995865
-149.67857142853006
-149.66964285710148
-149.6607142856729
-149.6517857142443
-149.64285714281573
-149.63392857138714
-149.62499999995856
-149.61607142852998
-149.6071428571014
-149.5982142856728
-149.58928571424423
-149.58035714281564
-149.57142857138706
-149.56249999995848
-149.5535714285299
-149.5446428571013
-149.53571428567273
-149.52678571424414
-149.51785714281556
-149.50892857138697
-149.4999999999584
-149.4910714285298
-149.48214285710122
-149.47321428567264
-149.46428571424406
-149.45535714281547
-149.4464285713869
-149.4374999999583
-149.42857142852972
-149.41964285710114
-149.41071428567255
-149.40178571424397
-149.3928571428154
-149.3839285713868
-149.37499999995822
-149.36607142852964
-149.35714285710105
-149.34821428567247
-149.33928571424389
-149.3303571428153
-149.32142857138672
-149.31249999995813
-149.30357142852955
-149.29464285710097
-149.28571428567238
-149.2767857142438
-149.26785714281522
-149.25892857138663
-149.24999999995805
-149.24107142852947
-149.23214285710088
-149.2232142856723
-149.21428571424372
-149.20535714281513
-149.19642857138655
-149.18749999995796
-149.17857142852938
-149.1696428571008
-149.1607142856722
-149.15178571424363
-149.14285714281505
-149.13392857138646
-149.12499999995788
-149.1160714285293
-149.1071428571007
-149.09821428567213
-149.08928571424354
-149.08035714281496
-149.07142857138638
-149.0624999999578
-149.0535714285292
-149.04464285710063
-149.03571428567204
-149.02678571424346
-149.01785714281488
-149.0089285713863
-148.9999999999577
-148.99107142852912
-148.98214285710054
-148.97321428567196
-148.96428571424337
-148.9553571428148
-148.9464285713862
-148.93749999995762
-148.92857142852904
-148.91964285710046
-148.91071428567187
-148.9017857142433
-148.8928571428147
-148.88392857138612
-148.87499999995754
-148.86607142852895
-148.85714285710037
-148.8482142856718
-148.8392857142432
-148.83035714281462
-148.82142857138604
-148.81249999995745
-148.80357142852887
-148.79464285710029
-148.7857142856717
-148.77678571424312
-148.76785714281453
-148.75892857138595
-148.74999999995737
-148.74107142852878
-148.7321428571002
-148.72321428567162
-148.71428571424303
-148.70535714281445
-148.69642857138587
-148.68749999995728
-148.6785714285287
-148.66964285710011
-148.66071428567153
-148.65178571424295
-148.64285714281436
-148.63392857138578
-148.6249999999572
-148.6160714285286
-148.60714285710003
-148.59821428567145
-148.58928571424286
-148.58035714281428
-148.5714285713857
-148.5624999999571
-148.55357142852853
-148.54464285709994
-148.53571428567136
-148.52678571424278
-148.5178571428142
-148.5089285713856
-148.49999999995703
-148.49107142852844
-148.48214285709986
-148.47321428567128
-148.4642857142427
-148.4553571428141
-148.44642857138552
-148.43749999995694
-148.42857142852836
-148.41964285709977
-148.4107142856712
-148.4017857142426
-148.39285714281402
-148.38392857138544
-148.37499999995686
-148.36607142852827
-148.3571428570997
-148.3482142856711
-148.33928571424252
-148.33035714281394
-148.32142857138535
-148.31249999995677
-148.3035714285282
-148.2946428570996
-148.28571428567102
-148.27678571424244
-148.26785714281385
-148.25892857138527
-148.24999999995669
-148.2410714285281
-148.23214285709952
-148.22321428567093
-148.21428571424235
-148.20535714281377
-148.19642857138518
-148.1874999999566
-148.17857142852802
-148.16964285709943
-148.16071428567085
-148.15178571424227
-148.14285714281368
-148.1339285713851
-148.12499999995651
-148.11607142852793
-148.10714285709935
-148.09821428567076
-148.08928571424218
-148.0803571428136
-148.071428571385
-148.06249999995643
-148.05357142852785
-148.04464285709926
-148.03571428567068
-148.0267857142421
-148.0178571428135
-148.00892857138493
-147.99999999995634
-147.99107142852776
-147.98214285709918
-147.9732142856706
-147.964285714242
-147.95535714281343
-147.94642857138484
-147.93749999995626
-147.92857142852768
-147.9196428570991
-147.9107142856705
-147.90178571424192
-147.89285714281334
-147.88392857138476
-147.87499999995617
-147.8660714285276
-147.857142857099
-147.84821428567042
-147.83928571424184
-147.83035714281326
-147.82142857138467
-147.8124999999561
-147.8035714285275
-147.79464285709892
-147.78571428567034
-147.77678571424175
-147.76785714281317
-147.7589285713846
-147.749999999956
-147.74107142852742
-147.73214285709884
-147.72321428567025
-147.71428571424167
-147.70535714281309
-147.6964285713845
-147.68749999995592
-147.67857142852733
-147.66964285709875
-147.66071428567017
-147.65178571424158
-147.642857142813
-147.63392857138442
-147.62499999995583
-147.61607142852725
-147.60714285709867
-147.59821428567008
-147.5892857142415
-147.58035714281291
-147.57142857138433
-147.56249999995575
-147.55357142852716
-147.54464285709858
-147.53571428567
-147.5267857142414
-147.51785714281283
-147.50892857138425
-147.49999999995566
-147.49107142852708
-147.4821428570985
-147.4732142856699
-147.46428571424133
-147.45535714281274
-147.44642857138416
-147.43749999995558
-147.428571428527
-147.4196428570984
-147.41071428566983
-147.40178571424124
-147.39285714281266
-147.38392857138408
-147.3749999999555
-147.3660714285269
-147.35714285709832
-147.34821428566974
-147.33928571424116
-147.33035714281257
-147.321428571384
-147.3124999999554
-147.30357142852682
-147.29464285709824
-147.28571428566966
-147.27678571424107
-147.2678571428125
-147.2589285713839
-147.24999999995532
-147.24107142852674
-147.23214285709815
-147.22321428566957
-147.214285714241
-147.2053571428124
-147.19642857138382
-147.18749999995524
-147.17857142852665
-147.16964285709807
-147.16071428566948
-147.1517857142409
-147.14285714281232
-147.13392857138373
-147.12499999995515
-147.11607142852657
-147.10714285709798
-147.0982142856694
-147.08928571424082
-147.08035714281223
-147.07142857138365
-147.06249999995507
-147.05357142852648
-147.0446428570979
-147.03571428566931
-147.02678571424073
-147.01785714281215
-147.00892857138356
-146.99999999995498
-146.9910714285264
-146.9821428570978
-146.97321428566923
-146.96428571424065
-146.95535714281206
-146.94642857138348
-146.9374999999549
-146.9285714285263
-146.91964285709773
-146.91071428566914
-146.90178571424056
-146.89285714281198
-146.8839285713834
-146.8749999999548
-146.86607142852623
-146.85714285709764
-146.84821428566906
-146.83928571424048
-146.8303571428119
-146.8214285713833
-146.81249999995472
-146.80357142852614
-146.79464285709756
-146.78571428566897
-146.7767857142404
-146.7678571428118
-146.75892857138322
-146.74999999995464
-146.74107142852606
-146.73214285709747
-146.7232142856689
-146.7142857142403
-146.70535714281172
-146.69642857138314
-146.68749999995455
-146.67857142852597
-146.6696428570974
-146.6607142856688
-146.65178571424022
-146.64285714281164
-146.63392857138305
-146.62499999995447
-146.61607142852588
-146.6071428570973
-146.59821428566872
-146.58928571424013
-146.58035714281155
-146.57142857138297
-146.56249999995438
-146.5535714285258
-146.54464285709722
-146.53571428566863
-146.52678571424005
-146.51785714281147
-146.50892857138288
-146.4999999999543
-146.49107142852571
-146.48214285709713
-146.47321428566855
-146.46428571423996
-146.45535714281138
-146.4464285713828
-146.4374999999542
-146.42857142852563
-146.41964285709705
-146.41071428566846
-146.40178571423988
-146.3928571428113
-146.3839285713827
-146.37499999995413
-146.36607142852554
-146.35714285709696
-146.34821428566838
-146.3392857142398
-146.3303571428112
-146.32142857138263
-146.31249999995404
-146.30357142852546
-146.29464285709687
-146.2857142856683
-146.2767857142397
-146.26785714281112
-146.25892857138254
-146.24999999995396
-146.24107142852537
-146.2321428570968
-146.2232142856682
-146.21428571423962
-146.20535714281104
-146.19642857138246
-146.18749999995387
-146.1785714285253
-146.1696428570967
-146.16071428566812
-146.15178571423954
-146.14285714281095
-146.13392857138237
-146.1249999999538
-146.1160714285252
-146.10714285709662
-146.09821428566804
-146.08928571423945
-146.08035714281087
-146.07142857138228
-146.0624999999537
-146.05357142852512
-146.04464285709653
-146.03571428566795
-146.02678571423937
-146.01785714281078
-146.0089285713822
-145.99999999995362
-145.99107142852503
-145.98214285709645
-145.97321428566786
-145.96428571423928
-145.9553571428107
-145.9464285713821
-145.93749999995353
-145.92857142852495
-145.91964285709636
-145.91071428566778
-145.9017857142392
-145.8928571428106
-145.88392857138203
-145.87499999995345
-145.86607142852486
-145.85714285709628
-145.8482142856677
-145.8392857142391
-145.83035714281053
-145.82142857138194
-145.81249999995336
-145.80357142852478
-145.7946428570962
-145.7857142856676
-145.77678571423903
-145.76785714281044
-145.75892857138186
-145.74999999995327
-145.7410714285247
-145.7321428570961
-145.72321428566752
-145.71428571423894
-145.70535714281036
-145.69642857138177
-145.6874999999532
-145.6785714285246
-145.66964285709602
-145.66071428566744
-145.65178571423886
-145.64285714281027
-145.6339285713817
-145.6249999999531
-145.61607142852452
-145.60714285709594
-145.59821428566735
-145.58928571423877
-145.5803571428102
-145.5714285713816
-145.56249999995302
-145.55357142852444
-145.54464285709585
-145.53571428566727
-145.52678571423868
-145.5178571428101
-145.50892857138152
-145.49999999995293
-145.49107142852435
-145.48214285709577
-145.47321428566718
-145.4642857142386
-145.45535714281002
-145.44642857138143
-145.43749999995285
-145.42857142852426
-145.41964285709568
-145.4107142856671
-145.4017857142385
-145.39285714280993
-145.38392857138135
-145.37499999995276
-145.36607142852418
-145.3571428570956
-145.348214285667
-145.33928571423843
-145.33035714280985
-145.32142857138126
-145.31249999995268
-145.3035714285241
-145.2946428570955
-145.28571428566693
-145.27678571423834
-145.26785714280976
-145.25892857138118
-145.2499999999526
-145.241071428524
-145.23214285709543
-145.22321428566684
-145.21428571423826
-145.20535714280967
-145.1964285713811
-145.1874999999525
-145.17857142852392
-145.16964285709534
-145.16071428566676
-145.15178571423817
-145.1428571428096
-145.133928571381
-145.12499999995242
-145.11607142852384
-145.10714285709525
-145.09821428566667
-145.0892857142381
-145.0803571428095
-145.07142857138092
-145.06249999995234
-145.05357142852375
-145.04464285709517
-145.0357142856666
-145.026785714238
-145.01785714280942
-145.00892857138084
-144.99999999995225
-144.99107142852367
-144.98214285709508
-144.9732142856665
-144.96428571423792
-144.95535714280933
-144.94642857138075
-144.93749999995217
-144.92857142852358
-144.919642857095
-144.91071428566642
-144.90178571423783
-144.89285714280925
-144.88392857138066
-144.87499999995208
-144.8660714285235
-144.8571428570949
-144.84821428566633
-144.83928571423775
-144.83035714280916
-144.82142857138058
-144.812499999952
-144.8035714285234
-144.79464285709483
-144.78571428566624
-144.77678571423766
-144.76785714280908
-144.7589285713805
-144.7499999999519
-144.74107142852333
-144.73214285709474
-144.72321428566616
-144.71428571423758
-144.705357142809
-144.6964285713804
-144.68749999995183
-144.67857142852324
-144.66964285709466
-144.66071428566607
-144.6517857142375
-144.6428571428089
-144.63392857138032
-144.62499999995174
-144.61607142852316
-144.60714285709457
-144.598214285666
-144.5892857142374
-144.58035714280882
-144.57142857138024
-144.56249999995165
-144.55357142852307
-144.5446428570945
-144.5357142856659
-144.52678571423732
-144.51785714280874
-144.50892857138015
-144.49999999995157
-144.491071428523
-144.4821428570944
-144.47321428566582
-144.46428571423723
-144.45535714280865
-144.44642857138007
-144.43749999995148
-144.4285714285229
-144.41964285709432
-144.41071428566573
-144.40178571423715
-144.39285714280857
-144.38392857137998
-144.3749999999514
-144.36607142852282
-144.35714285709423
-144.34821428566565
-144.33928571423706
-144.33035714280848
-144.3214285713799
-144.3124999999513
-144.30357142852273
-144.29464285709415
-144.28571428566556
-144.27678571423698
-144.2678571428084
-144.2589285713798
-144.24999999995123
-144.24107142852264
-144.23214285709406
-144.22321428566548
-144.2142857142369
-144.2053571428083
-144.19642857137973
-144.18749999995114
-144.17857142852256
-144.16964285709398
-144.1607142856654
-144.1517857142368
-144.14285714280823
-144.13392857137964
-144.12499999995106
-144.11607142852247
-144.1071428570939
-144.0982142856653
-144.08928571423672
-144.08035714280814
-144.07142857137956
-144.06249999995097
-144.0535714285224
-144.0446428570938
-144.03571428566522
-144.02678571423664
-144.01785714280805
-144.00892857137947
-143.9999999999509
-143.9910714285223
-143.98214285709372
-143.97321428566514
-143.96428571423655
-143.95535714280797
-143.94642857137939
-143.9374999999508
-143.92857142852222
-143.91964285709363
-143.91071428566505
-143.90178571423647
-143.89285714280788
-143.8839285713793
-143.87499999995072
-143.86607142852213
-143.85714285709355
-143.84821428566497
-143.83928571423638
-143.8303571428078
-143.82142857137922
-143.81249999995063
-143.80357142852205
-143.79464285709346
-143.78571428566488
-143.7767857142363
-143.7678571428077
-143.75892857137913
-143.74999999995055
-143.74107142852196
-143.73214285709338
-143.7232142856648
-143.7142857142362
-143.70535714280763
-143.69642857137904
-143.68749999995046
-143.67857142852188
-143.6696428570933
-143.6607142856647
-143.65178571423613
-143.64285714280754
-143.63392857137896
-143.62499999995038
-143.6160714285218
-143.6071428570932
-143.59821428566462
-143.58928571423604
-143.58035714280746
-143.57142857137887
-143.5624999999503
-143.5535714285217
-143.54464285709312
-143.53571428566454
-143.52678571423596
-143.51785714280737
-143.5089285713788
-143.4999999999502
-143.49107142852162
-143.48214285709304
-143.47321428566445
-143.46428571423587
-143.4553571428073
-143.4464285713787
-143.43749999995012
-143.42857142852154
-143.41964285709295
-143.41071428566437
-143.40178571423579
-143.3928571428072
-143.38392857137862
-143.37499999995003
-143.36607142852145
-143.35714285709287
-143.34821428566428
-143.3392857142357
-143.33035714280712
-143.32142857137853
-143.31249999994995
-143.30357142852137
-143.29464285709278
-143.2857142856642
-143.27678571423561
-143.26785714280703
-143.25892857137845
-143.24999999994986
-143.24107142852128
-143.2321428570927
-143.2232142856641
-143.21428571423553
-143.20535714280695
-143.19642857137836
-143.18749999994978
-143.1785714285212
-143.1696428570926
-143.16071428566403
-143.15178571423544
-143.14285714280686
-143.13392857137828
-143.1249999999497
-143.1160714285211
-143.10714285709253
-143.09821428566394
-143.08928571423536
-143.08035714280678
-143.0714285713782
-143.0624999999496
-143.05357142852102
-143.04464285709244
-143.03571428566386
-143.02678571423527
-143.0178571428067
-143.0089285713781
-142.99999999994952
-142.99107142852094
-142.98214285709236
-142.97321428566377
-142.9642857142352
-142.9553571428066
-142.94642857137802
-142.93749999994944
-142.92857142852085
-142.91964285709227
-142.9107142856637
-142.9017857142351
-142.89285714280652
-142.88392857137794
-142.87499999994935
-142.86607142852077
-142.85714285709219
-142.8482142856636
-142.83928571423502
-142.83035714280643
-142.82142857137785
-142.81249999994927
-142.80357142852068
-142.7946428570921
-142.78571428566352
-142.77678571423493
-142.76785714280635
-142.75892857137777
-142.74999999994918
-142.7410714285206
-142.73214285709201
-142.72321428566343
-142.71428571423485
-142.70535714280626
-142.69642857137768
-142.6874999999491
-142.6785714285205
-142.66964285709193
-142.66071428566335
-142.65178571423476
-142.64285714280618
-142.6339285713776
-142.624999999949
-142.61607142852043
-142.60714285709184
-142.59821428566326
-142.58928571423468
-142.5803571428061
-142.5714285713775
-142.56249999994893
-142.55357142852034
-142.54464285709176
-142.53571428566318
-142.5267857142346
-142.517857142806
-142.50892857137742
-142.49999999994884
-142.49107142852026
-142.48214285709167
-142.4732142856631
-142.4642857142345
-142.45535714280592
-142.44642857137734
-142.43749999994876
-142.42857142852017
-142.4196428570916
-142.410714285663
-142.40178571423442
-142.39285714280584
-142.38392857137725
-142.37499999994867
-142.3660714285201
-142.3571428570915
-142.34821428566292
-142.33928571423434
-142.33035714280575
-142.32142857137717
-142.31249999994859
-142.30357142852
-142.29464285709142
-142.28571428566283
-142.27678571423425
-142.26785714280567
-142.25892857137708
-142.2499999999485
-142.24107142851992
-142.23214285709133
-142.22321428566275
-142.21428571423417
-142.20535714280558
-142.196428571377
-142.18749999994841
-142.17857142851983
-142.16964285709125
-142.16071428566266
-142.15178571423408
-142.1428571428055
-142.1339285713769
-142.12499999994833
-142.11607142851975
-142.10714285709116
-142.09821428566258
-142.089285714234
-142.0803571428054
-142.07142857137683
-142.06249999994824
-142.05357142851966
-142.04464285709108
-142.0357142856625
-142.0267857142339
-142.01785714280533
-142.00892857137674
-141.99999999994816
-141.99107142851958
-141.982142857091
-141.9732142856624
-141.96428571423382
-141.95535714280524
-141.94642857137666
-141.93749999994807
-141.9285714285195
-141.9196428570909
-141.91071428566232
-141.90178571423374
-141.89285714280516
-141.88392857137657
-141.874999999948
-141.8660714285194
-141.85714285709082
-141.84821428566224
-141.83928571423365
-141.83035714280507
-141.8214285713765
-141.8124999999479
-141.80357142851932
-141.79464285709074
-141.78571428566215
-141.77678571423357
-141.76785714280498
-141.7589285713764
-141.74999999994782
-141.74107142851923
-141.73214285709065
-141.72321428566207
-141.71428571423348
-141.7053571428049
-141.69642857137632
-141.68749999994773
-141.67857142851915
-141.66964285709057
-141.66071428566198
-141.6517857142334
-141.64285714280481
-141.63392857137623
-141.62499999994765
-141.61607142851906
-141.60714285709048
-141.5982142856619
-141.5892857142333
-141.58035714280473
-141.57142857137615
-141.56249999994756
-141.55357142851898
-141.5446428570904
-141.5357142856618
-141.52678571423323
-141.51785714280464
-141.50892857137606
-141.49999999994748
-141.4910714285189
-141.4821428570903
-141.47321428566173
-141.46428571423314
-141.45535714280456
-141.44642857137598
-141.4374999999474
-141.4285714285188
-141.41964285709022
-141.41071428566164
-141.40178571423306
-141.39285714280447
-141.3839285713759
-141.3749999999473
-141.36607142851872
-141.35714285709014
-141.34821428566156
-141.33928571423297
-141.3303571428044
-141.3214285713758
-141.31249999994722
-141.30357142851864
-141.29464285709005
-141.28571428566147
-141.2767857142329
-141.2678571428043
-141.25892857137572
-141.24999999994714
-141.24107142851855
-141.23214285708997
-141.22321428566138
-141.2142857142328
-141.20535714280422
-141.19642857137563
-141.18749999994705
-141.17857142851847
-141.16964285708988
-141.1607142856613
-141.15178571423272
-141.14285714280413
-141.13392857137555
-141.12499999994697
-141.11607142851838
-141.1071428570898
-141.09821428566121
-141.08928571423263
-141.08035714280405
-141.07142857137546
-141.06249999994688
-141.0535714285183
-141.0446428570897
-141.03571428566113
-141.02678571423255
-141.01785714280396
-141.00892857137538
-140.9999999999468
-140.9910714285182
-140.98214285708963
-140.97321428566104
-140.96428571423246
-140.95535714280388
-140.9464285713753
-140.9374999999467
-140.92857142851813
-140.91964285708954
-140.91071428566096
-140.90178571423237
-140.8928571428038
-140.8839285713752
-140.87499999994662
-140.86607142851804
-140.85714285708946
-140.84821428566087
-140.8392857142323
-140.8303571428037
-140.82142857137512
-140.81249999994654
-140.80357142851796
-140.79464285708937
-140.7857142856608
-140.7767857142322
-140.76785714280362
-140.75892857137504
-140.74999999994645
-140.74107142851787
-140.7321428570893
-140.7232142856607
-140.71428571423212
-140.70535714280354
-140.69642857137495
-140.68749999994637
-140.67857142851778
-140.6696428570892
-140.66071428566062
-140.65178571423203
-140.64285714280345
-140.63392857137487
-140.62499999994628
-140.6160714285177
-140.60714285708912
-140.59821428566053
-140.58928571423195
-140.58035714280336
-140.57142857137478
-140.5624999999462
-140.5535714285176
-140.54464285708903
-140.53571428566045
-140.52678571423186
-140.51785714280328
-140.5089285713747
-140.4999999999461
-140.49107142851753
-140.48214285708895
-140.47321428566036
-140.46428571423178
-140.4553571428032
-140.4464285713746
-140.43749999994603
-140.42857142851744
-140.41964285708886
-140.41071428566028
-140.4017857142317
-140.3928571428031
-140.38392857137453
-140.37499999994594
-140.36607142851736
-140.35714285708877
-140.3482142856602
-140.3392857142316
-140.33035714280302
-140.32142857137444
-140.31249999994586
-140.30357142851727
-140.2946428570887
-140.2857142856601
-140.27678571423152
-140.26785714280294
-140.25892857137435
-140.24999999994577
-140.2410714285172
-140.2321428570886
-140.22321428566002
-140.21428571423144
-140.20535714280285
-140.19642857137427
-140.1874999999457
-140.1785714285171
-140.16964285708852
-140.16071428565994
-140.15178571423135
-140.14285714280277
-140.13392857137418
-140.1249999999456
-140.11607142851702
-140.10714285708843
-140.09821428565985
-140.08928571423127
-140.08035714280268
-140.0714285713741
-140.06249999994552
-140.05357142851693
-140.04464285708835
-140.03571428565976
-140.02678571423118
-140.0178571428026
-140.008928571374
-139.99999999994543
-139.99107142851685
-139.98214285708826
-139.97321428565968
-139.9642857142311
-139.9553571428025
-139.94642857137393
-139.93749999994535
-139.92857142851676
-139.91964285708818
-139.9107142856596
-139.901785714231
-139.89285714280243
-139.88392857137384
-139.87499999994526
-139.86607142851668
-139.8571428570881
-139.8482142856595
-139.83928571423093
-139.83035714280234
-139.82142857137376
-139.81249999994517
-139.8035714285166
-139.794642857088
-139.78571428565942
-139.77678571423084
-139.76785714280226
-139.75892857137367
-139.7499999999451
-139.7410714285165
-139.73214285708792
-139.72321428565934
-139.71428571423075
-139.70535714280217
-139.6964285713736
-139.687499999945
-139.67857142851642
-139.66964285708784
-139.66071428565925
-139.65178571423067
-139.6428571428021
-139.6339285713735
-139.62499999994492
-139.61607142851634
-139.60714285708775
-139.59821428565917
-139.58928571423058
-139.580357142802
-139.57142857137342
-139.56249999994483
-139.55357142851625
-139.54464285708767
-139.53571428565908
-139.5267857142305
-139.51785714280192
-139.50892857137333
-139.49999999994475
-139.49107142851616
-139.48214285708758
-139.473214285659
-139.4642857142304
-139.45535714280183
-139.44642857137325
-139.43749999994466
-139.42857142851608
-139.4196428570875
-139.4107142856589
-139.40178571423033
-139.39285714280174
-139.38392857137316
-139.37499999994458
-139.366071428516
-139.3571428570874
-139.34821428565883
-139.33928571423024
-139.33035714280166
-139.32142857137308
-139.3124999999445
-139.3035714285159
-139.29464285708733
-139.28571428565874
-139.27678571423016
-139.26785714280157
-139.258928571373
-139.2499999999444
-139.24107142851582
-139.23214285708724
-139.22321428565866
-139.21428571423007
-139.2053571428015
-139.1964285713729
-139.18749999994432
-139.17857142851574
-139.16964285708715
-139.16071428565857
-139.15178571423
-139.1428571428014
-139.13392857137282
-139.12499999994424
-139.11607142851565
-139.10714285708707
-139.09821428565849
-139.0892857142299
-139.08035714280132
-139.07142857137273
-139.06249999994415
-139.05357142851557
-139.04464285708698
-139.0357142856584
-139.02678571422982
-139.01785714280123
-139.00892857137265
-138.99999999994407
-138.99107142851548
-138.9821428570869
-138.97321428565832
-138.96428571422973
-138.95535714280115
-138.94642857137256
-138.93749999994398
-138.9285714285154
-138.9196428570868
-138.91071428565823
-138.90178571422965
-138.89285714280106
-138.88392857137248
-138.8749999999439
-138.8660714285153
-138.85714285708673
-138.84821428565814
-138.83928571422956
-138.83035714280098
-138.8214285713724
-138.8124999999438
-138.80357142851523
-138.79464285708664
-138.78571428565806
-138.77678571422948
-138.7678571428009
-138.7589285713723
-138.74999999994373
-138.74107142851514
-138.73214285708656
-138.72321428565797
-138.7142857142294
-138.7053571428008
-138.69642857137222
-138.68749999994364
-138.67857142851506
-138.66964285708647
-138.6607142856579
-138.6517857142293
-138.64285714280072
-138.63392857137214
-138.62499999994355
-138.61607142851497
-138.6071428570864
-138.5982142856578
-138.58928571422922
-138.58035714280064
-138.57142857137205
-138.56249999994347
-138.55357142851489
-138.5446428570863
-138.53571428565772
-138.52678571422913
-138.51785714280055
-138.50892857137197
-138.49999999994338
-138.4910714285148
-138.48214285708622
-138.47321428565763
-138.46428571422905
-138.45535714280047
-138.44642857137188
-138.4374999999433
-138.42857142851472
-138.41964285708613
-138.41071428565755
-138.40178571422896
-138.39285714280038
-138.3839285713718
-138.3749999999432
-138.36607142851463
-138.35714285708605
-138.34821428565746
-138.33928571422888
-138.3303571428003
-138.3214285713717
-138.31249999994313
-138.30357142851454
-138.29464285708596
-138.28571428565738
-138.2767857142288
-138.2678571428002
-138.25892857137163
-138.24999999994304
-138.24107142851446
-138.23214285708588
-138.2232142856573
-138.2142857142287
-138.20535714280012
-138.19642857137154
-138.18749999994296
-138.17857142851437
-138.1696428570858
-138.1607142856572
-138.15178571422862
-138.14285714280004
-138.13392857137146
-138.12499999994287
-138.1160714285143
-138.1071428570857
-138.09821428565712
-138.08928571422854
-138.08035714279995
-138.07142857137137
-138.0624999999428
-138.0535714285142
-138.04464285708562
-138.03571428565704
-138.02678571422845
-138.01785714279987
-138.00892857137129
-137.9999999999427
-137.99107142851412
-137.98214285708553
-137.97321428565695
-137.96428571422837
-137.95535714279978
-137.9464285713712
-137.93749999994262
-137.92857142851403
-137.91964285708545
-137.91071428565687
-137.90178571422828
-137.8928571427997
-137.88392857137111
-137.87499999994253
-137.86607142851395
-137.85714285708536
-137.84821428565678
-137.8392857142282
-137.8303571427996
-137.82142857137103
-137.81249999994245
-137.80357142851386
-137.79464285708528
-137.7857142856567
-137.7767857142281
-137.76785714279953
-137.75892857137094
-137.74999999994236
-137.74107142851378
-137.7321428570852
-137.7232142856566
-137.71428571422803
-137.70535714279944
-137.69642857137086
-137.68749999994228
-137.6785714285137
-137.6696428570851
-137.66071428565652
-137.65178571422794
-137.64285714279936
-137.63392857137077
-137.6249999999422
-137.6160714285136
-137.60714285708502
-137.59821428565644
-137.58928571422786
-137.58035714279927
-137.5714285713707
-137.5624999999421
-137.55357142851352
-137.54464285708494
-137.53571428565635
-137.52678571422777
-137.5178571427992
-137.5089285713706
-137.49999999994202
-137.49107142851344
-137.48214285708485
-137.47321428565627
-137.46428571422769
-137.4553571427991
-137.44642857137052
-137.43749999994193
-137.42857142851335
-137.41964285708477
-137.41071428565618
-137.4017857142276
-137.39285714279902
-137.38392857137043
-137.37499999994185
-137.36607142851327
-137.35714285708468
-137.3482142856561
-137.33928571422751
-137.33035714279893
-137.32142857137035
-137.31249999994176
-137.30357142851318
-137.2946428570846
-137.285714285656
-137.27678571422743
-137.26785714279885
-137.25892857137026
-137.24999999994168
-137.2410714285131
-137.2321428570845
-137.22321428565593
-137.21428571422734
-137.20535714279876
-137.19642857137018
-137.1874999999416
-137.178571428513
-137.16964285708443
-137.16071428565584
-137.15178571422726
-137.14285714279868
-137.1339285713701
-137.1249999999415
-137.11607142851292
-137.10714285708434
-137.09821428565576
-137.08928571422717
-137.0803571427986
-137.07142857137
-137.06249999994142
-137.05357142851284
-137.04464285708426
-137.03571428565567
-137.0267857142271
-137.0178571427985
-137.00892857136992
-136.99999999994134
-136.99107142851275
-136.98214285708417
-136.9732142856556
-136.964285714227
-136.95535714279842
-136.94642857136984
-136.93749999994125
-136.92857142851267
-136.91964285708409
-136.9107142856555
-136.90178571422692
-136.89285714279833
-136.88392857136975
-136.87499999994117
-136.86607142851258
-136.857142857084
-136.84821428565542
-136.83928571422683
-136.83035714279825
-136.82142857136967
-136.81249999994108
-136.8035714285125
-136.79464285708391
-136.78571428565533
-136.77678571422675
-136.76785714279816
-136.75892857136958
-136.749999999941
-136.7410714285124
-136.73214285708383
-136.72321428565525
-136.71428571422666
-136.70535714279808
-136.6964285713695
-136.6874999999409
-136.67857142851233
-136.66964285708374
-136.66071428565516
-136.65178571422658
-136.642857142798
-136.6339285713694
-136.62499999994083
-136.61607142851224
-136.60714285708366
-136.59821428565508
-136.5892857142265
-136.5803571427979
-136.57142857136932
-136.56249999994074
-136.55357142851216
-136.54464285708357
-136.535714285655
-136.5267857142264
-136.51785714279782
-136.50892857136924
-136.49999999994066
-136.49107142851207
-136.4821428570835
-136.4732142856549
-136.46428571422632
-136.45535714279774
-136.44642857136915
-136.43749999994057
-136.428571428512
-136.4196428570834
-136.41071428565482
-136.40178571422624
-136.39285714279765
-136.38392857136907
-136.37499999994048
-136.3660714285119
-136.35714285708332
-136.34821428565473
-136.33928571422615
-136.33035714279757
-136.32142857136898
-136.3124999999404
-136.30357142851182
-136.29464285708323
-136.28571428565465
-136.27678571422607
-136.26785714279748
-136.2589285713689
-136.24999999994031
-136.24107142851173
-136.23214285708315
-136.22321428565456
-136.21428571422598
-136.2053571427974
-136.1964285713688
-136.18749999994023
-136.17857142851165
-136.16964285708306
-136.16071428565448
-136.1517857142259
-136.1428571427973
-136.13392857136873
-136.12499999994014
-136.11607142851156
-136.10714285708298
-136.0982142856544
-136.0892857142258
-136.08035714279723
-136.07142857136864
-136.06249999994006
-136.05357142851148
-136.0446428570829
-136.0357142856543
-136.02678571422572
-136.01785714279714
-136.00892857136856
-135.99999999993997
-135.9910714285114
-135.9821428570828
-135.97321428565422
-135.96428571422564
-135.95535714279706
-135.94642857136847
-135.9374999999399
-135.9285714285113
-135.91964285708272
-135.91071428565414
-135.90178571422555
-135.89285714279697
-135.8839285713684
-135.8749999999398
-135.86607142851122
-135.85714285708264
-135.84821428565405
-135.83928571422547
-135.83035714279688
-135.8214285713683
-135.81249999993972
-135.80357142851113
-135.79464285708255
-135.78571428565397
-135.77678571422538
-135.7678571427968
-135.75892857136822
-135.74999999993963
-135.74107142851105
-135.73214285708247
-135.72321428565388
-135.7142857142253
-135.70535714279671
-135.69642857136813
-135.68749999993955
-135.67857142851096
-135.66964285708238
-135.6607142856538
-135.6517857142252
-135.64285714279663
-135.63392857136805
-135.62499999993946
-135.61607142851088
-135.6071428570823
-135.5982142856537
-135.58928571422513
-135.58035714279654
-135.57142857136796
-135.56249999993938
-135.5535714285108
-135.5446428570822
-135.53571428565363
-135.52678571422504
-135.51785714279646
-135.50892857136787
-135.4999999999393
-135.4910714285107
-135.48214285708212
-135.47321428565354
-135.46428571422496
-135.45535714279637
-135.4464285713678
-135.4374999999392
-135.42857142851062
-135.41964285708204
-135.41071428565346
-135.40178571422487
-135.3928571427963
-135.3839285713677
-135.37499999993912
-135.36607142851054
-135.35714285708195
-135.34821428565337
-135.3392857142248
-135.3303571427962
-135.32142857136762
-135.31249999993904
-135.30357142851045
-135.29464285708187
-135.28571428565328
-135.2767857142247
-135.26785714279612
-135.25892857136753
-135.24999999993895
-135.24107142851037
-135.23214285708178
-135.2232142856532
-135.21428571422462
-135.20535714279603
-135.19642857136745
-135.18749999993886
-135.17857142851028
-135.1696428570817
-135.1607142856531
-135.15178571422453
-135.14285714279595
-135.13392857136736
-135.12499999993878
-135.1160714285102
-135.1071428570816
-135.09821428565303
-135.08928571422445
-135.08035714279586
-135.07142857136728
-135.0624999999387
-135.0535714285101
-135.04464285708153
-135.03571428565294
-135.02678571422436
-135.01785714279578
-135.0089285713672
-134.9999999999386
-134.99107142851003
-134.98214285708144
-134.97321428565286
-134.96428571422427
-134.9553571427957
-134.9464285713671
-134.93749999993852
-134.92857142850994
-134.91964285708136
-134.91071428565277
-134.9017857142242
-134.8928571427956
-134.88392857136702
-134.87499999993844
-134.86607142850985
-134.85714285708127
-134.8482142856527
-134.8392857142241
-134.83035714279552
-134.82142857136694
-134.81249999993835
-134.80357142850977
-134.7946428570812
-134.7857142856526
-134.77678571422402
-134.76785714279544
-134.75892857136685
-134.74999999993827
-134.74107142850968
-134.7321428570811
-134.72321428565252
-134.71428571422393
-134.70535714279535
-134.69642857136677
-134.68749999993818
-134.6785714285096
-134.66964285708102
-134.66071428565243
-134.65178571422385
-134.64285714279526
-134.63392857136668
-134.6249999999381
-134.6160714285095
-134.60714285708093
-134.59821428565235
-134.58928571422376
-134.58035714279518
-134.5714285713666
-134.562499999938
-134.55357142850943
-134.54464285708085
-134.53571428565226
-134.52678571422368
-134.5178571427951
-134.5089285713665
-134.49999999993793
-134.49107142850934
-134.48214285708076
-134.47321428565218
-134.4642857142236
-134.455357142795
-134.44642857136643
-134.43749999993784
-134.42857142850926
-134.41964285708067
-134.4107142856521
-134.4017857142235
-134.39285714279492
-134.38392857136634
-134.37499999993776
-134.36607142850917
-134.3571428570806
-134.348214285652
-134.33928571422342
-134.33035714279484
-134.32142857136625
-134.31249999993767
-134.3035714285091
-134.2946428570805
-134.28571428565192
-134.27678571422334
-134.26785714279475
-134.25892857136617
-134.2499999999376
-134.241071428509
-134.23214285708042
-134.22321428565184
-134.21428571422325
-134.20535714279467
-134.19642857136608
-134.1874999999375
-134.17857142850892
-134.16964285708033
-134.16071428565175
-134.15178571422317
-134.14285714279458
-134.133928571366
-134.12499999993742
-134.11607142850883
-134.10714285708025
-134.09821428565166
-134.08928571422308
-134.0803571427945
-134.0714285713659
-134.06249999993733
-134.05357142850875
-134.04464285708016
-134.03571428565158
-134.026785714223
-134.0178571427944
-134.00892857136583
-133.99999999993724
-133.99107142850866
-133.98214285708008
-133.9732142856515
-133.9642857142229
-133.95535714279433
-133.94642857136574
-133.93749999993716
-133.92857142850858
-133.91964285708
-133.9107142856514
-133.90178571422283
-133.89285714279424
-133.88392857136566
-133.87499999993707
-133.8660714285085
-133.8571428570799
-133.84821428565132
-133.83928571422274
-133.83035714279416
-133.82142857136557
-133.812499999937
-133.8035714285084
-133.79464285707982
-133.78571428565124
-133.77678571422265
-133.76785714279407
-133.7589285713655
-133.7499999999369
-133.74107142850832
-133.73214285707974
-133.72321428565115
-133.71428571422257
-133.70535714279399
-133.6964285713654
-133.68749999993682
-133.67857142850823
-133.66964285707965
-133.66071428565107
-133.65178571422248
-133.6428571427939
-133.63392857136532
-133.62499999993673
-133.61607142850815
-133.60714285707957
-133.59821428565098
-133.5892857142224
-133.58035714279382
-133.57142857136523
-133.56249999993665
-133.55357142850806
-133.54464285707948
-133.5357142856509
-133.5267857142223
-133.51785714279373
-133.50892857136515
-133.49999999993656
-133.49107142850798
-133.4821428570794
-133.4732142856508
-133.46428571422223
-133.45535714279364
-133.44642857136506
-133.43749999993648
-133.4285714285079
-133.4196428570793
-133.41071428565073
-133.40178571422214
-133.39285714279356
-133.38392857136498
-133.3749999999364
-133.3660714285078
-133.35714285707922
-133.34821428565064
-133.33928571422206
-133.33035714279347
-133.3214285713649
-133.3124999999363
-133.30357142850772
-133.29464285707914
-133.28571428565056
-133.27678571422197
-133.2678571427934
-133.2589285713648
-133.24999999993622
-133.24107142850764
-133.23214285707905
-133.22321428565047
-133.2142857142219
-133.2053571427933
-133.19642857136472
-133.18749999993614
-133.17857142850755
-133.16964285707897
-133.16071428565039
-133.1517857142218
-133.14285714279322
-133.13392857136463
-133.12499999993605
-133.11607142850747
-133.10714285707888
-133.0982142856503
-133.08928571422172
-133.08035714279313
-133.07142857136455
-133.06249999993597
-133.05357142850738
-133.0446428570788
-133.03571428565022
-133.02678571422163
-133.01785714279305
-133.00892857136446
-132.99999999993588
-132.9910714285073
-132.9821428570787
-132.97321428565013
-132.96428571422155
-132.95535714279296
-132.94642857136438
-132.9374999999358
-132.9285714285072
-132.91964285707863
-132.91071428565004
-132.90178571422146
-132.89285714279288
-132.8839285713643
-132.8749999999357
-132.86607142850713
-132.85714285707854
-132.84821428564996
-132.83928571422138
-132.8303571427928
-132.8214285713642
-132.81249999993562
-132.80357142850704
-132.79464285707846
-132.78571428564987
-132.7767857142213
-132.7678571427927
-132.75892857136412
-132.74999999993554
-132.74107142850696
-132.73214285707837
-132.7232142856498
-132.7142857142212
-132.70535714279262
-132.69642857136404
-132.68749999993545
-132.67857142850687
-132.6696428570783
-132.6607142856497
-132.65178571422112
-132.64285714279254
-132.63392857136395
-132.62499999993537
-132.61607142850679
-132.6071428570782
-132.59821428564962
-132.58928571422103
-132.58035714279245
-132.57142857136387
-132.56249999993528
-132.5535714285067
-132.54464285707812
-132.53571428564953
-132.52678571422095
-132.51785714279237
-132.50892857136378
-132.4999999999352
-132.49107142850661
-132.48214285707803
-132.47321428564945
-132.46428571422086
-132.45535714279228
-132.4464285713637
-132.4374999999351
-132.42857142850653
-132.41964285707795
-132.41071428564936
-132.40178571422078
-132.3928571427922
-132.3839285713636
-132.37499999993503
-132.36607142850644
-132.35714285707786
-132.34821428564928
-132.3392857142207
-132.3303571427921
-132.32142857136353
-132.31249999993494
-132.30357142850636
-132.29464285707778
-132.2857142856492
-132.2767857142206
-132.26785714279202
-132.25892857136344
-132.24999999993486
-132.24107142850627
-132.2321428570777
-132.2232142856491
-132.21428571422052
-132.20535714279194
-132.19642857136336
-132.18749999993477
-132.1785714285062
-132.1696428570776
-132.16071428564902
-132.15178571422044
-132.14285714279185
-132.13392857136327
-132.1249999999347
-132.1160714285061
-132.10714285707752
-132.09821428564894
-132.08928571422035
-132.08035714279177
-132.07142857136319
-132.0624999999346
-132.05357142850602
-132.04464285707743
-132.03571428564885
-132.02678571422027
-132.01785714279168
-132.0089285713631
-131.99999999993452
-131.99107142850593
-131.98214285707735
-131.97321428564877
-131.96428571422018
-131.9553571427916
-131.94642857136301
-131.93749999993443
-131.92857142850585
-131.91964285707726
-131.91071428564868
-131.9017857142201
-131.8928571427915
-131.88392857136293
-131.87499999993435
-131.86607142850576
-131.85714285707718
-131.8482142856486
-131.83928571422
-131.83035714279143
-131.82142857136284
-131.81249999993426
-131.80357142850568
-131.7946428570771
-131.7857142856485
-131.77678571421993
-131.76785714279134
-131.75892857136276
-131.74999999993418
-131.7410714285056
-131.732142857077
-131.72321428564842
-131.71428571421984
-131.70535714279126
-131.69642857136267
-131.6874999999341
-131.6785714285055
-131.66964285707692
-131.66071428564834
-131.65178571421976
-131.64285714279117
-131.6339285713626
-131.624999999934
-131.61607142850542
-131.60714285707684
-131.59821428564825
-131.58928571421967
-131.5803571427911
-131.5714285713625
-131.56249999993392
-131.55357142850534
-131.54464285707675
-131.53571428564817
-131.52678571421959
-131.517857142791
-131.50892857136242
-131.49999999993383
-131.49107142850525
-131.48214285707667
-131.47321428564808
-131.4642857142195
-131.45535714279092
-131.44642857136233
-131.43749999993375
-131.42857142850517
-131.41964285707658
-131.410714285648
-131.40178571421941
-131.39285714279083
-131.38392857136225
-131.37499999993366
-131.36607142850508
-131.3571428570765
-131.3482142856479
-131.33928571421933
-131.33035714279075
-131.32142857136216
-131.31249999993358
-131.303571428505
-131.2946428570764
-131.28571428564783
-131.27678571421924
-131.26785714279066
-131.25892857136208
-131.2499999999335
-131.2410714285049
-131.23214285707633
-131.22321428564774
-131.21428571421916
-131.20535714279058
-131.196428571362
-131.1874999999334
-131.17857142850482
-131.16964285707624
-131.16071428564766
-131.15178571421907
-131.1428571427905
-131.1339285713619
-131.12499999993332
-131.11607142850474
-131.10714285707616
-131.09821428564757
-131.089285714219
-131.0803571427904
-131.07142857136182
-131.06249999993324
-131.05357142850465
-131.04464285707607
-131.0357142856475
-131.0267857142189
-131.01785714279032
-131.00892857136174
-130.99999999993315
-130.99107142850457
-130.98214285707598
-130.9732142856474
-130.96428571421882
-130.95535714279023
-130.94642857136165
-130.93749999993307
-130.92857142850448
-130.9196428570759
-130.91071428564732
-130.90178571421873
-130.89285714279015
-130.88392857136157
-130.87499999993298
-130.8660714285044
-130.85714285707581
-130.84821428564723
-130.83928571421865
-130.83035714279006
-130.82142857136148
-130.8124999999329
-130.8035714285043
-130.79464285707573
-130.78571428564715
-130.77678571421856
-130.76785714278998
-130.7589285713614
-130.7499999999328
-130.74107142850423
-130.73214285707564
-130.72321428564706
-130.71428571421848
-130.7053571427899
-130.6964285713613
-130.68749999993273
-130.67857142850414
-130.66964285707556
-130.66071428564697
-130.6517857142184
-130.6428571427898
-130.63392857136122
-130.62499999993264
-130.61607142850406
-130.60714285707547
-130.5982142856469
-130.5892857142183
-130.58035714278972
-130.57142857136114
-130.56249999993256
-130.55357142850397
-130.5446428570754
-130.5357142856468
-130.52678571421822
-130.51785714278964
-130.50892857136105
-130.49999999993247
-130.4910714285039
-130.4821428570753
-130.47321428564672
-130.46428571421814
-130.45535714278955
-130.44642857136097
-130.43749999993238
-130.4285714285038
-130.41964285707522
-130.41071428564663
-130.40178571421805
-130.39285714278947
-130.38392857136088
-130.3749999999323
-130.36607142850372
-130.35714285707513
-130.34821428564655
-130.33928571421797
-130.33035714278938
-130.3214285713608
-130.31249999993221
-130.30357142850363
-130.29464285707505
-130.28571428564646
-130.27678571421788
-130.2678571427893
-130.2589285713607
-130.24999999993213
-130.24107142850355
-130.23214285707496
-130.22321428564638
-130.2142857142178
-130.2053571427892
-130.19642857136063
-130.18749999993204
-130.17857142850346
-130.16964285707488
-130.1607142856463
-130.1517857142177
-130.14285714278913
-130.13392857136054
-130.12499999993196
-130.11607142850337
-130.1071428570748
-130.0982142856462
-130.08928571421762
-130.08035714278904
-130.07142857136046
-130.06249999993187
-130.0535714285033
-130.0446428570747
-130.03571428564612
-130.02678571421754
-130.01785714278896
-130.00892857136037
-129.9999999999318
-129.9910714285032
-129.98214285707462
-129.97321428564604
-129.96428571421745
-129.95535714278887
-129.9464285713603
-129.9374999999317
-129.92857142850312
-129.91964285707454
-129.91071428564595
-129.90178571421737
-129.89285714278878
-129.8839285713602
-129.87499999993162
-129.86607142850303
-129.85714285707445
-129.84821428564587
-129.83928571421728
-129.8303571427887
-129.82142857136012
-129.81249999993153
-129.80357142850295
-129.79464285707436
-129.78571428564578
-129.7767857142172
-129.7678571427886
-129.75892857136003
-129.74999999993145
-129.74107142850286
-129.73214285707428
-129.7232142856457
-129.7142857142171
-129.70535714278853
-129.69642857135995
-129.68749999993136
-129.67857142850278
-129.6696428570742
-129.6607142856456
-129.65178571421703
-129.64285714278844
-129.63392857135986
-129.62499999993128
-129.6160714285027
-129.6071428570741
-129.59821428564553
-129.58928571421694
-129.58035714278836
-129.57142857135977
-129.5624999999312
-129.5535714285026
-129.54464285707402
-129.53571428564544
-129.52678571421686
-129.51785714278827
-129.5089285713597
-129.4999999999311
-129.49107142850252
-129.48214285707394
-129.47321428564535
-129.46428571421677
-129.4553571427882
-129.4464285713596
-129.43749999993102
-129.42857142850244
-129.41964285707385
-129.41071428564527
-129.4017857142167
-129.3928571427881
-129.38392857135952
-129.37499999993094
-129.36607142850235
-129.35714285707377
-129.34821428564518
-129.3392857142166
-129.33035714278802
-129.32142857135943
-129.31249999993085
-129.30357142850227
-129.29464285707368
-129.2857142856451
-129.27678571421652
-129.26785714278793
-129.25892857135935
-129.24999999993076
-129.24107142850218
-129.2321428570736
-129.223214285645
-129.21428571421643
-129.20535714278785
-129.19642857135926
-129.18749999993068
-129.1785714285021
-129.1696428570735
-129.16071428564493
-129.15178571421635
-129.14285714278776
-129.13392857135918
-129.1249999999306
-129.116071428502
-129.10714285707343
-129.09821428564484
-129.08928571421626
-129.08035714278768
-129.0714285713591
-129.0624999999305
-129.05357142850193
-129.04464285707334
-129.03571428564476
-129.02678571421617
-129.0178571427876
-129.008928571359
-128.99999999993042
-128.99107142850184
-128.98214285707326
-128.97321428564467
-128.9642857142161
-128.9553571427875
-128.94642857135892
-128.93749999993034
-128.92857142850175
-128.91964285707317
-128.9107142856446
-128.901785714216
-128.89285714278742
-128.88392857135884
-128.87499999993025
-128.86607142850167
-128.8571428570731
-128.8482142856445
-128.83928571421592
-128.83035714278734
-128.82142857135875
-128.81249999993017
-128.80357142850158
-128.794642857073
-128.78571428564442
-128.77678571421583
-128.76785714278725
-128.75892857135867
-128.74999999993008
-128.7410714285015
-128.73214285707292
-128.72321428564433
-128.71428571421575
-128.70535714278716
-128.69642857135858
-128.68749999993
-128.6785714285014
-128.66964285707283
-128.66071428564425
-128.65178571421566
-128.64285714278708
-128.6339285713585
-128.6249999999299
-128.61607142850133
-128.60714285707274
-128.59821428564416
-128.58928571421558
-128.580357142787
-128.5714285713584
-128.56249999992983
-128.55357142850124
-128.54464285707266
-128.53571428564408
-128.5267857142155
-128.5178571427869
-128.50892857135833
-128.49999999992974
-128.49107142850116
-128.48214285707257
-128.473214285644
-128.4642857142154
-128.45535714278682
-128.44642857135824
-128.43749999992966
-128.42857142850107
-128.4196428570725
-128.4107142856439
-128.40178571421532
-128.39285714278674
-128.38392857135815
-128.37499999992957
-128.366071428501
-128.3571428570724
-128.34821428564382
-128.33928571421524
-128.33035714278665
-128.32142857135807
-128.31249999992949
-128.3035714285009
-128.29464285707232
-128.28571428564373
-128.27678571421515
-128.26785714278657
-128.25892857135798
-128.2499999999294
-128.24107142850082
-128.23214285707223
-128.22321428564365
-128.21428571421507
-128.20535714278648
-128.1964285713579
-128.18749999992932
-128.17857142850073
-128.16964285707215
-128.16071428564356
-128.15178571421498
-128.1428571427864
-128.1339285713578
-128.12499999992923
-128.11607142850065
-128.10714285707206
-128.09821428564348
-128.0892857142149
-128.0803571427863
-128.07142857135773
-128.06249999992914
-128.05357142850056
-128.04464285707198
-128.0357142856434
-128.0267857142148
-128.01785714278623
-128.00892857135764
-127.99999999992906
-127.99107142850048
-127.98214285707189
-127.97321428564331
-127.96428571421472
-127.95535714278614
-127.94642857135756
-127.93749999992897
-127.92857142850039
-127.9196428570718
-127.91071428564322
-127.90178571421464
-127.89285714278606
-127.88392857135747
-127.87499999992889
-127.8660714285003
-127.85714285707172
-127.84821428564314
-127.83928571421455
-127.83035714278597
-127.82142857135739
-127.8124999999288
-127.80357142850022
-127.79464285707164
-127.78571428564305
-127.77678571421447
-127.76785714278589
-127.7589285713573
-127.74999999992872
-127.74107142850013
-127.73214285707155
-127.72321428564297
-127.71428571421438
-127.7053571427858
-127.69642857135722
-127.68749999992863
-127.67857142850005
-127.66964285707147
-127.66071428564288
-127.6517857142143
-127.64285714278572
-127.63392857135713
-127.62499999992855
-127.61607142849996
-127.60714285707138
-127.5982142856428
-127.58928571421421
-127.58035714278563
-127.57142857135705
-127.56249999992846
-127.55357142849988
-127.5446428570713
-127.53571428564271
-127.52678571421413
-127.51785714278554
-127.50892857135696
-127.49999999992838
-127.4910714284998
-127.48214285707121
-127.47321428564263
-127.46428571421404
-127.45535714278546
-127.44642857135688
-127.43749999992829
-127.42857142849971
-127.41964285707112
-127.41071428564254
-127.40178571421396
-127.39285714278537
-127.38392857135679
-127.3749999999282
-127.36607142849962
-127.35714285707104
-127.34821428564246
-127.33928571421387
-127.33035714278529
-127.3214285713567
-127.31249999992812
-127.30357142849954
-127.29464285707095
-127.28571428564237
-127.27678571421379
-127.2678571427852
-127.25892857135662
-127.24999999992804
-127.24107142849945
-127.23214285707087
-127.22321428564229
-127.2142857142137
-127.20535714278512
-127.19642857135653
-127.18749999992795
-127.17857142849937
-127.16964285707078
-127.1607142856422
-127.15178571421362
-127.14285714278503
-127.13392857135645
-127.12499999992787
-127.11607142849928
-127.1071428570707
-127.09821428564211
-127.08928571421353
-127.08035714278495
-127.07142857135636
-127.06249999992778
-127.0535714284992
-127.04464285707061
-127.03571428564203
-127.02678571421345
-127.01785714278486
-127.00892857135628
-126.9999999999277
-126.99107142849911
-126.98214285707053
-126.97321428564194
-126.96428571421336
-126.95535714278478
-126.9464285713562
-126.93749999992761
-126.92857142849903
-126.91964285707044
-126.91071428564186
-126.90178571421328
-126.89285714278469
-126.88392857135611
-126.87499999992752
-126.86607142849894
-126.85714285707036
-126.84821428564177
-126.83928571421319
-126.8303571427846
-126.82142857135602
-126.81249999992744
-126.80357142849886
-126.79464285707027
-126.78571428564169
-126.7767857142131
-126.76785714278452
-126.75892857135594
-126.74999999992735
-126.74107142849877
-126.73214285707019
-126.7232142856416
-126.71428571421302
-126.70535714278444
-126.69642857135585
-126.68749999992727
-126.67857142849869
-126.6696428570701
-126.66071428564152
-126.65178571421293
-126.64285714278435
-126.63392857135577
-126.62499999992718
-126.6160714284986
-126.60714285707002
-126.59821428564143
-126.58928571421285
-126.58035714278427
-126.57142857135568
-126.5624999999271
-126.55357142849851
-126.54464285706993
-126.53571428564135
-126.52678571421276
-126.51785714278418
-126.5089285713556
-126.49999999992701
-126.49107142849843
-126.48214285706985
-126.47321428564126
-126.46428571421268
-126.4553571427841
-126.44642857135551
-126.43749999992693
-126.42857142849834
-126.41964285706976
-126.41071428564118
-126.4017857142126
-126.39285714278401
-126.38392857135543
-126.37499999992684
-126.36607142849826
-126.35714285706968
-126.34821428564109
-126.33928571421251
-126.33035714278392
-126.32142857135534
-126.31249999992676
-126.30357142849817
-126.29464285706959
-126.285714285641
-126.27678571421242
-126.26785714278384
-126.25892857135526
-126.24999999992667
-126.24107142849809
-126.2321428570695
-126.22321428564092
-126.21428571421234
-126.20535714278375
-126.19642857135517
-126.18749999992659
-126.178571428498
-126.16964285706942
-126.16071428564084
-126.15178571421225
-126.14285714278367
-126.13392857135509
-126.1249999999265
-126.11607142849792
-126.10714285706933
-126.09821428564075
-126.08928571421217
-126.08035714278358
-126.071428571355
-126.06249999992642
-126.05357142849783
-126.04464285706925
-126.03571428564067
-126.02678571421208
-126.0178571427835
-126.00892857135491
-125.99999999992633
-125.99107142849775
-125.98214285706916
-125.97321428564058
-125.964285714212
-125.95535714278341
-125.94642857135483
-125.93749999992625
-125.92857142849766
-125.91964285706908
-125.9107142856405
-125.90178571421191
-125.89285714278333
-125.88392857135474
-125.87499999992616
-125.86607142849758
-125.857142857069
-125.84821428564041
-125.83928571421183
-125.83035714278324
-125.82142857135466
-125.81249999992608
-125.80357142849749
-125.79464285706891
-125.78571428564032
-125.77678571421174
-125.76785714278316
-125.75892857135457
-125.74999999992599
-125.7410714284974
-125.73214285706882
-125.72321428564024
-125.71428571421166
-125.70535714278307
-125.69642857135449
-125.6874999999259
-125.67857142849732
-125.66964285706874
-125.66071428564015
-125.65178571421157
-125.64285714278299
-125.6339285713544
-125.62499999992582
-125.61607142849724
-125.60714285706865
-125.59821428564007
-125.58928571421148
-125.5803571427829
-125.57142857135432
-125.56249999992573
-125.55357142849715
-125.54464285706857
-125.53571428563998
-125.5267857142114
-125.51785714278282
-125.50892857135423
-125.49999999992565
-125.49107142849707
-125.48214285706848
-125.4732142856399
-125.46428571421131
-125.45535714278273
-125.44642857135415
-125.43749999992556
-125.42857142849698
-125.4196428570684
-125.41071428563981
-125.40178571421123
-125.39285714278265
-125.38392857135406
-125.37499999992548
-125.3660714284969
-125.35714285706831
-125.34821428563973
-125.33928571421114
-125.33035714278256
-125.32142857135398
-125.3124999999254
-125.30357142849681
-125.29464285706823
-125.28571428563964
-125.27678571421106
-125.26785714278247
-125.25892857135389
-125.24999999992531
-125.24107142849672
-125.23214285706814
-125.22321428563956
-125.21428571421097
-125.20535714278239
-125.1964285713538
-125.18749999992522
-125.17857142849664
-125.16964285706806
-125.16071428563947
-125.15178571421089
-125.1428571427823
-125.13392857135372
-125.12499999992514
-125.11607142849655
-125.10714285706797
-125.09821428563939
-125.0892857142108
-125.08035714278222
-125.07142857135364
-125.06249999992505
-125.05357142849647
-125.04464285706788
-125.0357142856393
-125.02678571421072
-125.01785714278213
-125.00892857135355
-124.99999999992497
-124.99107142849638
-124.9821428570678
-124.97321428563922
-124.96428571421063
-124.95535714278205
-124.94642857135347
-124.93749999992488
-124.9285714284963
-124.91964285706771
-124.91071428563913
-124.90178571421055
-124.89285714278196
-124.88392857135338
-124.8749999999248
-124.86607142849621
-124.85714285706763
-124.84821428563905
-124.83928571421046
-124.83035714278188
-124.8214285713533
-124.81249999992471
-124.80357142849613
-124.79464285706754
-124.78571428563896
-124.77678571421038
-124.76785714278179
-124.75892857135321
-124.74999999992463
-124.74107142849604
-124.73214285706746
-124.72321428563887
-124.71428571421029
-124.70535714278171
-124.69642857135312
-124.68749999992454
-124.67857142849596
-124.66964285706737
-124.66071428563879
-124.6517857142102
-124.64285714278162
-124.63392857135304
-124.62499999992446
-124.61607142849587
-124.60714285706729
-124.5982142856387
-124.58928571421012
-124.58035714278154
-124.57142857135295
-124.56249999992437
-124.55357142849579
-124.5446428570672
-124.53571428563862
-124.52678571421004
-124.51785714278145
-124.50892857135287
-124.49999999992428
-124.4910714284957
-124.48214285706712
-124.47321428563853
-124.46428571420995
-124.45535714278137
-124.44642857135278
-124.4374999999242
-124.42857142849562
-124.41964285706703
-124.41071428563845
-124.40178571420986
-124.39285714278128
-124.3839285713527
-124.37499999992411
-124.36607142849553
-124.35714285706695
-124.34821428563836
-124.33928571420978
-124.3303571427812
-124.32142857135261
-124.31249999992403
-124.30357142849545
-124.29464285706686
-124.28571428563828
-124.2767857142097
-124.26785714278111
-124.25892857135253
-124.24999999992394
-124.24107142849536
-124.23214285706678
-124.22321428563819
-124.21428571420961
-124.20535714278103
-124.19642857135244
-124.18749999992386
-124.17857142849527
-124.16964285706669
-124.16071428563811
-124.15178571420952
-124.14285714278094
-124.13392857135236
-124.12499999992377
-124.11607142849519
-124.1071428570666
-124.09821428563802
-124.08928571420944
-124.08035714278085
-124.07142857135227
-124.06249999992369
-124.0535714284951
-124.04464285706652
-124.03571428563794
-124.02678571420935
-124.01785714278077
-124.00892857135219
-123.9999999999236
-123.99107142849502
-123.98214285706644
-123.97321428563785
-123.96428571420927
-123.95535714278068
-123.9464285713521
-123.93749999992352
-123.92857142849493
-123.91964285706635
-123.91071428563777
-123.90178571420918
-123.8928571427806
-123.88392857135202
-123.87499999992343
-123.86607142849485
-123.85714285706626
-123.84821428563768
-123.8392857142091
-123.83035714278051
-123.82142857135193
-123.81249999992335
-123.80357142849476
-123.79464285706618
-123.7857142856376
-123.77678571420901
-123.76785714278043
-123.75892857135184
-123.74999999992326
-123.74107142849468
-123.7321428570661
-123.72321428563751
-123.71428571420893
-123.70535714278034
-123.69642857135176
-123.68749999992318
-123.67857142849459
-123.66964285706601
-123.66071428563743
-123.65178571420884
-123.64285714278026
-123.63392857135167
-123.62499999992309
-123.61607142849451
-123.60714285706592
-123.59821428563734
-123.58928571420876
-123.58035714278017
-123.57142857135159
-123.562499999923
-123.55357142849442
-123.54464285706584
-123.53571428563725
-123.52678571420867
-123.51785714278009
-123.5089285713515
-123.49999999992292
-123.49107142849434
-123.48214285706575
-123.47321428563717
-123.46428571420859
-123.45535714278
-123.44642857135142
-123.43749999992284
-123.42857142849425
-123.41964285706567
-123.41071428563708
-123.4017857142085
-123.39285714277992
-123.38392857135133
-123.37499999992275
-123.36607142849417
-123.35714285706558
-123.348214285637
-123.33928571420842
-123.33035714277983
-123.32142857135125
-123.31249999992266
-123.30357142849408
-123.2946428570655
-123.28571428563691
-123.27678571420833
-123.26785714277975
-123.25892857135116
-123.24999999992258
-123.241071428494
-123.23214285706541
-123.22321428563683
-123.21428571420824
-123.20535714277966
-123.19642857135108
-123.1874999999225
-123.17857142849391
-123.16964285706533
-123.16071428563674
-123.15178571420816
-123.14285714277958
-123.13392857135099
-123.12499999992241
-123.11607142849383
-123.10714285706524
-123.09821428563666
-123.08928571420807
-123.08035714277949
-123.0714285713509
-123.06249999992232
-123.05357142849374
-123.04464285706516
-123.03571428563657
-123.02678571420799
-123.0178571427794
-123.00892857135082
-122.99999999992224
-122.99107142849365
-122.98214285706507
-122.97321428563649
-122.9642857142079
-122.95535714277932
-122.94642857135074
-122.93749999992215
-122.92857142849357
-122.91964285706499
-122.9107142856364
-122.90178571420782
-122.89285714277923
-122.88392857135065
-122.87499999992207
-122.86607142849348
-122.8571428570649
-122.84821428563632
-122.83928571420773
-122.83035714277915
-122.82142857135057
-122.81249999992198
-122.8035714284934
-122.79464285706482
-122.78571428563623
-122.77678571420765
-122.76785714277906
-122.75892857135048
-122.7499999999219
-122.74107142849331
-122.73214285706473
-122.72321428563615
-122.71428571420756
-122.70535714277898
-122.6964285713504
-122.68749999992181
-122.67857142849323
-122.66964285706464
-122.66071428563606
-122.65178571420748
-122.6428571427789
-122.63392857135031
-122.62499999992173
-122.61607142849314
-122.60714285706456
-122.59821428563598
-122.58928571420739
-122.58035714277881
-122.57142857135022
-122.56249999992164
-122.55357142849306
-122.54464285706447
-122.53571428563589
-122.5267857142073
-122.51785714277872
-122.50892857135014
-122.49999999992156
-122.49107142849297
-122.48214285706439
-122.4732142856358
-122.46428571420722
-122.45535714277864
-122.44642857135005
-122.43749999992147
-122.42857142849289
-122.4196428570643
-122.41071428563572
-122.40178571420714
-122.39285714277855
-122.38392857134997
-122.37499999992139
-122.3660714284928
-122.35714285706422
-122.34821428563563
-122.33928571420705
-122.33035714277847
-122.32142857134988
-122.3124999999213
-122.30357142849272
-122.29464285706413
-122.28571428563555
-122.27678571420697
-122.26785714277838
-122.2589285713498
-122.24999999992122
-122.24107142849263
-122.23214285706405
-122.22321428563546
-122.21428571420688
-122.2053571427783
-122.19642857134971
-122.18749999992113
-122.17857142849255
-122.16964285706396
-122.16071428563538
-122.1517857142068
-122.14285714277821
-122.13392857134963
-122.12499999992104
-122.11607142849246
-122.10714285706388
-122.0982142856353
-122.08928571420671
-122.08035714277813
-122.07142857134954
-122.06249999992096
-122.05357142849238
-122.04464285706379
-122.03571428563521
-122.02678571420662
-122.01785714277804
-122.00892857134946
-121.99999999992087
-121.99107142849229
-121.9821428570637
-121.97321428563512
-121.96428571420654
-121.95535714277796
-121.94642857134937
-121.93749999992079
-121.9285714284922
-121.91964285706362
-121.91071428563504
-121.90178571420645
-121.89285714277787
-121.88392857134929
-121.8749999999207
-121.86607142849212
-121.85714285706354
-121.84821428563495
-121.83928571420637
-121.83035714277779
-121.8214285713492
-121.81249999992062
-121.80357142849203
-121.79464285706345
-121.78571428563487
-121.77678571420628
-121.7678571427777
-121.75892857134912
-121.74999999992053
-121.74107142849195
-121.73214285706337
-121.72321428563478
-121.7142857142062
-121.70535714277761
-121.69642857134903
-121.68749999992045
-121.67857142849186
-121.66964285706328
-121.6607142856347
-121.65178571420611
-121.64285714277753
-121.63392857134895
-121.62499999992036
-121.61607142849178
-121.6071428570632
-121.59821428563461
-121.58928571420603
-121.58035714277744
-121.57142857134886
-121.56249999992028
-121.5535714284917
-121.54464285706311
-121.53571428563453
-121.52678571420594
-121.51785714277736
-121.50892857134878
-121.49999999992019
-121.49107142849161
-121.48214285706302
-121.47321428563444
-121.46428571420586
-121.45535714277727
-121.44642857134869
-121.4374999999201
-121.42857142849152
-121.41964285706294
-121.41071428563436
-121.40178571420577
-121.39285714277719
-121.3839285713486
-121.37499999992002
-121.36607142849144
-121.35714285706285
-121.34821428563427
-121.33928571420569
-121.3303571427771
-121.32142857134852
-121.31249999991994
-121.30357142849135
-121.29464285706277
-121.28571428563419
-121.2767857142056
-121.26785714277702
-121.25892857134843
-121.24999999991985
-121.24107142849127
-121.23214285706268
-121.2232142856341
-121.21428571420552
-121.20535714277693
-121.19642857134835
-121.18749999991977
-121.17857142849118
-121.1696428570626
-121.16071428563401
-121.15178571420543
-121.14285714277685
-121.13392857134826
-121.12499999991968
-121.1160714284911
-121.10714285706251
-121.09821428563393
-121.08928571420535
-121.08035714277676
-121.07142857134818
-121.0624999999196
-121.05357142849101
-121.04464285706243
-121.03571428563384
-121.02678571420526
-121.01785714277668
-121.0089285713481
-120.99999999991951
-120.99107142849093
-120.98214285706234
-120.97321428563376
-120.96428571420518
-120.95535714277659
-120.94642857134801
-120.93749999991942
-120.92857142849084
-120.91964285706226
-120.91071428563367
-120.90178571420509
-120.8928571427765
-120.88392857134792
-120.87499999991934
-120.86607142849076
-120.85714285706217
-120.84821428563359
-120.839285714205
-120.83035714277642
-120.82142857134784
-120.81249999991925
-120.80357142849067
-120.79464285706209
-120.7857142856335
-120.77678571420492
-120.76785714277634
-120.75892857134775
-120.74999999991917
-120.74107142849059
-120.732142857062
-120.72321428563342
-120.71428571420483
-120.70535714277625
-120.69642857134767
-120.68749999991908
-120.6785714284905
-120.66964285706192
-120.66071428563333
-120.65178571420475
-120.64285714277617
-120.63392857134758
-120.624999999919
-120.61607142849041
-120.60714285706183
-120.59821428563325
-120.58928571420466
-120.58035714277608
-120.5714285713475
-120.56249999991891
-120.55357142849033
-120.54464285706175
-120.53571428563316
-120.52678571420458
-120.517857142776
-120.50892857134741
-120.49999999991883
-120.49107142849024
-120.48214285706166
-120.47321428563308
-120.4642857142045
-120.45535714277591
-120.44642857134733
-120.43749999991874
-120.42857142849016
-120.41964285706158
-120.41071428563299
-120.40178571420441
-120.39285714277582
-120.38392857134724
-120.37499999991866
-120.36607142849007
-120.35714285706149
-120.3482142856329
-120.33928571420432
-120.33035714277574
-120.32142857134716
-120.31249999991857
-120.30357142848999
-120.2946428570614
-120.28571428563282
-120.27678571420424
-120.26785714277565
-120.25892857134707
-120.24999999991849
-120.2410714284899
-120.23214285706132
-120.22321428563274
-120.21428571420415
-120.20535714277557
-120.19642857134698
-120.1874999999184
-120.17857142848982
-120.16964285706123
-120.16071428563265
-120.15178571420407
-120.14285714277548
-120.1339285713469
-120.12499999991832
-120.11607142848973
-120.10714285706115
-120.09821428563257
-120.08928571420398
-120.0803571427754
-120.07142857134681
-120.06249999991823
-120.05357142848965
-120.04464285706106
-120.03571428563248
-120.0267857142039
-120.01785714277531
-120.00892857134673
-119.99999999991815
-119.99107142848956
-119.98214285706098
-119.9732142856324
-119.96428571420381
-119.95535714277523
-119.94642857134664
-119.93749999991806
-119.92857142848948
-119.9196428570609
-119.91071428563231
-119.90178571420373
-119.89285714277514
-119.88392857134656
-119.87499999991797
-119.86607142848939
-119.85714285706081
-119.84821428563222
-119.83928571420364
-119.83035714277506
-119.82142857134647
-119.81249999991789
-119.8035714284893
-119.79464285706072
-119.78571428563214
-119.77678571420356
-119.76785714277497
-119.75892857134639
-119.7499999999178
-119.74107142848922
-119.73214285706064
-119.72321428563205
-119.71428571420347
-119.70535714277489
-119.6964285713463
-119.68749999991772
-119.67857142848914
-119.66964285706055
-119.66071428563197
-119.65178571420338
-119.6428571427748
-119.63392857134622
-119.62499999991763
-119.61607142848905
-119.60714285706047
-119.59821428563188
-119.5892857142033
-119.58035714277472
-119.57142857134613
-119.56249999991755
-119.55357142848897
-119.54464285706038
-119.5357142856318
-119.52678571420321
-119.51785714277463
-119.50892857134605
-119.49999999991746
-119.49107142848888
-119.4821428570603
-119.47321428563171
-119.46428571420313
-119.45535714277455
-119.44642857134596
-119.43749999991738
-119.4285714284888
-119.41964285706021
-119.41071428563163
-119.40178571420304
-119.39285714277446
-119.38392857134588
-119.37499999991729
-119.36607142848871
-119.35714285706013
-119.34821428563154
-119.33928571420296
-119.33035714277437
-119.32142857134579
-119.31249999991721
-119.30357142848862
-119.29464285706004
-119.28571428563146
-119.27678571420287
-119.26785714277429
-119.2589285713457
-119.24999999991712
-119.24107142848854
-119.23214285705996
-119.22321428563137
-119.21428571420279
-119.2053571427742
-119.19642857134562
-119.18749999991704
-119.17857142848845
-119.16964285705987
-119.16071428563129
-119.1517857142027
-119.14285714277412
-119.13392857134554
-119.12499999991695
-119.11607142848837
-119.10714285705978
-119.0982142856312
-119.08928571420262
-119.08035714277403
-119.07142857134545
-119.06249999991687
-119.05357142848828
-119.0446428570597
-119.03571428563112
-119.02678571420253
-119.01785714277395
-119.00892857134536
-118.99999999991678
-118.9910714284882
-118.98214285705961
-118.97321428563103
-118.96428571420245
-118.95535714277386
-118.94642857134528
-118.9374999999167
-118.92857142848811
-118.91964285705953
-118.91071428563095
-118.90178571420236
-118.89285714277378
-118.8839285713452
-118.87499999991661
-118.86607142848803
-118.85714285705944
-118.84821428563086
-118.83928571420228
-118.83035714277369
-118.82142857134511
-118.81249999991653
-118.80357142848794
-118.79464285705936
-118.78571428563077
-118.77678571420219
-118.76785714277361
-118.75892857134502
-118.74999999991644
-118.74107142848786
-118.73214285705927
-118.72321428563069
-118.7142857142021
-118.70535714277352
-118.69642857134494
-118.68749999991635
-118.67857142848777
-118.66964285705919
-118.6607142856306
-118.65178571420202
-118.64285714277344
-118.63392857134485
-118.62499999991627
-118.61607142848769
-118.6071428570591
-118.59821428563052
-118.58928571420194
-118.58035714277335
-118.57142857134477
-118.56249999991618
-118.5535714284876
-118.54464285705902
-118.53571428563043
-118.52678571420185
-118.51785714277327
-118.50892857134468
-118.4999999999161
-118.49107142848752
-118.48214285705893
-118.47321428563035
-118.46428571420176
-118.45535714277318
-118.4464285713446
-118.43749999991601
-118.42857142848743
-118.41964285705885
-118.41071428563026
-118.40178571420168
-118.3928571427731
-118.38392857134451
-118.37499999991593
-118.36607142848734
-118.35714285705876
-118.34821428563018
-118.3392857142016
-118.33035714277301
-118.32142857134443
-118.31249999991584
-118.30357142848726
-118.29464285705868
-118.28571428563009
-118.27678571420151
-118.26785714277293
-118.25892857134434
-118.24999999991576
-118.24107142848717
-118.23214285705859
-118.22321428563001
-118.21428571420142
-118.20535714277284
-118.19642857134426
-118.18749999991567
-118.17857142848709
-118.1696428570585
-118.16071428562992
-118.15178571420134
-118.14285714277275
-118.13392857134417
-118.12499999991559
-118.116071428487
-118.10714285705842
-118.09821428562984
-118.08928571420125
-118.08035714277267
-118.07142857134409
-118.0624999999155
-118.05357142848692
-118.04464285705834
-118.03571428562975
-118.02678571420117
-118.01785714277258
-118.008928571344
-117.99999999991542
-117.99107142848683
-117.98214285705825
-117.97321428562967
-117.96428571420108
-117.9553571427725
-117.94642857134392
-117.93749999991533
-117.92857142848675
-117.91964285705816
-117.91071428562958
-117.901785714201
-117.89285714277241
-117.88392857134383
-117.87499999991525
-117.86607142848666
-117.85714285705808
-117.8482142856295
-117.83928571420091
-117.83035714277233
-117.82142857134374
-117.81249999991516
-117.80357142848658
-117.794642857058
-117.78571428562941
-117.77678571420083
-117.76785714277224
-117.75892857134366
-117.74999999991508
-117.74107142848649
-117.73214285705791
-117.72321428562933
-117.71428571420074
-117.70535714277216
-117.69642857134357
-117.68749999991499
-117.6785714284864
-117.66964285705782
-117.66071428562924
-117.65178571420066
-117.64285714277207
-117.63392857134349
-117.6249999999149
-117.61607142848632
-117.60714285705774
-117.59821428562915
-117.58928571420057
-117.58035714277199
-117.5714285713434
-117.56249999991482
-117.55357142848624
-117.54464285705765
-117.53571428562907
-117.52678571420049
-117.5178571427719
-117.50892857134332
-117.49999999991473
-117.49107142848615
-117.48214285705757
-117.47321428562898
-117.4642857142004
-117.45535714277182
-117.44642857134323
-117.43749999991465
-117.42857142848607
-117.41964285705748
-117.4107142856289
-117.40178571420032
-117.39285714277173
-117.38392857134315
-117.37499999991456
-117.36607142848598
-117.3571428570574
-117.34821428562881
-117.33928571420023
-117.33035714277165
-117.32142857134306
-117.31249999991448
-117.3035714284859
-117.29464285705731
-117.28571428562873
-117.27678571420014
-117.26785714277156
-117.25892857134298
-117.2499999999144
-117.24107142848581
-117.23214285705723
-117.22321428562864
-117.21428571420006
-117.20535714277148
-117.19642857134289
-117.18749999991431
-117.17857142848572
-117.16964285705714
-117.16071428562856
-117.15178571419997
-117.14285714277139
-117.1339285713428
-117.12499999991422
-117.11607142848564
-117.10714285705706
-117.09821428562847
-117.08928571419989
-117.0803571427713
-117.07142857134272
-117.06249999991414
-117.05357142848555
-117.04464285705697
-117.03571428562839
-117.0267857141998
-117.01785714277122
-117.00892857134264
-116.99999999991405
-116.99107142848547
-116.98214285705689
-116.9732142856283
-116.96428571419972
-116.95535714277113
-116.94642857134255
-116.93749999991397
-116.92857142848538
-116.9196428570568
-116.91071428562822
-116.90178571419963
-116.89285714277105
-116.88392857134247
-116.87499999991388
-116.8660714284853
-116.85714285705672
-116.84821428562813
-116.83928571419955
-116.83035714277096
-116.82142857134238
-116.8124999999138
-116.80357142848521
-116.79464285705663
-116.78571428562805
-116.77678571419946
-116.76785714277088
-116.7589285713423
-116.74999999991371
-116.74107142848513
-116.73214285705654
-116.72321428562796
-116.71428571419938
-116.7053571427708
-116.69642857134221
-116.68749999991363
-116.67857142848504
-116.66964285705646
-116.66071428562788
-116.65178571419929
-116.64285714277071
-116.63392857134212
-116.62499999991354
-116.61607142848496
-116.60714285705637
-116.59821428562779
-116.5892857141992
-116.58035714277062
-116.57142857134204
-116.56249999991346
-116.55357142848487
-116.54464285705629
-116.5357142856277
-116.52678571419912
-116.51785714277054
-116.50892857134195
-116.49999999991337
-116.49107142848479
-116.4821428570562
-116.47321428562762
-116.46428571419904
-116.45535714277045
-116.44642857134187
-116.43749999991329
-116.4285714284847
-116.41964285705612
-116.41071428562753
-116.40178571419895
-116.39285714277037
-116.38392857134178
-116.3749999999132
-116.36607142848462
-116.35714285705603
-116.34821428562745
-116.33928571419887
-116.33035714277028
-116.3214285713417
-116.31249999991311
-116.30357142848453
-116.29464285705595
-116.28571428562736
-116.27678571419878
-116.2678571427702
-116.25892857134161
-116.24999999991303
-116.24107142848445
-116.23214285705586
-116.22321428562728
-116.2142857141987
-116.20535714277011
-116.19642857134153
-116.18749999991294
-116.17857142848436
-116.16964285705578
-116.1607142856272
-116.15178571419861
-116.14285714277003
-116.13392857134144
-116.12499999991286
-116.11607142848428
-116.10714285705569
-116.09821428562711
-116.08928571419852
-116.08035714276994
-116.07142857134136
-116.06249999991277
-116.05357142848419
-116.0446428570556
-116.03571428562702
-116.02678571419844
-116.01785714276986
-116.00892857134127
-115.99999999991269
-115.9910714284841
-115.98214285705552
-115.97321428562694
-115.96428571419835
-115.95535714276977
-115.94642857134119
-115.9374999999126
-115.92857142848402
-115.91964285705544
-115.91071428562685
-115.90178571419827
-115.89285714276969
-115.8839285713411
-115.87499999991252
-115.86607142848393
-115.85714285705535
-115.84821428562677
-115.83928571419818
-115.8303571427696
-115.82142857134102
-115.81249999991243
-115.80357142848385
-115.79464285705527
-115.78571428562668
-115.7767857141981
-115.76785714276951
-115.75892857134093
-115.74999999991235
-115.74107142848376
-115.73214285705518
-115.7232142856266
-115.71428571419801
-115.70535714276943
-115.69642857134085
-115.68749999991226
-115.67857142848368
-115.6696428570551
-115.66071428562651
-115.65178571419793
-115.64285714276934
-115.63392857134076
-115.62499999991218
-115.6160714284836
-115.60714285705501
-115.59821428562643
-115.58928571419784
-115.58035714276926
-115.57142857134068
-115.56249999991209
-115.55357142848351
-115.54464285705492
-115.53571428562634
-115.52678571419776
-115.51785714276917
-115.50892857134059
-115.499999999912
-115.49107142848342
-115.48214285705484
-115.47321428562626
-115.46428571419767
-115.45535714276909
-115.4464285713405
-115.43749999991192
-115.42857142848334
-115.41964285705475
-115.41071428562617
-115.40178571419759
-115.392857142769
-115.38392857134042
-115.37499999991184
-115.36607142848325
-115.35714285705467
-115.34821428562609
-115.3392857141975
-115.33035714276892
-115.32142857134033
-115.31249999991175
-115.30357142848317
-115.29464285705458
-115.285714285626
-115.27678571419742
-115.26785714276883
-115.25892857134025
-115.24999999991167
-115.24107142848308
-115.2321428570545
-115.22321428562591
-115.21428571419733
-115.20535714276875
-115.19642857134016
-115.18749999991158
-115.178571428483
-115.16964285705441
-115.16071428562583
-115.15178571419725
-115.14285714276866
-115.13392857134008
-115.1249999999115
-115.11607142848291
-115.10714285705433
-115.09821428562574
-115.08928571419716
-115.08035714276858
-115.07142857134
-115.06249999991141
-115.05357142848283
-115.04464285705424
-115.03571428562566
-115.02678571419708
-115.01785714276849
-115.00892857133991
-114.99999999991132
-114.99107142848274
-114.98214285705416
-114.97321428562557
-114.96428571419699
-114.9553571427684
-114.94642857133982
-114.93749999991124
-114.92857142848266
-114.91964285705407
-114.91071428562549
-114.9017857141969
-114.89285714276832
-114.88392857133974
-114.87499999991115
-114.86607142848257
-114.85714285705399
-114.8482142856254
-114.83928571419682
-114.83035714276824
-114.82142857133965
-114.81249999991107
-114.80357142848248
-114.7946428570539
-114.78571428562532
-114.77678571419673
-114.76785714276815
-114.75892857133957
-114.74999999991098
-114.7410714284824
-114.73214285705382
-114.72321428562523
-114.71428571419665
-114.70535714276807
-114.69642857133948
-114.6874999999109
-114.67857142848231
-114.66964285705373
-114.66071428562515
-114.65178571419656
-114.64285714276798
-114.6339285713394
-114.62499999991081
-114.61607142848223
-114.60714285705365
-114.59821428562506
-114.58928571419648
-114.5803571427679
-114.57142857133931
-114.56249999991073
-114.55357142848214
-114.54464285705356
-114.53571428562498
-114.5267857141964
-114.51785714276781
-114.50892857133923
-114.49999999991064
-114.49107142848206
-114.48214285705347
-114.47321428562489
-114.46428571419631
-114.45535714276772
-114.44642857133914
-114.43749999991056
-114.42857142848197
-114.41964285705339
-114.4107142856248
-114.40178571419622
-114.39285714276764
-114.38392857133906
-114.37499999991047
-114.36607142848189
-114.3571428570533
-114.34821428562472
-114.33928571419614
-114.33035714276755
-114.32142857133897
-114.31249999991039
-114.3035714284818
-114.29464285705322
-114.28571428562464
-114.27678571419605
-114.26785714276747
-114.25892857133888
-114.2499999999103
-114.24107142848172
-114.23214285705313
-114.22321428562455
-114.21428571419597
-114.20535714276738
-114.1964285713388
-114.18749999991022
-114.17857142848163
-114.16964285705305
-114.16071428562446
-114.15178571419588
-114.1428571427673
-114.13392857133871
-114.12499999991013
-114.11607142848155
-114.10714285705296
-114.09821428562438
-114.0892857141958
-114.08035714276721
-114.07142857133863
-114.06249999991005
-114.05357142848146
-114.04464285705288
-114.0357142856243
-114.02678571419571
-114.01785714276713
-114.00892857133854
-113.99999999990996
-113.99107142848138
-113.98214285705279
-113.97321428562421
-113.96428571419563
-113.95535714276704
-113.94642857133846
-113.93749999990987
-113.92857142848129
-113.91964285705271
-113.91071428562412
-113.90178571419554
-113.89285714276696
-113.88392857133837
-113.87499999990979
-113.8660714284812
-113.85714285705262
-113.84821428562404
-113.83928571419546
-113.83035714276687
-113.82142857133829
-113.8124999999097
-113.80357142848112
-113.79464285705254
-113.78571428562395
-113.77678571419537
-113.76785714276679
-113.7589285713382
-113.74999999990962
-113.74107142848104
-113.73214285705245
-113.72321428562387
-113.71428571419528
-113.7053571427667
-113.69642857133812
-113.68749999990953
-113.67857142848095
-113.66964285705237
-113.66071428562378
-113.6517857141952
-113.64285714276662
-113.63392857133803
-113.62499999990945
-113.61607142848086
-113.60714285705228
-113.5982142856237
-113.58928571419511
-113.58035714276653
-113.57142857133795
-113.56249999990936
-113.55357142848078
-113.5446428570522
-113.53571428562361
-113.52678571419503
-113.51785714276645
-113.50892857133786
-113.49999999990928
-113.4910714284807
-113.48214285705211
-113.47321428562353
-113.46428571419494
-113.45535714276636
-113.44642857133778
-113.43749999990919
-113.42857142848061
-113.41964285705203
-113.41071428562344
-113.40178571419486
-113.39285714276627
-113.38392857133769
-113.37499999990911
-113.36607142848052
-113.35714285705194
-113.34821428562336
-113.33928571419477
-113.33035714276619
-113.3214285713376
-113.31249999990902
-113.30357142848044
-113.29464285705185
-113.28571428562327
-113.27678571419469
-113.2678571427661
-113.25892857133752
-113.24999999990894
-113.24107142848035
-113.23214285705177
-113.22321428562319
-113.2142857141946
-113.20535714276602
-113.19642857133744
-113.18749999990885
-113.17857142848027
-113.16964285705168
-113.1607142856231
-113.15178571419452
-113.14285714276593
-113.13392857133735
-113.12499999990877
-113.11607142848018
-113.1071428570516
-113.09821428562302
-113.08928571419443
-113.08035714276585
-113.07142857133726
-113.06249999990868
-113.0535714284801
-113.04464285705151
-113.03571428562293
-113.02678571419435
-113.01785714276576
-113.00892857133718
-112.9999999999086
-112.99107142848001
-112.98214285705143
-112.97321428562284
-112.96428571419426
-112.95535714276568
-112.9464285713371
-112.93749999990851
-112.92857142847993
-112.91964285705134
-112.91071428562276
-112.90178571419418
-112.89285714276559
-112.88392857133701
-112.87499999990843
-112.86607142847984
-112.85714285705126
-112.84821428562267
-112.83928571419409
-112.83035714276551
-112.82142857133692
-112.81249999990834
-112.80357142847976
-112.79464285705117
-112.78571428562259
-112.776785714194
-112.76785714276542
-112.75892857133684
-112.74999999990825
-112.74107142847967
-112.73214285705109
-112.7232142856225
-112.71428571419392
-112.70535714276534
-112.69642857133675
-112.68749999990817
-112.67857142847959
-112.669642857051
-112.66071428562242
-112.65178571419384
-112.64285714276525
-112.63392857133667
-112.62499999990808
-112.6160714284795
-112.60714285705092
-112.59821428562233
-112.58928571419375
-112.58035714276517
-112.57142857133658
-112.562499999908
-112.55357142847942
-112.54464285705083
-112.53571428562225
-112.52678571419366
-112.51785714276508
-112.5089285713365
-112.49999999990791
-112.49107142847933
-112.48214285705075
-112.47321428562216
-112.46428571419358
-112.455357142765
-112.44642857133641
-112.43749999990783
-112.42857142847924
-112.41964285705066
-112.41071428562208
-112.4017857141935
-112.39285714276491
-112.38392857133633
-112.37499999990774
-112.36607142847916
-112.35714285705058
-112.34821428562199
-112.33928571419341
-112.33035714276483
-112.32142857133624
-112.31249999990766
-112.30357142847907
-112.29464285705049
-112.2857142856219
-112.27678571419332
-112.26785714276474
-112.25892857133616
-112.24999999990757
-112.24107142847899
-112.2321428570504
-112.22321428562182
-112.21428571419324
-112.20535714276465
-112.19642857133607
-112.18749999990749
-112.1785714284789
-112.16964285705032
-112.16071428562174
-112.15178571419315
-112.14285714276457
-112.13392857133599
-112.1249999999074
-112.11607142847882
-112.10714285705023
-112.09821428562165
-112.08928571419307
-112.08035714276448
-112.0714285713359
-112.06249999990732
-112.05357142847873
-112.04464285705015
-112.03571428562157
-112.02678571419298
-112.0178571427644
-112.00892857133582
-111.99999999990723
-111.99107142847865
-111.98214285705006
-111.97321428562148
-111.9642857141929
-111.95535714276431
-111.94642857133573
-111.93749999990715
-111.92857142847856
-111.91964285704998
-111.9107142856214
-111.90178571419281
-111.89285714276423
-111.88392857133564
-111.87499999990706
-111.86607142847848
-111.8571428570499
-111.84821428562131
-111.83928571419273
-111.83035714276414
-111.82142857133556
-111.81249999990698
-111.80357142847839
-111.79464285704981
-111.78571428562122
-111.77678571419264
-111.76785714276406
-111.75892857133547
-111.74999999990689
-111.7410714284783
-111.73214285704972
-111.72321428562114
-111.71428571419256
-111.70535714276397
-111.69642857133539
-111.6874999999068
-111.67857142847822
-111.66964285704964
-111.66071428562105
-111.65178571419247
-111.64285714276389
-111.6339285713353
-111.62499999990672
-111.61607142847814
-111.60714285704955
-111.59821428562097
-111.58928571419239
-111.5803571427638
-111.57142857133522
-111.56249999990663
-111.55357142847805
-111.54464285704947
-111.53571428562088
-111.5267857141923
-111.51785714276372
-111.50892857133513
-111.49999999990655
-111.49107142847797
-111.48214285704938
-111.4732142856208
-111.46428571419221
-111.45535714276363
-111.44642857133505
-111.43749999990646
-111.42857142847788
-111.4196428570493
-111.41071428562071
-111.40178571419213
-111.39285714276355
-111.38392857133496
-111.37499999990638
-111.3660714284778
-111.35714285704921
-111.34821428562063
-111.33928571419204
-111.33035714276346
-111.32142857133488
-111.3124999999063
-111.30357142847771
-111.29464285704913
-111.28571428562054
-111.27678571419196
-111.26785714276338
-111.25892857133479
-111.24999999990621
-111.24107142847762
-111.23214285704904
-111.22321428562046
-111.21428571419187
-111.20535714276329
-111.1964285713347
-111.18749999990612
-111.17857142847754
-111.16964285704896
-111.16071428562037
-111.15178571419179
-111.1428571427632
-111.13392857133462
-111.12499999990604
-111.11607142847745
-111.10714285704887
-111.09821428562029
-111.0892857141917
-111.08035714276312
-111.07142857133454
-111.06249999990595
-111.05357142847737
-111.04464285704879
-111.0357142856202
-111.02678571419162
-111.01785714276303
-111.00892857133445
-110.99999999990587
-110.99107142847728
-110.9821428570487
-110.97321428562012
-110.96428571419153
-110.95535714276295
-110.94642857133437
-110.93749999990578
-110.9285714284772
-110.91964285704861
-110.91071428562003
-110.90178571419145
-110.89285714276286
-110.88392857133428
-110.8749999999057
-110.86607142847711
-110.85714285704853
-110.84821428561995
-110.83928571419136
-110.83035714276278
-110.8214285713342
-110.81249999990561
-110.80357142847703
-110.79464285704844
-110.78571428561986
-110.77678571419128
-110.7678571427627
-110.75892857133411
-110.74999999990553
-110.74107142847694
-110.73214285704836
-110.72321428561978
-110.71428571419119
-110.70535714276261
-110.69642857133402
-110.68749999990544
-110.67857142847686
-110.66964285704827
-110.66071428561969
-110.6517857141911
-110.64285714276252
-110.63392857133394
-110.62499999990536
-110.61607142847677
-110.60714285704819
-110.5982142856196
-110.58928571419102
-110.58035714276244
-110.57142857133385
-110.56249999990527
-110.55357142847669
-110.5446428570481
-110.53571428561952
-110.52678571419094
-110.51785714276235
-110.50892857133377
-110.49999999990519
-110.4910714284766
-110.48214285704802
-110.47321428561943
-110.46428571419085
-110.45535714276227
-110.44642857133368
-110.4374999999051
-110.42857142847652
-110.41964285704793
-110.41071428561935
-110.40178571419077
-110.39285714276218
-110.3839285713336
-110.37499999990501
-110.36607142847643
-110.35714285704785
-110.34821428561926
-110.33928571419068
-110.3303571427621
-110.32142857133351
-110.31249999990493
-110.30357142847635
-110.29464285704776
-110.28571428561918
-110.2767857141906
-110.26785714276201
-110.25892857133343
-110.24999999990484
-110.24107142847626
-110.23214285704768
-110.2232142856191
-110.21428571419051
-110.20535714276193
-110.19642857133334
-110.18749999990476
-110.17857142847618
-110.16964285704759
-110.16071428561901
-110.15178571419042
-110.14285714276184
-110.13392857133326
-110.12499999990467
-110.11607142847609
-110.1071428570475
-110.09821428561892
-110.08928571419034
-110.08035714276176
-110.07142857133317
-110.06249999990459
-110.053571428476
-110.04464285704742
-110.03571428561884
-110.02678571419025
-110.01785714276167
-110.00892857133309
-109.9999999999045
-109.99107142847592
-109.98214285704734
-109.97321428561875
-109.96428571419017
-109.95535714276159
-109.946428571333
-109.93749999990442
-109.92857142847583
-109.91964285704725
-109.91071428561867
-109.90178571419008
-109.8928571427615
-109.88392857133292
-109.87499999990433
-109.86607142847575
-109.85714285704717
-109.84821428561858
-109.83928571419
-109.83035714276141
-109.82142857133283
-109.81249999990425
-109.80357142847566
-109.79464285704708
-109.7857142856185
-109.77678571418991
-109.76785714276133
-109.75892857133275
-109.74999999990416
-109.74107142847558
-109.732142857047
-109.72321428561841
-109.71428571418983
-109.70535714276124
-109.69642857133266
-109.68749999990408
-109.6785714284755
-109.66964285704691
-109.66071428561833
-109.65178571418974
-109.64285714276116
-109.63392857133258
-109.62499999990399
-109.61607142847541
-109.60714285704682
-109.59821428561824
-109.58928571418966
-109.58035714276107
-109.57142857133249
-109.5624999999039
-109.55357142847532
-109.54464285704674
-109.53571428561816
-109.52678571418957
-109.51785714276099
-109.5089285713324
-109.49999999990382
-109.49107142847524
-109.48214285704665
-109.47321428561807
-109.46428571418949
-109.4553571427609
-109.44642857133232
-109.43749999990374
-109.42857142847515
-109.41964285704657
-109.41071428561798
-109.4017857141894
-109.39285714276082
-109.38392857133223
-109.37499999990365
-109.36607142847507
-109.35714285704648
-109.3482142856179
-109.33928571418932
-109.33035714276073
-109.32142857133215
-109.31249999990357
-109.30357142847498
-109.2946428570464
-109.28571428561781
-109.27678571418923
-109.26785714276065
-109.25892857133206
-109.24999999990348
-109.2410714284749
-109.23214285704631
-109.22321428561773
-109.21428571418915
-109.20535714276056
-109.19642857133198
-109.1874999999034
-109.17857142847481
-109.16964285704623
-109.16071428561764
-109.15178571418906
-109.14285714276048
-109.1339285713319
-109.12499999990331
-109.11607142847473
-109.10714285704614
-109.09821428561756
-109.08928571418897
-109.08035714276039
-109.07142857133181
-109.06249999990322
-109.05357142847464
-109.04464285704606
-109.03571428561747
-109.02678571418889
-109.0178571427603
-109.00892857133172
-108.99999999990314
-108.99107142847456
-108.98214285704597
-108.97321428561739
-108.9642857141888
-108.95535714276022
-108.94642857133164
-108.93749999990305
-108.92857142847447
-108.91964285704589
-108.9107142856173
-108.90178571418872
-108.89285714276014
-108.88392857133155
-108.87499999990297
-108.86607142847438
-108.8571428570458
-108.84821428561722
-108.83928571418863
-108.83035714276005
-108.82142857133147
-108.81249999990288
-108.8035714284743
-108.79464285704572
-108.78571428561713
-108.77678571418855
-108.76785714275996
-108.75892857133138
-108.7499999999028
-108.74107142847421
-108.73214285704563
-108.72321428561705
-108.71428571418846
-108.70535714275988
-108.6964285713313
-108.68749999990271
-108.67857142847413
-108.66964285704555
-108.66071428561696
-108.65178571418838
-108.6428571427598
-108.63392857133121
-108.62499999990263
-108.61607142847404
-108.60714285704546
-108.59821428561688
-108.58928571418829
-108.58035714275971
-108.57142857133113
-108.56249999990254
-108.55357142847396
-108.54464285704537
-108.53571428561679
-108.52678571418821
-108.51785714275962
-108.50892857133104
-108.49999999990246
-108.49107142847387
-108.48214285704529
-108.4732142856167
-108.46428571418812
-108.45535714275954
-108.44642857133096
-108.43749999990237
-108.42857142847379
-108.4196428570452
-108.41071428561662
-108.40178571418804
-108.39285714275945
-108.38392857133087
-108.37499999990229
-108.3660714284737
-108.35714285704512
-108.34821428561654
-108.33928571418795
-108.33035714275937
-108.32142857133078
-108.3124999999022
-108.30357142847362
-108.29464285704503
-108.28571428561645
-108.27678571418787
-108.26785714275928
-108.2589285713307
-108.24999999990212
-108.24107142847353
-108.23214285704495
-108.22321428561636
-108.21428571418778
-108.2053571427592
-108.19642857133061
-108.18749999990203
-108.17857142847345
-108.16964285704486
-108.16071428561628
-108.1517857141877
-108.14285714275911
-108.13392857133053
-108.12499999990195
-108.11607142847336
-108.10714285704478
-108.0982142856162
-108.08928571418761
-108.08035714275903
-108.07142857133044
-108.06249999990186
-108.05357142847328
-108.04464285704469
-108.03571428561611
-108.02678571418753
-108.01785714275894
-108.00892857133036
-107.99999999990177
-107.99107142847319
-107.98214285704461
-107.97321428561602
-107.96428571418744
-107.95535714275886
-107.94642857133027
-107.93749999990169
-107.9285714284731
-107.91964285704452
-107.91071428561594
-107.90178571418735
-107.89285714275877
-107.88392857133019
-107.8749999999016
-107.86607142847302
-107.85714285704444
-107.84821428561585
-107.83928571418727
-107.83035714275869
-107.8214285713301
-107.81249999990152
-107.80357142847294
-107.79464285704435
-107.78571428561577
-107.77678571418718
-107.7678571427586
-107.75892857133002
-107.74999999990143
-107.74107142847285
-107.73214285704427
-107.72321428561568
-107.7142857141871
-107.70535714275852
-107.69642857132993
-107.68749999990135
-107.67857142847276
-107.66964285704418
-107.6607142856156
-107.65178571418701
-107.64285714275843
-107.63392857132985
-107.62499999990126
-107.61607142847268
-107.6071428570441
-107.59821428561551
-107.58928571418693
-107.58035714275834
-107.57142857132976
-107.56249999990118
-107.5535714284726
-107.54464285704401
-107.53571428561543
-107.52678571418684
-107.51785714275826
-107.50892857132968
-107.49999999990109
-107.49107142847251
-107.48214285704393
-107.47321428561534
-107.46428571418676
-107.45535714275817
-107.44642857132959
-107.43749999990101
-107.42857142847242
-107.41964285704384
-107.41071428561526
-107.40178571418667
-107.39285714275809
-107.3839285713295
-107.37499999990092
-107.36607142847234
-107.35714285704375
-107.34821428561517
-107.33928571418659
-107.330357142758
-107.32142857132942
-107.31249999990084
-107.30357142847225
-107.29464285704367
-107.28571428561509
-107.2767857141865
-107.26785714275792
-107.25892857132933
-107.24999999990075
-107.24107142847217
-107.23214285704358
-107.223214285615
-107.21428571418642
-107.20535714275783
-107.19642857132925
-107.18749999990067
-107.17857142847208
-107.1696428570435
-107.16071428561492
-107.15178571418633
-107.14285714275775
-107.13392857132916
-107.12499999990058
-107.116071428472
-107.10714285704341
-107.09821428561483
-107.08928571418625
-107.08035714275766
-107.07142857132908
-107.0624999999005
-107.05357142847191
-107.04464285704333
-107.03571428561474
-107.02678571418616
-107.01785714275758
-107.008928571329
-106.99999999990041
-106.99107142847183
-106.98214285704324
-106.97321428561466
-106.96428571418608
-106.95535714275749
-106.94642857132891
-106.93749999990033
-106.92857142847174
-106.91964285704316
-106.91071428561457
-106.90178571418599
-106.8928571427574
-106.88392857132882
-106.87499999990024
-106.86607142847166
-106.85714285704307
-106.84821428561449
-106.8392857141859
-106.83035714275732
-106.82142857132874
-106.81249999990015
-106.80357142847157
-106.79464285704299
-106.7857142856144
-106.77678571418582
-106.76785714275724
-106.75892857132865
-106.74999999990007
-106.74107142847149
-106.7321428570429
-106.72321428561432
-106.71428571418573
-106.70535714275715
-106.69642857132857
-106.68749999989998
-106.6785714284714
-106.66964285704282
-106.66071428561423
-106.65178571418565
-106.64285714275707
-106.63392857132848
-106.6249999998999
-106.61607142847132
-106.60714285704273
-106.59821428561415
-106.58928571418556
-106.58035714275698
-106.5714285713284
-106.56249999989981
-106.55357142847123
-106.54464285704265
-106.53571428561406
-106.52678571418548
-106.5178571427569
-106.50892857132831
-106.49999999989973
-106.49107142847114
-106.48214285704256
-106.47321428561398
-106.4642857141854
-106.45535714275681
-106.44642857132823
-106.43749999989964
-106.42857142847106
-106.41964285704248
-106.41071428561389
-106.40178571418531
-106.39285714275672
-106.38392857132814
-106.37499999989956
-106.36607142847097
-106.35714285704239
-106.3482142856138
-106.33928571418522
-106.33035714275664
-106.32142857132806
-106.31249999989947
-106.30357142847089
-106.2946428570423
-106.28571428561372
-106.27678571418514
-106.26785714275655
-106.25892857132797
-106.24999999989939
-106.2410714284708
-106.23214285704222
-106.22321428561364
-106.21428571418505
-106.20535714275647
-106.19642857132789
-106.1874999998993
-106.17857142847072
-106.16964285704213
-106.16071428561355
-106.15178571418497
-106.14285714275638
-106.1339285713278
-106.12499999989922
-106.11607142847063
-106.10714285704205
-106.09821428561347
-106.08928571418488
-106.0803571427563
-106.07142857132771
-106.06249999989913
-106.05357142847055
-106.04464285704196
-106.03571428561338
-106.0267857141848
-106.01785714275621
-106.00892857132763
-105.99999999989905
-105.99107142847046
-105.98214285704188
-105.9732142856133
-105.96428571418471
-105.95535714275613
-105.94642857132754
-105.93749999989896
-105.92857142847038
-105.9196428570418
-105.91071428561321
-105.90178571418463
-105.89285714275604
-105.88392857132746
-105.87499999989888
-105.86607142847029
-105.85714285704171
-105.84821428561312
-105.83928571418454
-105.83035714275596
-105.82142857132737
-105.81249999989879
-105.8035714284702
-105.79464285704162
-105.78571428561304
-105.77678571418446
-105.76785714275587
-105.75892857132729
-105.7499999998987
-105.74107142847012
-105.73214285704154
-105.72321428561295
-105.71428571418437
-105.70535714275579
-105.6964285713272
-105.68749999989862
-105.67857142847004
-105.66964285704145
-105.66071428561287
-105.65178571418429
-105.6428571427557
-105.63392857132712
-105.62499999989853
-105.61607142846995
-105.60714285704137
-105.59821428561278
-105.5892857141842
-105.58035714275562
-105.57142857132703
-105.56249999989845
-105.55357142846987
-105.54464285704128
-105.5357142856127
-105.52678571418411
-105.51785714275553
-105.50892857132695
-105.49999999989836
-105.49107142846978
-105.4821428570412
-105.47321428561261
-105.46428571418403
-105.45535714275545
-105.44642857132686
-105.43749999989828
-105.4285714284697
-105.41964285704111
-105.41071428561253
-105.40178571418394
-105.39285714275536
-105.38392857132678
-105.3749999998982
-105.36607142846961
-105.35714285704103
-105.34821428561244
-105.33928571418386
-105.33035714275528
-105.32142857132669
-105.31249999989811
-105.30357142846952
-105.29464285704094
-105.28571428561236
-105.27678571418377
-105.26785714275519
-105.2589285713266
-105.24999999989802
-105.24107142846944
-105.23214285704086
-105.22321428561227
-105.21428571418369
-105.2053571427551
-105.19642857132652
-105.18749999989794
-105.17857142846935
-105.16964285704077
-105.16071428561219
-105.1517857141836
-105.14285714275502
-105.13392857132644
-105.12499999989785
-105.11607142846927
-105.10714285704069
-105.0982142856121
-105.08928571418352
-105.08035714275493
-105.07142857132635
-105.06249999989777
-105.05357142846918
-105.0446428570406
-105.03571428561202
-105.02678571418343
-105.01785714275485
-105.00892857132627
-104.99999999989768
-104.9910714284691
-104.98214285704051
-104.97321428561193
-104.96428571418335
-104.95535714275476
-104.94642857132618
-104.9374999998976
-104.92857142846901
-104.91964285704043
-104.91071428561185
-104.90178571418326
-104.89285714275468
-104.8839285713261
-104.87499999989751
-104.86607142846893
-104.85714285704034
-104.84821428561176
-104.83928571418318
-104.8303571427546
-104.82142857132601
-104.81249999989743
-104.80357142846884
-104.79464285704026
-104.78571428561168
-104.77678571418309
-104.76785714275451
-104.75892857132592
-104.74999999989734
-104.74107142846876
-104.73214285704017
-104.72321428561159
-104.714285714183
-104.70535714275442
-104.69642857132584
-104.68749999989726
-104.67857142846867
-104.66964285704009
-104.6607142856115
-104.65178571418292
-104.64285714275434
-104.63392857132575
-104.62499999989717
-104.61607142846859
-104.60714285704
-104.59821428561142
-104.58928571418284
-104.58035714275425
-104.57142857132567
-104.56249999989708
-104.5535714284685
-104.54464285703992
-104.53571428561133
-104.52678571418275
-104.51785714275417
-104.50892857132558
-104.499999999897
-104.49107142846842
-104.48214285703983
-104.47321428561125
-104.46428571418267
-104.45535714275408
-104.4464285713255
-104.43749999989691
-104.42857142846833
-104.41964285703975
-104.41071428561116
-104.40178571418258
-104.392857142754
-104.38392857132541
-104.37499999989683
-104.36607142846825
-104.35714285703966
-104.34821428561108
-104.3392857141825
-104.33035714275391
-104.32142857132533
-104.31249999989674
-104.30357142846816
-104.29464285703958
-104.285714285611
-104.27678571418241
-104.26785714275383
-104.25892857132524
-104.24999999989666
-104.24107142846808
-104.23214285703949
-104.22321428561091
-104.21428571418232
-104.20535714275374
-104.19642857132516
-104.18749999989657
-104.17857142846799
-104.1696428570394
-104.16071428561082
-104.15178571418224
-104.14285714275366
-104.13392857132507
-104.12499999989649
-104.1160714284679
-104.10714285703932
-104.09821428561074
-104.08928571418215
-104.08035714275357
-104.07142857132499
-104.0624999998964
-104.05357142846782
-104.04464285703924
-104.03571428561065
-104.02678571418207
-104.01785714275348
-104.0089285713249
-103.99999999989632
-103.99107142846773
-103.98214285703915
-103.97321428561057
-103.96428571418198
-103.9553571427534
-103.94642857132482
-103.93749999989623
-103.92857142846765
-103.91964285703907
-103.91071428561048
-103.9017857141819
-103.89285714275331
-103.88392857132473
-103.87499999989615
-103.86607142846756
-103.85714285703898
-103.8482142856104
-103.83928571418181
-103.83035714275323
-103.82142857132465
-103.81249999989606
-103.80357142846748
-103.7946428570389
-103.78571428561031
-103.77678571418173
-103.76785714275314
-103.75892857132456
-103.74999999989598
-103.7410714284674
-103.73214285703881
-103.72321428561023
-103.71428571418164
-103.70535714275306
-103.69642857132447
-103.68749999989589
-103.67857142846731
-103.66964285703872
-103.66071428561014
-103.65178571418156
-103.64285714275297
-103.63392857132439
-103.6249999998958
-103.61607142846722
-103.60714285703864
-103.59821428561006
-103.58928571418147
-103.58035714275289
-103.5714285713243
-103.56249999989572
-103.55357142846714
-103.54464285703855
-103.53571428560997
-103.52678571418139
-103.5178571427528
-103.50892857132422
-103.49999999989564
-103.49107142846705
-103.48214285703847
-103.47321428560988
-103.4642857141813
-103.45535714275272
-103.44642857132413
-103.43749999989555
-103.42857142846697
-103.41964285703838
-103.4107142856098
-103.40178571418122
-103.39285714275263
-103.38392857132405
-103.37499999989546
-103.36607142846688
-103.3571428570383
-103.34821428560971
-103.33928571418113
-103.33035714275255
-103.32142857132396
-103.31249999989538
-103.3035714284668
-103.29464285703821
-103.28571428560963
-103.27678571418105
-103.26785714275246
-103.25892857132388
-103.2499999998953
-103.24107142846671
-103.23214285703813
-103.22321428560954
-103.21428571418096
-103.20535714275238
-103.19642857132379
-103.18749999989521
-103.17857142846663
-103.16964285703804
-103.16071428560946
-103.15178571418087
-103.14285714275229
-103.13392857132371
-103.12499999989512
-103.11607142846654
-103.10714285703796
-103.09821428560937
-103.08928571418079
-103.0803571427522
-103.07142857132362
-103.06249999989504
-103.05357142846646
-103.04464285703787
-103.03571428560929
-103.0267857141807
-103.01785714275212
-103.00892857132354
-102.99999999989495
-102.99107142846637
-102.98214285703779
-102.9732142856092
-102.96428571418062
-102.95535714275204
-102.94642857132345
-102.93749999989487
-102.92857142846628
-102.9196428570377
-102.91071428560912
-102.90178571418053
-102.89285714275195
-102.88392857132337
-102.87499999989478
-102.8660714284662
-102.85714285703762
-102.84821428560903
-102.83928571418045
-102.83035714275186
-102.82142857132328
-102.8124999998947
-102.80357142846611
-102.79464285703753
-102.78571428560895
-102.77678571418036
-102.76785714275178
-102.7589285713232
-102.74999999989461
-102.74107142846603
-102.73214285703745
-102.72321428560886
-102.71428571418028
-102.7053571427517
-102.69642857132311
-102.68749999989453
-102.67857142846594
-102.66964285703736
-102.66071428560878
-102.65178571418019
-102.64285714275161
-102.63392857132303
-102.62499999989444
-102.61607142846586
-102.60714285703727
-102.59821428560869
-102.58928571418011
-102.58035714275152
-102.57142857132294
-102.56249999989436
-102.55357142846577
-102.54464285703719
-102.5357142856086
-102.52678571418002
-102.51785714275144
-102.50892857132285
-102.49999999989427
-102.49107142846569
-102.4821428570371
-102.47321428560852
-102.46428571417994
-102.45535714275135
-102.44642857132277
-102.43749999989419
-102.4285714284656
-102.41964285703702
-102.41071428560844
-102.40178571417985
-102.39285714275127
-102.38392857132268
-102.3749999998941
-102.36607142846552
-102.35714285703693
-102.34821428560835
-102.33928571417977
-102.33035714275118
-102.3214285713226
-102.31249999989402
-102.30357142846543
-102.29464285703685
-102.28571428560826
-102.27678571417968
-102.2678571427511
-102.25892857132251
-102.24999999989393
-102.24107142846535
-102.23214285703676
-102.22321428560818
-102.2142857141796
-102.20535714275101
-102.19642857132243
-102.18749999989384
-102.17857142846526
-102.16964285703668
-102.1607142856081
-102.15178571417951
-102.14285714275093
-102.13392857132234
-102.12499999989376
-102.11607142846518
-102.10714285703659
-102.09821428560801
-102.08928571417943
-102.08035714275084
-102.07142857132226
-102.06249999989367
-102.05357142846509
-102.04464285703651
-102.03571428560792
-102.02678571417934
-102.01785714275076
-102.00892857132217
-101.99999999989359
-101.991071428465
-101.98214285703642
-101.97321428560784
-101.96428571417925
-101.95535714275067
-101.94642857132209
-101.9374999998935
-101.92857142846492
-101.91964285703634
-101.91071428560775
-101.90178571417917
-101.89285714275059
-101.883928571322
-101.87499999989342
-101.86607142846483
-101.85714285703625
-101.84821428560767
-101.83928571417908
-101.8303571427505
-101.82142857132192
-101.81249999989333
-101.80357142846475
-101.79464285703617
-101.78571428560758
-101.776785714179
-101.76785714275042
-101.75892857132183
-101.74999999989325
-101.74107142846466
-101.73214285703608
-101.7232142856075
-101.71428571417891
-101.70535714275033
-101.69642857132175
-101.68749999989316
-101.67857142846458
-101.669642857036
-101.66071428560741
-101.65178571417883
-101.64285714275024
-101.63392857132166
-101.62499999989308
-101.6160714284645
-101.60714285703591
-101.59821428560733
-101.58928571417874
-101.58035714275016
-101.57142857132158
-101.56249999989299
-101.55357142846441
-101.54464285703583
-101.53571428560724
-101.52678571417866
-101.51785714275007
-101.50892857132149
-101.4999999998929
-101.49107142846432
-101.48214285703574
-101.47321428560716
-101.46428571417857
-101.45535714274999
-101.4464285713214
-101.43749999989282
-101.42857142846424
-101.41964285703565
-101.41071428560707
-101.40178571417849
-101.3928571427499
-101.38392857132132
-101.37499999989274
-101.36607142846415
-101.35714285703557
-101.34821428560699
-101.3392857141784
-101.33035714274982
-101.32142857132123
-101.31249999989265
-101.30357142846407
-101.29464285703548
-101.2857142856069
-101.27678571417832
-101.26785714274973
-101.25892857132115
-101.24999999989257
-101.24107142846398
-101.2321428570354
-101.22321428560682
-101.21428571417823
-101.20535714274965
-101.19642857132106
-101.18749999989248
-101.1785714284639
-101.16964285703531
-101.16071428560673
-101.15178571417815
-101.14285714274956
-101.13392857132098
-101.1249999998924
-101.11607142846381
-101.10714285703523
-101.09821428560664
-101.08928571417806
-101.08035714274948
-101.0714285713209
-101.06249999989231
-101.05357142846373
-101.04464285703514
-101.03571428560656
-101.02678571417798
-101.01785714274939
-101.00892857132081
-100.99999999989222
-100.99107142846364
-100.98214285703506
-100.97321428560647
-100.96428571417789
-100.9553571427493
-100.94642857132072
-100.93749999989214
-100.92857142846356
-100.91964285703497
-100.91071428560639
-100.9017857141778
-100.89285714274922
-100.88392857132064
-100.87499999989205
-100.86607142846347
-100.85714285703489
-100.8482142856063
-100.83928571417772
-100.83035714274914
-100.82142857132055
-100.81249999989197
-100.80357142846339
-100.7946428570348
-100.78571428560622
-100.77678571417763
-100.76785714274905
-100.75892857132047
-100.74999999989188
-100.7410714284633
-100.73214285703472
-100.72321428560613
-100.71428571417755
-100.70535714274897
-100.69642857132038
-100.6874999998918
-100.67857142846321
-100.66964285703463
-100.66071428560605
-100.65178571417746
-100.64285714274888
-100.6339285713203
-100.62499999989171
-100.61607142846313
-100.60714285703455
-100.59821428560596
-100.58928571417738
-100.5803571427488
-100.57142857132021
-100.56249999989163
-100.55357142846304
-100.54464285703446
-100.53571428560588
-100.5267857141773
-100.51785714274871
-100.50892857132013
-100.49999999989154
-100.49107142846296
-100.48214285703438
-100.47321428560579
-100.46428571417721
-100.45535714274862
-100.44642857132004
-100.43749999989146
-100.42857142846287
-100.41964285703429
-100.4107142856057
-100.40178571417712
-100.39285714274854
-100.38392857131996
-100.37499999989137
-100.36607142846279
-100.3571428570342
-100.34821428560562
-100.33928571417704
-100.33035714274845
-100.32142857131987
-100.31249999989129
-100.3035714284627
-100.29464285703412
-100.28571428560554
-100.27678571417695
-100.26785714274837
-100.25892857131979
-100.2499999998912
-100.24107142846262
-100.23214285703403
-100.22321428560545
-100.21428571417687
-100.20535714274828
-100.1964285713197
-100.18749999989112
-100.17857142846253
-100.16964285703395
-100.16071428560537
-100.15178571417678
-100.1428571427482
-100.13392857131961
-100.12499999989103
-100.11607142846245
-100.10714285703386
-100.09821428560528
-100.0892857141767
-100.08035714274811
-100.07142857131953
-100.06249999989095
-100.05357142846236
-100.04464285703378
-100.0357142856052
-100.02678571417661
-100.01785714274803
-100.00892857131944
-99.99999999989086
-99.99107142846228
-99.9821428570337
-99.97321428560511
-99.96428571417653
-99.95535714274794
-99.94642857131936
-99.93749999989078
-99.92857142846219
-99.91964285703361
-99.91071428560502
-99.90178571417644
-99.89285714274786
-99.88392857131927
-99.87499999989069
-99.8660714284621
-99.85714285703352
-99.84821428560494
-99.83928571417636
-99.83035714274777
-99.82142857131919
-99.8124999998906
-99.80357142846202
-99.79464285703344
-99.78571428560485
-99.77678571417627
-99.76785714274769
-99.7589285713191
-99.74999999989052
-99.74107142846194
-99.73214285703335
-99.72321428560477
-99.71428571417619
-99.7053571427476
-99.69642857131902
-99.68749999989043
-99.67857142846185
-99.66964285703327
-99.66071428560468
-99.6517857141761
-99.64285714274752
-99.63392857131893
-99.62499999989035
-99.61607142846177
-99.60714285703318
-99.5982142856046
-99.58928571417601
-99.58035714274743
-99.57142857131885
-99.56249999989026
-99.55357142846168
-99.5446428570331
-99.53571428560451
-99.52678571417593
-99.51785714274735
-99.50892857131876
-99.49999999989018
-99.4910714284616
-99.48214285703301
-99.47321428560443
-99.46428571417584
-99.45535714274726
-99.44642857131868
-99.4374999998901
-99.42857142846151
-99.41964285703293
-99.41071428560434
-99.40178571417576
-99.39285714274718
-99.38392857131859
-99.37499999989001
-99.36607142846142
-99.35714285703284
-99.34821428560426
-99.33928571417567
-99.33035714274709
-99.3214285713185
-99.31249999988992
-99.30357142846134
-99.29464285703276
-99.28571428560417
-99.27678571417559
-99.267857142747
-99.25892857131842
-99.24999999988984
-99.24107142846125
-99.23214285703267
-99.22321428560409
-99.2142857141755
-99.20535714274692
-99.19642857131834
-99.18749999988975
-99.17857142846117
-99.16964285703258
-99.160714285604
-99.15178571417542
-99.14285714274683
-99.13392857131825
-99.12499999988967
-99.11607142846108
-99.1071428570325
-99.09821428560392
-99.08928571417533
-99.08035714274675
-99.07142857131817
-99.06249999988958
-99.053571428461
-99.04464285703241
-99.03571428560383
-99.02678571417525
-99.01785714274666
-99.00892857131808
-98.9999999998895
-98.99107142846091
-98.98214285703233
-98.97321428560375
-98.96428571417516
-98.95535714274658
-98.946428571318
-98.93749999988941
-98.92857142846083
-98.91964285703224
-98.91071428560366
-98.90178571417508
-98.8928571427465
-98.88392857131791
-98.87499999988933
-98.86607142846074
-98.85714285703216
-98.84821428560358
-98.83928571417499
-98.83035714274641
-98.82142857131782
-98.81249999988924
-98.80357142846066
-98.79464285703207
-98.78571428560349
-98.7767857141749
-98.76785714274632
-98.75892857131774
-98.74999999988916
-98.74107142846057
-98.73214285703199
-98.7232142856034
-98.71428571417482
-98.70535714274624
-98.69642857131765
-98.68749999988907
-98.67857142846049
-98.6696428570319
-98.66071428560332
-98.65178571417474
-98.64285714274615
-98.63392857131757
-98.62499999988898
-98.6160714284604
-98.60714285703182
-98.59821428560323
-98.58928571417465
-98.58035714274607
-98.57142857131748
-98.5624999998889
-98.55357142846032
-98.54464285703173
-98.53571428560315
-98.52678571417457
-98.51785714274598
-98.5089285713174
-98.49999999988881
-98.49107142846023
-98.48214285703165
-98.47321428560306
-98.46428571417448
-98.4553571427459
-98.44642857131731
-98.43749999988873
-98.42857142846015
-98.41964285703156
-98.41071428560298
-98.4017857141744
-98.39285714274581
-98.38392857131723
-98.37499999988864
-98.36607142846006
-98.35714285703148
-98.3482142856029
-98.33928571417431
-98.33035714274573
-98.32142857131714
-98.31249999988856
-98.30357142845997
-98.29464285703139
-98.28571428560281
-98.27678571417422
-98.26785714274564
-98.25892857131706
-98.24999999988847
-98.24107142845989
-98.2321428570313
-98.22321428560272
-98.21428571417414
-98.20535714274556
-98.19642857131697
-98.18749999988839
-98.1785714284598
-98.16964285703122
-98.16071428560264
-98.15178571417405
-98.14285714274547
-98.13392857131689
-98.1249999998883
-98.11607142845972
-98.10714285703114
-98.09821428560255
-98.08928571417397
-98.08035714274538
-98.0714285713168
-98.06249999988822
-98.05357142845963
-98.04464285703105
-98.03571428560247
-98.02678571417388
-98.0178571427453
-98.00892857131672
-97.99999999988813
-97.99107142845955
-97.98214285703096
-97.97321428560238
-97.9642857141738
-97.95535714274521
-97.94642857131663
-97.93749999988805
-97.92857142845946
-97.91964285703088
-97.9107142856023
-97.90178571417371
-97.89285714274513
-97.88392857131655
-97.87499999988796
-97.86607142845938
-97.8571428570308
-97.84821428560221
-97.83928571417363
-97.83035714274504
-97.82142857131646
-97.81249999988788
-97.80357142845929
-97.79464285703071
-97.78571428560213
-97.77678571417354
-97.76785714274496
-97.75892857131637
-97.74999999988779
-97.74107142845921
-97.73214285703062
-97.72321428560204
-97.71428571417346
-97.70535714274487
-97.69642857131629
-97.6874999998877
-97.67857142845912
-97.66964285703054
-97.66071428560195
-97.65178571417337
-97.64285714274479
-97.6339285713162
-97.62499999988762
-97.61607142845904
-97.60714285703045
-97.59821428560187
-97.58928571417329
-97.5803571427447
-97.57142857131612
-97.56249999988754
-97.55357142845895
-97.54464285703037
-97.53571428560178
-97.5267857141732
-97.51785714274462
-97.50892857131603
-97.49999999988745
-97.49107142845887
-97.48214285703028
-97.4732142856017
-97.46428571417312
-97.45535714274453
-97.44642857131595
-97.43749999988736
-97.42857142845878
-97.4196428570302
-97.41071428560161
-97.40178571417303
-97.39285714274445
-97.38392857131586
-97.37499999988728
-97.3660714284587
-97.35714285703011
-97.34821428560153
-97.33928571417295
-97.33035714274436
-97.32142857131578
-97.3124999998872
-97.30357142845861
-97.29464285703003
-97.28571428560144
-97.27678571417286
-97.26785714274428
-97.25892857131569
-97.24999999988711
-97.24107142845853
-97.23214285702994
-97.22321428560136
-97.21428571417277
-97.20535714274419
-97.19642857131561
-97.18749999988702
-97.17857142845844
-97.16964285702986
-97.16071428560127
-97.15178571417269
-97.1428571427441
-97.13392857131552
-97.12499999988694
-97.11607142845835
-97.10714285702977
-97.09821428560119
-97.0892857141726
-97.08035714274402
-97.07142857131544
-97.06249999988685
-97.05357142845827
-97.04464285702969
-97.0357142856011
-97.02678571417252
-97.01785714274394
-97.00892857131535
-96.99999999988677
-96.99107142845818
-96.9821428570296
-96.97321428560102
-96.96428571417243
-96.95535714274385
-96.94642857131527
-96.93749999988668
-96.9285714284581
-96.91964285702952
-96.91071428560093
-96.90178571417235
-96.89285714274376
-96.88392857131518
-96.8749999998866
-96.86607142845801
-96.85714285702943
-96.84821428560085
-96.83928571417226
-96.83035714274368
-96.8214285713151
-96.81249999988651
-96.80357142845793
-96.79464285702934
-96.78571428560076
-96.77678571417218
-96.7678571427436
-96.75892857131501
-96.74999999988643
-96.74107142845784
-96.73214285702926
-96.72321428560068
-96.71428571417209
-96.70535714274351
-96.69642857131493
-96.68749999988634
-96.67857142845776
-96.66964285702917
-96.66071428560059
-96.65178571417201
-96.64285714274342
-96.63392857131484
-96.62499999988626
-96.61607142845767
-96.60714285702909
-96.5982142856005
-96.58928571417192
-96.58035714274334
-96.57142857131475
-96.56249999988617
-96.55357142845759
-96.544642857029
-96.53571428560042
-96.52678571417184
-96.51785714274325
-96.50892857131467
-96.49999999988609
-96.4910714284575
-96.48214285702892
-96.47321428560033
-96.46428571417175
-96.45535714274317
-96.44642857131458
-96.437499999886
-96.42857142845742
-96.41964285702883
-96.41071428560025
-96.40178571417167
-96.39285714274308
-96.3839285713145
-96.37499999988592
-96.36607142845733
-96.35714285702875
-96.34821428560016
-96.33928571417158
-96.330357142743
-96.32142857131441
-96.31249999988583
-96.30357142845725
-96.29464285702866
-96.28571428560008
-96.2767857141715
-96.26785714274291
-96.25892857131433
-96.24999999988574
-96.24107142845716
-96.23214285702858
-96.2232142856
-96.21428571417141
-96.20535714274283
-96.19642857131424
-96.18749999988566
-96.17857142845708
-96.16964285702849
-96.16071428559991
-96.15178571417133
-96.14285714274274
-96.13392857131416
-96.12499999988557
-96.11607142845699
-96.1071428570284
-96.09821428559982
-96.08928571417124
-96.08035714274266
-96.07142857131407
-96.06249999988549
-96.0535714284569
-96.04464285702832
-96.03571428559974
-96.02678571417115
-96.01785714274257
-96.00892857131399
-95.9999999998854
-95.99107142845682
-95.98214285702824
-95.97321428559965
-95.96428571417107
-95.95535714274249
-95.9464285713139
-95.93749999988532
-95.92857142845673
-95.91964285702815
-95.91071428559957
-95.90178571417098
-95.8928571427424
-95.88392857131382
-95.87499999988523
-95.86607142845665
-95.85714285702807
-95.84821428559948
-95.8392857141709
-95.83035714274232
-95.82142857131373
-95.81249999988515
-95.80357142845656
-95.79464285702798
-95.7857142855994
-95.77678571417081
-95.76785714274223
-95.75892857131365
-95.74999999988506
-95.74107142845648
-95.7321428570279
-95.72321428559931
-95.71428571417073
-95.70535714274214
-95.69642857131356
-95.68749999988498
-95.6785714284564
-95.66964285702781
-95.66071428559923
-95.65178571417064
-95.64285714274206
-95.63392857131348
-95.62499999988489
-95.61607142845631
-95.60714285702772
-95.59821428559914
-95.58928571417056
-95.58035714274197
-95.57142857131339
-95.5624999998848
-95.55357142845622
-95.54464285702764
-95.53571428559906
-95.52678571417047
-95.51785714274189
-95.5089285713133
-95.49999999988472
-95.49107142845614
-95.48214285702755
-95.47321428559897
-95.46428571417039
-95.4553571427418
-95.44642857131322
-95.43749999988464
-95.42857142845605
-95.41964285702747
-95.41071428559889
-95.4017857141703
-95.39285714274172
-95.38392857131313
-95.37499999988455
-95.36607142845597
-95.35714285702738
-95.3482142855988
-95.33928571417022
-95.33035714274163
-95.32142857131305
-95.31249999988447
-95.30357142845588
-95.2946428570273
-95.28571428559871
-95.27678571417013
-95.26785714274155
-95.25892857131296
-95.24999999988438
-95.2410714284558
-95.23214285702721
-95.22321428559863
-95.21428571417005
-95.20535714274146
-95.19642857131288
-95.1874999998843
-95.17857142845571
-95.16964285702713
-95.16071428559854
-95.15178571416996
-95.14285714274138
-95.1339285713128
-95.12499999988421
-95.11607142845563
-95.10714285702704
-95.09821428559846
-95.08928571416988
-95.08035714274129
-95.07142857131271
-95.06249999988412
-95.05357142845554
-95.04464285702696
-95.03571428559837
-95.02678571416979
-95.0178571427412
-95.00892857131262
-94.99999999988404
-94.99107142845546
-94.98214285702687
-94.97321428559829
-94.9642857141697
-94.95535714274112
-94.94642857131254
-94.93749999988395
-94.92857142845537
-94.91964285702679
-94.9107142855982
-94.90178571416962
-94.89285714274104
-94.88392857131245
-94.87499999988387
-94.86607142845529
-94.8571428570267
-94.84821428559812
-94.83928571416953
-94.83035714274095
-94.82142857131237
-94.81249999988378
-94.8035714284552
-94.79464285702662
-94.78571428559803
-94.77678571416945
-94.76785714274087
-94.75892857131228
-94.7499999998837
-94.74107142845511
-94.73214285702653
-94.72321428559795
-94.71428571416936
-94.70535714274078
-94.6964285713122
-94.68749999988361
-94.67857142845503
-94.66964285702645
-94.66071428559786
-94.65178571416928
-94.6428571427407
-94.63392857131211
-94.62499999988353
-94.61607142845494
-94.60714285702636
-94.59821428559778
-94.5892857141692
-94.58035714274061
-94.57142857131203
-94.56249999988344
-94.55357142845486
-94.54464285702628
-94.53571428559769
-94.52678571416911
-94.51785714274052
-94.50892857131194
-94.49999999988336
-94.49107142845477
-94.48214285702619
-94.4732142855976
-94.46428571416902
-94.45535714274044
-94.44642857131186
-94.43749999988327
-94.42857142845469
-94.4196428570261
-94.41071428559752
-94.40178571416894
-94.39285714274035
-94.38392857131177
-94.37499999988319
-94.3660714284546
-94.35714285702602
-94.34821428559744
-94.33928571416885
-94.33035714274027
-94.32142857131169
-94.3124999998831
-94.30357142845452
-94.29464285702593
-94.28571428559735
-94.27678571416877
-94.26785714274018
-94.2589285713116
-94.24999999988302
-94.24107142845443
-94.23214285702585
-94.22321428559727
-94.21428571416868
-94.2053571427401
-94.19642857131151
-94.18749999988293
-94.17857142845435
-94.16964285702576
-94.16071428559718
-94.1517857141686
-94.14285714274001
-94.13392857131143
-94.12499999988285
-94.11607142845426
-94.10714285702568
-94.0982142855971
-94.08928571416851
-94.08035714273993
-94.07142857131134
-94.06249999988276
-94.05357142845418
-94.0446428570256
-94.03571428559701
-94.02678571416843
-94.01785714273984
-94.00892857131126
-93.99999999988268
-93.99107142845409
-93.98214285702551
-93.97321428559692
-93.96428571416834
-93.95535714273976
-93.94642857131117
-93.93749999988259
-93.928571428454
-93.91964285702542
-93.91071428559684
-93.90178571416826
-93.89285714273967
-93.88392857131109
-93.8749999998825
-93.86607142845392
-93.85714285702534
-93.84821428559675
-93.83928571416817
-93.83035714273959
-93.821428571311
-93.81249999988242
-93.80357142845384
-93.79464285702525
-93.78571428559667
-93.77678571416808
-93.7678571427395
-93.75892857131092
-93.74999999988233
-93.74107142845375
-93.73214285702517
-93.72321428559658
-93.714285714168
-93.70535714273942
-93.69642857131083
-93.68749999988225
-93.67857142845367
-93.66964285702508
-93.6607142855965
-93.65178571416791
-93.64285714273933
-93.63392857131075
-93.62499999988216
-93.61607142845358
-93.607142857025
-93.59821428559641
-93.58928571416783
-93.58035714273925
-93.57142857131066
-93.56249999988208
-93.5535714284535
-93.54464285702491
-93.53571428559633
-93.52678571416774
-93.51785714273916
-93.50892857131058
-93.499999999882
-93.49107142845341
-93.48214285702483
-93.47321428559624
-93.46428571416766
-93.45535714273908
-93.44642857131049
-93.43749999988191
-93.42857142845332
-93.41964285702474
-93.41071428559616
-93.40178571416757
-93.39285714273899
-93.3839285713104
-93.37499999988182
-93.36607142845324
-93.35714285702466
-93.34821428559607
-93.33928571416749
-93.3303571427389
-93.32142857131032
-93.31249999988174
-93.30357142845315
-93.29464285702457
-93.28571428559599
-93.2767857141674
-93.26785714273882
-93.25892857131024
-93.24999999988165
-93.24107142845307
-93.23214285702448
-93.2232142855959
-93.21428571416732
-93.20535714273873
-93.19642857131015
-93.18749999988157
-93.17857142845298
-93.1696428570244
-93.16071428559582
-93.15178571416723
-93.14285714273865
-93.13392857131007
-93.12499999988148
-93.1160714284529
-93.10714285702431
-93.09821428559573
-93.08928571416715
-93.08035714273856
-93.07142857130998
-93.0624999998814
-93.05357142845281
-93.04464285702423
-93.03571428559565
-93.02678571416706
-93.01785714273848
-93.0089285713099
-92.99999999988131
-92.99107142845273
-92.98214285702414
-92.97321428559556
-92.96428571416698
-92.9553571427384
-92.94642857130981
-92.93749999988123
-92.92857142845264
-92.91964285702406
-92.91071428559547
-92.90178571416689
-92.89285714273831
-92.88392857130972
-92.87499999988114
-92.86607142845256
-92.85714285702397
-92.84821428559539
-92.8392857141668
-92.83035714273822
-92.82142857130964
-92.81249999988106
-92.80357142845247
-92.79464285702389
-92.7857142855953
-92.77678571416672
-92.76785714273814
-92.75892857130955
-92.74999999988097
-92.74107142845239
-92.7321428570238
-92.72321428559522
-92.71428571416664
-92.70535714273805
-92.69642857130947
-92.68749999988088
-92.6785714284523
-92.66964285702372
-92.66071428559513
-92.65178571416655
-92.64285714273797
-92.63392857130938
-92.6249999998808
-92.61607142845222
-92.60714285702363
-92.59821428559505
-92.58928571416646
-92.58035714273788
-92.5714285713093
-92.56249999988071
-92.55357142845213
-92.54464285702355
-92.53571428559496
-92.52678571416638
-92.5178571427378
-92.50892857130921
-92.49999999988063
-92.49107142845205
-92.48214285702346
-92.47321428559488
-92.4642857141663
-92.45535714273771
-92.44642857130913
-92.43749999988054
-92.42857142845196
-92.41964285702338
-92.41071428559479
-92.40178571416621
-92.39285714273763
-92.38392857130904
-92.37499999988046
-92.36607142845187
-92.35714285702329
-92.34821428559471
-92.33928571416612
-92.33035714273754
-92.32142857130896
-92.31249999988037
-92.30357142845179
-92.2946428570232
-92.28571428559462
-92.27678571416604
-92.26785714273745
-92.25892857130887
-92.24999999988029
-92.2410714284517
-92.23214285702312
-92.22321428559454
-92.21428571416595
-92.20535714273737
-92.19642857130879
-92.1874999998802
-92.17857142845162
-92.16964285702304
-92.16071428559445
-92.15178571416587
-92.14285714273728
-92.1339285713087
-92.12499999988012
-92.11607142845153
-92.10714285702295
-92.09821428559437
-92.08928571416578
-92.0803571427372
-92.07142857130862
-92.06249999988003
-92.05357142845145
-92.04464285702286
-92.03571428559428
-92.0267857141657
-92.01785714273711
-92.00892857130853
-91.99999999987995
-91.99107142845136
-91.98214285702278
-91.9732142855942
-91.96428571416561
-91.95535714273703
-91.94642857130845
-91.93749999987986
-91.92857142845128
-91.9196428570227
-91.91071428559411
-91.90178571416553
-91.89285714273694
-91.88392857130836
-91.87499999987978
-91.86607142845119
-91.85714285702261
-91.84821428559403
-91.83928571416544
-91.83035714273686
-91.82142857130827
-91.81249999987969
-91.80357142845111
-91.79464285702252
-91.78571428559394
-91.77678571416536
-91.76785714273677
-91.75892857130819
-91.7499999998796
-91.74107142845102
-91.73214285702244
-91.72321428559385
-91.71428571416527
-91.70535714273669
-91.6964285713081
-91.68749999987952
-91.67857142845094
-91.66964285702235
-91.66071428559377
-91.65178571416519
-91.6428571427366
-91.63392857130802
-91.62499999987944
-91.61607142845085
-91.60714285702227
-91.59821428559368
-91.5892857141651
-91.58035714273652
-91.57142857130793
-91.56249999987935
-91.55357142845077
-91.54464285702218
-91.5357142855936
-91.52678571416502
-91.51785714273643
-91.50892857130785
-91.49999999987926
-91.49107142845068
-91.4821428570221
-91.47321428559351
-91.46428571416493
-91.45535714273635
-91.44642857130776
-91.43749999987918
-91.4285714284506
-91.41964285702201
-91.41071428559343
-91.40178571416484
-91.39285714273626
-91.38392857130768
-91.3749999998791
-91.36607142845051
-91.35714285702193
-91.34821428559334
-91.33928571416476
-91.33035714273618
-91.32142857130759
-91.31249999987901
-91.30357142845043
-91.29464285702184
-91.28571428559326
-91.27678571416467
-91.26785714273609
-91.25892857130751
-91.24999999987892
-91.24107142845034
-91.23214285702176
-91.22321428559317
-91.21428571416459
-91.205357142736
-91.19642857130742
-91.18749999987884
-91.17857142845025
-91.16964285702167
-91.16071428559309
-91.1517857141645
-91.14285714273592
-91.13392857130734
-91.12499999987875
-91.11607142845017
-91.10714285702159
-91.098214285593
-91.08928571416442
-91.08035714273583
-91.07142857130725
-91.06249999987867
-91.05357142845008
-91.0446428570215
-91.03571428559292
-91.02678571416433
-91.01785714273575
-91.00892857130717
-90.99999999987858
-90.99107142845
-90.98214285702142
-90.97321428559283
-90.96428571416425
-90.95535714273566
-90.94642857130708
-90.9374999998785
-90.92857142844991
-90.91964285702133
-90.91071428559275
-90.90178571416416
-90.89285714273558
-90.883928571307
-90.87499999987841
-90.86607142844983
-90.85714285702124
-90.84821428559266
-90.83928571416408
-90.8303571427355
-90.82142857130691
-90.81249999987833
-90.80357142844974
-90.79464285702116
-90.78571428559258
-90.77678571416399
-90.76785714273541
-90.75892857130683
-90.74999999987824
-90.74107142844966
-90.73214285702107
-90.72321428559249
-90.7142857141639
-90.70535714273532
-90.69642857130674
-90.68749999987816
-90.67857142844957
-90.66964285702099
-90.6607142855924
-90.65178571416382
-90.64285714273524
-90.63392857130665
-90.62499999987807
-90.61607142844949
-90.6071428570209
-90.59821428559232
-90.58928571416374
-90.58035714273515
-90.57142857130657
-90.56249999987799
-90.5535714284494
-90.54464285702082
-90.53571428559223
-90.52678571416365
-90.51785714273507
-90.50892857130648
-90.4999999998779
-90.49107142844932
-90.48214285702073
-90.47321428559215
-90.46428571416357
-90.45535714273498
-90.4464285713064
-90.43749999987782
-90.42857142844923
-90.41964285702065
-90.41071428559206
-90.40178571416348
-90.3928571427349
-90.38392857130631
-90.37499999987773
-90.36607142844915
-90.35714285702056
-90.34821428559198
-90.3392857141634
-90.33035714273481
-90.32142857130623
-90.31249999987764
-90.30357142844906
-90.29464285702048
-90.2857142855919
-90.27678571416331
-90.26785714273473
-90.25892857130614
-90.24999999987756
-90.24107142844898
-90.23214285702039
-90.22321428559181
-90.21428571416322
-90.20535714273464
-90.19642857130606
-90.18749999987747
-90.17857142844889
-90.1696428570203
-90.16071428559172
-90.15178571416314
-90.14285714273456
-90.13392857130597
-90.12499999987739
-90.1160714284488
-90.10714285702022
-90.09821428559164
-90.08928571416305
-90.08035714273447
-90.07142857130589
-90.0624999998773
-90.05357142844872
-90.04464285702014
-90.03571428559155
-90.02678571416297
-90.01785714273439
-90.0089285713058
-89.99999999987722
-89.99107142844863
-89.98214285702005
-89.97321428559147
-89.96428571416288
-89.9553571427343
-89.94642857130572
-89.93749999987713
-89.92857142844855
-89.91964285701997
-89.91071428559138
-89.9017857141628
-89.89285714273421
-89.88392857130563
-89.87499999987705
-89.86607142844846
-89.85714285701988
-89.8482142855913
-89.83928571416271
-89.83035714273413
-89.82142857130555
-89.81249999987696
-89.80357142844838
-89.7946428570198
-89.78571428559121
-89.77678571416263
-89.76785714273404
-89.75892857130546
-89.74999999987688
-89.7410714284483
-89.73214285701971
-89.72321428559113
-89.71428571416254
-89.70535714273396
-89.69642857130538
-89.68749999987679
-89.67857142844821
-89.66964285701962
-89.66071428559104
-89.65178571416246
-89.64285714273387
-89.63392857130529
-89.6249999998767
-89.61607142844812
-89.60714285701954
-89.59821428559096
-89.58928571416237
-89.58035714273379
-89.5714285713052
-89.56249999987662
-89.55357142844804
-89.54464285701945
-89.53571428559087
-89.52678571416229
-89.5178571427337
-89.50892857130512
-89.49999999987654
-89.49107142844795
-89.48214285701937
-89.47321428559079
-89.4642857141622
-89.45535714273362
-89.44642857130503
-89.43749999987645
-89.42857142844787
-89.41964285701928
-89.4107142855907
-89.40178571416212
-89.39285714273353
-89.38392857130495
-89.37499999987637
-89.36607142844778
-89.3571428570192
-89.34821428559061
-89.33928571416203
-89.33035714273345
-89.32142857130486
-89.31249999987628
-89.3035714284477
-89.29464285701911
-89.28571428559053
-89.27678571416195
-89.26785714273336
-89.25892857130478
-89.2499999998762
-89.24107142844761
-89.23214285701903
-89.22321428559044
-89.21428571416186
-89.20535714273328
-89.1964285713047
-89.18749999987611
-89.17857142844753
-89.16964285701894
-89.16071428559036
-89.15178571416178
-89.14285714273319
-89.13392857130461
-89.12499999987602
-89.11607142844744
-89.10714285701886
-89.09821428559027
-89.08928571416169
-89.0803571427331
-89.07142857130452
-89.06249999987594
-89.05357142844736
-89.04464285701877
-89.03571428559019
-89.0267857141616
-89.01785714273302
-89.00892857130444
-88.99999999987585
-88.99107142844727
-88.98214285701869
-88.9732142855901
-88.96428571416152
-88.95535714273294
-88.94642857130435
-88.93749999987577
-88.92857142844719
-88.9196428570186
-88.91071428559002
-88.90178571416143
-88.89285714273285
-88.88392857130427
-88.87499999987568
-88.8660714284471
-88.85714285701852
-88.84821428558993
-88.83928571416135
-88.83035714273277
-88.82142857130418
-88.8124999998756
-88.80357142844701
-88.79464285701843
-88.78571428558985
-88.77678571416126
-88.76785714273268
-88.7589285713041
-88.74999999987551
-88.74107142844693
-88.73214285701835
-88.72321428558976
-88.71428571416118
-88.7053571427326
-88.69642857130401
-88.68749999987543
-88.67857142844684
-88.66964285701826
-88.66071428558968
-88.6517857141611
-88.64285714273251
-88.63392857130393
-88.62499999987534
-88.61607142844676
-88.60714285701818
-88.59821428558959
-88.58928571416101
-88.58035714273242
-88.57142857130384
-88.56249999987526
-88.55357142844667
-88.54464285701809
-88.5357142855895
-88.52678571416092
-88.51785714273234
-88.50892857130376
-88.49999999987517
-88.49107142844659
-88.482142857018
-88.47321428558942
-88.46428571416084
-88.45535714273225
-88.44642857130367
-88.43749999987509
-88.4285714284465
-88.41964285701792
-88.41071428558934
-88.40178571416075
-88.39285714273217
-88.38392857130358
-88.374999999875
-88.36607142844642
-88.35714285701783
-88.34821428558925
-88.33928571416067
-88.33035714273208
-88.3214285713035
-88.31249999987492
-88.30357142844633
-88.29464285701775
-88.28571428558917
-88.27678571416058
-88.267857142732
-88.25892857130341
-88.24999999987483
-88.24107142844625
-88.23214285701766
-88.22321428558908
-88.2142857141605
-88.20535714273191
-88.19642857130333
-88.18749999987475
-88.17857142844616
-88.16964285701758
-88.160714285589
-88.15178571416041
-88.14285714273183
-88.13392857130324
-88.12499999987466
-88.11607142844608
-88.1071428570175
-88.09821428558891
-88.08928571416033
-88.08035714273174
-88.07142857130316
-88.06249999987457
-88.05357142844599
-88.04464285701741
-88.03571428558882
-88.02678571416024
-88.01785714273166
-88.00892857130307
-87.99999999987449
-87.9910714284459
-87.98214285701732
-87.97321428558874
-87.96428571416016
-87.95535714273157
-87.94642857130299
-87.9374999998744
-87.92857142844582
-87.91964285701724
-87.91071428558865
-87.90178571416007
-87.89285714273149
-87.8839285713029
-87.87499999987432
-87.86607142844574
-87.85714285701715
-87.84821428558857
-87.83928571415998
-87.8303571427314
-87.82142857130282
-87.81249999987423
-87.80357142844565
-87.79464285701707
-87.78571428558848
-87.7767857141599
-87.76785714273132
-87.75892857130273
-87.74999999987415
-87.74107142844557
-87.73214285701698
-87.7232142855884
-87.71428571415981
-87.70535714273123
-87.69642857130265
-87.68749999987406
-87.67857142844548
-87.6696428570169
-87.66071428558831
-87.65178571415973
-87.64285714273115
-87.63392857130256
-87.62499999987398
-87.6160714284454
-87.60714285701681
-87.59821428558823
-87.58928571415964
-87.58035714273106
-87.57142857130248
-87.56249999987389
-87.55357142844531
-87.54464285701673
-87.53571428558814
-87.52678571415956
-87.51785714273097
-87.50892857130239
-87.49999999987381
-87.49107142844522
-87.48214285701664
-87.47321428558806
-87.46428571415947
-87.45535714273089
-87.4464285713023
-87.43749999987372
-87.42857142844514
-87.41964285701656
-87.41071428558797
-87.40178571415939
-87.3928571427308
-87.38392857130222
-87.37499999987364
-87.36607142844505
-87.35714285701647
-87.34821428558789
-87.3392857141593
-87.33035714273072
-87.32142857130214
-87.31249999987355
-87.30357142844497
-87.29464285701638
-87.2857142855878
-87.27678571415922
-87.26785714273063
-87.25892857130205
-87.24999999987347
-87.24107142844488
-87.2321428570163
-87.22321428558772
-87.21428571415913
-87.20535714273055
-87.19642857130196
-87.18749999987338
-87.1785714284448
-87.16964285701621
-87.16071428558763
-87.15178571415905
-87.14285714273046
-87.13392857130188
-87.1249999998733
-87.11607142844471
-87.10714285701613
-87.09821428558755
-87.08928571415896
-87.08035714273038
-87.0714285713018
-87.06249999987321
-87.05357142844463
-87.04464285701604
-87.03571428558746
-87.02678571415888
-87.01785714273029
-87.00892857130171
-86.99999999987313
-86.99107142844454
-86.98214285701596
-86.97321428558737
-86.96428571415879
-86.95535714273021
-86.94642857130162
-86.93749999987304
-86.92857142844446
-86.91964285701587
-86.91071428558729
-86.9017857141587
-86.89285714273012
-86.88392857130154
-86.87499999987295
-86.86607142844437
-86.85714285701579
-86.8482142855872
-86.83928571415862
-86.83035714273004
-86.82142857130145
-86.81249999987287
-86.80357142844429
-86.7946428570157
-86.78571428558712
-86.77678571415854
-86.76785714272995
-86.75892857130137
-86.74999999987278
-86.7410714284442
-86.73214285701562
-86.72321428558703
-86.71428571415845
-86.70535714272987
-86.69642857130128
-86.6874999998727
-86.67857142844412
-86.66964285701553
-86.66071428558695
-86.65178571415836
-86.64285714272978
-86.6339285713012
-86.62499999987261
-86.61607142844403
-86.60714285701545
-86.59821428558686
-86.58928571415828
-86.5803571427297
-86.57142857130111
-86.56249999987253
-86.55357142844395
-86.54464285701536
-86.53571428558678
-86.5267857141582
-86.51785714272961
-86.50892857130103
-86.49999999987244
-86.49107142844386
-86.48214285701528
-86.47321428558669
-86.46428571415811
-86.45535714272953
-86.44642857130094
-86.43749999987236
-86.42857142844377
-86.41964285701519
-86.41071428558661
-86.40178571415802
-86.39285714272944
-86.38392857130086
-86.37499999987227
-86.36607142844369
-86.3571428570151
-86.34821428558652
-86.33928571415794
-86.33035714272935
-86.32142857130077
-86.31249999987219
-86.3035714284436
-86.29464285701502
-86.28571428558644
-86.27678571415785
-86.26785714272927
-86.25892857130069
-86.2499999998721
-86.24107142844352
-86.23214285701494
-86.22321428558635
-86.21428571415777
-86.20535714272918
-86.1964285713006
-86.18749999987202
-86.17857142844343
-86.16964285701485
-86.16071428558627
-86.15178571415768
-86.1428571427291
-86.13392857130052
-86.12499999987193
-86.11607142844335
-86.10714285701476
-86.09821428558618
-86.0892857141576
-86.08035714272901
-86.07142857130043
-86.06249999987185
-86.05357142844326
-86.04464285701468
-86.0357142855861
-86.02678571415751
-86.01785714272893
-86.00892857130034
-85.99999999987176
-85.99107142844318
-85.9821428570146
-85.97321428558601
-85.96428571415743
-85.95535714272884
-85.94642857130026
-85.93749999987168
-85.92857142844309
-85.91964285701451
-85.91071428558593
-85.90178571415734
-85.89285714272876
-85.88392857130017
-85.87499999987159
-85.86607142844301
-85.85714285701442
-85.84821428558584
-85.83928571415726
-85.83035714272867
-85.82142857130009
-85.8124999998715
-85.80357142844292
-85.79464285701434
-85.78571428558575
-85.77678571415717
-85.76785714272859
-85.7589285713
-85.74999999987142
-85.74107142844284
-85.73214285701425
-85.72321428558567
-85.71428571415709
-85.7053571427285
-85.69642857129992
-85.68749999987133
-85.67857142844275
-85.66964285701417
-85.66071428558558
-85.651785714157
-85.64285714272842
-85.63392857129983
-85.62499999987125
-85.61607142844267
-85.60714285701408
-85.5982142855855
-85.58928571415692
-85.58035714272833
-85.57142857129975
-85.56249999987116
-85.55357142844258
-85.544642857014
-85.53571428558541
-85.52678571415683
-85.51785714272825
-85.50892857129966
-85.49999999987108
-85.4910714284425
-85.48214285701391
-85.47321428558533
-85.46428571415674
-85.45535714272816
-85.44642857129958
-85.437499999871
-85.42857142844241
-85.41964285701383
-85.41071428558524
-85.40178571415666
-85.39285714272808
-85.38392857129949
-85.37499999987091
-85.36607142844232
-85.35714285701374
-85.34821428558516
-85.33928571415657
-85.33035714272799
-85.3214285712994
-85.31249999987082
-85.30357142844224
-85.29464285701366
-85.28571428558507
-85.27678571415649
-85.2678571427279
-85.25892857129932
-85.24999999987074
-85.24107142844215
-85.23214285701357
-85.22321428558499
-85.2142857141564
-85.20535714272782
-85.19642857129924
-85.18749999987065
-85.17857142844207
-85.16964285701349
-85.1607142855849
-85.15178571415632
-85.14285714272773
-85.13392857129915
-85.12499999987057
-85.11607142844198
-85.1071428570134
-85.09821428558482
-85.08928571415623
-85.08035714272765
-85.07142857129907
-85.06249999987048
-85.0535714284419
-85.04464285701332
-85.03571428558473
-85.02678571415615
-85.01785714272756
-85.00892857129898
-84.9999999998704
-84.99107142844181
-84.98214285701323
-84.97321428558465
-84.96428571415606
-84.95535714272748
-84.9464285712989
-84.93749999987031
-84.92857142844173
-84.91964285701314
-84.91071428558456
-84.90178571415598
-84.8928571427274
-84.88392857129881
-84.87499999987023
-84.86607142844164
-84.85714285701306
-84.84821428558448
-84.83928571415589
-84.83035714272731
-84.82142857129872
-84.81249999987014
-84.80357142844156
-84.79464285701297
-84.78571428558439
-84.7767857141558
-84.76785714272722
-84.75892857129864
-84.74999999987006
-84.74107142844147
-84.73214285701289
-84.7232142855843
-84.71428571415572
-84.70535714272714
-84.69642857129855
-84.68749999986997
-84.67857142844139
-84.6696428570128
-84.66071428558422
-84.65178571415564
-84.64285714272705
-84.63392857129847
-84.62499999986989
-84.6160714284413
-84.60714285701272
-84.59821428558413
-84.58928571415555
-84.58035714272697
-84.57142857129838
-84.5624999998698
-84.55357142844122
-84.54464285701263
-84.53571428558405
-84.52678571415547
-84.51785714272688
-84.5089285712983
-84.49999999986971
-84.49107142844113
-84.48214285701255
-84.47321428558396
-84.46428571415538
-84.4553571427268
-84.44642857129821
-84.43749999986963
-84.42857142844105
-84.41964285701246
-84.41071428558388
-84.4017857141553
-84.39285714272671
-84.38392857129813
-84.37499999986954
-84.36607142844096
-84.35714285701238
-84.3482142855838
-84.33928571415521
-84.33035714272663
-84.32142857129804
-84.31249999986946
-84.30357142844088
-84.29464285701229
-84.28571428558371
-84.27678571415512
-84.26785714272654
-84.25892857129796
-84.24999999986937
-84.24107142844079
-84.2321428570122
-84.22321428558362
-84.21428571415504
-84.20535714272646
-84.19642857129787
-84.18749999986929
-84.1785714284407
-84.16964285701212
-84.16071428558354
-84.15178571415495
-84.14285714272637
-84.13392857129779
-84.1249999998692
-84.11607142844062
-84.10714285701204
-84.09821428558345
-84.08928571415487
-84.08035714272629
-84.0714285712977
-84.06249999986912
-84.05357142844053
-84.04464285701195
-84.03571428558337
-84.02678571415478
-84.0178571427262
-84.00892857129762
-83.99999999986903
-83.99107142844045
-83.98214285701187
-83.97321428558328
-83.9642857141547
-83.95535714272611
-83.94642857129753
-83.93749999986895
-83.92857142844036
-83.91964285701178
-83.9107142855832
-83.90178571415461
-83.89285714272603
-83.88392857129745
-83.87499999986886
-83.86607142844028
-83.8571428570117
-83.84821428558311
-83.83928571415453
-83.83035714272594
-83.82142857129736
-83.81249999986878
-83.8035714284402
-83.79464285701161
-83.78571428558303
-83.77678571415444
-83.76785714272586
-83.75892857129728
-83.74999999986869
-83.74107142844011
-83.73214285701152
-83.72321428558294
-83.71428571415436
-83.70535714272577
-83.69642857129719
-83.6874999998686
-83.67857142844002
-83.66964285701144
-83.66071428558286
-83.65178571415427
-83.64285714272569
-83.6339285712971
-83.62499999986852
-83.61607142843994
-83.60714285701135
-83.59821428558277
-83.58928571415419
-83.5803571427256
-83.57142857129702
-83.56249999986844
-83.55357142843985
-83.54464285701127
-83.53571428558269
-83.5267857141541
-83.51785714272552
-83.50892857129693
-83.49999999986835
-83.49107142843977
-83.48214285701118
-83.4732142855826
-83.46428571415402
-83.45535714272543
-83.44642857129685
-83.43749999986827
-83.42857142843968
-83.4196428570111
-83.41071428558251
-83.40178571415393
-83.39285714272535
-83.38392857129676
-83.37499999986818
-83.3660714284396
-83.35714285701101
-83.34821428558243
-83.33928571415385
-83.33035714272526
-83.32142857129668
-83.3124999998681
-83.30357142843951
-83.29464285701093
-83.28571428558234
-83.27678571415376
-83.26785714272518
-83.2589285712966
-83.24999999986801
-83.24107142843943
-83.23214285701084
-83.22321428558226
-83.21428571415368
-83.20535714272509
-83.19642857129651
-83.18749999986792
-83.17857142843934
-83.16964285701076
-83.16071428558217
-83.15178571415359
-83.142857142725
-83.13392857129642
-83.12499999986784
-83.11607142843926
-83.10714285701067
-83.09821428558209
-83.0892857141535
-83.08035714272492
-83.07142857129634
-83.06249999986775
-83.05357142843917
-83.04464285701059
-83.035714285582
-83.02678571415342
-83.01785714272484
-83.00892857129625
-82.99999999986767
-82.99107142843908
-82.9821428570105
-82.97321428558192
-82.96428571415333
-82.95535714272475
-82.94642857129617
-82.93749999986758
-82.928571428439
-82.91964285701042
-82.91071428558183
-82.90178571415325
-82.89285714272467
-82.88392857129608
-82.8749999998675
-82.86607142843891
-82.85714285701033
-82.84821428558175
-82.83928571415316
-82.83035714272458
-82.821428571296
-82.81249999986741
-82.80357142843883
-82.79464285701025
-82.78571428558166
-82.77678571415308
-82.7678571427245
-82.75892857129591
-82.74999999986733
-82.74107142843874
-82.73214285701016
-82.72321428558158
-82.714285714153
-82.70535714272441
-82.69642857129583
-82.68749999986724
-82.67857142843866
-82.66964285701007
-82.66071428558149
-82.65178571415291
-82.64285714272432
-82.63392857129574
-82.62499999986716
-82.61607142843857
-82.60714285700999
-82.5982142855814
-82.58928571415282
-82.58035714272424
-82.57142857129566
-82.56249999986707
-82.55357142843849
-82.5446428570099
-82.53571428558132
-82.52678571415274
-82.51785714272415
-82.50892857129557
-82.49999999986699
-82.4910714284384
-82.48214285700982
-82.47321428558124
-82.46428571415265
-82.45535714272407
-82.44642857129548
-82.4374999998669
-82.42857142843832
-82.41964285700973
-82.41071428558115
-82.40178571415257
-82.39285714272398
-82.3839285712954
-82.37499999986682
-82.36607142843823
-82.35714285700965
-82.34821428558107
-82.33928571415248
-82.3303571427239
-82.32142857129531
-82.31249999986673
-82.30357142843815
-82.29464285700956
-82.28571428558098
-82.2767857141524
-82.26785714272381
-82.25892857129523
-82.24999999986665
-82.24107142843806
-82.23214285700948
-82.2232142855809
-82.21428571415231
-82.20535714272373
-82.19642857129514
-82.18749999986656
-82.17857142843798
-82.16964285700939
-82.16071428558081
-82.15178571415223
-82.14285714272364
-82.13392857129506
-82.12499999986647
-82.11607142843789
-82.10714285700931
-82.09821428558072
-82.08928571415214
-82.08035714272356
-82.07142857129497
-82.06249999986639
-82.0535714284378
-82.04464285700922
-82.03571428558064
-82.02678571415206
-82.01785714272347
-82.00892857129489
-81.9999999998663
-81.99107142843772
-81.98214285700914
-81.97321428558055
-81.96428571415197
-81.95535714272339
-81.9464285712948
-81.93749999986622
-81.92857142843764
-81.91964285700905
-81.91071428558047
-81.90178571415188
-81.8928571427233
-81.88392857129472
-81.87499999986613
-81.86607142843755
-81.85714285700897
-81.84821428558038
-81.8392857141518
-81.83035714272322
-81.82142857129463
-81.81249999986605
-81.80357142843746
-81.79464285700888
-81.7857142855803
-81.77678571415171
-81.76785714272313
-81.75892857129455
-81.74999999986596
-81.74107142843738
-81.7321428570088
-81.72321428558021
-81.71428571415163
-81.70535714272305
-81.69642857129446
-81.68749999986588
-81.6785714284373
-81.66964285700871
-81.66071428558013
-81.65178571415154
-81.64285714272296
-81.63392857129438
-81.62499999986579
-81.61607142843721
-81.60714285700863
-81.59821428558004
-81.58928571415146
-81.58035714272287
-81.57142857129429
-81.56249999986571
-81.55357142843712
-81.54464285700854
-81.53571428557996
-81.52678571415137
-81.51785714272279
-81.5089285712942
-81.49999999986562
-81.49107142843704
-81.48214285700845
-81.47321428557987
-81.46428571415129
-81.4553571427227
-81.44642857129412
-81.43749999986554
-81.42857142843695
-81.41964285700837
-81.41071428557979
-81.4017857141512
-81.39285714272262
-81.38392857129404
-81.37499999986545
-81.36607142843687
-81.35714285700828
-81.3482142855797
-81.33928571415112
-81.33035714272253
-81.32142857129395
-81.31249999986537
-81.30357142843678
-81.2946428570082
-81.28571428557962
-81.27678571415103
-81.26785714272245
-81.25892857129386
-81.24999999986528
-81.2410714284367
-81.23214285700811
-81.22321428557953
-81.21428571415095
-81.20535714272236
-81.19642857129378
-81.1874999998652
-81.17857142843661
-81.16964285700803
-81.16071428557945
-81.15178571415086
-81.14285714272228
-81.1339285712937
-81.12499999986511
-81.11607142843653
-81.10714285700794
-81.09821428557936
-81.08928571415078
-81.08035714272219
-81.07142857129361
-81.06249999986503
-81.05357142843644
-81.04464285700786
-81.03571428557927
-81.02678571415069
-81.01785714272211
-81.00892857129352
-80.99999999986494
-80.99107142843636
-80.98214285700777
-80.97321428557919
-80.9642857141506
-80.95535714272202
-80.94642857129344
-80.93749999986485
-80.92857142843627
-80.91964285700769
-80.9107142855791
-80.90178571415052
-80.89285714272194
-80.88392857129335
-80.87499999986477
-80.86607142843619
-80.8571428570076
-80.84821428557902
-80.83928571415044
-80.83035714272185
-80.82142857129327
-80.81249999986468
-80.8035714284361
-80.79464285700752
-80.78571428557893
-80.77678571415035
-80.76785714272177
-80.75892857129318
-80.7499999998646
-80.74107142843602
-80.73214285700743
-80.72321428557885
-80.71428571415026
-80.70535714272168
-80.6964285712931
-80.68749999986451
-80.67857142843593
-80.66964285700735
-80.66071428557876
-80.65178571415018
-80.6428571427216
-80.63392857129301
-80.62499999986443
-80.61607142843584
-80.60714285700726
-80.59821428557868
-80.5892857141501
-80.58035714272151
-80.57142857129293
-80.56249999986434
-80.55357142843576
-80.54464285700718
-80.53571428557859
-80.52678571415001
-80.51785714272143
-80.50892857129284
-80.49999999986426
-80.49107142843567
-80.48214285700709
-80.4732142855785
-80.46428571414992
-80.45535714272134
-80.44642857129276
-80.43749999986417
-80.42857142843559
-80.419642857007
-80.41071428557842
-80.40178571414984
-80.39285714272125
-80.38392857129267
-80.37499999986409
-80.3660714284355
-80.35714285700692
-80.34821428557834
-80.33928571414975
-80.33035714272117
-80.32142857129259
-80.312499999864
-80.30357142843542
-80.29464285700683
-80.28571428557825
-80.27678571414967
-80.26785714272108
-80.2589285712925
-80.24999999986392
-80.24107142843533
-80.23214285700675
-80.22321428557817
-80.21428571414958
-80.205357142721
-80.19642857129242
-80.18749999986383
-80.17857142843525
-80.16964285700666
-80.16071428557808
-80.1517857141495
-80.14285714272091
-80.13392857129233
-80.12499999986375
-80.11607142843516
-80.10714285700658
-80.098214285578
-80.08928571414941
-80.08035714272083
-80.07142857129224
-80.06249999986366
-80.05357142843508
-80.0446428570065
-80.03571428557791
-80.02678571414933
-80.01785714272074
-80.00892857129216
-79.99999999986358
-79.99107142843499
-79.98214285700641
-79.97321428557782
-79.96428571414924
-79.95535714272066
-79.94642857129207
-79.93749999986349
-79.9285714284349
-79.91964285700632
-79.91071428557774
-79.90178571414916
-79.89285714272057
-79.88392857129199
-79.8749999998634
-79.86607142843482
-79.85714285700624
-79.84821428557765
-79.83928571414907
-79.83035714272049
-79.8214285712919
-79.81249999986332
-79.80357142843474
-79.79464285700615
-79.78571428557757
-79.77678571414899
-79.7678571427204
-79.75892857129182
-79.74999999986323
-79.74107142843465
-79.73214285700607
-79.72321428557748
-79.7142857141489
-79.70535714272032
-79.69642857129173
-79.68749999986315
-79.67857142843457
-79.66964285700598
-79.6607142855774
-79.65178571414882
-79.64285714272023
-79.63392857129165
-79.62499999986306
-79.61607142843448
-79.6071428570059
-79.59821428557731
-79.58928571414873
-79.58035714272015
-79.57142857129156
-79.56249999986298
-79.5535714284344
-79.54464285700581
-79.53571428557723
-79.52678571414864
-79.51785714272006
-79.50892857129148
-79.4999999998629
-79.49107142843431
-79.48214285700573
-79.47321428557714
-79.46428571414856
-79.45535714271998
-79.44642857129139
-79.43749999986281
-79.42857142843422
-79.41964285700564
-79.41071428557706
-79.40178571414847
-79.39285714271989
-79.3839285712913
-79.37499999986272
-79.36607142843414
-79.35714285700556
-79.34821428557697
-79.33928571414839
-79.3303571427198
-79.32142857129122
-79.31249999986264
-79.30357142843405
-79.29464285700547
-79.28571428557689
-79.2767857141483
-79.26785714271972
-79.25892857129114
-79.24999999986255
-79.24107142843397
-79.23214285700539
-79.2232142855768
-79.21428571414822
-79.20535714271963
-79.19642857129105
-79.18749999986247
-79.17857142843388
-79.1696428570053
-79.16071428557672
-79.15178571414813
-79.14285714271955
-79.13392857129097
-79.12499999986238
-79.1160714284338
-79.10714285700521
-79.09821428557663
-79.08928571414805
-79.08035714271946
-79.07142857129088
-79.0624999998623
-79.05357142843371
-79.04464285700513
-79.03571428557655
-79.02678571414796
-79.01785714271938
-79.0089285712908
-78.99999999986221
-78.99107142843363
-78.98214285700504
-78.97321428557646
-78.96428571414788
-78.9553571427193
-78.94642857129071
-78.93749999986213
-78.92857142843354
-78.91964285700496
-78.91071428557638
-78.90178571414779
-78.89285714271921
-78.88392857129062
-78.87499999986204
-78.86607142843346
-78.85714285700487
-78.84821428557629
-78.8392857141477
-78.83035714271912
-78.82142857129054
-78.81249999986196
-78.80357142843337
-78.79464285700479
-78.7857142855762
-78.77678571414762
-78.76785714271904
-78.75892857129045
-78.74999999986187
-78.74107142843329
-78.7321428570047
-78.72321428557612
-78.71428571414754
-78.70535714271895
-78.69642857129037
-78.68749999986179
-78.6785714284332
-78.66964285700462
-78.66071428557603
-78.65178571414745
-78.64285714271887
-78.63392857129028
-78.6249999998617
-78.61607142843312
-78.60714285700453
-78.59821428557595
-78.58928571414737
-78.58035714271878
-78.5714285712902
-78.56249999986161
-78.55357142843303
-78.54464285700445
-78.53571428557586
-78.52678571414728
-78.5178571427187
-78.50892857129011
-78.49999999986153
-78.49107142843295
-78.48214285700436
-78.47321428557578
-78.4642857141472
-78.45535714271861
-78.44642857129003
-78.43749999986144
-78.42857142843286
-78.41964285700428
-78.4107142855757
-78.40178571414711
-78.39285714271853
-78.38392857128994
-78.37499999986136
-78.36607142843278
-78.35714285700419
-78.34821428557561
-78.33928571414702
-78.33035714271844
-78.32142857128986
-78.31249999986127
-78.30357142843269
-78.2946428570041
-78.28571428557552
-78.27678571414694
-78.26785714271836
-78.25892857128977
-78.24999999986119
-78.2410714284326
-78.23214285700402
-78.22321428557544
-78.21428571414685
-78.20535714271827
-78.19642857128969
-78.1874999998611
-78.17857142843252
-78.16964285700394
-78.16071428557535
-78.15178571414677
-78.14285714271819
-78.1339285712896
-78.12499999986102
-78.11607142843243
-78.10714285700385
-78.09821428557527
-78.08928571414668
-78.0803571427181
-78.07142857128952
-78.06249999986093
-78.05357142843235
-78.04464285700377
-78.03571428557518
-78.0267857141466
-78.01785714271801
-78.00892857128943
-77.99999999986085
-77.99107142843226
-77.98214285700368
-77.9732142855751
-77.96428571414651
-77.95535714271793
-77.94642857128935
-77.93749999986076
-77.92857142843218
-77.9196428570036
-77.91071428557501
-77.90178571414643
-77.89285714271784
-77.88392857128926
-77.87499999986068
-77.8660714284321
-77.85714285700351
-77.84821428557493
-77.83928571414634
-77.83035714271776
-77.82142857128918
-77.81249999986059
-77.80357142843201
-77.79464285700342
-77.78571428557484
-77.77678571414626
-77.76785714271767
-77.75892857128909
-77.7499999998605
-77.74107142843192
-77.73214285700334
-77.72321428557476
-77.71428571414617
-77.70535714271759
-77.696428571289
-77.68749999986042
-77.67857142843184
-77.66964285700325
-77.66071428557467
-77.65178571414609
-77.6428571427175
-77.63392857128892
-77.62499999986034
-77.61607142843175
-77.60714285700317
-77.59821428557458
-77.589285714146
-77.58035714271742
-77.57142857128883
-77.56249999986025
-77.55357142843167
-77.54464285700308
-77.5357142855745
-77.52678571414592
-77.51785714271733
-77.50892857128875
-77.49999999986017
-77.49107142843158
-77.482142857003
-77.47321428557441
-77.46428571414583
-77.45535714271725
-77.44642857128866
-77.43749999986008
-77.4285714284315
-77.41964285700291
-77.41071428557433
-77.40178571414575
-77.39285714271716
-77.38392857128858
-77.37499999986
-77.36607142843141
-77.35714285700283
-77.34821428557424
-77.33928571414566
-77.33035714271708
-77.3214285712885
-77.31249999985991
-77.30357142843133
-77.29464285700274
-77.28571428557416
-77.27678571414557
-77.26785714271699
-77.25892857128841
-77.24999999985982
-77.24107142843124
-77.23214285700266
-77.22321428557407
-77.21428571414549
-77.2053571427169
-77.19642857128832
-77.18749999985974
-77.17857142843116
-77.16964285700257
-77.16071428557399
-77.1517857141454
-77.14285714271682
-77.13392857128824
-77.12499999985965
-77.11607142843107
-77.10714285700249
-77.0982142855739
-77.08928571414532
-77.08035714271674
-77.07142857128815
-77.06249999985957
-77.05357142843098
-77.0446428570024
-77.03571428557382
-77.02678571414523
-77.01785714271665
-77.00892857128807
-76.99999999985948
-76.9910714284309
-76.98214285700232
-76.97321428557373
-76.96428571414515
-76.95535714271657
-76.94642857128798
-76.9374999998594
-76.92857142843081
-76.91964285700223
-76.91071428557365
-76.90178571414506
-76.89285714271648
-76.8839285712879
-76.87499999985931
-76.86607142843073
-76.85714285700215
-76.84821428557356
-76.83928571414498
-76.8303571427164
-76.82142857128781
-76.81249999985923
-76.80357142843064
-76.79464285700206
-76.78571428557348
-76.77678571414489
-76.76785714271631
-76.75892857128773
-76.74999999985914
-76.74107142843056
-76.73214285700197
-76.72321428557339
-76.71428571414481
-76.70535714271622
-76.69642857128764
-76.68749999985906
-76.67857142843047
-76.66964285700189
-76.6607142855733
-76.65178571414472
-76.64285714271614
-76.63392857128756
-76.62499999985897
-76.61607142843039
-76.6071428570018
-76.59821428557322
-76.58928571414464
-76.58035714271605
-76.57142857128747
-76.56249999985889
-76.5535714284303
-76.54464285700172
-76.53571428557314
-76.52678571414455
-76.51785714271597
-76.50892857128738
-76.4999999998588
-76.49107142843022
-76.48214285700163
-76.47321428557305
-76.46428571414447
-76.45535714271588
-76.4464285712873
-76.43749999985872
-76.42857142843013
-76.41964285700155
-76.41071428557296
-76.40178571414438
-76.3928571427158
-76.38392857128721
-76.37499999985863
-76.36607142843005
-76.35714285700146
-76.34821428557288
-76.3392857141443
-76.33035714271571
-76.32142857128713
-76.31249999985855
-76.30357142842996
-76.29464285700138
-76.2857142855728
-76.27678571414421
-76.26785714271563
-76.25892857128704
-76.24999999985846
-76.24107142842988
-76.23214285700129
-76.22321428557271
-76.21428571414413
-76.20535714271554
-76.19642857128696
-76.18749999985837
-76.17857142842979
-76.16964285700121
-76.16071428557262
-76.15178571414404
-76.14285714271546
-76.13392857128687
-76.12499999985829
-76.1160714284297
-76.10714285700112
-76.09821428557254
-76.08928571414395
-76.08035714271537
-76.07142857128679
-76.0624999998582
-76.05357142842962
-76.04464285700104
-76.03571428557245
-76.02678571414387
-76.01785714271529
-76.0089285712867
-75.99999999985812
-75.99107142842954
-75.98214285700095
-75.97321428557237
-75.96428571414378
-75.9553571427152
-75.94642857128662
-75.93749999985803
-75.92857142842945
-75.91964285700087
-75.91071428557228
-75.9017857141437
-75.89285714271512
-75.88392857128653
-75.87499999985795
-75.86607142842936
-75.85714285700078
-75.8482142855722
-75.83928571414361
-75.83035714271503
-75.82142857128645
-75.81249999985786
-75.80357142842928
-75.7946428570007
-75.78571428557211
-75.77678571414353
-75.76785714271494
-75.75892857128636
-75.74999999985778
-75.7410714284292
-75.73214285700061
-75.72321428557203
-75.71428571414344
-75.70535714271486
-75.69642857128628
-75.68749999985769
-75.67857142842911
-75.66964285700053
-75.66071428557194
-75.65178571414336
-75.64285714271477
-75.63392857128619
-75.62499999985761
-75.61607142842902
-75.60714285700044
-75.59821428557186
-75.58928571414327
-75.58035714271469
-75.5714285712861
-75.56249999985752
-75.55357142842894
-75.54464285700035
-75.53571428557177
-75.52678571414319
-75.5178571427146
-75.50892857128602
-75.49999999985744
-75.49107142842885
-75.48214285700027
-75.47321428557169
-75.4642857141431
-75.45535714271452
-75.44642857128594
-75.43749999985735
-75.42857142842877
-75.41964285700018
-75.4107142855716
-75.40178571414302
-75.39285714271443
-75.38392857128585
-75.37499999985727
-75.36607142842868
-75.3571428570001
-75.34821428557152
-75.33928571414293
-75.33035714271435
-75.32142857128576
-75.31249999985718
-75.3035714284286
-75.29464285700001
-75.28571428557143
-75.27678571414285
-75.26785714271426
-75.25892857128568
-75.2499999998571
-75.24107142842851
-75.23214285699993
-75.22321428557134
-75.21428571414276
-75.20535714271418
-75.1964285712856
-75.18749999985701
-75.17857142842843
-75.16964285699984
-75.16071428557126
-75.15178571414268
-75.14285714271409
-75.13392857128551
-75.12499999985693
-75.11607142842834
-75.10714285699976
-75.09821428557117
-75.08928571414259
-75.080357142714
-75.07142857128542
-75.06249999985684
-75.05357142842826
-75.04464285699967
-75.03571428557109
-75.0267857141425
-75.01785714271392
-75.00892857128534
-74.99999999985675
-74.99107142842817
-74.98214285699959
-74.973214285571
-74.96428571414242
-74.95535714271384
-74.94642857128525
-74.93749999985667
-74.92857142842809
-74.9196428569995
-74.91071428557092
-74.90178571414233
-74.89285714271375
-74.88392857128517
-74.87499999985658
-74.866071428428
-74.85714285699942
-74.84821428557083
-74.83928571414225
-74.83035714271367
-74.82142857128508
-74.8124999998565
-74.80357142842792
-74.79464285699933
-74.78571428557075
-74.77678571414216
-74.76785714271358
-74.758928571285
-74.74999999985641
-74.74107142842783
-74.73214285699925
-74.72321428557066
-74.71428571414208
-74.7053571427135
-74.69642857128491
-74.68749999985633
-74.67857142842774
-74.66964285699916
-74.66071428557058
-74.651785714142
-74.64285714271341
-74.63392857128483
-74.62499999985624
-74.61607142842766
-74.60714285699908
-74.59821428557049
-74.58928571414191
-74.58035714271332
-74.57142857128474
-74.56249999985616
-74.55357142842757
-74.54464285699899
-74.5357142855704
-74.52678571414182
-74.51785714271324
-74.50892857128466
-74.49999999985607
-74.49107142842749
-74.4821428569989
-74.47321428557032
-74.46428571414174
-74.45535714271315
-74.44642857128457
-74.43749999985599
-74.4285714284274
-74.41964285699882
-74.41071428557024
-74.40178571414165
-74.39285714271307
-74.38392857128449
-74.3749999998559
-74.36607142842732
-74.35714285699873
-74.34821428557015
-74.33928571414157
-74.33035714271298
-74.3214285712844
-74.31249999985582
-74.30357142842723
-74.29464285699865
-74.28571428557007
-74.27678571414148
-74.2678571427129
-74.25892857128432
-74.24999999985573
-74.24107142842715
-74.23214285699856
-74.22321428556998
-74.2142857141414
-74.20535714271281
-74.19642857128423
-74.18749999985565
-74.17857142842706
-74.16964285699848
-74.1607142855699
-74.15178571414131
-74.14285714271273
-74.13392857128414
-74.12499999985556
-74.11607142842698
-74.1071428569984
-74.09821428556981
-74.08928571414123
-74.08035714271264
-74.07142857128406
-74.06249999985548
-74.05357142842689
-74.04464285699831
-74.03571428556972
-74.02678571414114
-74.01785714271256
-74.00892857128397
-73.99999999985539
-73.9910714284268
-73.98214285699822
-73.97321428556964
-73.96428571414106
-73.95535714271247
-73.94642857128389
-73.9374999998553
-73.92857142842672
-73.91964285699814
-73.91071428556955
-73.90178571414097
-73.89285714271239
-73.8839285712838
-73.87499999985522
-73.86607142842664
-73.85714285699805
-73.84821428556947
-73.83928571414089
-73.8303571427123
-73.82142857128372
-73.81249999985513
-73.80357142842655
-73.79464285699797
-73.78571428556938
-73.7767857141408
-73.76785714271222
-73.75892857128363
-73.74999999985505
-73.74107142842647
-73.73214285699788
-73.7232142855693
-73.71428571414071
-73.70535714271213
-73.69642857128355
-73.68749999985496
-73.67857142842638
-73.6696428569978
-73.66071428556921
-73.65178571414063
-73.64285714271205
-73.63392857128346
-73.62499999985488
-73.6160714284263
-73.60714285699771
-73.59821428556913
-73.58928571414054
-73.58035714271196
-73.57142857128338
-73.5624999998548
-73.55357142842621
-73.54464285699763
-73.53571428556904
-73.52678571414046
-73.51785714271188
-73.50892857128329
-73.49999999985471
-73.49107142842612
-73.48214285699754
-73.47321428556896
-73.46428571414037
-73.45535714271179
-73.4464285712832
-73.43749999985462
-73.42857142842604
-73.41964285699746
-73.41071428556887
-73.40178571414029
-73.3928571427117
-73.38392857128312
-73.37499999985454
-73.36607142842595
-73.35714285699737
-73.34821428556879
-73.3392857141402
-73.33035714271162
-73.32142857128304
-73.31249999985445
-73.30357142842587
-73.29464285699729
-73.2857142855687
-73.27678571414012
-73.26785714271153
-73.25892857128295
-73.24999999985437
-73.24107142842578
-73.2321428569972
-73.22321428556862
-73.21428571414003
-73.20535714271145
-73.19642857128287
-73.18749999985428
-73.1785714284257
-73.16964285699711
-73.16071428556853
-73.15178571413995
-73.14285714271136
-73.13392857128278
-73.1249999998542
-73.11607142842561
-73.10714285699703
-73.09821428556845
-73.08928571413986
-73.08035714271128
-73.0714285712827
-73.06249999985411
-73.05357142842553
-73.04464285699694
-73.03571428556836
-73.02678571413978
-73.0178571427112
-73.00892857128261
-72.99999999985403
-72.99107142842544
-72.98214285699686
-72.97321428556828
-72.96428571413969
-72.95535714271111
-72.94642857128252
-72.93749999985394
-72.92857142842536
-72.91964285699677
-72.91071428556819
-72.9017857141396
-72.89285714271102
-72.88392857128244
-72.87499999985386
-72.86607142842527
-72.85714285699669
-72.8482142855681
-72.83928571413952
-72.83035714271094
-72.82142857128235
-72.81249999985377
-72.80357142842519
-72.7946428569966
-72.78571428556802
-72.77678571413944
-72.76785714271085
-72.75892857128227
-72.74999999985369
-72.7410714284251
-72.73214285699652
-72.72321428556793
-72.71428571413935
-72.70535714271077
-72.69642857128218
-72.6874999998536
-72.67857142842502
-72.66964285699643
-72.66071428556785
-72.65178571413927
-72.64285714271068
-72.6339285712821
-72.62499999985351
-72.61607142842493
-72.60714285699635
-72.59821428556776
-72.58928571413918
-72.5803571427106
-72.57142857128201
-72.56249999985343
-72.55357142842485
-72.54464285699626
-72.53571428556768
-72.5267857141391
-72.51785714271051
-72.50892857128193
-72.49999999985334
-72.49107142842476
-72.48214285699618
-72.4732142855676
-72.46428571413901
-72.45535714271043
-72.44642857128184
-72.43749999985326
-72.42857142842468
-72.41964285699609
-72.41071428556751
-72.40178571413892
-72.39285714271034
-72.38392857128176
-72.37499999985317
-72.36607142842459
-72.357142856996
-72.34821428556742
-72.33928571413884
-72.33035714271026
-72.32142857128167
-72.31249999985309
-72.3035714284245
-72.29464285699592
-72.28571428556734
-72.27678571413875
-72.26785714271017
-72.25892857128159
-72.249999999853
-72.24107142842442
-72.23214285699584
-72.22321428556725
-72.21428571413867
-72.20535714271008
-72.1964285712815
-72.18749999985292
-72.17857142842433
-72.16964285699575
-72.16071428556717
-72.15178571413858
-72.14285714271
-72.13392857128142
-72.12499999985283
-72.11607142842425
-72.10714285699567
-72.09821428556708
-72.0892857141385
-72.08035714270991
-72.07142857128133
-72.06249999985275
-72.05357142842416
-72.04464285699558
-72.035714285567
-72.02678571413841
-72.01785714270983
-72.00892857128125
-71.99999999985266
-71.99107142842408
-71.9821428569955
-71.97321428556691
-71.96428571413833
-71.95535714270974
-71.94642857128116
-71.93749999985258
-71.928571428424
-71.91964285699541
-71.91071428556683
-71.90178571413824
-71.89285714270966
-71.88392857128107
-71.87499999985249
-71.86607142842391
-71.85714285699532
-71.84821428556674
-71.83928571413816
-71.83035714270957
-71.82142857128099
-71.8124999998524
-71.80357142842382
-71.79464285699524
-71.78571428556666
-71.77678571413807
-71.76785714270949
-71.7589285712809
-71.74999999985232
-71.74107142842374
-71.73214285699515
-71.72321428556657
-71.71428571413799
-71.7053571427094
-71.69642857128082
-71.68749999985224
-71.67857142842365
-71.66964285699507
-71.66071428556648
-71.6517857141379
-71.64285714270932
-71.63392857128073
-71.62499999985215
-71.61607142842357
-71.60714285699498
-71.5982142855664
-71.58928571413782
-71.58035714270923
-71.57142857128065
-71.56249999985207
-71.55357142842348
-71.5446428569949
-71.53571428556631
-71.52678571413773
-71.51785714270915
-71.50892857128056
-71.49999999985198
-71.4910714284234
-71.48214285699481
-71.47321428556623
-71.46428571413765
-71.45535714270906
-71.44642857128048
-71.4374999998519
-71.42857142842331
-71.41964285699473
-71.41071428556614
-71.40178571413756
-71.39285714270898
-71.38392857128039
-71.37499999985181
-71.36607142842323
-71.35714285699464
-71.34821428556606
-71.33928571413747
-71.33035714270889
-71.32142857128031
-71.31249999985172
-71.30357142842314
-71.29464285699456
-71.28571428556597
-71.27678571413739
-71.2678571427088
-71.25892857128022
-71.24999999985164
-71.24107142842306
-71.23214285699447
-71.22321428556589
-71.2142857141373
-71.20535714270872
-71.19642857128014
-71.18749999985155
-71.17857142842297
-71.16964285699439
-71.1607142855658
-71.15178571413722
-71.14285714270864
-71.13392857128005
-71.12499999985147
-71.11607142842288
-71.1071428569943
-71.09821428556572
-71.08928571413713
-71.08035714270855
-71.07142857127997
-71.06249999985138
-71.0535714284228
-71.04464285699422
-71.03571428556563
-71.02678571413705
-71.01785714270846
-71.00892857127988
-70.9999999998513
-70.99107142842271
-70.98214285699413
-70.97321428556555
-70.96428571413696
-70.95535714270838
-70.9464285712798
-70.93749999985121
-70.92857142842263
-70.91964285699405
-70.91071428556546
-70.90178571413688
-70.8928571427083
-70.88392857127971
-70.87499999985113
-70.86607142842254
-70.85714285699396
-70.84821428556538
-70.83928571413679
-70.83035714270821
-70.82142857127963
-70.81249999985104
-70.80357142842246
-70.79464285699387
-70.78571428556529
-70.77678571413671
-70.76785714270812
-70.75892857127954
-70.74999999985096
-70.74107142842237
-70.73214285699379
-70.7232142855652
-70.71428571413662
-70.70535714270804
-70.69642857127945
-70.68749999985087
-70.67857142842229
-70.6696428569937
-70.66071428556512
-70.65178571413654
-70.64285714270795
-70.63392857127937
-70.62499999985079
-70.6160714284222
-70.60714285699362
-70.59821428556504
-70.58928571413645
-70.58035714270787
-70.57142857127928
-70.5624999998507
-70.55357142842212
-70.54464285699353
-70.53571428556495
-70.52678571413637
-70.51785714270778
-70.5089285712792
-70.49999999985062
-70.49107142842203
-70.48214285699345
-70.47321428556486
-70.46428571413628
-70.4553571427077
-70.44642857127911
-70.43749999985053
-70.42857142842195
-70.41964285699336
-70.41071428556478
-70.4017857141362
-70.39285714270761
-70.38392857127903
-70.37499999985044
-70.36607142842186
-70.35714285699328
-70.3482142855647
-70.33928571413611
-70.33035714270753
-70.32142857127894
-70.31249999985036
-70.30357142842178
-70.29464285699319
-70.28571428556461
-70.27678571413603
-70.26785714270744
-70.25892857127886
-70.24999999985027
-70.24107142842169
-70.23214285699311
-70.22321428556452
-70.21428571413594
-70.20535714270736
-70.19642857127877
-70.18749999985019
-70.1785714284216
-70.16964285699302
-70.16071428556444
-70.15178571413585
-70.14285714270727
-70.13392857127869
-70.1249999998501
-70.11607142842152
-70.10714285699294
-70.09821428556435
-70.08928571413577
-70.08035714270719
-70.0714285712786
-70.06249999985002
-70.05357142842144
-70.04464285699285
-70.03571428556427
-70.02678571413568
-70.0178571427071
-70.00892857127852
-69.99999999984993
-69.99107142842135
-69.98214285699277
-69.97321428556418
-69.9642857141356
-69.95535714270702
-69.94642857127843
-69.93749999984985
-69.92857142842126
-69.91964285699268
-69.9107142855641
-69.90178571413551
-69.89285714270693
-69.88392857127835
-69.87499999984976
-69.86607142842118
-69.8571428569926
-69.84821428556401
-69.83928571413543
-69.83035714270684
-69.82142857127826
-69.81249999984968
-69.8035714284211
-69.79464285699251
-69.78571428556393
-69.77678571413534
-69.76785714270676
-69.75892857127818
-69.74999999984959
-69.74107142842101
-69.73214285699243
-69.72321428556384
-69.71428571413526
-69.70535714270667
-69.69642857127809
-69.6874999998495
-69.67857142842092
-69.66964285699234
-69.66071428556376
-69.65178571413517
-69.64285714270659
-69.633928571278
-69.62499999984942
-69.61607142842084
-69.60714285699225
-69.59821428556367
-69.58928571413509
-69.5803571427065
-69.57142857127792
-69.56249999984934
-69.55357142842075
-69.54464285699217
-69.53571428556359
-69.526785714135
-69.51785714270642
-69.50892857127783
-69.49999999984925
-69.49107142842067
-69.48214285699208
-69.4732142855635
-69.46428571413492
-69.45535714270633
-69.44642857127775
-69.43749999984917
-69.42857142842058
-69.419642856992
-69.41071428556342
-69.40178571413483
-69.39285714270625
-69.38392857127766
-69.37499999984908
-69.3660714284205
-69.35714285699191
-69.34821428556333
-69.33928571413475
-69.33035714270616
-69.32142857127758
-69.312499999849
-69.30357142842041
-69.29464285699183
-69.28571428556324
-69.27678571413466
-69.26785714270608
-69.2589285712775
-69.24999999984891
-69.24107142842033
-69.23214285699174
-69.22321428556316
-69.21428571413458
-69.20535714270599
-69.19642857127741
-69.18749999984882
-69.17857142842024
-69.16964285699166
-69.16071428556307
-69.15178571413449
-69.1428571427059
-69.13392857127732
-69.12499999984874
-69.11607142842016
-69.10714285699157
-69.09821428556299
-69.0892857141344
-69.08035714270582
-69.07142857127724
-69.06249999984865
-69.05357142842007
-69.04464285699149
-69.0357142855629
-69.02678571413432
-69.01785714270574
-69.00892857127715
-68.99999999984857
-68.99107142841999
-68.9821428569914
-68.97321428556282
-68.96428571413423
-68.95535714270565
-68.94642857127707
-68.93749999984848
-68.9285714284199
-68.91964285699132
-68.91071428556273
-68.90178571413415
-68.89285714270557
-68.88392857127698
-68.8749999998484
-68.86607142841981
-68.85714285699123
-68.84821428556265
-68.83928571413406
-68.83035714270548
-68.8214285712769
-68.81249999984831
-68.80357142841973
-68.79464285699115
-68.78571428556256
-68.77678571413398
-68.7678571427054
-68.75892857127681
-68.74999999984823
-68.74107142841964
-68.73214285699106
-68.72321428556248
-68.7142857141339
-68.70535714270531
-68.69642857127673
-68.68749999984814
-68.67857142841956
-68.66964285699098
-68.66071428556239
-68.65178571413381
-68.64285714270522
-68.63392857127664
-68.62499999984806
-68.61607142841947
-68.60714285699089
-68.5982142855623
-68.58928571413372
-68.58035714270514
-68.57142857127656
-68.56249999984797
-68.55357142841939
-68.5446428569908
-68.53571428556222
-68.52678571413364
-68.51785714270505
-68.50892857127647
-68.49999999984789
-68.4910714284193
-68.48214285699072
-68.47321428556214
-68.46428571413355
-68.45535714270497
-68.44642857127639
-68.4374999998478
-68.42857142841922
-68.41964285699063
-68.41071428556205
-68.40178571413347
-68.39285714270488
-68.3839285712763
-68.37499999984772
-68.36607142841913
-68.35714285699055
-68.34821428556197
-68.33928571413338
-68.3303571427048
-68.32142857127621
-68.31249999984763
-68.30357142841905
-68.29464285699046
-68.28571428556188
-68.2767857141333
-68.26785714270471
-68.25892857127613
-68.24999999984755
-68.24107142841896
-68.23214285699038
-68.2232142855618
-68.21428571413321
-68.20535714270463
-68.19642857127604
-68.18749999984746
-68.17857142841888
-68.1696428569903
-68.16071428556171
-68.15178571413313
-68.14285714270454
-68.13392857127596
-68.12499999984738
-68.11607142841879
-68.10714285699021
-68.09821428556162
-68.08928571413304
-68.08035714270446
-68.07142857127587
-68.06249999984729
-68.0535714284187
-68.04464285699012
-68.03571428556154
-68.02678571413296
-68.01785714270437
-68.00892857127579
-67.9999999998472
-67.99107142841862
-67.98214285699004
-67.97321428556145
-67.96428571413287
-67.95535714270429
-67.9464285712757
-67.93749999984712
-67.92857142841854
-67.91964285698995
-67.91071428556137
-67.90178571413279
-67.8928571427042
-67.88392857127562
-67.87499999984703
-67.86607142841845
-67.85714285698987
-67.84821428556128
-67.8392857141327
-67.83035714270412
-67.82142857127553
-67.81249999984695
-67.80357142841837
-67.79464285698978
-67.7857142855612
-67.77678571413261
-67.76785714270403
-67.75892857127545
-67.74999999984686
-67.74107142841828
-67.7321428569897
-67.72321428556111
-67.71428571413253
-67.70535714270395
-67.69642857127536
-67.68749999984678
-67.6785714284182
-67.66964285698961
-67.66071428556103
-67.65178571413244
-67.64285714270386
-67.63392857127528
-67.6249999998467
-67.61607142841811
-67.60714285698953
-67.59821428556094
-67.58928571413236
-67.58035714270378
-67.57142857127519
-67.56249999984661
-67.55357142841802
-67.54464285698944
-67.53571428556086
-67.52678571413227
-67.51785714270369
-67.5089285712751
-67.49999999984652
-67.49107142841794
-67.48214285698936
-67.47321428556077
-67.46428571413219
-67.4553571427036
-67.44642857127502
-67.43749999984644
-67.42857142841785
-67.41964285698927
-67.41071428556069
-67.4017857141321
-67.39285714270352
-67.38392857127494
-67.37499999984635
-67.36607142841777
-67.35714285698919
-67.3482142855606
-67.33928571413202
-67.33035714270343
-67.32142857127485
-67.31249999984627
-67.30357142841768
-67.2946428569891
-67.28571428556052
-67.27678571413193
-67.26785714270335
-67.25892857127477
-67.24999999984618
-67.2410714284176
-67.23214285698901
-67.22321428556043
-67.21428571413185
-67.20535714270326
-67.19642857127468
-67.1874999998461
-67.17857142841751
-67.16964285698893
-67.16071428556035
-67.15178571413176
-67.14285714270318
-67.1339285712746
-67.12499999984601
-67.11607142841743
-67.10714285698884
-67.09821428556026
-67.08928571413168
-67.0803571427031
-67.07142857127451
-67.06249999984593
-67.05357142841734
-67.04464285698876
-67.03571428556018
-67.02678571413159
-67.01785714270301
-67.00892857127442
-66.99999999984584
-66.99107142841726
-66.98214285698867
-66.97321428556009
-66.9642857141315
-66.95535714270292
-66.94642857127434
-66.93749999984576
-66.92857142841717
-66.91964285698859
-66.91071428556
-66.90178571413142
-66.89285714270284
-66.88392857127425
-66.87499999984567
-66.86607142841709
-66.8571428569885
-66.84821428555992
-66.83928571413134
-66.83035714270275
-66.82142857127417
-66.81249999984558
-66.803571428417
-66.79464285698842
-66.78571428555983
-66.77678571413125
-66.76785714270267
-66.75892857127408
-66.7499999998455
-66.74107142841692
-66.73214285698833
-66.72321428555975
-66.71428571413117
-66.70535714270258
-66.696428571274
-66.68749999984541
-66.67857142841683
-66.66964285698825
-66.66071428555966
-66.65178571413108
-66.6428571427025
-66.63392857127391
-66.62499999984533
-66.61607142841675
-66.60714285698816
-66.59821428555958
-66.589285714131
-66.58035714270241
-66.57142857127383
-66.56249999984524
-66.55357142841666
-66.54464285698808
-66.5357142855595
-66.52678571413091
-66.51785714270233
-66.50892857127374
-66.49999999984516
-66.49107142841657
-66.48214285698799
-66.47321428555941
-66.46428571413082
-66.45535714270224
-66.44642857127366
-66.43749999984507
-66.42857142841649
-66.4196428569879
-66.41071428555932
-66.40178571413074
-66.39285714270216
-66.38392857127357
-66.37499999984499
-66.3660714284164
-66.35714285698782
-66.34821428555924
-66.33928571413065
-66.33035714270207
-66.32142857127349
-66.3124999998449
-66.30357142841632
-66.29464285698774
-66.28571428555915
-66.27678571413057
-66.26785714270198
-66.2589285712734
-66.24999999984482
-66.24107142841623
-66.23214285698765
-66.22321428555907
-66.21428571413048
-66.2053571427019
-66.19642857127332
-66.18749999984473
-66.17857142841615
-66.16964285698756
-66.16071428555898
-66.1517857141304
-66.14285714270181
-66.13392857127323
-66.12499999984465
-66.11607142841606
-66.10714285698748
-66.0982142855589
-66.08928571413031
-66.08035714270173
-66.07142857127315
-66.06249999984456
-66.05357142841598
-66.0446428569874
-66.03571428555881
-66.02678571413023
-66.01785714270164
-66.00892857127306
-65.99999999984448
-65.99107142841589
-65.98214285698731
-65.97321428555873
-65.96428571413014
-65.95535714270156
-65.94642857127297
-65.93749999984439
-65.92857142841581
-65.91964285698722
-65.91071428555864
-65.90178571413006
-65.89285714270147
-65.88392857127289
-65.8749999998443
-65.86607142841572
-65.85714285698714
-65.84821428555856
-65.83928571412997
-65.83035714270139
-65.8214285712728
-65.81249999984422
-65.80357142841564
-65.79464285698705
-65.78571428555847
-65.77678571412989
-65.7678571427013
-65.75892857127272
-65.74999999984414
-65.74107142841555
-65.73214285698697
-65.72321428555838
-65.7142857141298
-65.70535714270122
-65.69642857127263
-65.68749999984405
-65.67857142841547
-65.66964285698688
-65.6607142855583
-65.65178571412972
-65.64285714270113
-65.63392857127255
-65.62499999984396
-65.61607142841538
-65.6071428569868
-65.59821428555821
-65.58928571412963
-65.58035714270105
-65.57142857127246
-65.56249999984388
-65.5535714284153
-65.54464285698671
-65.53571428555813
-65.52678571412955
-65.51785714270096
-65.50892857127238
-65.4999999998438
-65.49107142841521
-65.48214285698663
-65.47321428555804
-65.46428571412946
-65.45535714270088
-65.44642857127229
-65.43749999984371
-65.42857142841513
-65.41964285698654
-65.41071428555796
-65.40178571412937
-65.39285714270079
-65.38392857127221
-65.37499999984362
-65.36607142841504
-65.35714285698646
-65.34821428555787
-65.33928571412929
-65.3303571427007
-65.32142857127212
-65.31249999984354
-65.30357142841495
-65.29464285698637
-65.28571428555779
-65.2767857141292
-65.26785714270062
-65.25892857127204
-65.24999999984345
-65.24107142841487
-65.23214285698629
-65.2232142855577
-65.21428571412912
-65.20535714270054
-65.19642857127195
-65.18749999984337
-65.17857142841478
-65.1696428569862
-65.16071428555762
-65.15178571412903
-65.14285714270045
-65.13392857127187
-65.12499999984328
-65.1160714284147
-65.10714285698612
-65.09821428555753
-65.08928571412895
-65.08035714270036
-65.07142857127178
-65.0624999998432
-65.05357142841461
-65.04464285698603
-65.03571428555745
-65.02678571412886
-65.01785714270028
-65.0089285712717
-64.99999999984311
-64.99107142841453
-64.98214285698594
-64.97321428555736
-64.96428571412878
-64.9553571427002
-64.94642857127161
-64.93749999984303
-64.92857142841444
-64.91964285698586
-64.91071428555728
-64.90178571412869
-64.89285714270011
-64.88392857127153
-64.87499999984294
-64.86607142841436
-64.85714285698577
-64.84821428555719
-64.83928571412861
-64.83035714270002
-64.82142857127144
-64.81249999984286
-64.80357142841427
-64.79464285698569
-64.7857142855571
-64.77678571412852
-64.76785714269994
-64.75892857127135
-64.74999999984277
-64.74107142841419
-64.7321428569856
-64.72321428555702
-64.71428571412844
-64.70535714269985
-64.69642857127127
-64.68749999984269
-64.6785714284141
-64.66964285698552
-64.66071428555694
-64.65178571412835
-64.64285714269977
-64.63392857127118
-64.6249999998426
-64.61607142841402
-64.60714285698543
-64.59821428555685
-64.58928571412827
-64.58035714269968
-64.5714285712711
-64.56249999984252
-64.55357142841393
-64.54464285698535
-64.53571428555676
-64.52678571412818
-64.5178571426996
-64.50892857127101
-64.49999999984243
-64.49107142841385
-64.48214285698526
-64.47321428555668
-64.4642857141281
-64.45535714269951
-64.44642857127093
-64.43749999984234
-64.42857142841376
-64.41964285698518
-64.4107142855566
-64.40178571412801
-64.39285714269943
-64.38392857127084
-64.37499999984226
-64.36607142841368
-64.35714285698509
-64.34821428555651
-64.33928571412793
-64.33035714269934
-64.32142857127076
-64.31249999984217
-64.30357142841359
-64.294642856985
-64.28571428555642
-64.27678571412784
-64.26785714269926
-64.25892857127067
-64.24999999984209
-64.2410714284135
-64.23214285698492
-64.22321428555634
-64.21428571412775
-64.20535714269917
-64.19642857127059
-64.187499999842
-64.17857142841342
-64.16964285698484
-64.16071428555625
-64.15178571412767
-64.14285714269909
-64.1339285712705
-64.12499999984192
-64.11607142841333
-64.10714285698475
-64.09821428555617
-64.08928571412758
-64.080357142699
-64.07142857127042
-64.06249999984183
-64.05357142841325
-64.04464285698467
-64.03571428555608
-64.0267857141275
-64.01785714269892
-64.00892857127033
-63.99999999984175
-63.991071428413164
-63.98214285698458
-63.973214285556
-63.96428571412741
-63.95535714269883
-63.946428571270246
-63.93749999984166
-63.92857142841308
-63.919642856984495
-63.91071428555591
-63.90178571412733
-63.892857142698745
-63.88392857127016
-63.87499999984158
-63.866071428412994
-63.85714285698441
-63.84821428555583
-63.83928571412724
-63.83035714269866
-63.821428571270076
-63.81249999984149
-63.80357142841291
-63.794642856984325
-63.78571428555574
-63.77678571412716
-63.767857142698574
-63.75892857126999
-63.74999999984141
-63.74107142841282
-63.73214285698424
-63.723214285555656
-63.71428571412707
-63.70535714269849
-63.696428571269905
-63.68749999984132
-63.67857142841274
-63.669642856984154
-63.66071428555557
-63.65178571412699
-63.6428571426984
-63.63392857126982
-63.624999999841236
-63.61607142841265
-63.60714285698407
-63.598214285555486
-63.5892857141269
-63.58035714269832
-63.571428571269735
-63.56249999984115
-63.55357142841257
-63.544642856983984
-63.5357142855554
-63.52678571412682
-63.51785714269823
-63.50892857126965
-63.499999999841066
-63.49107142841248
-63.4821428569839
-63.473214285555315
-63.46428571412673
-63.45535714269815
-63.446428571269564
-63.43749999984098
-63.4285714284124
-63.41964285698381
-63.41071428555523
-63.401785714126646
-63.39285714269806
-63.38392857126948
-63.374999999840895
-63.36607142841231
-63.35714285698373
-63.348214285555144
-63.33928571412656
-63.33035714269798
-63.321428571269394
-63.31249999984081
-63.303571428412226
-63.29464285698364
-63.28571428555506
-63.276785714126476
-63.26785714269789
-63.25892857126931
-63.249999999840725
-63.24107142841214
-63.23214285698356
-63.223214285554974
-63.21428571412639
-63.20535714269781
-63.19642857126922
-63.18749999984064
-63.178571428412056
-63.16964285698347
-63.16071428555489
-63.151785714126305
-63.14285714269772
-63.13392857126914
-63.124999999840554
-63.11607142841197
-63.10714285698339
-63.0982142855548
-63.08928571412622
-63.080357142697636
-63.07142857126905
-63.06249999984047
-63.053571428411885
-63.0446428569833
-63.03571428555472
-63.026785714126135
-63.01785714269755
-63.00892857126897
-62.999999999840384
-62.9910714284118
-62.98214285698322
-62.97321428555463
-62.96428571412605
-62.955357142697466
-62.94642857126888
-62.9374999998403
-62.928571428411715
-62.91964285698313
-62.91071428555455
-62.901785714125964
-62.89285714269738
-62.8839285712688
-62.87499999984021
-62.86607142841163
-62.857142856983046
-62.84821428555446
-62.83928571412588
-62.830357142697295
-62.82142857126871
-62.81249999984013
-62.803571428411544
-62.79464285698296
-62.78571428555438
-62.77678571412579
-62.76785714269721
-62.758928571268626
-62.74999999984004
-62.74107142841146
-62.732142856982875
-62.72321428555429
-62.71428571412571
-62.705357142697125
-62.69642857126854
-62.68749999983996
-62.678571428411374
-62.66964285698279
-62.66071428555421
-62.65178571412562
-62.64285714269704
-62.633928571268456
-62.62499999983987
-62.61607142841129
-62.607142856982705
-62.59821428555412
-62.58928571412554
-62.580357142696954
-62.57142857126837
-62.56249999983979
-62.5535714284112
-62.54464285698262
-62.535714285554036
-62.52678571412545
-62.51785714269687
-62.508928571268285
-62.4999999998397
-62.49107142841112
-62.482142856982534
-62.47321428555395
-62.46428571412537
-62.45535714269678
-62.4464285712682
-62.437499999839616
-62.42857142841103
-62.41964285698245
-62.410714285553865
-62.40178571412528
-62.3928571426967
-62.383928571268115
-62.37499999983953
-62.36607142841095
-62.357142856982364
-62.34821428555378
-62.3392857141252
-62.33035714269661
-62.32142857126803
-62.312499999839446
-62.30357142841086
-62.29464285698228
-62.285714285553695
-62.27678571412511
-62.26785714269653
-62.258928571267944
-62.24999999983936
-62.24107142841078
-62.23214285698219
-62.22321428555361
-62.214285714125026
-62.20535714269644
-62.19642857126786
-62.187499999839275
-62.17857142841069
-62.16964285698211
-62.160714285553524
-62.15178571412494
-62.14285714269636
-62.133928571267774
-62.12499999983919
-62.116071428410606
-62.10714285698202
-62.09821428555344
-62.089285714124856
-62.08035714269627
-62.07142857126769
-62.062499999839105
-62.05357142841052
-62.04464285698194
-62.035714285553354
-62.02678571412477
-62.01785714269619
-62.0089285712676
-61.99999999983902
-61.991071428410436
-61.98214285698185
-61.97321428555327
-61.964285714124685
-61.9553571426961
-61.94642857126752
-61.937499999838934
-61.92857142841035
-61.91964285698177
-61.91071428555318
-61.9017857141246
-61.892857142696016
-61.88392857126743
-61.87499999983885
-61.866071428410265
-61.85714285698168
-61.8482142855531
-61.839285714124514
-61.83035714269593
-61.82142857126735
-61.812499999838764
-61.80357142841018
-61.794642856981596
-61.78571428555301
-61.77678571412443
-61.767857142695846
-61.75892857126726
-61.74999999983868
-61.741071428410095
-61.73214285698151
-61.72321428555293
-61.714285714124344
-61.70535714269576
-61.69642857126718
-61.68749999983859
-61.67857142841001
-61.669642856981426
-61.66071428555284
-61.65178571412426
-61.642857142695675
-61.63392857126709
-61.62499999983851
-61.616071428409924
-61.60714285698134
-61.59821428555276
-61.58928571412417
-61.58035714269559
-61.571428571267006
-61.56249999983842
-61.55357142840984
-61.544642856981255
-61.53571428555267
-61.52678571412409
-61.517857142695505
-61.50892857126692
-61.49999999983834
-61.491071428409754
-61.48214285698117
-61.47321428555259
-61.464285714124
-61.45535714269542
-61.446428571266836
-61.43749999983825
-61.42857142840967
-61.419642856981085
-61.4107142855525
-61.40178571412392
-61.392857142695334
-61.38392857126675
-61.37499999983817
-61.36607142840958
-61.357142856981
-61.348214285552416
-61.33928571412383
-61.33035714269525
-61.321428571266665
-61.31249999983808
-61.3035714284095
-61.294642856980914
-61.28571428555233
-61.27678571412375
-61.26785714269516
-61.25892857126658
-61.249999999837996
-61.24107142840941
-61.23214285698083
-61.223214285552245
-61.21428571412366
-61.20535714269508
-61.196428571266495
-61.18749999983791
-61.17857142840933
-61.169642856980744
-61.16071428555216
-61.15178571412358
-61.14285714269499
-61.13392857126641
-61.124999999837826
-61.11607142840924
-61.10714285698066
-61.098214285552075
-61.08928571412349
-61.08035714269491
-61.071428571266324
-61.06249999983774
-61.05357142840916
-61.04464285698057
-61.03571428555199
-61.026785714123406
-61.01785714269482
-61.00892857126624
-60.999999999837655
-60.99107142840907
-60.98214285698049
-60.973214285551904
-60.96428571412332
-60.95535714269474
-60.94642857126615
-60.93749999983757
-60.928571428408986
-60.9196428569804
-60.91071428555182
-60.901785714123235
-60.89285714269465
-60.88392857126607
-60.874999999837485
-60.8660714284089
-60.85714285698032
-60.848214285551734
-60.83928571412315
-60.83035714269457
-60.82142857126598
-60.8124999998374
-60.803571428408816
-60.79464285698023
-60.78571428555165
-60.776785714123065
-60.76785714269448
-60.7589285712659
-60.749999999837314
-60.74107142840873
-60.73214285698015
-60.72321428555156
-60.71428571412298
-60.705357142694396
-60.69642857126581
-60.68749999983723
-60.678571428408645
-60.66964285698006
-60.66071428555148
-60.651785714122894
-60.64285714269431
-60.63392857126573
-60.624999999837144
-60.61607142840856
-60.607142856979976
-60.59821428555139
-60.58928571412281
-60.580357142694226
-60.57142857126564
-60.56249999983706
-60.553571428408475
-60.54464285697989
-60.53571428555131
-60.526785714122724
-60.51785714269414
-60.50892857126556
-60.49999999983697
-60.49107142840839
-60.482142856979806
-60.47321428555122
-60.46428571412264
-60.455357142694055
-60.44642857126547
-60.43749999983689
-60.428571428408304
-60.41964285697972
-60.41071428555114
-60.40178571412255
-60.39285714269397
-60.383928571265386
-60.3749999998368
-60.36607142840822
-60.357142856979635
-60.34821428555105
-60.33928571412247
-60.330357142693884
-60.3214285712653
-60.31249999983672
-60.303571428408134
-60.29464285697955
-60.28571428555097
-60.27678571412238
-60.2678571426938
-60.258928571265216
-60.24999999983663
-60.24107142840805
-60.232142856979465
-60.22321428555088
-60.2142857141223
-60.205357142693714
-60.19642857126513
-60.18749999983655
-60.17857142840796
-60.16964285697938
-60.160714285550796
-60.15178571412221
-60.14285714269363
-60.133928571265045
-60.12499999983646
-60.11607142840788
-60.107142856979294
-60.09821428555071
-60.08928571412213
-60.08035714269354
-60.07142857126496
-60.062499999836376
-60.05357142840779
-60.04464285697921
-60.035714285550625
-60.02678571412204
-60.01785714269346
-60.008928571264875
-59.99999999983629
-59.99107142840771
-59.982142856979124
-59.97321428555054
-59.96428571412196
-59.95535714269337
-59.94642857126479
-59.937499999836206
-59.92857142840762
-59.91964285697904
-59.910714285550455
-59.90178571412187
-59.89285714269329
-59.883928571264704
-59.87499999983612
-59.86607142840754
-59.85714285697895
-59.84821428555037
-59.839285714121786
-59.8303571426932
-59.82142857126462
-59.812499999836035
-59.80357142840745
-59.79464285697887
-59.785714285550284
-59.7767857141217
-59.76785714269312
-59.75892857126453
-59.74999999983595
-59.741071428407366
-59.73214285697878
-59.7232142855502
-59.714285714121615
-59.70535714269303
-59.69642857126445
-59.687499999835865
-59.67857142840728
-59.6696428569787
-59.660714285550114
-59.65178571412153
-59.64285714269295
-59.63392857126436
-59.62499999983578
-59.616071428407196
-59.60714285697861
-59.59821428555003
-59.589285714121445
-59.58035714269286
-59.57142857126428
-59.562499999835694
-59.55357142840711
-59.54464285697853
-59.53571428554994
-59.52678571412136
-59.517857142692776
-59.50892857126419
-59.49999999983561
-59.491071428407025
-59.48214285697844
-59.47321428554986
-59.464285714121274
-59.45535714269269
-59.44642857126411
-59.437499999835524
-59.42857142840694
-59.419642856978356
-59.41071428554977
-59.40178571412119
-59.392857142692606
-59.38392857126402
-59.37499999983544
-59.366071428406855
-59.35714285697827
-59.34821428554969
-59.339285714121104
-59.33035714269252
-59.32142857126394
-59.31249999983535
-59.30357142840677
-59.294642856978186
-59.2857142855496
-59.27678571412102
-59.267857142692435
-59.25892857126385
-59.24999999983527
-59.241071428406684
-59.2321428569781
-59.22321428554952
-59.21428571412093
-59.20535714269235
-59.196428571263766
-59.18749999983518
-59.1785714284066
-59.169642856978015
-59.16071428554943
-59.15178571412085
-59.142857142692264
-59.13392857126368
-59.1249999998351
-59.116071428406514
-59.10714285697793
-59.098214285549346
-59.08928571412076
-59.08035714269218
-59.071428571263596
-59.06249999983501
-59.05357142840643
-59.044642856977845
-59.03571428554926
-59.02678571412068
-59.017857142692094
-59.00892857126351
-58.99999999983493
-58.99107142840634
-58.98214285697776
-58.973214285549176
-58.96428571412059
-58.95535714269201
-58.946428571263425
-58.93749999983484
-58.92857142840626
-58.919642856977674
-58.91071428554909
-58.90178571412051
-58.89285714269192
-58.88392857126334
-58.874999999834756
-58.86607142840617
-58.85714285697759
-58.848214285549005
-58.83928571412042
-58.83035714269184
-58.821428571263255
-58.81249999983467
-58.80357142840609
-58.794642856977504
-58.78571428554892
-58.77678571412034
-58.76785714269175
-58.75892857126317
-58.749999999834586
-58.741071428406
-58.73214285697742
-58.723214285548835
-58.71428571412025
-58.70535714269167
-58.696428571263084
-58.6874999998345
-58.67857142840592
-58.66964285697733
-58.66071428554875
-58.651785714120166
-58.64285714269158
-58.633928571263
-58.624999999834415
-58.61607142840583
-58.60714285697725
-58.598214285548664
-58.58928571412008
-58.5803571426915
-58.57142857126291
-58.56249999983433
-58.553571428405746
-58.54464285697716
-58.53571428554858
-58.526785714119995
-58.51785714269141
-58.50892857126283
-58.499999999834245
-58.49107142840566
-58.48214285697708
-58.473214285548494
-58.46428571411991
-58.45535714269133
-58.44642857126274
-58.43749999983416
-58.428571428405576
-58.41964285697699
-58.41071428554841
-58.401785714119825
-58.39285714269124
-58.38392857126266
-58.374999999834074
-58.36607142840549
-58.35714285697691
-58.34821428554832
-58.33928571411974
-58.330357142691156
-58.32142857126257
-58.31249999983399
-58.303571428405405
-58.29464285697682
-58.28571428554824
-58.276785714119654
-58.26785714269107
-58.25892857126249
-58.2499999998339
-58.24107142840532
-58.232142856976736
-58.22321428554815
-58.21428571411957
-58.205357142690985
-58.1964285712624
-58.18749999983382
-58.178571428405235
-58.16964285697665
-58.16071428554807
-58.151785714119484
-58.1428571426909
-58.13392857126232
-58.12499999983373
-58.11607142840515
-58.107142856976566
-58.09821428554798
-58.0892857141194
-58.080357142690815
-58.07142857126223
-58.06249999983365
-58.053571428405064
-58.04464285697648
-58.0357142855479
-58.02678571411931
-58.01785714269073
-58.008928571262146
-57.99999999983356
-57.99107142840498
-57.982142856976395
-57.97321428554781
-57.96428571411923
-57.955357142690644
-57.94642857126206
-57.93749999983348
-57.928571428404894
-57.91964285697631
-57.910714285547726
-57.90178571411914
-57.89285714269056
-57.883928571261976
-57.87499999983339
-57.86607142840481
-57.857142856976225
-57.84821428554764
-57.83928571411906
-57.830357142690474
-57.82142857126189
-57.81249999983331
-57.80357142840472
-57.79464285697614
-57.785714285547556
-57.77678571411897
-57.76785714269039
-57.758928571261805
-57.74999999983322
-57.74107142840464
-57.732142856976054
-57.72321428554747
-57.71428571411889
-57.7053571426903
-57.69642857126172
-57.687499999833136
-57.67857142840455
-57.66964285697597
-57.660714285547385
-57.6517857141188
-57.64285714269022
-57.633928571261634
-57.62499999983305
-57.61607142840447
-57.607142856975884
-57.5982142855473
-57.589285714118716
-57.58035714269013
-57.57142857126155
-57.562499999832966
-57.55357142840438
-57.5446428569758
-57.535714285547215
-57.52678571411863
-57.51785714269005
-57.508928571261464
-57.49999999983288
-57.4910714284043
-57.48214285697571
-57.47321428554713
-57.464285714118546
-57.45535714268996
-57.44642857126138
-57.437499999832795
-57.42857142840421
-57.41964285697563
-57.410714285547044
-57.40178571411846
-57.39285714268988
-57.38392857126129
-57.37499999983271
-57.366071428404126
-57.35714285697554
-57.34821428554696
-57.339285714118375
-57.33035714268979
-57.32142857126121
-57.312499999832625
-57.30357142840404
-57.29464285697546
-57.285714285546874
-57.27678571411829
-57.26785714268971
-57.25892857126112
-57.24999999983254
-57.241071428403956
-57.23214285697537
-57.22321428554679
-57.214285714118205
-57.20535714268962
-57.19642857126104
-57.187499999832454
-57.17857142840387
-57.16964285697529
-57.1607142855467
-57.15178571411812
-57.142857142689536
-57.13392857126095
-57.12499999983237
-57.116071428403785
-57.1071428569752
-57.09821428554662
-57.089285714118034
-57.08035714268945
-57.07142857126087
-57.06249999983228
-57.0535714284037
-57.044642856975116
-57.03571428554653
-57.02678571411795
-57.017857142689365
-57.00892857126078
-56.9999999998322
-56.991071428403615
-56.98214285697503
-56.97321428554645
-56.964285714117864
-56.95535714268928
-56.9464285712607
-56.93749999983211
-56.92857142840353
-56.919642856974946
-56.91071428554636
-56.90178571411778
-56.892857142689195
-56.88392857126061
-56.87499999983203
-56.866071428403444
-56.85714285697486
-56.84821428554628
-56.83928571411769
-56.83035714268911
-56.821428571260526
-56.81249999983194
-56.80357142840336
-56.794642856974775
-56.78571428554619
-56.77678571411761
-56.767857142689024
-56.75892857126044
-56.74999999983186
-56.741071428403274
-56.73214285697469
-56.723214285546106
-56.71428571411752
-56.70535714268894
-56.696428571260356
-56.68749999983177
-56.67857142840319
-56.669642856974605
-56.66071428554602
-56.65178571411744
-56.642857142688854
-56.63392857126027
-56.62499999983169
-56.6160714284031
-56.60714285697452
-56.598214285545936
-56.58928571411735
-56.58035714268877
-56.571428571260185
-56.5624999998316
-56.55357142840302
-56.544642856974434
-56.53571428554585
-56.52678571411727
-56.51785714268868
-56.5089285712601
-56.499999999831516
-56.49107142840293
-56.48214285697435
-56.473214285545765
-56.46428571411718
-56.4553571426886
-56.446428571260014
-56.43749999983143
-56.42857142840285
-56.419642856974264
-56.41071428554568
-56.401785714117096
-56.39285714268851
-56.38392857125993
-56.374999999831346
-56.36607142840276
-56.35714285697418
-56.348214285545595
-56.33928571411701
-56.33035714268843
-56.321428571259844
-56.31249999983126
-56.30357142840268
-56.29464285697409
-56.28571428554551
-56.276785714116926
-56.26785714268834
-56.25892857125976
-56.249999999831175
-56.24107142840259
-56.23214285697401
-56.223214285545424
-56.21428571411684
-56.20535714268826
-56.19642857125967
-56.18749999983109
-56.178571428402506
-56.16964285697392
-56.16071428554534
-56.151785714116755
-56.14285714268817
-56.13392857125959
-56.124999999831005
-56.11607142840242
-56.10714285697384
-56.098214285545254
-56.08928571411667
-56.08035714268809
-56.0714285712595
-56.06249999983092
-56.053571428402336
-56.04464285697375
-56.03571428554517
-56.026785714116585
-56.017857142688
-56.00892857125942
-55.999999999830834
-55.99107142840225
-55.98214285697367
-55.97321428554508
-55.9642857141165
-55.955357142687916
-55.94642857125933
-55.93749999983075
-55.928571428402165
-55.91964285697358
-55.910714285545
-55.901785714116414
-55.89285714268783
-55.88392857125925
-55.87499999983066
-55.86607142840208
-55.857142856973496
-55.84821428554491
-55.83928571411633
-55.830357142687745
-55.82142857125916
-55.81249999983058
-55.803571428401995
-55.79464285697341
-55.78571428554483
-55.776785714116244
-55.76785714268766
-55.75892857125908
-55.74999999983049
-55.74107142840191
-55.732142856973326
-55.72321428554474
-55.71428571411616
-55.705357142687575
-55.69642857125899
-55.68749999983041
-55.678571428401824
-55.66964285697324
-55.66071428554466
-55.65178571411607
-55.64285714268749
-55.633928571258906
-55.62499999983032
-55.61607142840174
-55.607142856973155
-55.59821428554457
-55.58928571411599
-55.580357142687404
-55.57142857125882
-55.56249999983024
-55.55357142840165
-55.54464285697307
-55.535714285544486
-55.5267857141159
-55.51785714268732
-55.508928571258735
-55.49999999983015
-55.49107142840157
-55.482142856972985
-55.4732142855444
-55.46428571411582
-55.455357142687234
-55.44642857125865
-55.43749999983007
-55.42857142840148
-55.4196428569729
-55.410714285544316
-55.40178571411573
-55.39285714268715
-55.383928571258565
-55.37499999982998
-55.3660714284014
-55.357142856972814
-55.34821428554423
-55.33928571411565
-55.33035714268706
-55.32142857125848
-55.312499999829896
-55.30357142840131
-55.29464285697273
-55.285714285544145
-55.27678571411556
-55.26785714268698
-55.258928571258394
-55.24999999982981
-55.24107142840123
-55.232142856972644
-55.22321428554406
-55.214285714115476
-55.20535714268689
-55.19642857125831
-55.187499999829726
-55.17857142840114
-55.16964285697256
-55.160714285543975
-55.15178571411539
-55.14285714268681
-55.133928571258224
-55.12499999982964
-55.11607142840106
-55.10714285697247
-55.09821428554389
-55.089285714115306
-55.08035714268672
-55.07142857125814
-55.062499999829555
-55.05357142840097
-55.04464285697239
-55.035714285543804
-55.02678571411522
-55.01785714268664
-55.00892857125805
-54.99999999982947
-54.991071428400886
-54.9821428569723
-54.97321428554372
-54.964285714115135
-54.95535714268655
-54.94642857125797
-54.937499999829384
-54.9285714284008
-54.91964285697222
-54.910714285543634
-54.90178571411505
-54.892857142686466
-54.88392857125788
-54.8749999998293
-54.866071428400716
-54.85714285697213
-54.84821428554355
-54.839285714114965
-54.83035714268638
-54.8214285712578
-54.812499999829214
-54.80357142840063
-54.79464285697205
-54.78571428554346
-54.77678571411488
-54.767857142686296
-54.75892857125771
-54.74999999982913
-54.741071428400545
-54.73214285697196
-54.72321428554338
-54.714285714114794
-54.70535714268621
-54.69642857125763
-54.68749999982904
-54.67857142840046
-54.669642856971876
-54.66071428554329
-54.65178571411471
-54.642857142686125
-54.63392857125754
-54.62499999982896
-54.616071428400375
-54.60714285697179
-54.59821428554321
-54.589285714114624
-54.58035714268604
-54.57142857125746
-54.56249999982887
-54.55357142840029
-54.544642856971706
-54.53571428554312
-54.52678571411454
-54.517857142685955
-54.50892857125737
-54.49999999982879
-54.491071428400204
-54.48214285697162
-54.47321428554304
-54.46428571411445
-54.45535714268587
-54.446428571257286
-54.4374999998287
-54.42857142840012
-54.419642856971535
-54.41071428554295
-54.40178571411437
-54.392857142685784
-54.3839285712572
-54.37499999982862
-54.36607142840003
-54.35714285697145
-54.348214285542866
-54.33928571411428
-54.3303571426857
-54.321428571257115
-54.31249999982853
-54.30357142839995
-54.294642856971365
-54.28571428554278
-54.2767857141142
-54.267857142685614
-54.25892857125703
-54.24999999982845
-54.24107142839986
-54.23214285697128
-54.223214285542696
-54.21428571411411
-54.20535714268553
-54.196428571256945
-54.18749999982836
-54.17857142839978
-54.169642856971194
-54.16071428554261
-54.15178571411403
-54.14285714268544
-54.13392857125686
-54.124999999828276
-54.11607142839969
-54.10714285697111
-54.098214285542525
-54.08928571411394
-54.08035714268536
-54.071428571256774
-54.06249999982819
-54.05357142839961
-54.04464285697102
-54.03571428554244
-54.026785714113856
-54.01785714268527
-54.00892857125669
-53.999999999828106
-53.99107142839952
-53.98214285697094
-53.973214285542355
-53.96428571411377
-53.95535714268519
-53.946428571256604
-53.93749999982802
-53.92857142839944
-53.91964285697085
-53.91071428554227
-53.901785714113686
-53.8928571426851
-53.88392857125652
-53.874999999827935
-53.86607142839935
-53.85714285697077
-53.848214285542184
-53.8392857141136
-53.83035714268502
-53.82142857125643
-53.81249999982785
-53.803571428399266
-53.79464285697068
-53.7857142855421
-53.776785714113515
-53.76785714268493
-53.75892857125635
-53.749999999827764
-53.74107142839918
-53.7321428569706
-53.723214285542014
-53.71428571411343
-53.705357142684846
-53.69642857125626
-53.68749999982768
-53.678571428399096
-53.66964285697051
-53.66071428554193
-53.651785714113345
-53.64285714268476
-53.63392857125618
-53.624999999827594
-53.61607142839901
-53.60714285697043
-53.59821428554184
-53.58928571411326
-53.580357142684676
-53.57142857125609
-53.56249999982751
-53.553571428398925
-53.54464285697034
-53.53571428554176
-53.526785714113174
-53.51785714268459
-53.50892857125601
-53.49999999982742
-53.49107142839884
-53.482142856970256
-53.47321428554167
-53.46428571411309
-53.455357142684505
-53.44642857125592
-53.43749999982734
-53.428571428398755
-53.41964285697017
-53.41071428554159
-53.401785714113004
-53.39285714268442
-53.38392857125584
-53.37499999982725
-53.36607142839867
-53.357142856970086
-53.3482142855415
-53.33928571411292
-53.330357142684335
-53.32142857125575
-53.31249999982717
-53.303571428398584
-53.29464285697
-53.28571428554142
-53.27678571411283
-53.26785714268425
-53.258928571255666
-53.24999999982708
-53.2410714283985
-53.232142856969915
-53.22321428554133
-53.21428571411275
-53.205357142684164
-53.19642857125558
-53.187499999827
-53.17857142839841
-53.16964285696983
-53.160714285541246
-53.15178571411266
-53.14285714268408
-53.133928571255495
-53.12499999982691
-53.11607142839833
-53.107142856969745
-53.09821428554116
-53.08928571411258
-53.080357142683994
-53.07142857125541
-53.06249999982683
-53.05357142839824
-53.04464285696966
-53.035714285541076
-53.02678571411249
-53.01785714268391
-53.008928571255325
-52.99999999982674
-52.99107142839816
-52.982142856969574
-52.97321428554099
-52.96428571411241
-52.95535714268382
-52.94642857125524
-52.937499999826656
-52.92857142839807
-52.91964285696949
-52.910714285540905
-52.90178571411232
-52.89285714268374
-52.883928571255154
-52.87499999982657
-52.86607142839799
-52.8571428569694
-52.84821428554082
-52.839285714112236
-52.83035714268365
-52.82142857125507
-52.812499999826485
-52.8035714283979
-52.79464285696932
-52.785714285540735
-52.77678571411215
-52.76785714268357
-52.758928571254984
-52.7499999998264
-52.74107142839782
-52.73214285696923
-52.72321428554065
-52.714285714112066
-52.70535714268348
-52.6964285712549
-52.687499999826315
-52.67857142839773
-52.66964285696915
-52.660714285540564
-52.65178571411198
-52.6428571426834
-52.63392857125481
-52.62499999982623
-52.616071428397646
-52.60714285696906
-52.59821428554048
-52.589285714111895
-52.58035714268331
-52.57142857125473
-52.562499999826144
-52.55357142839756
-52.54464285696898
-52.535714285540394
-52.52678571411181
-52.517857142683226
-52.50892857125464
-52.49999999982606
-52.491071428397476
-52.48214285696889
-52.47321428554031
-52.464285714111725
-52.45535714268314
-52.44642857125456
-52.437499999825974
-52.42857142839739
-52.41964285696881
-52.41071428554022
-52.40178571411164
-52.392857142683056
-52.38392857125447
-52.37499999982589
-52.366071428397305
-52.35714285696872
-52.34821428554014
-52.339285714111554
-52.33035714268297
-52.32142857125439
-52.3124999998258
-52.30357142839722
-52.294642856968636
-52.28571428554005
-52.27678571411147
-52.267857142682885
-52.2589285712543
-52.24999999982572
-52.241071428397134
-52.23214285696855
-52.22321428553997
-52.214285714111384
-52.2053571426828
-52.196428571254216
-52.18749999982563
-52.17857142839705
-52.169642856968466
-52.16071428553988
-52.1517857141113
-52.142857142682715
-52.13392857125413
-52.12499999982555
-52.116071428396964
-52.10714285696838
-52.0982142855398
-52.08928571411121
-52.08035714268263
-52.071428571254046
-52.06249999982546
-52.05357142839688
-52.044642856968295
-52.03571428553971
-52.02678571411113
-52.017857142682544
-52.00892857125396
-51.99999999982538
-51.99107142839679
-51.98214285696821
-51.973214285539626
-51.96428571411104
-51.95535714268246
-51.946428571253875
-51.93749999982529
-51.92857142839671
-51.919642856968125
-51.91071428553954
-51.90178571411096
-51.892857142682374
-51.88392857125379
-51.87499999982521
-51.86607142839662
-51.85714285696804
-51.848214285539456
-51.83928571411087
-51.83035714268229
-51.821428571253705
-51.81249999982512
-51.80357142839654
-51.794642856967954
-51.78571428553937
-51.77678571411079
-51.7678571426822
-51.75892857125362
-51.749999999825036
-51.74107142839645
-51.73214285696787
-51.723214285539285
-51.7142857141107
-51.70535714268212
-51.696428571253534
-51.68749999982495
-51.67857142839637
-51.66964285696778
-51.6607142855392
-51.651785714110616
-51.64285714268203
-51.63392857125345
-51.624999999824865
-51.61607142839628
-51.6071428569677
-51.598214285539115
-51.58928571411053
-51.58035714268195
-51.571428571253364
-51.56249999982478
-51.5535714283962
-51.54464285696761
-51.53571428553903
-51.526785714110446
-51.51785714268186
-51.50892857125328
-51.499999999824695
-51.49107142839611
-51.48214285696753
-51.473214285538944
-51.46428571411036
-51.45535714268178
-51.44642857125319
-51.43749999982461
-51.428571428396026
-51.41964285696744
-51.41071428553886
-51.401785714110275
-51.39285714268169
-51.38392857125311
-51.374999999824524
-51.36607142839594
-51.35714285696736
-51.34821428553877
-51.33928571411019
-51.330357142681606
-51.32142857125302
-51.31249999982444
-51.303571428395855
-51.29464285696727
-51.28571428553869
-51.276785714110105
-51.26785714268152
-51.25892857125294
-51.249999999824354
-51.24107142839577
-51.23214285696719
-51.2232142855386
-51.21428571411002
-51.205357142681436
-51.19642857125285
-51.18749999982427
-51.178571428395685
-51.1696428569671
-51.16071428553852
-51.151785714109934
-51.14285714268135
-51.13392857125277
-51.12499999982418
-51.1160714283956
-51.107142856967016
-51.09821428553843
-51.08928571410985
-51.080357142681265
-51.07142857125268
-51.0624999998241
-51.053571428395514
-51.04464285696693
-51.03571428553835
-51.026785714109764
-51.01785714268118
-51.008928571252596
-50.99999999982401
-50.99107142839543
-50.982142856966846
-50.97321428553826
-50.96428571410968
-50.955357142681095
-50.94642857125251
-50.93749999982393
-50.928571428395344
-50.91964285696676
-50.91071428553818
-50.90178571410959
-50.89285714268101
-50.883928571252426
-50.87499999982384
-50.86607142839526
-50.857142856966675
-50.84821428553809
-50.83928571410951
-50.830357142680924
-50.82142857125234
-50.81249999982376
-50.80357142839517
-50.79464285696659
-50.785714285538006
-50.77678571410942
-50.76785714268084
-50.758928571252255
-50.74999999982367
-50.74107142839509
-50.732142856966504
-50.72321428553792
-50.71428571410934
-50.705357142680754
-50.69642857125217
-50.68749999982359
-50.678571428395
-50.66964285696642
-50.660714285537836
-50.65178571410925
-50.64285714268067
-50.633928571252085
-50.6249999998235
-50.61607142839492
-50.607142856966334
-50.59821428553775
-50.58928571410917
-50.58035714268058
-50.571428571252
-50.562499999823416
-50.55357142839483
-50.54464285696625
-50.535714285537665
-50.52678571410908
-50.5178571426805
-50.508928571251914
-50.49999999982333
-50.49107142839475
-50.48214285696616
-50.47321428553758
-50.464285714108996
-50.45535714268041
-50.44642857125183
-50.437499999823245
-50.42857142839466
-50.41964285696608
-50.410714285537495
-50.40178571410891
-50.39285714268033
-50.383928571251744
-50.37499999982316
-50.36607142839458
-50.35714285696599
-50.34821428553741
-50.339285714108826
-50.33035714268024
-50.32142857125166
-50.312499999823075
-50.30357142839449
-50.29464285696591
-50.285714285537324
-50.27678571410874
-50.26785714268016
-50.25892857125157
-50.24999999982299
-50.241071428394406
-50.23214285696582
-50.22321428553724
-50.214285714108655
-50.20535714268007
-50.19642857125149
-50.187499999822904
-50.17857142839432
-50.16964285696574
-50.16071428553715
-50.15178571410857
-50.142857142679986
-50.1339285712514
-50.12499999982282
-50.116071428394235
-50.10714285696565
-50.09821428553707
-50.089285714108485
-50.0803571426799
-50.07142857125132
-50.062499999822734
-50.05357142839415
-50.04464285696557
-50.03571428553698
-50.0267857141084
-50.017857142679816
-50.00892857125123
-49.99999999982265
-49.991071428394065
-49.98214285696548
-49.9732142855369
-49.964285714108314
-49.95535714267973
-49.94642857125115
-49.93749999982256
-49.92857142839398
-49.919642856965396
-49.91071428553681
-49.90178571410823
-49.892857142679645
-49.88392857125106
-49.87499999982248
-49.866071428393894
-49.85714285696531
-49.84821428553673
-49.839285714108144
-49.83035714267956
-49.821428571250976
-49.81249999982239
-49.80357142839381
-49.794642856965226
-49.78571428553664
-49.77678571410806
-49.767857142679475
-49.75892857125089
-49.74999999982231
-49.741071428393724
-49.73214285696514
-49.72321428553656
-49.71428571410797
-49.70535714267939
-49.696428571250806
-49.68749999982222
-49.67857142839364
-49.669642856965055
-49.66071428553647
-49.65178571410789
-49.642857142679304
-49.63392857125072
-49.62499999982214
-49.61607142839355
-49.60714285696497
-49.598214285536386
-49.5892857141078
-49.58035714267922
-49.571428571250635
-49.56249999982205
-49.55357142839347
-49.544642856964884
-49.5357142855363
-49.52678571410772
-49.517857142679134
-49.50892857125055
-49.499999999821966
-49.49107142839338
-49.4821428569648
-49.473214285536216
-49.46428571410763
-49.45535714267905
-49.446428571250465
-49.43749999982188
-49.4285714283933
-49.419642856964714
-49.41071428553613
-49.40178571410755
-49.39285714267896
-49.38392857125038
-49.374999999821796
-49.36607142839321
-49.35714285696463
-49.348214285536045
-49.33928571410746
-49.33035714267888
-49.321428571250294
-49.31249999982171
-49.30357142839313
-49.29464285696454
-49.28571428553596
-49.276785714107376
-49.26785714267879
-49.25892857125021
-49.249999999821625
-49.24107142839304
-49.23214285696446
-49.223214285535875
-49.21428571410729
-49.20535714267871
-49.196428571250124
-49.18749999982154
-49.17857142839296
-49.16964285696437
-49.16071428553579
-49.151785714107206
-49.14285714267862
-49.13392857125004
-49.124999999821455
-49.11607142839287
-49.10714285696429
-49.098214285535704
-49.08928571410712
-49.08035714267854
-49.07142857124995
-49.06249999982137
-49.053571428392786
-49.0446428569642
-49.03571428553562
-49.026785714107035
-49.01785714267845
-49.00892857124987
-48.999999999821284
-48.9910714283927
-48.98214285696412
-48.97321428553553
-48.96428571410695
-48.955357142678366
-48.94642857124978
-48.9374999998212
-48.928571428392615
-48.91964285696403
-48.91071428553545
-48.901785714106865
-48.89285714267828
-48.8839285712497
-48.874999999821114
-48.86607142839253
-48.85714285696395
-48.84821428553536
-48.83928571410678
-48.830357142678196
-48.82142857124961
-48.81249999982103
-48.803571428392445
-48.79464285696386
-48.78571428553528
-48.776785714106694
-48.76785714267811
-48.75892857124953
-48.74999999982094
-48.74107142839236
-48.732142856963776
-48.72321428553519
-48.71428571410661
-48.705357142678025
-48.69642857124944
-48.68749999982086
-48.678571428392274
-48.66964285696369
-48.66071428553511
-48.65178571410652
-48.64285714267794
-48.633928571249356
-48.62499999982077
-48.61607142839219
-48.607142856963605
-48.59821428553502
-48.58928571410644
-48.580357142677855
-48.57142857124927
-48.56249999982069
-48.553571428392104
-48.54464285696352
-48.53571428553494
-48.52678571410635
-48.51785714267777
-48.508928571249186
-48.4999999998206
-48.49107142839202
-48.482142856963435
-48.47321428553485
-48.46428571410627
-48.455357142677684
-48.4464285712491
-48.43749999982052
-48.42857142839193
-48.41964285696335
-48.410714285534766
-48.40178571410618
-48.3928571426776
-48.383928571249015
-48.37499999982043
-48.36607142839185
-48.357142856963264
-48.34821428553468
-48.3392857141061
-48.330357142677514
-48.32142857124893
-48.312499999820346
-48.30357142839176
-48.29464285696318
-48.285714285534596
-48.27678571410601
-48.26785714267743
-48.258928571248845
-48.24999999982026
-48.24107142839168
-48.232142856963094
-48.22321428553451
-48.21428571410593
-48.20535714267734
-48.19642857124876
-48.187499999820176
-48.17857142839159
-48.16964285696301
-48.160714285534425
-48.15178571410584
-48.14285714267726
-48.133928571248674
-48.12499999982009
-48.11607142839151
-48.10714285696292
-48.09821428553434
-48.089285714105756
-48.08035714267717
-48.07142857124859
-48.062499999820005
-48.05357142839142
-48.04464285696284
-48.035714285534254
-48.02678571410567
-48.01785714267709
-48.008928571248504
-47.99999999981992
-47.991071428391336
-47.98214285696275
-47.97321428553417
-47.964285714105586
-47.955357142677
-47.94642857124842
-47.937499999819835
-47.92857142839125
-47.91964285696267
-47.910714285534084
-47.9017857141055
-47.89285714267692
-47.88392857124833
-47.87499999981975
-47.866071428391166
-47.85714285696258
-47.848214285534
-47.839285714105415
-47.83035714267683
-47.82142857124825
-47.812499999819664
-47.80357142839108
-47.7946428569625
-47.78571428553391
-47.77678571410533
-47.767857142676746
-47.75892857124816
-47.74999999981958
-47.741071428390995
-47.73214285696241
-47.72321428553383
-47.714285714105245
-47.70535714267666
-47.69642857124808
-47.687499999819494
-47.67857142839091
-47.66964285696233
-47.66071428553374
-47.65178571410516
-47.642857142676576
-47.63392857124799
-47.62499999981941
-47.616071428390825
-47.60714285696224
-47.59821428553366
-47.589285714105074
-47.58035714267649
-47.57142857124791
-47.56249999981932
-47.55357142839074
-47.544642856962156
-47.53571428553357
-47.52678571410499
-47.517857142676405
-47.50892857124782
-47.49999999981924
-47.491071428390654
-47.48214285696207
-47.47321428553349
-47.4642857141049
-47.45535714267632
-47.446428571247736
-47.43749999981915
-47.42857142839057
-47.419642856961985
-47.4107142855334
-47.40178571410482
-47.392857142676235
-47.38392857124765
-47.37499999981907
-47.366071428390484
-47.3571428569619
-47.34821428553332
-47.33928571410473
-47.33035714267615
-47.321428571247566
-47.31249999981898
-47.3035714283904
-47.294642856961815
-47.28571428553323
-47.27678571410465
-47.267857142676064
-47.25892857124748
-47.2499999998189
-47.24107142839031
-47.23214285696173
-47.223214285533146
-47.21428571410456
-47.20535714267598
-47.196428571247395
-47.18749999981881
-47.17857142839023
-47.169642856961644
-47.16071428553306
-47.15178571410448
-47.142857142675894
-47.13392857124731
-47.124999999818726
-47.11607142839014
-47.10714285696156
-47.098214285532976
-47.08928571410439
-47.08035714267581
-47.071428571247225
-47.06249999981864
-47.05357142839006
-47.044642856961474
-47.03571428553289
-47.02678571410431
-47.01785714267572
-47.00892857124714
-46.999999999818556
-46.99107142838997
-46.98214285696139
-46.973214285532805
-46.96428571410422
-46.95535714267564
-46.946428571247054
-46.93749999981847
-46.92857142838989
-46.9196428569613
-46.91071428553272
-46.901785714104136
-46.89285714267555
-46.88392857124697
-46.874999999818385
-46.8660714283898
-46.85714285696122
-46.848214285532634
-46.83928571410405
-46.83035714267547
-46.821428571246884
-46.8124999998183
-46.803571428389716
-46.79464285696113
-46.78571428553255
-46.776785714103966
-46.76785714267538
-46.7589285712468
-46.749999999818215
-46.74107142838963
-46.73214285696105
-46.723214285532464
-46.71428571410388
-46.7053571426753
-46.69642857124671
-46.68749999981813
-46.678571428389546
-46.66964285696096
-46.66071428553238
-46.651785714103795
-46.64285714267521
-46.63392857124663
-46.624999999818044
-46.61607142838946
-46.60714285696088
-46.59821428553229
-46.58928571410371
-46.580357142675126
-46.57142857124654
-46.56249999981796
-46.553571428389375
-46.54464285696079
-46.53571428553221
-46.526785714103625
-46.51785714267504
-46.50892857124646
-46.499999999817874
-46.49107142838929
-46.48214285696071
-46.47321428553212
-46.46428571410354
-46.455357142674956
-46.44642857124637
-46.43749999981779
-46.428571428389205
-46.41964285696062
-46.41071428553204
-46.401785714103454
-46.39285714267487
-46.38392857124629
-46.3749999998177
-46.36607142838912
-46.357142856960536
-46.34821428553195
-46.33928571410337
-46.330357142674785
-46.3214285712462
-46.31249999981762
-46.303571428389034
-46.29464285696045
-46.28571428553187
-46.27678571410328
-46.2678571426747
-46.258928571246116
-46.24999999981753
-46.24107142838895
-46.232142856960365
-46.22321428553178
-46.2142857141032
-46.205357142674615
-46.19642857124603
-46.18749999981745
-46.178571428388864
-46.16964285696028
-46.1607142855317
-46.15178571410311
-46.14285714267453
-46.133928571245946
-46.12499999981736
-46.11607142838878
-46.107142856960195
-46.09821428553161
-46.08928571410303
-46.080357142674444
-46.07142857124586
-46.06249999981728
-46.05357142838869
-46.04464285696011
-46.035714285531526
-46.02678571410294
-46.01785714267436
-46.008928571245775
-45.99999999981719
-45.99107142838861
-45.982142856960024
-45.97321428553144
-45.96428571410286
-45.95535714267427
-45.94642857124569
-45.937499999817106
-45.92857142838852
-45.91964285695994
-45.910714285531355
-45.90178571410277
-45.89285714267419
-45.883928571245605
-45.87499999981702
-45.86607142838844
-45.857142856959854
-45.84821428553127
-45.83928571410269
-45.8303571426741
-45.82142857124552
-45.812499999816936
-45.80357142838835
-45.79464285695977
-45.785714285531185
-45.7767857141026
-45.76785714267402
-45.758928571245434
-45.74999999981685
-45.74107142838827
-45.73214285695968
-45.7232142855311
-45.714285714102516
-45.70535714267393
-45.69642857124535
-45.687499999816765
-45.67857142838818
-45.6696428569596
-45.660714285531014
-45.65178571410243
-45.64285714267385
-45.633928571245264
-45.62499999981668
-45.616071428388096
-45.60714285695951
-45.59821428553093
-45.589285714102346
-45.58035714267376
-45.57142857124518
-45.562499999816595
-45.55357142838801
-45.54464285695943
-45.535714285530844
-45.52678571410226
-45.51785714267368
-45.50892857124509
-45.49999999981651
-45.491071428387926
-45.48214285695934
-45.47321428553076
-45.464285714102175
-45.45535714267359
-45.44642857124501
-45.437499999816424
-45.42857142838784
-45.41964285695926
-45.41071428553067
-45.40178571410209
-45.392857142673506
-45.38392857124492
-45.37499999981634
-45.366071428387755
-45.35714285695917
-45.34821428553059
-45.339285714102004
-45.33035714267342
-45.32142857124484
-45.312499999816254
-45.30357142838767
-45.294642856959086
-45.2857142855305
-45.27678571410192
-45.267857142673336
-45.25892857124475
-45.24999999981617
-45.241071428387585
-45.232142856959
-45.22321428553042
-45.214285714101834
-45.20535714267325
-45.19642857124467
-45.18749999981608
-45.1785714283875
-45.169642856958916
-45.16071428553033
-45.15178571410175
-45.142857142673165
-45.13392857124458
-45.124999999816
-45.116071428387414
-45.10714285695883
-45.09821428553025
-45.08928571410166
-45.08035714267308
-45.071428571244496
-45.06249999981591
-45.05357142838733
-45.044642856958745
-45.03571428553016
-45.02678571410158
-45.017857142672995
-45.00892857124441
-44.99999999981583
-44.991071428387244
-44.98214285695866
-44.97321428553008
-44.96428571410149
-44.95535714267291
-44.946428571244326
-44.93749999981574
-44.92857142838716
-44.919642856958575
-44.91071428552999
-44.90178571410141
-44.892857142672824
-44.88392857124424
-44.87499999981566
-44.86607142838707
-44.85714285695849
-44.848214285529906
-44.83928571410132
-44.83035714267274
-44.821428571244155
-44.81249999981557
-44.80357142838699
-44.794642856958404
-44.78571428552982
-44.77678571410124
-44.76785714267265
-44.75892857124407
-44.749999999815486
-44.7410714283869
-44.73214285695832
-44.723214285529735
-44.71428571410115
-44.70535714267257
-44.696428571243985
-44.6874999998154
-44.67857142838682
-44.669642856958234
-44.66071428552965
-44.65178571410107
-44.64285714267248
-44.6339285712439
-44.624999999815316
-44.61607142838673
-44.60714285695815
-44.598214285529565
-44.58928571410098
-44.5803571426724
-44.571428571243814
-44.56249999981523
-44.55357142838665
-44.54464285695806
-44.53571428552948
-44.526785714100896
-44.51785714267231
-44.50892857124373
-44.499999999815145
-44.49107142838656
-44.48214285695798
-44.473214285529394
-44.46428571410081
-44.45535714267223
-44.44642857124364
-44.43749999981506
-44.428571428386476
-44.41964285695789
-44.41071428552931
-44.401785714100725
-44.39285714267214
-44.38392857124356
-44.374999999814975
-44.36607142838639
-44.35714285695781
-44.348214285529224
-44.33928571410064
-44.33035714267206
-44.32142857124347
-44.31249999981489
-44.303571428386306
-44.29464285695772
-44.28571428552914
-44.276785714100555
-44.26785714267197
-44.25892857124339
-44.249999999814804
-44.24107142838622
-44.23214285695764
-44.22321428552905
-44.21428571410047
-44.205357142671886
-44.1964285712433
-44.18749999981472
-44.178571428386135
-44.16964285695755
-44.16071428552897
-44.151785714100384
-44.1428571426718
-44.13392857124322
-44.124999999814634
-44.11607142838605
-44.107142856957466
-44.09821428552888
-44.0892857141003
-44.080357142671716
-44.07142857124313
-44.06249999981455
-44.053571428385965
-44.04464285695738
-44.0357142855288
-44.026785714100214
-44.01785714267163
-44.00892857124305
-43.99999999981446
-43.99107142838588
-43.982142856957296
-43.97321428552871
-43.96428571410013
-43.955357142671545
-43.94642857124296
-43.93749999981438
-43.928571428385794
-43.91964285695721
-43.91071428552863
-43.90178571410004
-43.89285714267146
-43.883928571242876
-43.87499999981429
-43.86607142838571
-43.857142856957125
-43.84821428552854
-43.83928571409996
-43.830357142671375
-43.82142857124279
-43.81249999981421
-43.803571428385624
-43.79464285695704
-43.78571428552846
-43.77678571409987
-43.76785714267129
-43.758928571242706
-43.74999999981412
-43.74107142838554
-43.732142856956955
-43.72321428552837
-43.71428571409979
-43.705357142671204
-43.69642857124262
-43.68749999981404
-43.67857142838545
-43.66964285695687
-43.660714285528286
-43.6517857140997
-43.64285714267112
-43.633928571242535
-43.62499999981395
-43.61607142838537
-43.607142856956784
-43.5982142855282
-43.58928571409962
-43.58035714267103
-43.57142857124245
-43.562499999813866
-43.55357142838528
-43.5446428569567
-43.535714285528115
-43.52678571409953
-43.51785714267095
-43.508928571242365
-43.49999999981378
-43.4910714283852
-43.482142856956614
-43.47321428552803
-43.46428571409945
-43.45535714267086
-43.44642857124228
-43.437499999813696
-43.42857142838511
-43.41964285695653
-43.410714285527945
-43.40178571409936
-43.39285714267078
-43.383928571242194
-43.37499999981361
-43.36607142838503
-43.35714285695644
-43.34821428552786
-43.339285714099276
-43.33035714267069
-43.32142857124211
-43.312499999813525
-43.30357142838494
-43.29464285695636
-43.285714285527774
-43.27678571409919
-43.26785714267061
-43.25892857124202
-43.24999999981344
-43.241071428384856
-43.23214285695627
-43.22321428552769
-43.214285714099105
-43.20535714267052
-43.19642857124194
-43.187499999813355
-43.17857142838477
-43.16964285695619
-43.160714285527604
-43.15178571409902
-43.14285714267044
-43.13392857124185
-43.12499999981327
-43.116071428384686
-43.1071428569561
-43.09821428552752
-43.089285714098935
-43.08035714267035
-43.07142857124177
-43.062499999813184
-43.0535714283846
-43.04464285695602
-43.03571428552743
-43.02678571409885
-43.017857142670266
-43.00892857124168
-42.9999999998131
-42.991071428384515
-42.98214285695593
-42.97321428552735
-42.964285714098764
-42.95535714267018
-42.9464285712416
-42.937499999813014
-42.92857142838443
-42.919642856955846
-42.91071428552726
-42.90178571409868
-42.892857142670096
-42.88392857124151
-42.87499999981293
-42.866071428384345
-42.85714285695576
-42.84821428552718
-42.839285714098594
-42.83035714267001
-42.82142857124143
-42.81249999981284
-42.80357142838426
-42.794642856955676
-42.78571428552709
-42.77678571409851
-42.767857142669925
-42.75892857124134
-42.74999999981276
-42.741071428384174
-42.73214285695559
-42.72321428552701
-42.71428571409842
-42.70535714266984
-42.696428571241256
-42.68749999981267
-42.67857142838409
-42.669642856955505
-42.66071428552692
-42.65178571409834
-42.642857142669754
-42.63392857124117
-42.62499999981259
-42.616071428384004
-42.60714285695542
-42.598214285526836
-42.58928571409825
-42.58035714266967
-42.571428571241086
-42.5624999998125
-42.55357142838392
-42.544642856955335
-42.53571428552675
-42.52678571409817
-42.517857142669584
-42.508928571241
-42.49999999981242
-42.49107142838383
-42.48214285695525
-42.473214285526666
-42.46428571409808
-42.4553571426695
-42.446428571240915
-42.43749999981233
-42.42857142838375
-42.419642856955164
-42.41071428552658
-42.401785714098
-42.39285714266941
-42.38392857124083
-42.374999999812246
-42.36607142838366
-42.35714285695508
-42.348214285526495
-42.33928571409791
-42.33035714266933
-42.321428571240745
-42.31249999981216
-42.30357142838358
-42.294642856954994
-42.28571428552641
-42.27678571409783
-42.26785714266924
-42.25892857124066
-42.249999999812076
-42.24107142838349
-42.23214285695491
-42.223214285526325
-42.21428571409774
-42.20535714266916
-42.196428571240574
-42.18749999981199
-42.17857142838341
-42.16964285695482
-42.16071428552624
-42.151785714097656
-42.14285714266907
-42.13392857124049
-42.124999999811905
-42.11607142838332
-42.10714285695474
-42.098214285526154
-42.08928571409757
-42.08035714266899
-42.0714285712404
-42.06249999981182
-42.053571428383236
-42.04464285695465
-42.03571428552607
-42.026785714097485
-42.0178571426689
-42.00892857124032
-41.999999999811735
-41.99107142838315
-41.98214285695457
-41.973214285525984
-41.9642857140974
-41.95535714266882
-41.94642857124023
-41.93749999981165
-41.928571428383066
-41.91964285695448
-41.9107142855259
-41.901785714097315
-41.89285714266873
-41.88392857124015
-41.874999999811564
-41.86607142838298
-41.8571428569544
-41.84821428552581
-41.83928571409723
-41.830357142668646
-41.82142857124006
-41.81249999981148
-41.803571428382895
-41.79464285695431
-41.78571428552573
-41.776785714097144
-41.76785714266856
-41.75892857123998
-41.74999999981139
-41.74107142838281
-41.732142856954226
-41.72321428552564
-41.71428571409706
-41.705357142668475
-41.69642857123989
-41.68749999981131
-41.678571428382725
-41.66964285695414
-41.66071428552556
-41.651785714096974
-41.64285714266839
-41.63392857123981
-41.62499999981122
-41.61607142838264
-41.607142856954056
-41.59821428552547
-41.58928571409689
-41.580357142668305
-41.57142857123972
-41.56249999981114
-41.553571428382554
-41.54464285695397
-41.53571428552539
-41.5267857140968
-41.51785714266822
-41.508928571239636
-41.49999999981105
-41.49107142838247
-41.482142856953885
-41.4732142855253
-41.46428571409672
-41.455357142668134
-41.44642857123955
-41.43749999981097
-41.428571428382384
-41.4196428569538
-41.410714285525216
-41.40178571409663
-41.39285714266805
-41.383928571239466
-41.37499999981088
-41.3660714283823
-41.357142856953715
-41.34821428552513
-41.33928571409655
-41.330357142667964
-41.32142857123938
-41.3124999998108
-41.30357142838221
-41.29464285695363
-41.285714285525046
-41.27678571409646
-41.26785714266788
-41.258928571239295
-41.24999999981071
-41.24107142838213
-41.232142856953544
-41.22321428552496
-41.21428571409638
-41.20535714266779
-41.19642857123921
-41.187499999810626
-41.17857142838204
-41.16964285695346
-41.160714285524875
-41.15178571409629
-41.14285714266771
-41.133928571239124
-41.12499999981054
-41.11607142838196
-41.107142856953374
-41.09821428552479
-41.08928571409621
-41.08035714266762
-41.07142857123904
-41.062499999810456
-41.05357142838187
-41.04464285695329
-41.035714285524705
-41.02678571409612
-41.01785714266754
-41.008928571238954
-40.99999999981037
-40.99107142838179
-40.9821428569532
-40.97321428552462
-40.964285714096036
-40.95535714266745
-40.94642857123887
-40.937499999810285
-40.9285714283817
-40.91964285695312
-40.910714285524534
-40.90178571409595
-40.89285714266737
-40.88392857123878
-40.8749999998102
-40.866071428381616
-40.85714285695303
-40.84821428552445
-40.839285714095865
-40.83035714266728
-40.8214285712387
-40.812499999810115
-40.80357142838153
-40.79464285695295
-40.785714285524364
-40.77678571409578
-40.7678571426672
-40.75892857123861
-40.74999999981003
-40.741071428381446
-40.73214285695286
-40.72321428552428
-40.714285714095695
-40.70535714266711
-40.69642857123853
-40.687499999809944
-40.67857142838136
-40.66964285695278
-40.66071428552419
-40.65178571409561
-40.642857142667026
-40.63392857123844
-40.62499999980986
-40.616071428381275
-40.60714285695269
-40.59821428552411
-40.589285714095524
-40.58035714266694
-40.57142857123836
-40.56249999980977
-40.55357142838119
-40.544642856952606
-40.53571428552402
-40.52678571409544
-40.517857142666855
-40.50892857123827
-40.49999999980969
-40.491071428381105
-40.48214285695252
-40.47321428552394
-40.464285714095354
-40.45535714266677
-40.44642857123819
-40.4374999998096
-40.42857142838102
-40.419642856952436
-40.41071428552385
-40.40178571409527
-40.392857142666685
-40.3839285712381
-40.37499999980952
-40.366071428380934
-40.35714285695235
-40.34821428552377
-40.33928571409518
-40.3303571426666
-40.321428571238016
-40.31249999980943
-40.30357142838085
-40.294642856952265
-40.28571428552368
-40.2767857140951
-40.267857142666514
-40.25892857123793
-40.24999999980935
-40.241071428380764
-40.23214285695218
-40.223214285523596
-40.21428571409501
-40.20535714266643
-40.196428571237846
-40.18749999980926
-40.17857142838068
-40.169642856952095
-40.16071428552351
-40.15178571409493
-40.142857142666344
-40.13392857123776
-40.12499999980918
-40.11607142838059
-40.10714285695201
-40.098214285523426
-40.08928571409484
-40.08035714266626
-40.071428571237675
-40.06249999980909
-40.05357142838051
-40.044642856951924
-40.03571428552334
-40.02678571409476
-40.01785714266617
-40.00892857123759
-39.999999999809006
-39.99107142838042
-39.98214285695184
-39.973214285523255
-39.96428571409467
-39.95535714266609
-39.946428571237504
-39.93749999980892
-39.92857142838034
-39.919642856951754
-39.91071428552317
-39.901785714094586
-39.892857142666
-39.88392857123742
-39.874999999808836
-39.86607142838025
-39.85714285695167
-39.848214285523085
-39.8392857140945
-39.83035714266592
-39.821428571237334
-39.81249999980875
-39.80357142838017
-39.79464285695158
-39.785714285523
-39.776785714094416
-39.76785714266583
-39.75892857123725
-39.749999999808665
-39.74107142838008
-39.7321428569515
-39.723214285522914
-39.71428571409433
-39.70535714266575
-39.69642857123716
-39.68749999980858
-39.678571428379996
-39.66964285695141
-39.66071428552283
-39.651785714094245
-39.64285714266566
-39.63392857123708
-39.624999999808495
-39.61607142837991
-39.60714285695133
-39.598214285522744
-39.58928571409416
-39.58035714266558
-39.57142857123699
-39.56249999980841
-39.553571428379826
-39.54464285695124
-39.53571428552266
-39.526785714094075
-39.51785714266549
-39.50892857123691
-39.499999999808324
-39.49107142837974
-39.48214285695116
-39.47321428552257
-39.46428571409399
-39.455357142665406
-39.44642857123682
-39.43749999980824
-39.428571428379655
-39.41964285695107
-39.41071428552249
-39.401785714093904
-39.39285714266532
-39.38392857123674
-39.37499999980815
-39.36607142837957
-39.357142856950986
-39.3482142855224
-39.33928571409382
-39.330357142665235
-39.32142857123665
-39.31249999980807
-39.303571428379485
-39.2946428569509
-39.28571428552232
-39.276785714093734
-39.26785714266515
-39.25892857123657
-39.24999999980798
-39.2410714283794
-39.232142856950816
-39.22321428552223
-39.21428571409365
-39.205357142665065
-39.19642857123648
-39.1874999998079
-39.178571428379314
-39.16964285695073
-39.16071428552215
-39.15178571409356
-39.14285714266498
-39.133928571236396
-39.12499999980781
-39.11607142837923
-39.107142856950645
-39.09821428552206
-39.08928571409348
-39.080357142664894
-39.07142857123631
-39.06249999980773
-39.05357142837914
-39.04464285695056
-39.035714285521976
-39.02678571409339
-39.01785714266481
-39.008928571236225
-38.99999999980764
-38.99107142837906
-38.982142856950475
-38.97321428552189
-38.96428571409331
-38.955357142664724
-38.94642857123614
-38.93749999980756
-38.92857142837897
-38.91964285695039
-38.910714285521806
-38.90178571409322
-38.89285714266464
-38.883928571236055
-38.87499999980747
-38.86607142837889
-38.857142856950304
-38.84821428552172
-38.83928571409314
-38.83035714266455
-38.82142857123597
-38.812499999807386
-38.8035714283788
-38.79464285695022
-38.785714285521635
-38.77678571409305
-38.76785714266447
-38.758928571235884
-38.7499999998073
-38.74107142837872
-38.732142856950134
-38.72321428552155
-38.714285714092966
-38.70535714266438
-38.6964285712358
-38.687499999807216
-38.67857142837863
-38.66964285695005
-38.660714285521465
-38.65178571409288
-38.6428571426643
-38.633928571235714
-38.62499999980713
-38.61607142837855
-38.60714285694996
-38.59821428552138
-38.589285714092796
-38.58035714266421
-38.57142857123563
-38.562499999807045
-38.55357142837846
-38.54464285694988
-38.535714285521294
-38.52678571409271
-38.51785714266413
-38.50892857123554
-38.49999999980696
-38.491071428378376
-38.48214285694979
-38.47321428552121
-38.464285714092625
-38.45535714266404
-38.44642857123546
-38.437499999806874
-38.42857142837829
-38.41964285694971
-38.410714285521124
-38.40178571409254
-38.392857142663956
-38.38392857123537
-38.37499999980679
-38.366071428378206
-38.35714285694962
-38.34821428552104
-38.339285714092455
-38.33035714266387
-38.32142857123529
-38.312499999806704
-38.30357142837812
-38.29464285694954
-38.28571428552095
-38.27678571409237
-38.267857142663786
-38.2589285712352
-38.24999999980662
-38.241071428378035
-38.23214285694945
-38.22321428552087
-38.214285714092284
-38.2053571426637
-38.19642857123512
-38.18749999980653
-38.17857142837795
-38.169642856949366
-38.16071428552078
-38.1517857140922
-38.142857142663615
-38.13392857123503
-38.12499999980645
-38.116071428377865
-38.10714285694928
-38.0982142855207
-38.089285714092114
-38.08035714266353
-38.07142857123495
-38.06249999980636
-38.05357142837778
-38.044642856949196
-38.03571428552061
-38.02678571409203
-38.017857142663445
-38.00892857123486
-37.99999999980628
-37.991071428377694
-37.98214285694911
-37.97321428552053
-37.96428571409194
-37.95535714266336
-37.946428571234776
-37.93749999980619
-37.92857142837761
-37.919642856949025
-37.91071428552044
-37.90178571409186
-37.892857142663274
-37.88392857123469
-37.87499999980611
-37.86607142837752
-37.85714285694894
-37.848214285520356
-37.83928571409177
-37.83035714266319
-37.821428571234605
-37.81249999980602
-37.80357142837744
-37.794642856948855
-37.78571428552027
-37.77678571409169
-37.767857142663104
-37.75892857123452
-37.74999999980594
-37.74107142837735
-37.73214285694877
-37.723214285520186
-37.7142857140916
-37.70535714266302
-37.696428571234435
-37.68749999980585
-37.67857142837727
-37.669642856948684
-37.6607142855201
-37.65178571409152
-37.64285714266293
-37.63392857123435
-37.624999999805766
-37.61607142837718
-37.6071428569486
-37.598214285520015
-37.58928571409143
-37.58035714266285
-37.571428571234264
-37.56249999980568
-37.5535714283771
-37.544642856948514
-37.53571428551993
-37.526785714091346
-37.51785714266276
-37.50892857123418
-37.499999999805596
-37.49107142837701
-37.48214285694843
-37.473214285519845
-37.46428571409126
-37.45535714266268
-37.446428571234094
-37.43749999980551
-37.42857142837693
-37.41964285694834
-37.41071428551976
-37.401785714091176
-37.39285714266259
-37.38392857123401
-37.374999999805425
-37.36607142837684
-37.35714285694826
-37.348214285519674
-37.33928571409109
-37.33035714266251
-37.32142857123392
-37.31249999980534
-37.303571428376756
-37.29464285694817
-37.28571428551959
-37.276785714091005
-37.26785714266242
-37.25892857123384
-37.249999999805254
-37.24107142837667
-37.23214285694809
-37.223214285519504
-37.21428571409092
-37.205357142662336
-37.19642857123375
-37.18749999980517
-37.178571428376586
-37.169642856948
-37.16071428551942
-37.151785714090835
-37.14285714266225
-37.13392857123367
-37.124999999805084
-37.1160714283765
-37.10714285694792
-37.09821428551933
-37.08928571409075
-37.080357142662166
-37.07142857123358
-37.062499999805
-37.053571428376415
-37.04464285694783
-37.03571428551925
-37.026785714090664
-37.01785714266208
-37.0089285712335
-36.99999999980491
-36.99107142837633
-36.982142856947746
-36.97321428551916
-36.96428571409058
-36.955357142661995
-36.94642857123341
-36.93749999980483
-36.928571428376245
-36.91964285694766
-36.91071428551908
-36.901785714090494
-36.89285714266191
-36.88392857123333
-36.87499999980474
-36.86607142837616
-36.857142856947576
-36.84821428551899
-36.83928571409041
-36.830357142661825
-36.82142857123324
-36.81249999980466
-36.803571428376074
-36.79464285694749
-36.78571428551891
-36.77678571409032
-36.76785714266174
-36.758928571233156
-36.74999999980457
-36.74107142837599
-36.732142856947405
-36.72321428551882
-36.71428571409024
-36.705357142661654
-36.69642857123307
-36.68749999980449
-36.6785714283759
-36.66964285694732
-36.660714285518736
-36.65178571409015
-36.64285714266157
-36.633928571232985
-36.6249999998044
-36.61607142837582
-36.607142856947235
-36.59821428551865
-36.58928571409007
-36.580357142661484
-36.5714285712329
-36.56249999980432
-36.55357142837573
-36.54464285694715
-36.535714285518566
-36.52678571408998
-36.5178571426614
-36.508928571232815
-36.49999999980423
-36.49107142837565
-36.482142856947064
-36.47321428551848
-36.4642857140899
-36.45535714266131
-36.44642857123273
-36.437499999804146
-36.42857142837556
-36.41964285694698
-36.410714285518395
-36.40178571408981
-36.39285714266123
-36.383928571232644
-36.37499999980406
-36.36607142837548
-36.35714285694689
-36.34821428551831
-36.339285714089726
-36.33035714266114
-36.32142857123256
-36.312499999803975
-36.30357142837539
-36.29464285694681
-36.285714285518225
-36.27678571408964
-36.26785714266106
-36.258928571232474
-36.24999999980389
-36.24107142837531
-36.23214285694672
-36.22321428551814
-36.214285714089556
-36.20535714266097
-36.19642857123239
-36.187499999803805
-36.17857142837522
-36.16964285694664
-36.160714285518054
-36.15178571408947
-36.14285714266089
-36.1339285712323
-36.12499999980372
-36.116071428375136
-36.10714285694655
-36.09821428551797
-36.089285714089385
-36.0803571426608
-36.07142857123222
-36.062499999803634
-36.05357142837505
-36.04464285694647
-36.035714285517884
-36.0267857140893
-36.017857142660716
-36.00892857123213
-35.99999999980355
-35.991071428374966
-35.98214285694638
-35.9732142855178
-35.964285714089215
-35.95535714266063
-35.94642857123205
-35.937499999803464
-35.92857142837488
-35.9196428569463
-35.91071428551771
-35.90178571408913
-35.892857142660546
-35.88392857123196
-35.87499999980338
-35.866071428374795
-35.85714285694621
-35.84821428551763
-35.839285714089044
-35.83035714266046
-35.82142857123188
-35.81249999980329
-35.80357142837471
-35.794642856946126
-35.78571428551754
-35.77678571408896
-35.767857142660375
-35.75892857123179
-35.74999999980321
-35.741071428374624
-35.73214285694604
-35.72321428551746
-35.714285714088874
-35.70535714266029
-35.696428571231706
-35.68749999980312
-35.67857142837454
-35.669642856945956
-35.66071428551737
-35.65178571408879
-35.642857142660205
-35.63392857123162
-35.62499999980304
-35.616071428374454
-35.60714285694587
-35.59821428551729
-35.5892857140887
-35.58035714266012
-35.571428571231536
-35.56249999980295
-35.55357142837437
-35.544642856945785
-35.5357142855172
-35.52678571408862
-35.517857142660034
-35.50892857123145
-35.49999999980287
-35.49107142837428
-35.4821428569457
-35.473214285517116
-35.46428571408853
-35.45535714265995
-35.446428571231365
-35.43749999980278
-35.4285714283742
-35.419642856945615
-35.41071428551703
-35.40178571408845
-35.392857142659864
-35.38392857123128
-35.3749999998027
-35.36607142837411
-35.35714285694553
-35.348214285516946
-35.33928571408836
-35.33035714265978
-35.321428571231195
-35.31249999980261
-35.30357142837403
-35.294642856945444
-35.28571428551686
-35.27678571408828
-35.26785714265969
-35.25892857123111
-35.249999999802526
-35.24107142837394
-35.23214285694536
-35.223214285516775
-35.21428571408819
-35.20535714265961
-35.196428571231024
-35.18749999980244
-35.17857142837386
-35.16964285694527
-35.16071428551669
-35.151785714088106
-35.14285714265952
-35.13392857123094
-35.124999999802355
-35.11607142837377
-35.10714285694519
-35.098214285516605
-35.08928571408802
-35.08035714265944
-35.071428571230854
-35.06249999980227
-35.05357142837369
-35.0446428569451
-35.03571428551652
-35.026785714087936
-35.01785714265935
-35.00892857123077
-34.999999999802185
-34.9910714283736
-34.98214285694502
-34.973214285516434
-34.96428571408785
-34.95535714265927
-34.94642857123068
-34.9374999998021
-34.928571428373516
-34.91964285694493
-34.91071428551635
-34.901785714087765
-34.89285714265918
-34.8839285712306
-34.874999999802014
-34.86607142837343
-34.85714285694485
-34.84821428551626
-34.83928571408768
-34.830357142659096
-34.82142857123051
-34.81249999980193
-34.803571428373345
-34.79464285694476
-34.78571428551618
-34.776785714087595
-34.76785714265901
-34.75892857123043
-34.749999999801844
-34.74107142837326
-34.73214285694468
-34.72321428551609
-34.71428571408751
-34.705357142658926
-34.69642857123034
-34.68749999980176
-34.678571428373175
-34.66964285694459
-34.66071428551601
-34.651785714087424
-34.64285714265884
-34.63392857123026
-34.62499999980167
-34.61607142837309
-34.607142856944506
-34.59821428551592
-34.58928571408734
-34.580357142658755
-34.57142857123017
-34.56249999980159
-34.553571428373004
-34.54464285694442
-34.53571428551584
-34.526785714087254
-34.51785714265867
-34.508928571230086
-34.4999999998015
-34.49107142837292
-34.482142856944336
-34.47321428551575
-34.46428571408717
-34.455357142658585
-34.44642857123
-34.43749999980142
-34.428571428372834
-34.41964285694425
-34.41071428551567
-34.40178571408708
-34.3928571426585
-34.383928571229916
-34.37499999980133
-34.36607142837275
-34.357142856944165
-34.34821428551558
-34.339285714087
-34.330357142658414
-34.32142857122983
-34.31249999980125
-34.30357142837266
-34.29464285694408
-34.285714285515496
-34.27678571408691
-34.26785714265833
-34.258928571229745
-34.24999999980116
-34.24107142837258
-34.232142856943995
-34.22321428551541
-34.21428571408683
-34.205357142658244
-34.19642857122966
-34.18749999980108
-34.17857142837249
-34.16964285694391
-34.160714285515326
-34.15178571408674
-34.14285714265816
-34.133928571229575
-34.12499999980099
-34.11607142837241
-34.107142856943824
-34.09821428551524
-34.08928571408666
-34.08035714265807
-34.07142857122949
-34.062499999800906
-34.05357142837232
-34.04464285694374
-34.035714285515155
-34.02678571408657
-34.01785714265799
-34.008928571229404
-33.99999999980082
-33.99107142837224
-33.98214285694365
-33.97321428551507
-33.964285714086486
-33.9553571426579
-33.94642857122932
-33.937499999800735
-33.92857142837215
-33.91964285694357
-33.910714285514985
-33.9017857140864
-33.89285714265782
-33.883928571229234
-33.87499999980065
-33.86607142837207
-33.85714285694348
-33.8482142855149
-33.839285714086316
-33.83035714265773
-33.82142857122915
-33.812499999800565
-33.80357142837198
-33.7946428569434
-33.785714285514814
-33.77678571408623
-33.76785714265765
-33.75892857122906
-33.74999999980048
-33.741071428371896
-33.73214285694331
-33.72321428551473
-33.714285714086145
-33.70535714265756
-33.69642857122898
-33.687499999800394
-33.67857142837181
-33.66964285694323
-33.66071428551464
-33.65178571408606
-33.642857142657476
-33.63392857122889
-33.62499999980031
-33.616071428371725
-33.60714285694314
-33.59821428551456
-33.589285714085975
-33.58035714265739
-33.57142857122881
-33.562499999800224
-33.55357142837164
-33.54464285694306
-33.53571428551447
-33.52678571408589
-33.517857142657306
-33.50892857122872
-33.49999999980014
-33.491071428371555
-33.48214285694297
-33.47321428551439
-33.464285714085804
-33.45535714265722
-33.44642857122864
-33.43749999980005
-33.42857142837147
-33.419642856942886
-33.4107142855143
-33.40178571408572
-33.392857142657135
-33.38392857122855
-33.37499999979997
-33.366071428371384
-33.3571428569428
-33.34821428551422
-33.339285714085634
-33.33035714265705
-33.321428571228466
-33.31249999979988
-33.3035714283713
-33.294642856942716
-33.28571428551413
-33.27678571408555
-33.267857142656965
-33.25892857122838
-33.2499999997998
-33.241071428371214
-33.23214285694263
-33.22321428551405
-33.21428571408546
-33.20535714265688
-33.196428571228296
-33.18749999979971
-33.17857142837113
-33.169642856942545
-33.16071428551396
-33.15178571408538
-33.142857142656794
-33.13392857122821
-33.12499999979963
-33.11607142837104
-33.10714285694246
-33.098214285513876
-33.08928571408529
-33.08035714265671
-33.071428571228125
-33.06249999979954
-33.05357142837096
-33.044642856942374
-33.03571428551379
-33.02678571408521
-33.017857142656624
-33.00892857122804
-32.999999999799456
-32.99107142837087
-32.98214285694229
-32.973214285513706
-32.96428571408512
-32.95535714265654
-32.946428571227955
-32.93749999979937
-32.92857142837079
-32.919642856942204
-32.91071428551362
-32.90178571408504
-32.89285714265645
-32.88392857122787
-32.874999999799286
-32.8660714283707
-32.85714285694212
-32.848214285513535
-32.83928571408495
-32.83035714265637
-32.821428571227784
-32.8124999997992
-32.80357142837062
-32.79464285694203
-32.78571428551345
-32.776785714084866
-32.76785714265628
-32.7589285712277
-32.749999999799115
-32.74107142837053
-32.73214285694195
-32.723214285513365
-32.71428571408478
-32.7053571426562
-32.696428571227614
-32.68749999979903
-32.67857142837045
-32.66964285694186
-32.66071428551328
-32.651785714084696
-32.64285714265611
-32.63392857122753
-32.624999999798945
-32.61607142837036
-32.60714285694178
-32.598214285513194
-32.58928571408461
-32.58035714265603
-32.57142857122744
-32.56249999979886
-32.553571428370276
-32.54464285694169
-32.53571428551311
-32.526785714084525
-32.51785714265594
-32.50892857122736
-32.499999999798774
-32.49107142837019
-32.48214285694161
-32.47321428551302
-32.46428571408444
-32.455357142655856
-32.44642857122727
-32.43749999979869
-32.428571428370105
-32.41964285694152
-32.41071428551294
-32.401785714084355
-32.39285714265577
-32.38392857122719
-32.374999999798604
-32.36607142837002
-32.35714285694144
-32.34821428551285
-32.33928571408427
-32.330357142655686
-32.3214285712271
-32.31249999979852
-32.303571428369935
-32.29464285694135
-32.28571428551277
-32.276785714084184
-32.2678571426556
-32.25892857122702
-32.24999999979843
-32.24107142836985
-32.232142856941266
-32.22321428551268
-32.2142857140841
-32.205357142655515
-32.19642857122693
-32.18749999979835
-32.178571428369764
-32.16964285694118
-32.1607142855126
-32.15178571408401
-32.14285714265543
-32.133928571226846
-32.12499999979826
-32.11607142836968
-32.107142856941095
-32.09821428551251
-32.08928571408393
-32.080357142655345
-32.07142857122676
-32.06249999979818
-32.053571428369594
-32.04464285694101
-32.03571428551243
-32.02678571408384
-32.01785714265526
-32.008928571226676
-31.999999999798092
-31.99107142836951
-31.982142856940925
-31.97321428551234
-31.964285714083758
-31.955357142655174
-31.94642857122659
-31.937499999798007
-31.928571428369423
-31.91964285694084
-31.910714285512256
-31.901785714083672
-31.89285714265509
-31.883928571226505
-31.87499999979792
-31.866071428369338
-31.857142856940754
-31.84821428551217
-31.839285714083587
-31.830357142655004
-31.82142857122642
-31.812499999797836
-31.803571428369253
-31.79464285694067
-31.785714285512086
-31.776785714083502
-31.76785714265492
-31.758928571226335
-31.74999999979775
-31.741071428369168
-31.732142856940584
-31.723214285512
-31.714285714083417
-31.705357142654833
-31.69642857122625
-31.687499999797666
-31.678571428369082
-31.6696428569405
-31.660714285511915
-31.65178571408333
-31.642857142654748
-31.633928571226164
-31.62499999979758
-31.616071428368997
-31.607142856940413
-31.59821428551183
-31.589285714083246
-31.580357142654663
-31.57142857122608
-31.562499999797495
-31.55357142836891
-31.544642856940328
-31.535714285511744
-31.52678571408316
-31.517857142654577
-31.508928571225994
-31.49999999979741
-31.491071428368826
-31.482142856940243
-31.47321428551166
-31.464285714083076
-31.455357142654492
-31.44642857122591
-31.437499999797325
-31.42857142836874
-31.419642856940158
-31.410714285511574
-31.40178571408299
-31.392857142654407
-31.383928571225823
-31.37499999979724
-31.366071428368656
-31.357142856940072
-31.34821428551149
-31.339285714082905
-31.33035714265432
-31.321428571225738
-31.312499999797154
-31.30357142836857
-31.294642856939987
-31.285714285511403
-31.27678571408282
-31.267857142654236
-31.258928571225653
-31.24999999979707
-31.241071428368485
-31.2321428569399
-31.223214285511318
-31.214285714082735
-31.20535714265415
-31.196428571225567
-31.187499999796984
-31.1785714283684
-31.169642856939817
-31.160714285511233
-31.15178571408265
-31.142857142654066
-31.133928571225482
-31.1249999997969
-31.116071428368315
-31.10714285693973
-31.098214285511148
-31.089285714082564
-31.08035714265398
-31.071428571225397
-31.062499999796813
-31.05357142836823
-31.044642856939646
-31.035714285511062
-31.02678571408248
-31.017857142653895
-31.00892857122531
-30.999999999796728
-30.991071428368144
-30.98214285693956
-30.973214285510977
-30.964285714082393
-30.95535714265381
-30.946428571225226
-30.937499999796643
-30.92857142836806
-30.919642856939475
-30.910714285510892
-30.90178571408231
-30.892857142653725
-30.88392857122514
-30.874999999796557
-30.866071428367974
-30.85714285693939
-30.848214285510807
-30.839285714082223
-30.83035714265364
-30.821428571225056
-30.812499999796472
-30.80357142836789
-30.794642856939305
-30.78571428551072
-30.776785714082138
-30.767857142653554
-30.75892857122497
-30.749999999796387
-30.741071428367803
-30.73214285693922
-30.723214285510636
-30.714285714082052
-30.70535714265347
-30.696428571224885
-30.6874999997963
-30.678571428367718
-30.669642856939134
-30.66071428551055
-30.651785714081967
-30.642857142653384
-30.6339285712248
-30.624999999796216
-30.616071428367633
-30.60714285693905
-30.598214285510466
-30.589285714081882
-30.5803571426533
-30.571428571224715
-30.56249999979613
-30.553571428367547
-30.544642856938964
-30.53571428551038
-30.526785714081797
-30.517857142653213
-30.50892857122463
-30.499999999796046
-30.491071428367462
-30.48214285693888
-30.473214285510295
-30.46428571408171
-30.455357142653128
-30.446428571224544
-30.43749999979596
-30.428571428367377
-30.419642856938793
-30.41071428551021
-30.401785714081626
-30.392857142653043
-30.38392857122446
-30.374999999795875
-30.36607142836729
-30.357142856938708
-30.348214285510124
-30.33928571408154
-30.330357142652957
-30.321428571224374
-30.31249999979579
-30.303571428367206
-30.294642856938623
-30.28571428551004
-30.276785714081456
-30.267857142652872
-30.25892857122429
-30.249999999795705
-30.24107142836712
-30.232142856938538
-30.223214285509954
-30.21428571408137
-30.205357142652787
-30.196428571224203
-30.18749999979562
-30.178571428367036
-30.169642856938452
-30.16071428550987
-30.151785714081285
-30.1428571426527
-30.133928571224118
-30.124999999795534
-30.11607142836695
-30.107142856938367
-30.098214285509783
-30.0892857140812
-30.080357142652616
-30.071428571224033
-30.06249999979545
-30.053571428366865
-30.04464285693828
-30.035714285509698
-30.026785714081115
-30.01785714265253
-30.008928571223947
-29.999999999795364
-29.99107142836678
-29.982142856938196
-29.973214285509613
-29.96428571408103
-29.955357142652446
-29.946428571223862
-29.93749999979528
-29.928571428366695
-29.91964285693811
-29.910714285509528
-29.901785714080944
-29.89285714265236
-29.883928571223777
-29.874999999795193
-29.86607142836661
-29.857142856938026
-29.848214285509442
-29.83928571408086
-29.830357142652275
-29.82142857122369
-29.812499999795108
-29.803571428366524
-29.79464285693794
-29.785714285509357
-29.776785714080773
-29.76785714265219
-29.758928571223606
-29.749999999795023
-29.74107142836644
-29.732142856937855
-29.723214285509272
-29.714285714080688
-29.705357142652105
-29.69642857122352
-29.687499999794937
-29.678571428366354
-29.66964285693777
-29.660714285509187
-29.651785714080603
-29.64285714265202
-29.633928571223436
-29.624999999794852
-29.61607142836627
-29.607142856937685
-29.5982142855091
-29.589285714080518
-29.580357142651934
-29.57142857122335
-29.562499999794767
-29.553571428366183
-29.5446428569376
-29.535714285509016
-29.526785714080432
-29.51785714265185
-29.508928571223265
-29.49999999979468
-29.491071428366098
-29.482142856937514
-29.47321428550893
-29.464285714080347
-29.455357142651764
-29.44642857122318
-29.437499999794596
-29.428571428366013
-29.41964285693743
-29.410714285508845
-29.401785714080262
-29.39285714265168
-29.383928571223095
-29.37499999979451
-29.366071428365927
-29.357142856937344
-29.34821428550876
-29.339285714080177
-29.330357142651593
-29.32142857122301
-29.312499999794426
-29.303571428365842
-29.29464285693726
-29.285714285508675
-29.27678571408009
-29.267857142651508
-29.258928571222924
-29.24999999979434
-29.241071428365757
-29.232142856937173
-29.22321428550859
-29.214285714080006
-29.205357142651422
-29.19642857122284
-29.187499999794255
-29.17857142836567
-29.169642856937088
-29.160714285508504
-29.15178571407992
-29.142857142651337
-29.133928571222754
-29.12499999979417
-29.116071428365586
-29.107142856937003
-29.09821428550842
-29.089285714079836
-29.080357142651252
-29.07142857122267
-29.062499999794085
-29.0535714283655
-29.044642856936917
-29.035714285508334
-29.02678571407975
-29.017857142651167
-29.008928571222583
-28.999999999794
-28.991071428365416
-28.982142856936832
-28.97321428550825
-28.964285714079665
-28.95535714265108
-28.946428571222498
-28.937499999793914
-28.92857142836533
-28.919642856936747
-28.910714285508163
-28.90178571407958
-28.892857142650996
-28.883928571222413
-28.87499999979383
-28.866071428365245
-28.85714285693666
-28.848214285508078
-28.839285714079494
-28.83035714265091
-28.821428571222327
-28.812499999793744
-28.80357142836516
-28.794642856936576
-28.785714285507993
-28.77678571407941
-28.767857142650826
-28.758928571222242
-28.74999999979366
-28.741071428365075
-28.73214285693649
-28.723214285507908
-28.714285714079324
-28.70535714265074
-28.696428571222157
-28.687499999793573
-28.67857142836499
-28.669642856936406
-28.660714285507822
-28.65178571407924
-28.642857142650655
-28.63392857122207
-28.624999999793488
-28.616071428364904
-28.60714285693632
-28.598214285507737
-28.589285714079153
-28.58035714265057
-28.571428571221986
-28.562499999793403
-28.55357142836482
-28.544642856936235
-28.53571428550765
-28.526785714079068
-28.517857142650485
-28.5089285712219
-28.499999999793317
-28.491071428364734
-28.48214285693615
-28.473214285507567
-28.464285714078983
-28.4553571426504
-28.446428571221816
-28.437499999793232
-28.42857142836465
-28.419642856936065
-28.41071428550748
-28.401785714078898
-28.392857142650314
-28.38392857122173
-28.374999999793147
-28.366071428364563
-28.35714285693598
-28.348214285507396
-28.339285714078812
-28.33035714265023
-28.321428571221645
-28.31249999979306
-28.303571428364478
-28.294642856935894
-28.28571428550731
-28.276785714078727
-28.267857142650143
-28.25892857122156
-28.249999999792976
-28.241071428364393
-28.23214285693581
-28.223214285507225
-28.214285714078642
-28.205357142650058
-28.196428571221475
-28.18749999979289
-28.178571428364307
-28.169642856935724
-28.16071428550714
-28.151785714078557
-28.142857142649973
-28.13392857122139
-28.124999999792806
-28.116071428364222
-28.10714285693564
-28.098214285507055
-28.08928571407847
-28.080357142649888
-28.071428571221304
-28.06249999979272
-28.053571428364137
-28.044642856935553
-28.03571428550697
-28.026785714078386
-28.017857142649802
-28.00892857122122
-27.999999999792635
-27.99107142836405
-27.982142856935468
-27.973214285506884
-27.9642857140783
-27.955357142649717
-27.946428571221134
-27.93749999979255
-27.928571428363966
-27.919642856935383
-27.9107142855068
-27.901785714078216
-27.892857142649632
-27.88392857122105
-27.874999999792465
-27.86607142836388
-27.857142856935297
-27.848214285506714
-27.83928571407813
-27.830357142649547
-27.821428571220963
-27.81249999979238
-27.803571428363796
-27.794642856935212
-27.78571428550663
-27.776785714078045
-27.76785714264946
-27.758928571220878
-27.749999999792294
-27.74107142836371
-27.732142856935127
-27.723214285506543
-27.71428571407796
-27.705357142649376
-27.696428571220792
-27.68749999979221
-27.678571428363625
-27.66964285693504
-27.660714285506458
-27.651785714077874
-27.64285714264929
-27.633928571220707
-27.624999999792124
-27.61607142836354
-27.607142856934956
-27.598214285506373
-27.58928571407779
-27.580357142649206
-27.571428571220622
-27.56249999979204
-27.553571428363455
-27.54464285693487
-27.535714285506288
-27.526785714077704
-27.51785714264912
-27.508928571220537
-27.499999999791953
-27.49107142836337
-27.482142856934786
-27.473214285506202
-27.46428571407762
-27.455357142649035
-27.44642857122045
-27.437499999791868
-27.428571428363284
-27.4196428569347
-27.410714285506117
-27.401785714077533
-27.39285714264895
-27.383928571220366
-27.374999999791783
-27.3660714283632
-27.357142856934615
-27.34821428550603
-27.339285714077448
-27.330357142648865
-27.32142857122028
-27.312499999791697
-27.303571428363114
-27.29464285693453
-27.285714285505946
-27.276785714077363
-27.26785714264878
-27.258928571220196
-27.249999999791612
-27.24107142836303
-27.232142856934445
-27.22321428550586
-27.214285714077278
-27.205357142648694
-27.19642857122011
-27.187499999791527
-27.178571428362943
-27.16964285693436
-27.160714285505776
-27.151785714077192
-27.14285714264861
-27.133928571220025
-27.12499999979144
-27.116071428362858
-27.107142856934274
-27.09821428550569
-27.089285714077107
-27.080357142648523
-27.07142857121994
-27.062499999791356
-27.053571428362773
-27.04464285693419
-27.035714285505605
-27.026785714077022
-27.017857142648438
-27.008928571219855
-26.99999999979127
-26.991071428362687
-26.982142856934104
-26.97321428550552
-26.964285714076937
-26.955357142648353
-26.94642857121977
-26.937499999791186
-26.928571428362602
-26.91964285693402
-26.910714285505435
-26.90178571407685
-26.892857142648268
-26.883928571219684
-26.8749999997911
-26.866071428362517
-26.857142856933933
-26.84821428550535
-26.839285714076766
-26.830357142648182
-26.8214285712196
-26.812499999791015
-26.80357142836243
-26.794642856933848
-26.785714285505264
-26.77678571407668
-26.767857142648097
-26.758928571219514
-26.74999999979093
-26.741071428362346
-26.732142856933763
-26.72321428550518
-26.714285714076595
-26.705357142648012
-26.69642857121943
-26.687499999790845
-26.67857142836226
-26.669642856933677
-26.660714285505094
-26.65178571407651
-26.642857142647927
-26.633928571219343
-26.62499999979076
-26.616071428362176
-26.607142856933592
-26.59821428550501
-26.589285714076425
-26.58035714264784
-26.571428571219258
-26.562499999790674
-26.55357142836209
-26.544642856933507
-26.535714285504923
-26.52678571407634
-26.517857142647756
-26.508928571219172
-26.49999999979059
-26.491071428362005
-26.48214285693342
-26.473214285504838
-26.464285714076254
-26.45535714264767
-26.446428571219087
-26.437499999790504
-26.42857142836192
-26.419642856933336
-26.410714285504753
-26.40178571407617
-26.392857142647586
-26.383928571219002
-26.37499999979042
-26.366071428361835
-26.35714285693325
-26.348214285504667
-26.339285714076084
-26.3303571426475
-26.321428571218917
-26.312499999790333
-26.30357142836175
-26.294642856933166
-26.285714285504582
-26.276785714076
-26.267857142647415
-26.25892857121883
-26.249999999790248
-26.241071428361664
-26.23214285693308
-26.223214285504497
-26.214285714075913
-26.20535714264733
-26.196428571218746
-26.187499999790163
-26.17857142836158
-26.169642856932995
-26.16071428550441
-26.151785714075828
-26.142857142647244
-26.13392857121866
-26.124999999790077
-26.116071428361494
-26.10714285693291
-26.098214285504326
-26.089285714075743
-26.08035714264716
-26.071428571218576
-26.062499999789992
-26.05357142836141
-26.044642856932825
-26.03571428550424
-26.026785714075658
-26.017857142647074
-26.00892857121849
-25.999999999789907
-25.991071428361323
-25.98214285693274
-25.973214285504156
-25.964285714075572
-25.95535714264699
-25.946428571218405
-25.93749999978982
-25.928571428361238
-25.919642856932654
-25.91071428550407
-25.901785714075487
-25.892857142646903
-25.88392857121832
-25.874999999789736
-25.866071428361153
-25.85714285693257
-25.848214285503985
-25.8392857140754
-25.830357142646818
-25.821428571218235
-25.81249999978965
-25.803571428361067
-25.794642856932484
-25.7857142855039
-25.776785714075316
-25.767857142646733
-25.75892857121815
-25.749999999789566
-25.741071428360982
-25.7321428569324
-25.723214285503815
-25.71428571407523
-25.705357142646648
-25.696428571218064
-25.68749999978948
-25.678571428360897
-25.669642856932313
-25.66071428550373
-25.651785714075146
-25.642857142646562
-25.63392857121798
-25.624999999789395
-25.61607142836081
-25.607142856932228
-25.598214285503644
-25.58928571407506
-25.580357142646477
-25.571428571217893
-25.56249999978931
-25.553571428360726
-25.544642856932143
-25.53571428550356
-25.526785714074975
-25.517857142646392
-25.508928571217808
-25.499999999789225
-25.49107142836064
-25.482142856932057
-25.473214285503474
-25.46428571407489
-25.455357142646307
-25.446428571217723
-25.43749999978914
-25.428571428360556
-25.419642856931972
-25.41071428550339
-25.401785714074805
-25.39285714264622
-25.383928571217638
-25.374999999789054
-25.36607142836047
-25.357142856931887
-25.348214285503303
-25.33928571407472
-25.330357142646136
-25.321428571217552
-25.31249999978897
-25.303571428360385
-25.2946428569318
-25.285714285503218
-25.276785714074634
-25.26785714264605
-25.258928571217467
-25.249999999788884
-25.2410714283603
-25.232142856931716
-25.223214285503133
-25.21428571407455
-25.205357142645965
-25.196428571217382
-25.1874999997888
-25.178571428360215
-25.16964285693163
-25.160714285503047
-25.151785714074464
-25.14285714264588
-25.133928571217297
-25.124999999788713
-25.11607142836013
-25.107142856931546
-25.098214285502962
-25.08928571407438
-25.080357142645795
-25.07142857121721
-25.062499999788628
-25.053571428360044
-25.04464285693146
-25.035714285502877
-25.026785714074293
-25.01785714264571
-25.008928571217126
-24.999999999788542
-24.99107142835996
-24.982142856931375
-24.97321428550279
-24.964285714074208
-24.955357142645624
-24.94642857121704
-24.937499999788457
-24.928571428359874
-24.91964285693129
-24.910714285502706
-24.901785714074123
-24.89285714264554
-24.883928571216956
-24.874999999788372
-24.86607142835979
-24.857142856931205
-24.84821428550262
-24.839285714074038
-24.830357142645454
-24.82142857121687
-24.812499999788287
-24.803571428359703
-24.79464285693112
-24.785714285502536
-24.776785714073952
-24.76785714264537
-24.758928571216785
-24.7499999997882
-24.741071428359618
-24.732142856931034
-24.72321428550245
-24.714285714073867
-24.705357142645283
-24.6964285712167
-24.687499999788116
-24.678571428359533
-24.66964285693095
-24.660714285502365
-24.65178571407378
-24.642857142645198
-24.633928571216615
-24.62499999978803
-24.616071428359447
-24.607142856930864
-24.59821428550228
-24.589285714073696
-24.580357142645113
-24.57142857121653
-24.562499999787946
-24.553571428359362
-24.54464285693078
-24.535714285502195
-24.52678571407361
-24.517857142645028
-24.508928571216444
-24.49999999978786
-24.491071428359277
-24.482142856930693
-24.47321428550211
-24.464285714073526
-24.455357142644942
-24.44642857121636
-24.437499999787775
-24.42857142835919
-24.419642856930608
-24.410714285502024
-24.40178571407344
-24.392857142644857
-24.383928571216273
-24.37499999978769
-24.366071428359106
-24.357142856930523
-24.34821428550194
-24.339285714073355
-24.330357142644772
-24.321428571216188
-24.312499999787605
-24.30357142835902
-24.294642856930437
-24.285714285501854
-24.27678571407327
-24.267857142644687
-24.258928571216103
-24.24999999978752
-24.241071428358936
-24.232142856930352
-24.22321428550177
-24.214285714073185
-24.2053571426446
-24.196428571216018
-24.187499999787434
-24.17857142835885
-24.169642856930267
-24.160714285501683
-24.1517857140731
-24.142857142644516
-24.133928571215932
-24.12499999978735
-24.116071428358765
-24.10714285693018
-24.098214285501598
-24.089285714073014
-24.08035714264443
-24.071428571215847
-24.062499999787264
-24.05357142835868
-24.044642856930096
-24.035714285501513
-24.02678571407293
-24.017857142644345
-24.008928571215762
-23.99999999978718
-23.991071428358595
-23.98214285693001
-23.973214285501427
-23.964285714072844
-23.95535714264426
-23.946428571215677
-23.937499999787093
-23.92857142835851
-23.919642856929926
-23.910714285501342
-23.90178571407276
-23.892857142644175
-23.88392857121559
-23.874999999787008
-23.866071428358424
-23.85714285692984
-23.848214285501257
-23.839285714072673
-23.83035714264409
-23.821428571215506
-23.812499999786922
-23.80357142835834
-23.794642856929755
-23.78571428550117
-23.776785714072588
-23.767857142644004
-23.75892857121542
-23.749999999786837
-23.741071428358254
-23.73214285692967
-23.723214285501086
-23.714285714072503
-23.70535714264392
-23.696428571215336
-23.687499999786752
-23.67857142835817
-23.669642856929585
-23.660714285501
-23.651785714072417
-23.642857142643834
-23.63392857121525
-23.624999999786667
-23.616071428358083
-23.6071428569295
-23.598214285500916
-23.589285714072332
-23.58035714264375
-23.571428571215165
-23.56249999978658
-23.553571428357998
-23.544642856929414
-23.53571428550083
-23.526785714072247
-23.517857142643663
-23.50892857121508
-23.499999999786496
-23.491071428357913
-23.48214285692933
-23.473214285500745
-23.46428571407216
-23.455357142643578
-23.446428571214994
-23.43749999978641
-23.428571428357827
-23.419642856929244
-23.41071428550066
-23.401785714072076
-23.392857142643493
-23.38392857121491
-23.374999999786326
-23.366071428357742
-23.35714285692916
-23.348214285500575
-23.33928571407199
-23.330357142643408
-23.321428571214824
-23.31249999978624
-23.303571428357657
-23.294642856929073
-23.28571428550049
-23.276785714071906
-23.267857142643322
-23.25892857121474
-23.249999999786155
-23.24107142835757
-23.232142856928988
-23.223214285500404
-23.21428571407182
-23.205357142643237
-23.196428571214653
-23.18749999978607
-23.178571428357486
-23.169642856928903
-23.16071428550032
-23.151785714071735
-23.14285714264315
-23.133928571214568
-23.124999999785985
-23.1160714283574
-23.107142856928817
-23.098214285500234
-23.08928571407165
-23.080357142643066
-23.071428571214483
-23.0624999997859
-23.053571428357316
-23.044642856928732
-23.03571428550015
-23.026785714071565
-23.01785714264298
-23.008928571214398
-22.999999999785814
-22.99107142835723
-22.982142856928647
-22.973214285500063
-22.96428571407148
-22.955357142642896
-22.946428571214312
-22.93749999978573
-22.928571428357145
-22.91964285692856
-22.910714285499978
-22.901785714071394
-22.89285714264281
-22.883928571214227
-22.874999999785643
-22.86607142835706
-22.857142856928476
-22.848214285499893
-22.83928571407131
-22.830357142642725
-22.821428571214142
-22.812499999785558
-22.803571428356975
-22.79464285692839
-22.785714285499807
-22.776785714071224
-22.76785714264264
-22.758928571214057
-22.749999999785473
-22.74107142835689
-22.732142856928306
-22.723214285499722
-22.71428571407114
-22.705357142642555
-22.69642857121397
-22.687499999785388
-22.678571428356804
-22.66964285692822
-22.660714285499637
-22.651785714071053
-22.64285714264247
-22.633928571213886
-22.624999999785302
-22.61607142835672
-22.607142856928135
-22.59821428549955
-22.589285714070968
-22.580357142642384
-22.5714285712138
-22.562499999785217
-22.553571428356634
-22.54464285692805
-22.535714285499466
-22.526785714070883
-22.5178571426423
-22.508928571213715
-22.499999999785132
-22.49107142835655
-22.482142856927965
-22.47321428549938
-22.464285714070797
-22.455357142642214
-22.44642857121363
-22.437499999785047
-22.428571428356463
-22.41964285692788
-22.410714285499296
-22.401785714070712
-22.39285714264213
-22.383928571213545
-22.37499999978496
-22.366071428356378
-22.357142856927794
-22.34821428549921
-22.339285714070627
-22.330357142642043
-22.32142857121346
-22.312499999784876
-22.303571428356292
-22.29464285692771
-22.285714285499125
-22.27678571407054
-22.267857142641958
-22.258928571213374
-22.24999999978479
-22.241071428356207
-22.232142856927624
-22.22321428549904
-22.214285714070456
-22.205357142641873
-22.19642857121329
-22.187499999784706
-22.178571428356122
-22.16964285692754
-22.160714285498955
-22.15178571407037
-22.142857142641788
-22.133928571213204
-22.12499999978462
-22.116071428356037
-22.107142856927453
-22.09821428549887
-22.089285714070286
-22.080357142641702
-22.07142857121312
-22.062499999784535
-22.05357142835595
-22.044642856927368
-22.035714285498784
-22.0267857140702
-22.017857142641617
-22.008928571213033
-21.99999999978445
-21.991071428355866
-21.982142856927283
-21.9732142854987
-21.964285714070115
-21.95535714264153
-21.946428571212948
-21.937499999784364
-21.92857142835578
-21.919642856927197
-21.910714285498614
-21.90178571407003
-21.892857142641446
-21.883928571212863
-21.87499999978428
-21.866071428355696
-21.857142856927112
-21.84821428549853
-21.839285714069945
-21.83035714264136
-21.821428571212778
-21.812499999784194
-21.80357142835561
-21.794642856927027
-21.785714285498443
-21.77678571406986
-21.767857142641276
-21.758928571212692
-21.74999999978411
-21.741071428355525
-21.73214285692694
-21.723214285498358
-21.714285714069774
-21.70535714264119
-21.696428571212607
-21.687499999784023
-21.67857142835544
-21.669642856926856
-21.660714285498273
-21.65178571406969
-21.642857142641105
-21.63392857121252
-21.624999999783938
-21.616071428355355
-21.60714285692677
-21.598214285498187
-21.589285714069604
-21.58035714264102
-21.571428571212437
-21.562499999783853
-21.55357142835527
-21.544642856926686
-21.535714285498102
-21.52678571406952
-21.517857142640935
-21.50892857121235
-21.499999999783768
-21.491071428355184
-21.4821428569266
-21.473214285498017
-21.464285714069433
-21.45535714264085
-21.446428571212266
-21.437499999783682
-21.4285714283551
-21.419642856926515
-21.41071428549793
-21.401785714069348
-21.392857142640764
-21.38392857121218
-21.374999999783597
-21.366071428355013
-21.35714285692643
-21.348214285497846
-21.339285714069263
-21.33035714264068
-21.321428571212095
-21.312499999783512
-21.30357142835493
-21.294642856926345
-21.28571428549776
-21.276785714069177
-21.267857142640594
-21.25892857121201
-21.249999999783427
-21.241071428354843
-21.23214285692626
-21.223214285497676
-21.214285714069092
-21.20535714264051
-21.196428571211925
-21.18749999978334
-21.178571428354758
-21.169642856926174
-21.16071428549759
-21.151785714069007
-21.142857142640423
-21.13392857121184
-21.124999999783256
-21.116071428354672
-21.10714285692609
-21.098214285497505
-21.08928571406892
-21.080357142640338
-21.071428571211754
-21.06249999978317
-21.053571428354587
-21.044642856926004
-21.03571428549742
-21.026785714068836
-21.017857142640253
-21.00892857121167
-20.999999999783086
-20.991071428354502
-20.98214285692592
-20.973214285497335
-20.96428571406875
-20.955357142640167
-20.946428571211584
-20.937499999783
-20.928571428354417
-20.919642856925833
-20.91071428549725
-20.901785714068666
-20.892857142640082
-20.8839285712115
-20.874999999782915
-20.86607142835433
-20.857142856925748
-20.848214285497164
-20.83928571406858
-20.830357142639997
-20.821428571211413
-20.81249999978283
-20.803571428354246
-20.794642856925662
-20.78571428549708
-20.776785714068495
-20.76785714263991
-20.758928571211328
-20.749999999782744
-20.74107142835416
-20.732142856925577
-20.723214285496994
-20.71428571406841
-20.705357142639826
-20.696428571211243
-20.68749999978266
-20.678571428354076
-20.669642856925492
-20.66071428549691
-20.651785714068325
-20.64285714263974
-20.633928571211158
-20.624999999782574
-20.61607142835399
-20.607142856925407
-20.598214285496823
-20.58928571406824
-20.580357142639656
-20.571428571211072
-20.56249999978249
-20.553571428353905
-20.54464285692532
-20.535714285496738
-20.526785714068154
-20.51785714263957
-20.508928571210987
-20.499999999782403
-20.49107142835382
-20.482142856925236
-20.473214285496653
-20.46428571406807
-20.455357142639485
-20.4464285712109
-20.437499999782318
-20.428571428353735
-20.41964285692515
-20.410714285496567
-20.401785714067984
-20.3928571426394
-20.383928571210816
-20.374999999782233
-20.36607142835365
-20.357142856925066
-20.348214285496482
-20.3392857140679
-20.330357142639315
-20.32142857121073
-20.312499999782148
-20.303571428353564
-20.29464285692498
-20.285714285496397
-20.276785714067813
-20.26785714263923
-20.258928571210646
-20.249999999782062
-20.24107142835348
-20.232142856924895
-20.22321428549631
-20.214285714067728
-20.205357142639144
-20.19642857121056
-20.187499999781977
-20.178571428353393
-20.16964285692481
-20.160714285496226
-20.151785714067643
-20.14285714263906
-20.133928571210475
-20.124999999781892
-20.116071428353308
-20.107142856924725
-20.09821428549614
-20.089285714067557
-20.080357142638974
-20.07142857121039
-20.062499999781807
-20.053571428353223
-20.04464285692464
-20.035714285496056
-20.026785714067472
-20.01785714263889
-20.008928571210305
-19.99999999978172
-19.991071428353138
-19.982142856924554
-19.97321428549597
-19.964285714067387
-19.955357142638803
-19.94642857121022
-19.937499999781636
-19.928571428353052
-19.91964285692447
-19.910714285495885
-19.9017857140673
-19.892857142638718
-19.883928571210134
-19.87499999978155
-19.866071428352967
-19.857142856924384
-19.8482142854958
-19.839285714067216
-19.830357142638633
-19.82142857121005
-19.812499999781465
-19.803571428352882
-19.7946428569243
-19.785714285495715
-19.77678571406713
-19.767857142638547
-19.758928571209964
-19.74999999978138
-19.741071428352797
-19.732142856924213
-19.72321428549563
-19.714285714067046
-19.705357142638462
-19.69642857120988
-19.687499999781295
-19.67857142835271
-19.669642856924128
-19.660714285495544
-19.65178571406696
-19.642857142638377
-19.633928571209793
-19.62499999978121
-19.616071428352626
-19.607142856924042
-19.59821428549546
-19.589285714066875
-19.58035714263829
-19.571428571209708
-19.562499999781124
-19.55357142835254
-19.544642856923957
-19.535714285495374
-19.52678571406679
-19.517857142638206
-19.508928571209623
-19.49999999978104
-19.491071428352456
-19.482142856923872
-19.47321428549529
-19.464285714066705
-19.45535714263812
-19.446428571209537
-19.437499999780954
-19.42857142835237
-19.419642856923787
-19.410714285495203
-19.40178571406662
-19.392857142638036
-19.383928571209452
-19.37499999978087
-19.366071428352285
-19.3571428569237
-19.348214285495118
-19.339285714066534
-19.33035714263795
-19.321428571209367
-19.312499999780783
-19.3035714283522
-19.294642856923616
-19.285714285495033
-19.27678571406645
-19.267857142637865
-19.25892857120928
-19.249999999780698
-19.241071428352114
-19.23214285692353
-19.223214285494947
-19.214285714066364
-19.20535714263778
-19.196428571209196
-19.187499999780613
-19.17857142835203
-19.169642856923446
-19.160714285494862
-19.15178571406628
-19.142857142637695
-19.13392857120911
-19.124999999780528
-19.116071428351944
-19.10714285692336
-19.098214285494777
-19.089285714066193
-19.08035714263761
-19.071428571209026
-19.062499999780442
-19.05357142835186
-19.044642856923275
-19.03571428549469
-19.026785714066108
-19.017857142637524
-19.00892857120894
-18.999999999780357
-18.991071428351773
-18.98214285692319
-18.973214285494606
-18.964285714066023
-18.95535714263744
-18.946428571208855
-18.93749999978027
-18.928571428351688
-18.919642856923105
-18.91071428549452
-18.901785714065937
-18.892857142637354
-18.88392857120877
-18.874999999780186
-18.866071428351603
-18.85714285692302
-18.848214285494436
-18.839285714065852
-18.83035714263727
-18.821428571208685
-18.8124999997801
-18.803571428351518
-18.794642856922934
-18.78571428549435
-18.776785714065767
-18.767857142637183
-18.7589285712086
-18.749999999780016
-18.741071428351432
-18.73214285692285
-18.723214285494265
-18.71428571406568
-18.705357142637098
-18.696428571208514
-18.68749999977993
-18.678571428351347
-18.669642856922763
-18.66071428549418
-18.651785714065596
-18.642857142637013
-18.63392857120843
-18.624999999779845
-18.616071428351262
-18.607142856922678
-18.598214285494095
-18.58928571406551
-18.580357142636927
-18.571428571208344
-18.56249999977976
-18.553571428351177
-18.544642856922593
-18.53571428549401
-18.526785714065426
-18.517857142636842
-18.50892857120826
-18.499999999779675
-18.49107142835109
-18.482142856922508
-18.473214285493924
-18.46428571406534
-18.455357142636757
-18.446428571208173
-18.43749999977959
-18.428571428351006
-18.419642856922422
-18.41071428549384
-18.401785714065255
-18.39285714263667
-18.383928571208088
-18.374999999779504
-18.36607142835092
-18.357142856922337
-18.348214285493754
-18.33928571406517
-18.330357142636586
-18.321428571208003
-18.31249999977942
-18.303571428350836
-18.294642856922252
-18.28571428549367
-18.276785714065085
-18.2678571426365
-18.258928571207917
-18.249999999779334
-18.24107142835075
-18.232142856922167
-18.223214285493583
-18.214285714065
-18.205357142636416
-18.196428571207832
-18.18749999977925
-18.178571428350665
-18.16964285692208
-18.160714285493498
-18.151785714064914
-18.14285714263633
-18.133928571207747
-18.124999999779163
-18.11607142835058
-18.107142856921996
-18.098214285493412
-18.08928571406483
-18.080357142636245
-18.07142857120766
-18.062499999779078
-18.053571428350494
-18.04464285692191
-18.035714285493327
-18.026785714064744
-18.01785714263616
-18.008928571207576
-17.999999999778993
-17.99107142835041
-17.982142856921826
-17.973214285493242
-17.96428571406466
-17.955357142636075
-17.94642857120749
-17.937499999778908
-17.928571428350324
-17.91964285692174
-17.910714285493157
-17.901785714064573
-17.89285714263599
-17.883928571207406
-17.874999999778822
-17.86607142835024
-17.857142856921655
-17.84821428549307
-17.839285714064488
-17.830357142635904
-17.82142857120732
-17.812499999778737
-17.803571428350153
-17.79464285692157
-17.785714285492986
-17.776785714064403
-17.76785714263582
-17.758928571207235
-17.74999999977865
-17.741071428350068
-17.732142856921485
-17.7232142854929
-17.714285714064317
-17.705357142635734
-17.69642857120715
-17.687499999778566
-17.678571428349983
-17.6696428569214
-17.660714285492816
-17.651785714064232
-17.64285714263565
-17.633928571207065
-17.62499999977848
-17.616071428349898
-17.607142856921314
-17.59821428549273
-17.589285714064147
-17.580357142635563
-17.57142857120698
-17.562499999778396
-17.553571428349812
-17.54464285692123
-17.535714285492645
-17.52678571406406
-17.517857142635478
-17.508928571206894
-17.49999999977831
-17.491071428349727
-17.482142856921143
-17.47321428549256
-17.464285714063976
-17.455357142635393
-17.44642857120681
-17.437499999778225
-17.428571428349642
-17.419642856921058
-17.410714285492475
-17.40178571406389
-17.392857142635307
-17.383928571206724
-17.37499999977814
-17.366071428349557
-17.357142856920973
-17.34821428549239
-17.339285714063806
-17.330357142635222
-17.32142857120664
-17.312499999778055
-17.30357142834947
-17.294642856920888
-17.285714285492304
-17.27678571406372
-17.267857142635137
-17.258928571206553
-17.24999999977797
-17.241071428349386
-17.232142856920802
-17.22321428549222
-17.214285714063635
-17.20535714263505
-17.196428571206468
-17.187499999777884
-17.1785714283493
-17.169642856920717
-17.160714285492134
-17.15178571406355
-17.142857142634966
-17.133928571206383
-17.1249999997778
-17.116071428349215
-17.107142856920632
-17.09821428549205
-17.089285714063465
-17.08035714263488
-17.071428571206297
-17.062499999777714
-17.05357142834913
-17.044642856920547
-17.035714285491963
-17.02678571406338
-17.017857142634796
-17.008928571206212
-16.99999999977763
-16.991071428349045
-16.98214285692046
-16.973214285491878
-16.964285714063294
-16.95535714263471
-16.946428571206127
-16.937499999777543
-16.92857142834896
-16.919642856920376
-16.910714285491792
-16.90178571406321
-16.892857142634625
-16.88392857120604
-16.874999999777458
-16.866071428348874
-16.85714285692029
-16.848214285491707
-16.839285714063124
-16.83035714263454
-16.821428571205956
-16.812499999777373
-16.80357142834879
-16.794642856920206
-16.785714285491622
-16.77678571406304
-16.767857142634455
-16.75892857120587
-16.749999999777287
-16.741071428348704
-16.73214285692012
-16.723214285491537
-16.714285714062953
-16.70535714263437
-16.696428571205786
-16.687499999777202
-16.67857142834862
-16.669642856920035
-16.66071428549145
-16.651785714062868
-16.642857142634284
-16.6339285712057
-16.624999999777117
-16.616071428348533
-16.60714285691995
-16.598214285491366
-16.589285714062783
-16.5803571426342
-16.571428571205615
-16.56249999977703
-16.553571428348448
-16.544642856919864
-16.53571428549128
-16.526785714062697
-16.517857142634114
-16.50892857120553
-16.499999999776946
-16.491071428348363
-16.48214285691978
-16.473214285491196
-16.464285714062612
-16.45535714263403
-16.446428571205445
-16.43749999977686
-16.428571428348278
-16.419642856919694
-16.41071428549111
-16.401785714062527
-16.392857142633943
-16.38392857120536
-16.374999999776776
-16.366071428348192
-16.35714285691961
-16.348214285491025
-16.33928571406244
-16.330357142633858
-16.321428571205274
-16.31249999977669
-16.303571428348107
-16.294642856919523
-16.28571428549094
-16.276785714062356
-16.267857142633773
-16.25892857120519
-16.249999999776605
-16.24107142834802
-16.232142856919438
-16.223214285490855
-16.21428571406227
-16.205357142633687
-16.196428571205104
-16.18749999977652
-16.178571428347936
-16.169642856919353
-16.16071428549077
-16.151785714062186
-16.142857142633602
-16.13392857120502
-16.124999999776435
-16.11607142834785
-16.107142856919268
-16.098214285490684
-16.0892857140621
-16.080357142633517
-16.071428571204933
-16.06249999977635
-16.053571428347766
-16.044642856919182
-16.0357142854906
-16.026785714062015
-16.01785714263343
-16.008928571204848
-15.999999999776264
-15.99107142834768
-15.982142856919097
-15.973214285490513
-15.96428571406193
-15.955357142633346
-15.946428571204763
-15.937499999776179
-15.928571428347595
-15.919642856919012
-15.910714285490428
-15.901785714061845
-15.892857142633261
-15.883928571204677
-15.874999999776094
-15.86607142834751
-15.857142856918927
-15.848214285490343
-15.83928571406176
-15.830357142633176
-15.821428571204592
-15.812499999776009
-15.803571428347425
-15.794642856918841
-15.785714285490258
-15.776785714061674
-15.76785714263309
-15.758928571204507
-15.749999999775923
-15.74107142834734
-15.732142856918756
-15.723214285490172
-15.714285714061589
-15.705357142633005
-15.696428571204422
-15.687499999775838
-15.678571428347254
-15.66964285691867
-15.660714285490087
-15.651785714061504
-15.64285714263292
-15.633928571204336
-15.624999999775753
-15.616071428347169
-15.607142856918585
-15.598214285490002
-15.589285714061418
-15.580357142632835
-15.571428571204251
-15.562499999775667
-15.553571428347084
-15.5446428569185
-15.535714285489917
-15.526785714061333
-15.51785714263275
-15.508928571204166
-15.499999999775582
-15.491071428346999
-15.482142856918415
-15.473214285489831
-15.464285714061248
-15.455357142632664
-15.44642857120408
-15.437499999775497
-15.428571428346913
-15.41964285691833
-15.410714285489746
-15.401785714061162
-15.392857142632579
-15.383928571203995
-15.374999999775412
-15.366071428346828
-15.357142856918244
-15.34821428548966
-15.339285714061077
-15.330357142632494
-15.32142857120391
-15.312499999775326
-15.303571428346743
-15.29464285691816
-15.285714285489576
-15.276785714060992
-15.267857142632408
-15.258928571203825
-15.249999999775241
-15.241071428346658
-15.232142856918074
-15.22321428548949
-15.214285714060907
-15.205357142632323
-15.19642857120374
-15.187499999775156
-15.178571428346572
-15.169642856917989
-15.160714285489405
-15.151785714060821
-15.142857142632238
-15.133928571203654
-15.12499999977507
-15.116071428346487
-15.107142856917903
-15.09821428548932
-15.089285714060736
-15.080357142632153
-15.071428571203569
-15.062499999774985
-15.053571428346402
-15.044642856917818
-15.035714285489234
-15.026785714060651
-15.017857142632067
-15.008928571203484
-14.9999999997749
-14.991071428346316
-14.982142856917733
-14.97321428548915
-14.964285714060566
-14.955357142631982
-14.946428571203398
-14.937499999774815
-14.928571428346231
-14.919642856917648
-14.910714285489064
-14.90178571406048
-14.892857142631897
-14.883928571203313
-14.87499999977473
-14.866071428346146
-14.857142856917562
-14.848214285488979
-14.839285714060395
-14.830357142631811
-14.821428571203228
-14.812499999774644
-14.80357142834606
-14.794642856917477
-14.785714285488893
-14.77678571406031
-14.767857142631726
-14.758928571203143
-14.749999999774559
-14.741071428345975
-14.732142856917392
-14.723214285488808
-14.714285714060225
-14.705357142631641
-14.696428571203057
-14.687499999774474
-14.67857142834589
-14.669642856917307
-14.660714285488723
-14.65178571406014
-14.642857142631556
-14.633928571202972
-14.624999999774388
-14.616071428345805
-14.607142856917221
-14.598214285488638
-14.589285714060054
-14.58035714263147
-14.571428571202887
-14.562499999774303
-14.55357142834572
-14.544642856917136
-14.535714285488552
-14.526785714059969
-14.517857142631385
-14.508928571202802
-14.499999999774218
-14.491071428345634
-14.48214285691705
-14.473214285488467
-14.464285714059884
-14.4553571426313
-14.446428571202716
-14.437499999774133
-14.428571428345549
-14.419642856916965
-14.410714285488382
-14.401785714059798
-14.392857142631215
-14.383928571202631
-14.374999999774047
-14.366071428345464
-14.35714285691688
-14.348214285488297
-14.339285714059713
-14.33035714263113
-14.321428571202546
-14.312499999773962
-14.303571428345379
-14.294642856916795
-14.285714285488211
-14.276785714059628
-14.267857142631044
-14.25892857120246
-14.249999999773877
-14.241071428345293
-14.23214285691671
-14.223214285488126
-14.214285714059542
-14.205357142630959
-14.196428571202375
-14.187499999773792
-14.178571428345208
-14.169642856916624
-14.16071428548804
-14.151785714059457
-14.142857142630874
-14.13392857120229
-14.124999999773706
-14.116071428345123
-14.10714285691654
-14.098214285487956
-14.089285714059372
-14.080357142630788
-14.071428571202205
-14.062499999773621
-14.053571428345037
-14.044642856916454
-14.03571428548787
-14.026785714059287
-14.017857142630703
-14.00892857120212
-13.999999999773536
-13.991071428344952
-13.982142856916369
-13.973214285487785
-13.964285714059201
-13.955357142630618
-13.946428571202034
-13.93749999977345
-13.928571428344867
-13.919642856916283
-13.9107142854877
-13.901785714059116
-13.892857142630533
-13.883928571201949
-13.874999999773365
-13.866071428344782
-13.857142856916198
-13.848214285487614
-13.83928571405903
-13.830357142630447
-13.821428571201864
-13.81249999977328
-13.803571428344696
-13.794642856916113
-13.78571428548753
-13.776785714058946
-13.767857142630362
-13.758928571201778
-13.749999999773195
-13.741071428344611
-13.732142856916028
-13.723214285487444
-13.71428571405886
-13.705357142630277
-13.696428571201693
-13.68749999977311
-13.678571428344526
-13.669642856915942
-13.660714285487359
-13.651785714058775
-13.642857142630191
-13.633928571201608
-13.624999999773024
-13.61607142834444
-13.607142856915857
-13.598214285487273
-13.58928571405869
-13.580357142630106
-13.571428571201523
-13.562499999772939
-13.553571428344355
-13.544642856915772
-13.535714285487188
-13.526785714058605
-13.517857142630021
-13.508928571201437
-13.499999999772854
-13.49107142834427
-13.482142856915686
-13.473214285487103
-13.46428571405852
-13.455357142629936
-13.446428571201352
-13.437499999772768
-13.428571428344185
-13.419642856915601
-13.410714285487018
-13.401785714058434
-13.39285714262985
-13.383928571201267
-13.374999999772683
-13.3660714283441
-13.357142856915516
-13.348214285486932
-13.339285714058349
-13.330357142629765
-13.321428571201182
-13.312499999772598
-13.303571428344014
-13.29464285691543
-13.285714285486847
-13.276785714058263
-13.26785714262968
-13.258928571201096
-13.249999999772513
-13.241071428343929
-13.232142856915345
-13.223214285486762
-13.214285714058178
-13.205357142629595
-13.196428571201011
-13.187499999772427
-13.178571428343844
-13.16964285691526
-13.160714285486677
-13.151785714058093
-13.14285714262951
-13.133928571200926
-13.124999999772342
-13.116071428343758
-13.107142856915175
-13.098214285486591
-13.089285714058008
-13.080357142629424
-13.07142857120084
-13.062499999772257
-13.053571428343673
-13.04464285691509
-13.035714285486506
-13.026785714057922
-13.017857142629339
-13.008928571200755
-12.999999999772172
-12.991071428343588
-12.982142856915004
-12.97321428548642
-12.964285714057837
-12.955357142629254
-12.94642857120067
-12.937499999772086
-12.928571428343503
-12.919642856914919
-12.910714285486335
-12.901785714057752
-12.892857142629168
-12.883928571200585
-12.874999999772001
-12.866071428343417
-12.857142856914834
-12.84821428548625
-12.839285714057667
-12.830357142629083
-12.8214285712005
-12.812499999771916
-12.803571428343332
-12.794642856914749
-12.785714285486165
-12.776785714057581
-12.767857142628998
-12.758928571200414
-12.74999999977183
-12.741071428343247
-12.732142856914663
-12.72321428548608
-12.714285714057496
-12.705357142628912
-12.696428571200329
-12.687499999771745
-12.678571428343162
-12.669642856914578
-12.660714285485994
-12.65178571405741
-12.642857142628827
-12.633928571200244
-12.62499999977166
-12.616071428343076
-12.607142856914493
-12.59821428548591
-12.589285714057326
-12.580357142628742
-12.571428571200158
-12.562499999771575
-12.553571428342991
-12.544642856914408
-12.535714285485824
-12.52678571405724
-12.517857142628657
-12.508928571200073
-12.49999999977149
-12.491071428342906
-12.482142856914322
-12.473214285485739
-12.464285714057155
-12.455357142628571
-12.446428571199988
-12.437499999771404
-12.42857142834282
-12.419642856914237
-12.410714285485653
-12.40178571405707
-12.392857142628486
-12.383928571199903
-12.374999999771319
-12.366071428342735
-12.357142856914152
-12.348214285485568
-12.339285714056984
-12.3303571426284
-12.321428571199817
-12.312499999771234
-12.30357142834265
-12.294642856914066
-12.285714285485483
-12.2767857140569
-12.267857142628316
-12.258928571199732
-12.249999999771148
-12.241071428342565
-12.232142856913981
-12.223214285485398
-12.214285714056814
-12.20535714262823
-12.196428571199647
-12.187499999771063
-12.17857142834248
-12.169642856913896
-12.160714285485312
-12.151785714056729
-12.142857142628145
-12.133928571199561
-12.124999999770978
-12.116071428342394
-12.10714285691381
-12.098214285485227
-12.089285714056643
-12.08035714262806
-12.071428571199476
-12.062499999770893
-12.053571428342309
-12.044642856913725
-12.035714285485142
-12.026785714056558
-12.017857142627975
-12.008928571199391
-11.999999999770807
-11.991071428342224
-11.98214285691364
-11.973214285485057
-11.964285714056473
-11.95535714262789
-11.946428571199306
-11.937499999770722
-11.928571428342138
-11.919642856913555
-11.910714285484971
-11.901785714056388
-11.892857142627804
-11.88392857119922
-11.874999999770637
-11.866071428342053
-11.85714285691347
-11.848214285484886
-11.839285714056302
-11.830357142627719
-11.821428571199135
-11.812499999770552
-11.803571428341968
-11.794642856913384
-11.7857142854848
-11.776785714056217
-11.767857142627633
-11.75892857119905
-11.749999999770466
-11.741071428341883
-11.732142856913299
-11.723214285484715
-11.714285714056132
-11.705357142627548
-11.696428571198965
-11.687499999770381
-11.678571428341797
-11.669642856913214
-11.66071428548463
-11.651785714056047
-11.642857142627463
-11.63392857119888
-11.624999999770296
-11.616071428341712
-11.607142856913129
-11.598214285484545
-11.589285714055961
-11.580357142627378
-11.571428571198794
-11.56249999977021
-11.553571428341627
-11.544642856913043
-11.53571428548446
-11.526785714055876
-11.517857142627292
-11.508928571198709
-11.499999999770125
-11.491071428341542
-11.482142856912958
-11.473214285484374
-11.46428571405579
-11.455357142627207
-11.446428571198624
-11.43749999977004
-11.428571428341456
-11.419642856912873
-11.41071428548429
-11.401785714055706
-11.392857142627122
-11.383928571198538
-11.374999999769955
-11.366071428341371
-11.357142856912787
-11.348214285484204
-11.33928571405562
-11.330357142627037
-11.321428571198453
-11.31249999976987
-11.303571428341286
-11.294642856912702
-11.285714285484119
-11.276785714055535
-11.267857142626951
-11.258928571198368
-11.249999999769784
-11.2410714283412
-11.232142856912617
-11.223214285484033
-11.21428571405545
-11.205357142626866
-11.196428571198282
-11.187499999769699
-11.178571428341115
-11.169642856912532
-11.160714285483948
-11.151785714055364
-11.14285714262678
-11.133928571198197
-11.124999999769614
-11.11607142834103
-11.107142856912446
-11.098214285483863
-11.08928571405528
-11.080357142626696
-11.071428571198112
-11.062499999769528
-11.053571428340945
-11.044642856912361
-11.035714285483778
-11.026785714055194
-11.01785714262661
-11.008928571198027
-10.999999999769443
-10.99107142834086
-10.982142856912276
-10.973214285483692
-10.964285714055109
-10.955357142626525
-10.946428571197941
-10.937499999769358
-10.928571428340774
-10.91964285691219
-10.910714285483607
-10.901785714055023
-10.89285714262644
-10.883928571197856
-10.874999999769273
-10.866071428340689
-10.857142856912105
-10.848214285483522
-10.839285714054938
-10.830357142626355
-10.821428571197771
-10.812499999769187
-10.803571428340604
-10.79464285691202
-10.785714285483436
-10.776785714054853
-10.76785714262627
-10.758928571197686
-10.749999999769102
-10.741071428340518
-10.732142856911935
-10.723214285483351
-10.714285714054768
-10.705357142626184
-10.6964285711976
-10.687499999769017
-10.678571428340433
-10.66964285691185
-10.660714285483266
-10.651785714054682
-10.642857142626099
-10.633928571197515
-10.624999999768932
-10.616071428340348
-10.607142856911764
-10.59821428548318
-10.589285714054597
-10.580357142626013
-10.57142857119743
-10.562499999768846
-10.553571428340263
-10.544642856911679
-10.535714285483095
-10.526785714054512
-10.517857142625928
-10.508928571197345
-10.499999999768761
-10.491071428340177
-10.482142856911594
-10.47321428548301
-10.464285714054427
-10.455357142625843
-10.44642857119726
-10.437499999768676
-10.428571428340092
-10.419642856911508
-10.410714285482925
-10.401785714054341
-10.392857142625758
-10.383928571197174
-10.37499999976859
-10.366071428340007
-10.357142856911423
-10.34821428548284
-10.339285714054256
-10.330357142625672
-10.321428571197089
-10.312499999768505
-10.303571428339922
-10.294642856911338
-10.285714285482754
-10.27678571405417
-10.267857142625587
-10.258928571197004
-10.24999999976842
-10.241071428339836
-10.232142856911253
-10.223214285482669
-10.214285714054085
-10.205357142625502
-10.196428571196918
-10.187499999768335
-10.178571428339751
-10.169642856911167
-10.160714285482584
-10.151785714054
-10.142857142625417
-10.133928571196833
-10.12499999976825
-10.116071428339666
-10.107142856911082
-10.098214285482499
-10.089285714053915
-10.080357142625331
-10.071428571196748
-10.062499999768164
-10.05357142833958
-10.044642856910997
-10.035714285482413
-10.02678571405383
-10.017857142625246
-10.008928571196662
-9.999999999768079
-9.991071428339495
-9.982142856910912
-9.973214285482328
-9.964285714053744
-9.95535714262516
-9.946428571196577
-9.937499999767994
-9.92857142833941
-9.919642856910826
-9.910714285482243
-9.90178571405366
-9.892857142625076
-9.883928571196492
-9.874999999767908
-9.866071428339325
-9.857142856910741
-9.848214285482157
-9.839285714053574
-9.83035714262499
-9.821428571196407
-9.812499999767823
-9.80357142833924
-9.794642856910656
-9.785714285482072
-9.776785714053489
-9.767857142624905
-9.758928571196321
-9.749999999767738
-9.741071428339154
-9.73214285691057
-9.723214285481987
-9.714285714053403
-9.70535714262482
-9.696428571196236
-9.687499999767653
-9.678571428339069
-9.669642856910485
-9.660714285481902
-9.651785714053318
-9.642857142624734
-9.63392857119615
-9.624999999767567
-9.616071428338984
-9.6071428569104
-9.598214285481816
-9.589285714053233
-9.58035714262465
-9.571428571196066
-9.562499999767482
-9.553571428338898
-9.544642856910315
-9.535714285481731
-9.526785714053148
-9.517857142624564
-9.50892857119598
-9.499999999767397
-9.491071428338813
-9.48214285691023
-9.473214285481646
-9.464285714053062
-9.455357142624479
-9.446428571195895
-9.437499999767311
-9.428571428338728
-9.419642856910144
-9.41071428548156
-9.401785714052977
-9.392857142624393
-9.38392857119581
-9.374999999767226
-9.366071428338643
-9.357142856910059
-9.348214285481475
-9.339285714052892
-9.330357142624308
-9.321428571195725
-9.312499999767141
-9.303571428338557
-9.294642856909974
-9.28571428548139
-9.276785714052806
-9.267857142624223
-9.25892857119564
-9.249999999767056
-9.241071428338472
-9.232142856909888
-9.223214285481305
-9.214285714052721
-9.205357142624138
-9.196428571195554
-9.18749999976697
-9.178571428338387
-9.169642856909803
-9.16071428548122
-9.151785714052636
-9.142857142624052
-9.133928571195469
-9.124999999766885
-9.116071428338302
-9.107142856909718
-9.098214285481134
-9.08928571405255
-9.080357142623967
-9.071428571195383
-9.0624999997668
-9.053571428338216
-9.044642856909633
-9.035714285481049
-9.026785714052465
-9.017857142623882
-9.008928571195298
-8.999999999766715
-8.991071428338131
-8.982142856909547
-8.973214285480964
-8.96428571405238
-8.955357142623797
-8.946428571195213
-8.93749999976663
-8.928571428338046
-8.919642856909462
-8.910714285480879
-8.901785714052295
-8.892857142623711
-8.883928571195128
-8.874999999766544
-8.86607142833796
-8.857142856909377
-8.848214285480793
-8.83928571405221
-8.830357142623626
-8.821428571195042
-8.812499999766459
-8.803571428337875
-8.794642856909292
-8.785714285480708
-8.776785714052124
-8.76785714262354
-8.758928571194957
-8.749999999766374
-8.74107142833779
-8.732142856909206
-8.723214285480623
-8.714285714052039
-8.705357142623456
-8.696428571194872
-8.687499999766288
-8.678571428337705
-8.669642856909121
-8.660714285480537
-8.651785714051954
-8.64285714262337
-8.633928571194787
-8.624999999766203
-8.61607142833762
-8.607142856909036
-8.598214285480452
-8.589285714051869
-8.580357142623285
-8.571428571194701
-8.562499999766118
-8.553571428337534
-8.54464285690895
-8.535714285480367
-8.526785714051783
-8.5178571426232
-8.508928571194616
-8.499999999766032
-8.491071428337449
-8.482142856908865
-8.473214285480282
-8.464285714051698
-8.455357142623114
-8.44642857119453
-8.437499999765947
-8.428571428337364
-8.41964285690878
-8.410714285480196
-8.401785714051613
-8.39285714262303
-8.383928571194446
-8.374999999765862
-8.366071428337278
-8.357142856908695
-8.348214285480111
-8.339285714051528
-8.330357142622944
-8.32142857119436
-8.312499999765777
-8.303571428337193
-8.29464285690861
-8.285714285480026
-8.276785714051442
-8.267857142622859
-8.258928571194275
-8.249999999765691
-8.241071428337108
-8.232142856908524
-8.22321428547994
-8.214285714051357
-8.205357142622773
-8.19642857119419
-8.187499999765606
-8.178571428337023
-8.169642856908439
-8.160714285479855
-8.151785714051272
-8.142857142622688
-8.133928571194105
-8.124999999765521
-8.116071428336937
-8.107142856908354
-8.09821428547977
-8.089285714051186
-8.080357142622603
-8.07142857119402
-8.062499999765436
-8.053571428336852
-8.044642856908268
-8.035714285479685
-8.026785714051101
-8.017857142622518
-8.008928571193934
-7.99999999976535
-7.991071428336767
-7.982142856908183
-7.9732142854795995
-7.964285714051016
-7.955357142622432
-7.946428571193849
-7.937499999765265
-7.9285714283366815
-7.919642856908098
-7.910714285479514
-7.901785714050931
-7.892857142622347
-7.8839285711937634
-7.87499999976518
-7.866071428336596
-7.857142856908013
-7.848214285479429
-7.839285714050845
-7.830357142622262
-7.821428571193678
-7.812499999765095
-7.803571428336511
-7.794642856907927
-7.785714285479344
-7.77678571405076
-7.7678571426221765
-7.758928571193593
-7.749999999765009
-7.741071428336426
-7.732142856907842
-7.7232142854792585
-7.714285714050675
-7.705357142622091
-7.696428571193508
-7.687499999764924
-7.67857142833634
-7.669642856907757
-7.660714285479173
-7.65178571405059
-7.642857142622006
-7.633928571193422
-7.624999999764839
-7.616071428336255
-7.607142856907672
-7.598214285479088
-7.589285714050504
-7.580357142621921
-7.571428571193337
-7.5624999997647535
-7.55357142833617
-7.544642856907586
-7.535714285479003
-7.526785714050419
-7.5178571426218355
-7.508928571193252
-7.499999999764668
-7.491071428336085
-7.482142856907501
-7.473214285478917
-7.464285714050334
-7.45535714262175
-7.446428571193167
-7.437499999764583
-7.428571428335999
-7.419642856907416
-7.410714285478832
-7.4017857140502485
-7.392857142621665
-7.383928571193081
-7.374999999764498
-7.366071428335914
-7.3571428569073305
-7.348214285478747
-7.339285714050163
-7.33035714262158
-7.321428571192996
-7.3124999997644125
-7.303571428335829
-7.294642856907245
-7.285714285478662
-7.276785714050078
-7.267857142621494
-7.258928571192911
-7.249999999764327
-7.241071428335744
-7.23214285690716
-7.223214285478576
-7.214285714049993
-7.205357142621409
-7.1964285711928255
-7.187499999764242
-7.178571428335658
-7.169642856907075
-7.160714285478491
-7.1517857140499075
-7.142857142621324
-7.13392857119274
-7.124999999764157
-7.116071428335573
-7.107142856906989
-7.098214285478406
-7.089285714049822
-7.080357142621239
-7.071428571192655
-7.062499999764071
-7.053571428335488
-7.044642856906904
-7.035714285478321
-7.026785714049737
-7.017857142621153
-7.00892857119257
-6.999999999763986
-6.9910714283354025
-6.982142856906819
-6.973214285478235
-6.964285714049652
-6.955357142621068
-6.9464285711924845
-6.937499999763901
-6.928571428335317
-6.919642856906734
-6.91071428547815
-6.901785714049566
-6.892857142620983
-6.883928571192399
-6.874999999763816
-6.866071428335232
-6.857142856906648
-6.848214285478065
-6.839285714049481
-6.8303571426208975
-6.821428571192314
-6.81249999976373
-6.803571428335147
-6.794642856906563
-6.7857142854779795
-6.776785714049396
-6.767857142620812
-6.758928571192229
-6.749999999763645
-6.7410714283350615
-6.732142856906478
-6.723214285477894
-6.714285714049311
-6.705357142620727
-6.696428571192143
-6.68749999976356
-6.678571428334976
-6.669642856906393
-6.660714285477809
-6.651785714049225
-6.642857142620642
-6.633928571192058
-6.6249999997634745
-6.616071428334891
-6.607142856906307
-6.598214285477724
-6.58928571404914
-6.5803571426205565
-6.571428571191973
-6.562499999763389
-6.553571428334806
-6.544642856906222
-6.535714285477638
-6.526785714049055
-6.517857142620471
-6.508928571191888
-6.499999999763304
-6.49107142833472
-6.482142856906137
-6.473214285477553
-6.46428571404897
-6.455357142620386
-6.446428571191802
-6.437499999763219
-6.428571428334635
-6.4196428569060515
-6.410714285477468
-6.401785714048884
-6.392857142620301
-6.383928571191717
-6.3749999997631335
-6.36607142833455
-6.357142856905966
-6.348214285477383
-6.339285714048799
-6.330357142620215
-6.321428571191632
-6.312499999763048
-6.303571428334465
-6.294642856905881
-6.285714285477297
-6.276785714048714
-6.26785714262013
-6.2589285711915466
-6.249999999762963
-6.241071428334379
-6.232142856905796
-6.223214285477212
-6.2142857140486285
-6.205357142620045
-6.196428571191461
-6.187499999762878
-6.178571428334294
-6.1696428569057105
-6.160714285477127
-6.151785714048543
-6.14285714261996
-6.133928571191376
-6.124999999762792
-6.116071428334209
-6.107142856905625
-6.098214285477042
-6.089285714048458
-6.080357142619874
-6.071428571191291
-6.062499999762707
-6.0535714283341235
-6.04464285690554
-6.035714285476956
-6.026785714048373
-6.017857142619789
-6.0089285711912055
-5.999999999762622
-5.991071428334038
-5.982142856905455
-5.973214285476871
-5.9642857140482874
-5.955357142619704
-5.94642857119112
-5.937499999762537
-5.928571428333953
-5.919642856905369
-5.910714285476786
-5.901785714048202
-5.892857142619619
-5.883928571191035
-5.874999999762451
-5.866071428333868
-5.857142856905284
-5.8482142854767005
-5.839285714048117
-5.830357142619533
-5.82142857119095
-5.812499999762366
-5.8035714283337825
-5.794642856905199
-5.785714285476615
-5.776785714048032
-5.767857142619448
-5.758928571190864
-5.749999999762281
-5.741071428333697
-5.732142856905114
-5.72321428547653
-5.714285714047946
-5.705357142619363
-5.696428571190779
-5.687499999762196
-5.678571428333612
-5.669642856905028
-5.660714285476445
-5.651785714047861
-5.6428571426192775
-5.633928571190694
-5.62499999976211
-5.616071428333527
-5.607142856904943
-5.5982142854763595
-5.589285714047776
-5.580357142619192
-5.571428571190609
-5.562499999762025
-5.553571428333441
-5.544642856904858
-5.535714285476274
-5.526785714047691
-5.517857142619107
-5.508928571190523
-5.49999999976194
-5.491071428333356
-5.4821428569047725
-5.473214285476189
-5.464285714047605
-5.455357142619022
-5.446428571190438
-5.4374999997618545
-5.428571428333271
-5.419642856904687
-5.410714285476104
-5.40178571404752
-5.3928571426189365
-5.383928571190353
-5.374999999761769
-5.366071428333186
-5.357142856904602
-5.348214285476018
-5.339285714047435
-5.330357142618851
-5.321428571190268
-5.312499999761684
-5.3035714283331
-5.294642856904517
-5.285714285475933
-5.2767857140473495
-5.267857142618766
-5.258928571190182
-5.249999999761599
-5.241071428333015
-5.2321428569044315
-5.223214285475848
-5.214285714047264
-5.205357142618681
-5.196428571190097
-5.187499999761513
-5.17857142833293
-5.169642856904346
-5.160714285475763
-5.151785714047179
-5.142857142618595
-5.133928571190012
-5.124999999761428
-5.116071428332845
-5.107142856904261
-5.098214285475677
-5.089285714047094
-5.08035714261851
-5.0714285711899265
-5.062499999761343
-5.053571428332759
-5.044642856904176
-5.035714285475592
-5.0267857140470085
-5.017857142618425
-5.008928571189841
-4.999999999761258
-4.991071428332674
-4.98214285690409
-4.973214285475507
-4.964285714046923
-4.95535714261834
-4.946428571189756
-4.937499999761172
-4.928571428332589
-4.919642856904005
-4.9107142854754215
-4.901785714046838
-4.892857142618254
-4.883928571189671
-4.874999999761087
-4.8660714283325035
-4.85714285690392
-4.848214285475336
-4.839285714046753
-4.830357142618169
-4.8214285711895855
-4.812499999761002
-4.803571428332418
-4.794642856903835
-4.785714285475251
-4.776785714046667
-4.767857142618084
-4.7589285711895
-4.749999999760917
-4.741071428332333
-4.732142856903749
-4.723214285475166
-4.714285714046582
-4.7053571426179985
-4.696428571189415
-4.687499999760831
-4.678571428332248
-4.669642856903664
-4.6607142854750805
-4.651785714046497
-4.642857142617913
-4.63392857118933
-4.624999999760746
-4.616071428332162
-4.607142856903579
-4.598214285474995
-4.589285714046412
-4.580357142617828
-4.571428571189244
-4.562499999760661
-4.553571428332077
-4.544642856903494
-4.53571428547491
-4.526785714046326
-4.517857142617743
-4.508928571189159
-4.4999999997605755
-4.491071428331992
-4.482142856903408
-4.473214285474825
-4.464285714046241
-4.4553571426176575
-4.446428571189074
-4.43749999976049
-4.428571428331907
-4.419642856903323
-4.410714285474739
-4.401785714046156
-4.392857142617572
-4.383928571188989
-4.374999999760405
-4.366071428331821
-4.357142856903238
-4.348214285474654
-4.3392857140460706
-4.330357142617487
-4.321428571188903
-4.31249999976032
-4.303571428331736
-4.2946428569031525
-4.285714285474569
-4.276785714045985
-4.267857142617402
-4.258928571188818
-4.2499999997602345
-4.241071428331651
-4.232142856903067
-4.223214285474484
-4.2142857140459
-4.205357142617316
-4.196428571188733
-4.187499999760149
-4.178571428331566
-4.169642856902982
-4.160714285474398
-4.151785714045815
-4.142857142617231
-4.1339285711886475
-4.124999999760064
-4.11607142833148
-4.107142856902897
-4.098214285474313
-4.0892857140457295
-4.080357142617146
-4.071428571188562
-4.062499999759979
-4.053571428331395
-4.0446428569028114
-4.035714285474228
-4.026785714045644
-4.017857142617061
-4.008928571188477
-3.9999999997598934
-3.99107142833131
-3.982142856902726
-3.9732142854741426
-3.964285714045559
-3.9553571426169754
-3.9464285711883917
-3.937499999759808
-3.9285714283312245
-3.919642856902641
-3.9107142854740573
-3.9017857140454737
-3.89285714261689
-3.8839285711883065
-3.874999999759723
-3.8660714283311393
-3.8571428569025556
-3.848214285473972
-3.8392857140453884
-3.830357142616805
-3.821428571188221
-3.8124999997596376
-3.803571428331054
-3.7946428569024704
-3.7857142854738868
-3.776785714045303
-3.7678571426167196
-3.758928571188136
-3.7499999997595523
-3.7410714283309687
-3.732142856902385
-3.7232142854738015
-3.714285714045218
-3.7053571426166343
-3.6964285711880507
-3.687499999759467
-3.6785714283308835
-3.6696428569023
-3.6607142854737162
-3.6517857140451326
-3.642857142616549
-3.6339285711879654
-3.624999999759382
-3.616071428330798
-3.6071428569022146
-3.598214285473631
-3.5892857140450474
-3.5803571426164638
-3.57142857118788
-3.5624999997592965
-3.553571428330713
-3.5446428569021293
-3.5357142854735457
-3.526785714044962
-3.5178571426163785
-3.508928571187795
-3.4999999997592113
-3.4910714283306277
-3.482142856902044
-3.4732142854734604
-3.464285714044877
-3.4553571426162932
-3.4464285711877096
-3.437499999759126
-3.4285714283305424
-3.419642856901959
-3.410714285473375
-3.4017857140447916
-3.392857142616208
-3.3839285711876244
-3.3749999997590407
-3.366071428330457
-3.3571428569018735
-3.34821428547329
-3.3392857140447063
-3.3303571426161227
-3.321428571187539
-3.3124999997589555
-3.303571428330372
-3.2946428569017883
-3.2857142854732047
-3.276785714044621
-3.2678571426160374
-3.258928571187454
-3.24999999975887
-3.2410714283302866
-3.232142856901703
-3.2232142854731194
-3.214285714044536
-3.205357142615952
-3.1964285711873686
-3.187499999758785
-3.1785714283302013
-3.1696428569016177
-3.160714285473034
-3.1517857140444505
-3.142857142615867
-3.1339285711872833
-3.1249999997586997
-3.116071428330116
-3.1071428569015325
-3.098214285472949
-3.0892857140443652
-3.0803571426157816
-3.071428571187198
-3.0624999997586144
-3.053571428330031
-3.044642856901447
-3.0357142854728636
-3.02678571404428
-3.0178571426156964
-3.0089285711871128
-2.999999999758529
-2.9910714283299455
-2.982142856901362
-2.9732142854727783
-2.9642857140441947
-2.955357142615611
-2.9464285711870275
-2.937499999758444
-2.9285714283298603
-2.9196428569012767
-2.910714285472693
-2.9017857140441095
-2.892857142615526
-2.8839285711869422
-2.8749999997583586
-2.866071428329775
-2.8571428569011914
-2.848214285472608
-2.839285714044024
-2.8303571426154406
-2.821428571186857
-2.8124999997582734
-2.8035714283296898
-2.794642856901106
-2.7857142854725225
-2.776785714043939
-2.7678571426153553
-2.7589285711867717
-2.749999999758188
-2.7410714283296045
-2.732142856901021
-2.7232142854724373
-2.7142857140438537
-2.70535714261527
-2.6964285711866864
-2.687499999758103
-2.678571428329519
-2.6696428569009356
-2.660714285472352
-2.6517857140437684
-2.642857142615185
-2.633928571186601
-2.6249999997580176
-2.616071428329434
-2.6071428569008503
-2.5982142854722667
-2.589285714043683
-2.5803571426150995
-2.571428571186516
-2.5624999997579323
-2.5535714283293487
-2.544642856900765
-2.5357142854721815
-2.526785714043598
-2.5178571426150143
-2.5089285711864306
-2.499999999757847
-2.4910714283292634
-2.48214285690068
-2.473214285472096
-2.4642857140435126
-2.455357142614929
-2.4464285711863454
-2.4374999997577618
-2.428571428329178
-2.4196428569005946
-2.410714285472011
-2.4017857140434273
-2.3928571426148437
-2.38392857118626
-2.3749999997576765
-2.366071428329093
-2.3571428569005093
-2.3482142854719257
-2.339285714043342
-2.3303571426147585
-2.321428571186175
-2.3124999997575912
-2.3035714283290076
-2.294642856900424
-2.2857142854718404
-2.276785714043257
-2.267857142614673
-2.2589285711860896
-2.249999999757506
-2.2410714283289224
-2.2321428569003388
-2.223214285471755
-2.2142857140431715
-2.205357142614588
-2.1964285711860043
-2.1874999997574207
-2.178571428328837
-2.1696428569002535
-2.16071428547167
-2.1517857140430863
-2.1428571426145027
-2.133928571185919
-2.1249999997573354
-2.116071428328752
-2.1071428569001682
-2.0982142854715846
-2.089285714043001
-2.0803571426144174
-2.071428571185834
-2.06249999975725
-2.0535714283286666
-2.044642856900083
-2.0357142854714994
-2.0267857140429157
-2.017857142614332
-2.0089285711857485
-1.999999999757165
-1.9910714283285813
-1.9821428568999977
-1.973214285471414
-1.9642857140428305
-1.9553571426142469
-1.9464285711856633
-1.9374999997570796
-1.928571428328496
-1.9196428568999124
-1.9107142854713288
-1.9017857140427452
-1.8928571426141616
-1.883928571185578
-1.8749999997569944
-1.8660714283284108
-1.8571428568998272
-1.8482142854712436
-1.83928571404266
-1.8303571426140763
-1.8214285711854927
-1.8124999997569091
-1.8035714283283255
-1.794642856899742
-1.7857142854711583
-1.7767857140425747
-1.767857142613991
-1.7589285711854075
-1.7499999997568239
-1.7410714283282402
-1.7321428568996566
-1.723214285471073
-1.7142857140424894
-1.7053571426139058
-1.6964285711853222
-1.6874999997567386
-1.678571428328155
-1.6696428568995714
-1.6607142854709878
-1.6517857140424042
-1.6428571426138205
-1.633928571185237
-1.6249999997566533
-1.6160714283280697
-1.607142856899486
-1.5982142854709025
-1.5892857140423189
-1.5803571426137353
-1.5714285711851517
-1.562499999756568
-1.5535714283279844
-1.5446428568994008
-1.5357142854708172
-1.5267857140422336
-1.51785714261365
-1.5089285711850664
-1.4999999997564828
-1.4910714283278992
-1.4821428568993156
-1.473214285470732
-1.4642857140421484
-1.4553571426135647
-1.4464285711849811
-1.4374999997563975
-1.428571428327814
-1.4196428568992303
-1.4107142854706467
-1.401785714042063
-1.3928571426134795
-1.3839285711848959
-1.3749999997563123
-1.3660714283277287
-1.357142856899145
-1.3482142854705614
-1.3392857140419778
-1.3303571426133942
-1.3214285711848106
-1.312499999756227
-1.3035714283276434
-1.2946428568990598
-1.2857142854704762
-1.2767857140418926
-1.267857142613309
-1.2589285711847253
-1.2499999997561417
-1.2410714283275581
-1.2321428568989745
-1.223214285470391
-1.2142857140418073
-1.2053571426132237
-1.19642857118464
-1.1874999997560565
-1.1785714283274729
-1.1696428568988892
-1.1607142854703056
-1.151785714041722
-1.1428571426131384
-1.1339285711845548
-1.1249999997559712
-1.1160714283273876
-1.107142856898804
-1.0982142854702204
-1.0892857140416368
-1.0803571426130532
-1.0714285711844695
-1.062499999755886
-1.0535714283273023
-1.0446428568987187
-1.035714285470135
-1.0267857140415515
-1.017857142612968
-1.0089285711843843
-0.9999999997558007
-0.9910714283272171
-0.9821428568986335
-0.9732142854700498
-0.9642857140414662
-0.9553571426128826
-0.946428571184299
-0.9374999997557154
-0.9285714283271318
-0.9196428568985482
-0.9107142854699646
-0.901785714041381
-0.8928571426127974
-0.8839285711842138
-0.8749999997556301
-0.8660714283270465
-0.8571428568984629
-0.8482142854698793
-0.8392857140412957
-0.8303571426127121
-0.8214285711841285
-0.8124999997555449
-0.8035714283269613
-0.7946428568983777
-0.785714285469794
-0.7767857140412104
-0.7678571426126268
-0.7589285711840432
-0.7499999997554596
-0.741071428326876
-0.7321428568982924
-0.7232142854697088
-0.7142857140411252
-0.7053571426125416
-0.696428571183958
-0.6874999997553743
-0.6785714283267907
-0.6696428568982071
-0.6607142854696235
-0.6517857140410399
-0.6428571426124563
-0.6339285711838727
-0.6249999997552891
-0.6160714283267055
-0.6071428568981219
-0.5982142854695383
-0.5892857140409546
-0.580357142612371
-0.5714285711837874
-0.5624999997552038
-0.5535714283266202
-0.5446428568980366
-0.535714285469453
-0.5267857140408694
-0.5178571426122858
-0.5089285711837022
-0.49999999975511855
-0.49107142832653494
-0.48214285689795133
-0.4732142854693677
-0.4642857140407841
-0.4553571426122005
-0.4464285711836169
-0.4374999997550333
-0.4285714283264497
-0.41964285689786607
-0.41071428546928246
-0.40178571404069885
-0.39285714261211524
-0.38392857118353163
-0.374999999754948
-0.3660714283263644
-0.3571428568977808
-0.3482142854691972
-0.3392857140406136
-0.33035714261203
-0.32142857118344637
-0.31249999975486276
-0.30357142832627915
-0.29464285689769554
-0.28571428546911193
-0.2767857140405283
-0.2678571426119447
-0.2589285711833611
-0.2499999997547775
-0.24107142832619388
-0.23214285689761027
-0.22321428546902666
-0.21428571404044305
-0.20535714261185944
-0.19642857118327584
-0.18749999975469223
-0.17857142832610862
-0.169642856897525
-0.1607142854689414
-0.1517857140403578
-0.14285714261177418
-0.13392857118319057
-0.12499999975460696
-0.11607142832602335
-0.10714285689743974
-0.09821428546885613
-0.08928571404027252
-0.08035714261168891
-0.0714285711831053
-0.062499999754521696
-0.053571428325938086
-0.04464285689735448
-0.03571428546877087
-0.02678571404018726
-0.01785714261160365
-0.00892857118302004
2.455635694786906E-10
0.008928571674147179
0.017857143102730788
0.026785714531314397
0.03571428595989801
0.044642857388481616
0.053571428817065225
0.06250000024564883
0.07142857167423244
0.08035714310281605
0.08928571453139966
0.09821428595998327
0.10714285738856688
0.11607142881715049
0.1250000002457341
0.1339285716743177
0.14285714310290132
0.15178571453148493
0.16071428596006854
0.16964285738865215
0.17857142881723576
0.18750000024581936
0.19642857167440297
0.20535714310298658
0.2142857145315702
0.2232142859601538
0.2321428573887374
0.24107142881732102
0.25000000024590463
0.25892857167448824
0.26785714310307185
0.27678571453165546
0.28571428596023907
0.2946428573888227
0.3035714288174063
0.3125000002459899
0.3214285716745735
0.3303571431031571
0.3392857145317407
0.34821428596032433
0.35714285738890794
0.36607142881749155
0.37500000024607516
0.38392857167465877
0.3928571431032424
0.401785714531826
0.4107142859604096
0.4196428573889932
0.4285714288175768
0.4375000002461604
0.44642857167474403
0.45535714310332764
0.46428571453191125
0.47321428596049486
0.48214285738907847
0.4910714288176621
0.5000000002462457
0.5089285716748293
0.5178571431034129
0.5267857145319965
0.5357142859605801
0.5446428573891637
0.5535714288177473
0.562500000246331
0.5714285716749146
0.5803571431034982
0.5892857145320818
0.5982142859606654
0.607142857389249
0.6160714288178326
0.6250000002464162
0.6339285716749998
0.6428571431035834
0.651785714532167
0.6607142859607507
0.6696428573893343
0.6785714288179179
0.6875000002465015
0.6964285716750851
0.7053571431036687
0.7142857145322523
0.7232142859608359
0.7321428573894195
0.7410714288180031
0.7500000002465868
0.7589285716751704
0.767857143103754
0.7767857145323376
0.7857142859609212
0.7946428573895048
0.8035714288180884
0.812500000246672
0.8214285716752556
0.8303571431038392
0.8392857145324228
0.8482142859610065
0.8571428573895901
0.8660714288181737
0.8750000002467573
0.8839285716753409
0.8928571431039245
0.9017857145325081
0.9107142859610917
0.9196428573896753
0.9285714288182589
0.9375000002468425
0.9464285716754262
0.9553571431040098
0.9642857145325934
0.973214285961177
0.9821428573897606
0.9910714288183442
1.0000000002469278
1.0089285716755114
1.017857143104095
1.0267857145326786
1.0357142859612622
1.0446428573898459
1.0535714288184295
1.062500000247013
1.0714285716755967
1.0803571431041803
1.089285714532764
1.0982142859613475
1.1071428573899311
1.1160714288185147
1.1250000002470983
1.133928571675682
1.1428571431042656
1.1517857145328492
1.1607142859614328
1.1696428573900164
1.1785714288186
1.1875000002471836
1.1964285716757672
1.2053571431043508
1.2142857145329344
1.223214285961518
1.2321428573901017
1.2410714288186853
1.2500000002472689
1.2589285716758525
1.267857143104436
1.2767857145330197
1.2857142859616033
1.294642857390187
1.3035714288187705
1.3125000002473541
1.3214285716759377
1.3303571431045214
1.339285714533105
1.3482142859616886
1.3571428573902722
1.3660714288188558
1.3750000002474394
1.383928571676023
1.3928571431046066
1.4017857145331902
1.4107142859617738
1.4196428573903574
1.428571428818941
1.4375000002475247
1.4464285716761083
1.4553571431046919
1.4642857145332755
1.473214285961859
1.4821428573904427
1.4910714288190263
1.50000000024761
1.5089285716761935
1.5178571431047772
1.5267857145333608
1.5357142859619444
1.544642857390528
1.5535714288191116
1.5625000002476952
1.5714285716762788
1.5803571431048624
1.589285714533446
1.5982142859620296
1.6071428573906132
1.6160714288191969
1.6250000002477805
1.633928571676364
1.6428571431049477
1.6517857145335313
1.660714285962115
1.6696428573906985
1.6785714288192821
1.6875000002478657
1.6964285716764493
1.705357143105033
1.7142857145336166
1.7232142859622002
1.7321428573907838
1.7410714288193674
1.750000000247951
1.7589285716765346
1.7678571431051182
1.7767857145337018
1.7857142859622854
1.794642857390869
1.8035714288194526
1.8125000002480363
1.8214285716766199
1.8303571431052035
1.839285714533787
1.8482142859623707
1.8571428573909543
1.866071428819538
1.8750000002481215
1.8839285716767051
1.8928571431052887
1.9017857145338724
1.910714285962456
1.9196428573910396
1.9285714288196232
1.9375000002482068
1.9464285716767904
1.955357143105374
1.9642857145339576
1.9732142859625412
1.9821428573911248
1.9910714288197084
2.000000000248292
2.0089285716768757
2.0178571431054593
2.026785714534043
2.0357142859626265
2.04464285739121
2.0535714288197937
2.0625000002483773
2.071428571676961
2.0803571431055445
2.089285714534128
2.0982142859627118
2.1071428573912954
2.116071428819879
2.1250000002484626
2.133928571677046
2.14285714310563
2.1517857145342134
2.160714285962797
2.1696428573913806
2.1785714288199642
2.187500000248548
2.1964285716771315
2.205357143105715
2.2142857145342987
2.2232142859628823
2.232142857391466
2.2410714288200495
2.250000000248633
2.2589285716772167
2.2678571431058003
2.276785714534384
2.2857142859629676
2.294642857391551
2.3035714288201348
2.3125000002487184
2.321428571677302
2.3303571431058856
2.339285714534469
2.348214285963053
2.3571428573916364
2.36607142882022
2.3750000002488036
2.3839285716773873
2.392857143105971
2.4017857145345545
2.410714285963138
2.4196428573917217
2.4285714288203053
2.437500000248889
2.4464285716774725
2.455357143106056
2.4642857145346397
2.4732142859632233
2.482142857391807
2.4910714288203906
2.500000000248974
2.508928571677558
2.5178571431061414
2.526785714534725
2.5357142859633086
2.544642857391892
2.553571428820476
2.5625000002490594
2.571428571677643
2.5803571431062267
2.5892857145348103
2.598214285963394
2.6071428573919775
2.616071428820561
2.6250000002491447
2.6339285716777283
2.642857143106312
2.6517857145348955
2.660714285963479
2.6696428573920628
2.6785714288206464
2.68750000024923
2.6964285716778136
2.705357143106397
2.714285714534981
2.7232142859635644
2.732142857392148
2.7410714288207316
2.7500000002493152
2.758928571677899
2.7678571431064825
2.776785714535066
2.7857142859636497
2.7946428573922333
2.803571428820817
2.8125000002494005
2.821428571677984
2.8303571431065677
2.8392857145351513
2.848214285963735
2.8571428573923185
2.866071428820902
2.8750000002494858
2.8839285716780694
2.892857143106653
2.9017857145352366
2.91071428596382
2.919642857392404
2.9285714288209874
2.937500000249571
2.9464285716781546
2.9553571431067382
2.964285714535322
2.9732142859639055
2.982142857392489
2.9910714288210727
3.0000000002496563
3.00892857167824
3.0178571431068235
3.026785714535407
3.0357142859639907
3.0446428573925743
3.053571428821158
3.0625000002497416
3.071428571678325
3.080357143106909
3.0892857145354924
3.098214285964076
3.1071428573926596
3.116071428821243
3.125000000249827
3.1339285716784104
3.142857143106994
3.1517857145355777
3.1607142859641613
3.169642857392745
3.1785714288213285
3.187500000249912
3.1964285716784957
3.2053571431070793
3.214285714535663
3.2232142859642465
3.23214285739283
3.2410714288214137
3.2500000002499974
3.258928571678581
3.2678571431071646
3.276785714535748
3.285714285964332
3.2946428573929154
3.303571428821499
3.3125000002500826
3.3214285716786662
3.33035714310725
3.3392857145358334
3.348214285964417
3.3571428573930007
3.3660714288215843
3.375000000250168
3.3839285716787515
3.392857143107335
3.4017857145359187
3.4107142859645023
3.419642857393086
3.4285714288216695
3.437500000250253
3.4464285716788368
3.4553571431074204
3.464285714536004
3.4732142859645876
3.482142857393171
3.491071428821755
3.5000000002503384
3.508928571678922
3.5178571431075056
3.5267857145360892
3.535714285964673
3.5446428573932565
3.55357142882184
3.5625000002504237
3.5714285716790073
3.580357143107591
3.5892857145361745
3.598214285964758
3.6071428573933417
3.6160714288219253
3.625000000250509
3.6339285716790926
3.642857143107676
3.6517857145362598
3.6607142859648434
3.669642857393427
3.6785714288220106
3.687500000250594
3.696428571679178
3.7053571431077614
3.714285714536345
3.7232142859649286
3.7321428573935123
3.741071428822096
3.7500000002506795
3.758928571679263
3.7678571431078467
3.7767857145364303
3.785714285965014
3.7946428573935975
3.803571428822181
3.8125000002507647
3.8214285716793484
3.830357143107932
3.8392857145365156
3.848214285965099
3.857142857393683
3.8660714288222664
3.87500000025085
3.8839285716794336
3.8928571431080172
3.901785714536601
3.9107142859651844
3.919642857393768
3.9285714288223517
3.9375000002509353
3.946428571679519
3.9553571431081025
3.964285714536686
3.9732142859652697
3.9821428573938533
3.991071428822437
4.0000000002510205
4.008928571679604
4.017857143108188
4.026785714536771
4.035714285965355
4.044642857393939
4.053571428822522
4.062500000251106
4.071428571679689
4.080357143108273
4.089285714536857
4.09821428596544
4.107142857394024
4.1160714288226075
4.125000000251191
4.133928571679775
4.142857143108358
4.151785714536942
4.1607142859655255
4.169642857394109
4.178571428822693
4.187500000251276
4.19642857167986
4.2053571431084436
4.214285714537027
4.223214285965611
4.232142857394194
4.241071428822778
4.250000000251362
4.258928571679945
4.267857143108529
4.276785714537112
4.285714285965696
4.29464285739428
4.303571428822863
4.312500000251447
4.3214285716800305
4.330357143108614
4.339285714537198
4.348214285965781
4.357142857394365
4.3660714288229485
4.375000000251532
4.383928571680116
4.392857143108699
4.401785714537283
4.410714285965867
4.41964285739445
4.428571428823034
4.437500000251617
4.446428571680201
4.455357143108785
4.464285714537368
4.473214285965952
4.482142857394535
4.491071428823119
4.500000000251703
4.508928571680286
4.51785714310887
4.5267857145374535
4.535714285966037
4.544642857394621
4.553571428823204
4.562500000251788
4.5714285716803715
4.580357143108955
4.589285714537539
4.598214285966122
4.607142857394706
4.61607142882329
4.625000000251873
4.633928571680457
4.64285714310904
4.651785714537624
4.660714285966208
4.669642857394791
4.678571428823375
4.6875000002519585
4.696428571680542
4.705357143109126
4.714285714537709
4.723214285966293
4.7321428573948765
4.74107142882346
4.750000000252044
4.758928571680627
4.767857143109211
4.7767857145377945
4.785714285966378
4.794642857394962
4.803571428823545
4.812500000252129
4.821428571680713
4.830357143109296
4.83928571453788
4.848214285966463
4.857142857395047
4.866071428823631
4.875000000252214
4.883928571680798
4.8928571431093815
4.901785714537965
4.910714285966549
4.919642857395132
4.928571428823716
4.9375000002522995
4.946428571680883
4.955357143109467
4.96428571453805
4.973214285966634
4.982142857395218
4.991071428823801
5.000000000252385
5.008928571680968
5.017857143109552
5.026785714538136
5.035714285966719
5.044642857395303
5.053571428823886
5.06250000025247
5.071428571681054
5.080357143109637
5.089285714538221
5.0982142859668045
5.107142857395388
5.116071428823972
5.125000000252555
5.133928571681139
5.1428571431097225
5.151785714538306
5.16071428596689
5.169642857395473
5.178571428824057
5.187500000252641
5.196428571681224
5.205357143109808
5.214285714538391
5.223214285966975
5.232142857395559
5.241071428824142
5.250000000252726
5.2589285716813094
5.267857143109893
5.276785714538477
5.28571428596706
5.294642857395644
5.3035714288242275
5.312500000252811
5.321428571681395
5.330357143109978
5.339285714538562
5.3482142859671455
5.357142857395729
5.366071428824313
5.375000000252896
5.38392857168148
5.392857143110064
5.401785714538647
5.410714285967231
5.419642857395814
5.428571428824398
5.437500000252982
5.446428571681565
5.455357143110149
5.4642857145387325
5.473214285967316
5.4821428573959
5.491071428824483
5.500000000253067
5.5089285716816505
5.517857143110234
5.526785714538818
5.535714285967401
5.544642857395985
5.553571428824569
5.562500000253152
5.571428571681736
5.580357143110319
5.589285714538903
5.598214285967487
5.60714285739607
5.616071428824654
5.625000000253237
5.633928571681821
5.642857143110405
5.651785714538988
5.660714285967572
5.6696428573961555
5.678571428824739
5.687500000253323
5.696428571681906
5.70535714311049
5.7142857145390735
5.723214285967657
5.732142857396241
5.741071428824824
5.750000000253408
5.758928571681992
5.767857143110575
5.776785714539159
5.785714285967742
5.794642857396326
5.80357142882491
5.812500000253493
5.821428571682077
5.8303571431106604
5.839285714539244
5.848214285967828
5.857142857396411
5.866071428824995
5.8750000002535785
5.883928571682162
5.892857143110746
5.901785714539329
5.910714285967913
5.9196428573964965
5.92857142882508
5.937500000253664
5.946428571682247
5.955357143110831
5.964285714539415
5.973214285967998
5.982142857396582
5.991071428825165
6.000000000253749
6.008928571682333
6.017857143110916
6.0267857145395
6.0357142859680835
6.044642857396667
6.053571428825251
6.062500000253834
6.071428571682418
6.0803571431110015
6.089285714539585
6.098214285968169
6.107142857396752
6.116071428825336
6.1250000002539196
6.133928571682503
6.142857143111087
6.15178571453967
6.160714285968254
6.169642857396838
6.178571428825421
6.187500000254005
6.196428571682588
6.205357143111172
6.214285714539756
6.223214285968339
6.232142857396923
6.2410714288255065
6.25000000025409
6.258928571682674
6.267857143111257
6.276785714539841
6.2857142859684245
6.294642857397008
6.303571428825592
6.312500000254175
6.321428571682759
6.330357143111343
6.339285714539926
6.34821428596851
6.357142857397093
6.366071428825677
6.375000000254261
6.383928571682844
6.392857143111428
6.401785714540011
6.410714285968595
6.419642857397179
6.428571428825762
6.437500000254346
6.4464285716829295
6.455357143111513
6.464285714540097
6.47321428596868
6.482142857397264
6.4910714288258475
6.500000000254431
6.508928571683015
6.517857143111598
6.526785714540182
6.535714285968766
6.544642857397349
6.553571428825933
6.562500000254516
6.5714285716831
6.580357143111684
6.589285714540267
6.598214285968851
6.6071428573974345
6.616071428826018
6.625000000254602
6.633928571683185
6.642857143111769
6.6517857145403525
6.660714285968936
6.66964285739752
6.678571428826103
6.687500000254687
6.6964285716832705
6.705357143111854
6.714285714540438
6.723214285969021
6.732142857397605
6.741071428826189
6.750000000254772
6.758928571683356
6.767857143111939
6.776785714540523
6.785714285969107
6.79464285739769
6.803571428826274
6.8125000002548575
6.821428571683441
6.830357143112025
6.839285714540608
6.848214285969192
6.8571428573977755
6.866071428826359
6.875000000254943
6.883928571683526
6.89285714311211
6.901785714540694
6.910714285969277
6.919642857397861
6.928571428826444
6.937500000255028
6.946428571683612
6.955357143112195
6.964285714540779
6.973214285969362
6.982142857397946
6.99107142882653
7.000000000255113
7.008928571683697
7.0178571431122805
7.026785714540864
7.035714285969448
7.044642857398031
7.053571428826615
7.0625000002551985
7.071428571683782
7.080357143112366
7.089285714540949
7.098214285969533
7.107142857398117
7.1160714288267
7.125000000255284
7.133928571683867
7.142857143112451
7.151785714541035
7.160714285969618
7.169642857398202
7.1785714288267854
7.187500000255369
7.196428571683953
7.205357143112536
7.21428571454112
7.2232142859697035
7.232142857398287
7.241071428826871
7.250000000255454
7.258928571684038
7.2678571431126215
7.276785714541205
7.285714285969789
7.294642857398372
7.303571428826956
7.31250000025554
7.321428571684123
7.330357143112707
7.33928571454129
7.348214285969874
7.357142857398458
7.366071428827041
7.375000000255625
7.3839285716842085
7.392857143112792
7.401785714541376
7.410714285969959
7.419642857398543
7.4285714288271265
7.43750000025571
7.446428571684294
7.455357143112877
7.464285714541461
7.473214285970045
7.482142857398628
7.491071428827212
7.500000000255795
7.508928571684379
7.517857143112963
7.526785714541546
7.53571428597013
7.544642857398713
7.553571428827297
7.562500000255881
7.571428571684464
7.580357143113048
7.5892857145416315
7.598214285970215
7.607142857398799
7.616071428827382
7.625000000255966
7.6339285716845495
7.642857143113133
7.651785714541717
7.6607142859703
7.669642857398884
7.678571428827468
7.687500000256051
7.696428571684635
7.705357143113218
7.714285714541802
7.723214285970386
7.732142857398969
7.741071428827553
7.7500000002561364
7.75892857168472
7.767857143113304
7.776785714541887
7.785714285970471
7.7946428573990545
7.803571428827638
7.812500000256222
7.821428571684805
7.830357143113389
7.8392857145419725
7.848214285970556
7.85714285739914
7.866071428827723
7.875000000256307
7.883928571684891
7.892857143113474
7.901785714542058
7.910714285970641
7.919642857399225
7.928571428827809
7.937500000256392
7.946428571684976
7.9553571431135595
7.964285714542143
7.973214285970727
7.98214285739931
7.991071428827894
8.000000000256478
8.008928571685061
8.017857143113645
8.026785714542228
8.035714285970812
8.044642857399396
8.05357142882798
8.062500000256563
8.071428571685146
8.08035714311373
8.089285714542314
8.098214285970897
8.10714285739948
8.116071428828064
8.125000000256648
8.133928571685232
8.142857143113815
8.151785714542399
8.160714285970982
8.169642857399566
8.17857142882815
8.187500000256733
8.196428571685317
8.2053571431139
8.214285714542484
8.223214285971068
8.232142857399651
8.241071428828235
8.250000000256819
8.258928571685402
8.267857143113986
8.27678571454257
8.285714285971153
8.294642857399737
8.30357142882832
8.312500000256904
8.321428571685487
8.330357143114071
8.339285714542655
8.348214285971238
8.357142857399822
8.366071428828405
8.375000000256989
8.383928571685573
8.392857143114156
8.40178571454274
8.410714285971324
8.419642857399907
8.42857142882849
8.437500000257074
8.446428571685658
8.455357143114242
8.464285714542825
8.473214285971409
8.482142857399992
8.491071428828576
8.50000000025716
8.508928571685743
8.517857143114327
8.52678571454291
8.535714285971494
8.544642857400078
8.553571428828661
8.562500000257245
8.571428571685829
8.580357143114412
8.589285714542996
8.59821428597158
8.607142857400163
8.616071428828747
8.62500000025733
8.633928571685914
8.642857143114497
8.651785714543081
8.660714285971665
8.669642857400248
8.678571428828832
8.687500000257415
8.696428571685999
8.705357143114583
8.714285714543166
8.72321428597175
8.732142857400333
8.741071428828917
8.7500000002575
8.758928571686084
8.767857143114668
8.776785714543252
8.785714285971835
8.794642857400419
8.803571428829002
8.812500000257586
8.82142857168617
8.830357143114753
8.839285714543337
8.84821428597192
8.857142857400504
8.866071428829088
8.875000000257671
8.883928571686255
8.892857143114838
8.901785714543422
8.910714285972006
8.91964285740059
8.928571428829173
8.937500000257756
8.94642857168634
8.955357143114924
8.964285714543507
8.973214285972091
8.982142857400675
8.991071428829258
9.000000000257842
9.008928571686425
9.017857143115009
9.026785714543593
9.035714285972176
9.04464285740076
9.053571428829343
9.062500000257927
9.07142857168651
9.080357143115094
9.089285714543678
9.098214285972261
9.107142857400845
9.116071428829429
9.125000000258012
9.133928571686596
9.14285714311518
9.151785714543763
9.160714285972347
9.16964285740093
9.178571428829514
9.187500000258098
9.196428571686681
9.205357143115265
9.214285714543848
9.223214285972432
9.232142857401016
9.2410714288296
9.250000000258183
9.258928571686766
9.26785714311535
9.276785714543934
9.285714285972517
9.2946428574011
9.303571428829684
9.312500000258268
9.321428571686852
9.330357143115435
9.339285714544019
9.348214285972603
9.357142857401186
9.36607142882977
9.375000000258353
9.383928571686937
9.39285714311552
9.401785714544104
9.410714285972688
9.419642857401271
9.428571428829855
9.437500000258439
9.446428571687022
9.455357143115606
9.46428571454419
9.473214285972773
9.482142857401357
9.49107142882994
9.500000000258524
9.508928571687107
9.517857143115691
9.526785714544275
9.535714285972858
9.544642857401442
9.553571428830026
9.56250000025861
9.571428571687193
9.580357143115776
9.58928571454436
9.598214285972944
9.607142857401527
9.61607142883011
9.625000000258694
9.633928571687278
9.642857143115862
9.651785714544445
9.660714285973029
9.669642857401612
9.678571428830196
9.68750000025878
9.696428571687363
9.705357143115947
9.71428571454453
9.723214285973114
9.732142857401698
9.741071428830281
9.750000000258865
9.758928571687449
9.767857143116032
9.776785714544616
9.7857142859732
9.794642857401783
9.803571428830367
9.81250000025895
9.821428571687534
9.830357143116117
9.839285714544701
9.848214285973285
9.857142857401868
9.866071428830452
9.875000000259035
9.883928571687619
9.892857143116203
9.901785714544786
9.91071428597337
9.919642857401954
9.928571428830537
9.93750000025912
9.946428571687704
9.955357143116288
9.964285714544872
9.973214285973455
9.982142857402039
9.991071428830622
10.000000000259206
10.00892857168779
10.017857143116373
10.026785714544957
10.03571428597354
10.044642857402124
10.053571428830708
10.062500000259291
10.071428571687875
10.080357143116458
10.089285714545042
10.098214285973626
10.10714285740221
10.116071428830793
10.125000000259377
10.13392857168796
10.142857143116544
10.151785714545127
10.160714285973711
10.169642857402295
10.178571428830878
10.187500000259462
10.196428571688045
10.205357143116629
10.214285714545213
10.223214285973796
10.23214285740238
10.241071428830963
10.250000000259547
10.25892857168813
10.267857143116714
10.276785714545298
10.285714285973881
10.294642857402465
10.303571428831049
10.312500000259632
10.321428571688216
10.3303571431168
10.339285714545383
10.348214285973967
10.35714285740255
10.366071428831134
10.375000000259718
10.383928571688301
10.392857143116885
10.401785714545468
10.410714285974052
10.419642857402636
10.42857142883122
10.437500000259803
10.446428571688386
10.45535714311697
10.464285714545554
10.473214285974137
10.482142857402721
10.491071428831305
10.500000000259888
10.508928571688472
10.517857143117055
10.526785714545639
10.535714285974223
10.544642857402806
10.55357142883139
10.562500000259973
10.571428571688557
10.58035714311714
10.589285714545724
10.598214285974308
10.607142857402891
10.616071428831475
10.625000000260059
10.633928571688642
10.642857143117226
10.65178571454581
10.660714285974393
10.669642857402977
10.67857142883156
10.687500000260144
10.696428571688728
10.705357143117311
10.714285714545895
10.723214285974478
10.732142857403062
10.741071428831646
10.75000000026023
10.758928571688813
10.767857143117396
10.77678571454598
10.785714285974564
10.794642857403147
10.80357142883173
10.812500000260314
10.821428571688898
10.830357143117482
10.839285714546065
10.848214285974649
10.857142857403232
10.866071428831816
10.8750000002604
10.883928571688983
10.892857143117567
10.90178571454615
10.910714285974734
10.919642857403318
10.928571428831901
10.937500000260485
10.946428571689069
10.955357143117652
10.964285714546236
10.97321428597482
10.982142857403403
10.991071428831987
11.00000000026057
11.008928571689154
11.017857143117737
11.026785714546321
11.035714285974905
11.044642857403488
11.053571428832072
11.062500000260655
11.071428571689239
11.080357143117823
11.089285714546406
11.09821428597499
11.107142857403574
11.116071428832157
11.12500000026074
11.133928571689324
11.142857143117908
11.151785714546492
11.160714285975075
11.169642857403659
11.178571428832242
11.187500000260826
11.19642857168941
11.205357143117993
11.214285714546577
11.22321428597516
11.232142857403744
11.241071428832328
11.250000000260911
11.258928571689495
11.267857143118079
11.276785714546662
11.285714285975246
11.29464285740383
11.303571428832413
11.312500000260997
11.32142857168958
11.330357143118164
11.339285714546747
11.348214285975331
11.357142857403915
11.366071428832498
11.375000000261082
11.383928571689665
11.392857143118249
11.401785714546833
11.410714285975416
11.419642857404
11.428571428832583
11.437500000261167
11.44642857168975
11.455357143118334
11.464285714546918
11.473214285975502
11.482142857404085
11.491071428832669
11.500000000261252
11.508928571689836
11.51785714311842
11.526785714547003
11.535714285975587
11.54464285740417
11.553571428832754
11.562500000261338
11.571428571689921
11.580357143118505
11.589285714547088
11.598214285975672
11.607142857404256
11.61607142883284
11.625000000261423
11.633928571690006
11.64285714311859
11.651785714547174
11.660714285975757
11.669642857404341
11.678571428832925
11.687500000261508
11.696428571690092
11.705357143118675
11.714285714547259
11.723214285975843
11.732142857404426
11.74107142883301
11.750000000261593
11.758928571690177
11.76785714311876
11.776785714547344
11.785714285975928
11.794642857404511
11.803571428833095
11.812500000261679
11.821428571690262
11.830357143118846
11.83928571454743
11.848214285976013
11.857142857404597
11.86607142883318
11.875000000261764
11.883928571690348
11.892857143118931
11.901785714547515
11.910714285976098
11.919642857404682
11.928571428833266
11.93750000026185
11.946428571690433
11.955357143119016
11.9642857145476
11.973214285976184
11.982142857404767
11.99107142883335
12.000000000261934
12.008928571690518
12.017857143119102
12.026785714547685
12.035714285976269
12.044642857404853
12.053571428833436
12.06250000026202
12.071428571690603
12.080357143119187
12.08928571454777
12.098214285976354
12.107142857404938
12.116071428833521
12.125000000262105
12.133928571690689
12.142857143119272
12.151785714547856
12.16071428597644
12.169642857405023
12.178571428833607
12.18750000026219
12.196428571690774
12.205357143119357
12.214285714547941
12.223214285976525
12.232142857405108
12.241071428833692
12.250000000262276
12.25892857169086
12.267857143119443
12.276785714548026
12.28571428597661
12.294642857405194
12.303571428833777
12.31250000026236
12.321428571690944
12.330357143119528
12.339285714548112
12.348214285976695
12.357142857405279
12.366071428833862
12.375000000262446
12.38392857169103
12.392857143119613
12.401785714548197
12.41071428597678
12.419642857405364
12.428571428833948
12.437500000262531
12.446428571691115
12.455357143119699
12.464285714548282
12.473214285976866
12.48214285740545
12.491071428834033
12.500000000262617
12.5089285716912
12.517857143119784
12.526785714548367
12.535714285976951
12.544642857405535
12.553571428834118
12.562500000262702
12.571428571691285
12.580357143119869
12.589285714548453
12.598214285977036
12.60714285740562
12.616071428834204
12.625000000262787
12.63392857169137
12.642857143119954
12.651785714548538
12.660714285977122
12.669642857405705
12.678571428834289
12.687500000262872
12.696428571691456
12.70535714312004
12.714285714548623
12.723214285977207
12.73214285740579
12.741071428834374
12.750000000262958
12.758928571691541
12.767857143120125
12.776785714548708
12.785714285977292
12.794642857405876
12.80357142883446
12.812500000263043
12.821428571691627
12.83035714312021
12.839285714548794
12.848214285977377
12.857142857405961
12.866071428834545
12.875000000263128
12.883928571691712
12.892857143120295
12.901785714548879
12.910714285977463
12.919642857406046
12.92857142883463
12.937500000263213
12.946428571691797
12.95535714312038
12.964285714548964
12.973214285977548
12.982142857406131
12.991071428834715
13.000000000263299
13.008928571691882
13.017857143120466
13.02678571454905
13.035714285977633
13.044642857406217
13.0535714288348
13.062500000263384
13.071428571691968
13.080357143120551
13.089285714549135
13.098214285977718
13.107142857406302
13.116071428834886
13.12500000026347
13.133928571692053
13.142857143120636
13.15178571454922
13.160714285977804
13.169642857406387
13.178571428834971
13.187500000263555
13.196428571692138
13.205357143120722
13.214285714549305
13.223214285977889
13.232142857406473
13.241071428835056
13.25000000026364
13.258928571692223
13.267857143120807
13.27678571454939
13.285714285977974
13.294642857406558
13.303571428835141
13.312500000263725
13.321428571692309
13.330357143120892
13.339285714549476
13.34821428597806
13.357142857406643
13.366071428835227
13.37500000026381
13.383928571692394
13.392857143120978
13.401785714549561
13.410714285978145
13.419642857406728
13.428571428835312
13.437500000263896
13.44642857169248
13.455357143121063
13.464285714549646
13.47321428597823
13.482142857406814
13.491071428835397
13.50000000026398
13.508928571692564
13.517857143121148
13.526785714549732
13.535714285978315
13.544642857406899
13.553571428835482
13.562500000264066
13.57142857169265
13.580357143121233
13.589285714549817
13.5982142859784
13.607142857406984
13.616071428835568
13.625000000264151
13.633928571692735
13.642857143121319
13.651785714549902
13.660714285978486
13.66964285740707
13.678571428835653
13.687500000264237
13.69642857169282
13.705357143121404
13.714285714549987
13.723214285978571
13.732142857407155
13.741071428835738
13.750000000264322
13.758928571692906
13.76785714312149
13.776785714550073
13.785714285978656
13.79464285740724
13.803571428835824
13.812500000264407
13.82142857169299
13.830357143121574
13.839285714550158
13.848214285978742
13.857142857407325
13.866071428835909
13.875000000264492
13.883928571693076
13.89285714312166
13.901785714550243
13.910714285978827
13.91964285740741
13.928571428835994
13.937500000264578
13.946428571693161
13.955357143121745
13.964285714550329
13.973214285978912
13.982142857407496
13.99107142883608
14.000000000264663
14.008928571693247
14.01785714312183
14.026785714550414
14.035714285978997
14.044642857407581
14.053571428836165
14.062500000264748
14.071428571693332
14.080357143121915
14.089285714550499
14.098214285979083
14.107142857407666
14.11607142883625
14.125000000264833
14.133928571693417
14.142857143122
14.151785714550584
14.160714285979168
14.169642857407752
14.178571428836335
14.187500000264919
14.196428571693502
14.205357143122086
14.21428571455067
14.223214285979253
14.232142857407837
14.24107142883642
14.250000000265004
14.258928571693588
14.267857143122171
14.276785714550755
14.285714285979338
14.294642857407922
14.303571428836506
14.31250000026509
14.321428571693673
14.330357143122257
14.33928571455084
14.348214285979424
14.357142857408007
14.366071428836591
14.375000000265175
14.383928571693758
14.392857143122342
14.401785714550925
14.410714285979509
14.419642857408093
14.428571428836676
14.43750000026526
14.446428571693843
14.455357143122427
14.46428571455101
14.473214285979594
14.482142857408178
14.491071428836761
14.500000000265345
14.508928571693929
14.517857143122512
14.526785714551096
14.53571428597968
14.544642857408263
14.553571428836847
14.56250000026543
14.571428571694014
14.580357143122598
14.589285714551181
14.598214285979765
14.607142857408348
14.616071428836932
14.625000000265516
14.6339285716941
14.642857143122683
14.651785714551266
14.66071428597985
14.669642857408434
14.678571428837017
14.6875000002656
14.696428571694184
14.705357143122768
14.714285714551352
14.723214285979935
14.732142857408519
14.741071428837103
14.750000000265686
14.75892857169427
14.767857143122853
14.776785714551437
14.78571428598002
14.794642857408604
14.803571428837188
14.812500000265771
14.821428571694355
14.830357143122939
14.839285714551522
14.848214285980106
14.85714285740869
14.866071428837273
14.875000000265857
14.88392857169444
14.892857143123024
14.901785714551607
14.910714285980191
14.919642857408775
14.928571428837358
14.937500000265942
14.946428571694526
14.95535714312311
14.964285714551693
14.973214285980276
14.98214285740886
14.991071428837444
15.000000000266027
15.00892857169461
15.017857143123194
15.026785714551778
15.035714285980362
15.044642857408945
15.053571428837529
15.062500000266112
15.071428571694696
15.08035714312328
15.089285714551863
15.098214285980447
15.10714285740903
15.116071428837614
15.125000000266198
15.133928571694781
15.142857143123365
15.151785714551949
15.160714285980532
15.169642857409116
15.1785714288377
15.187500000266283
15.196428571694867
15.20535714312345
15.214285714552034
15.223214285980617
15.232142857409201
15.241071428837785
15.250000000266368
15.258928571694952
15.267857143123535
15.276785714552119
15.285714285980703
15.294642857409286
15.30357142883787
15.312500000266454
15.321428571695037
15.33035714312362
15.339285714552204
15.348214285980788
15.357142857409372
15.366071428837955
15.375000000266539
15.383928571695122
15.392857143123706
15.40178571455229
15.410714285980873
15.419642857409457
15.42857142883804
15.437500000266624
15.446428571695208
15.455357143123791
15.464285714552375
15.473214285980958
15.482142857409542
15.491071428838126
15.50000000026671
15.508928571695293
15.517857143123877
15.52678571455246
15.535714285981044
15.544642857409627
15.553571428838211
15.562500000266795
15.571428571695378
15.580357143123962
15.589285714552545
15.598214285981129
15.607142857409713
15.616071428838296
15.62500000026688
15.633928571695463
15.642857143124047
15.65178571455263
15.660714285981214
15.669642857409798
15.678571428838382
15.687500000266965
15.696428571695549
15.705357143124132
15.714285714552716
15.7232142859813
15.732142857409883
15.741071428838467
15.75000000026705
15.758928571695634
15.767857143124218
15.776785714552801
15.785714285981385
15.794642857409968
15.803571428838552
15.812500000267136
15.82142857169572
15.830357143124303
15.839285714552886
15.84821428598147
15.857142857410054
15.866071428838637
15.875000000267221
15.883928571695805
15.892857143124388
15.901785714552972
15.910714285981555
15.919642857410139
15.928571428838723
15.937500000267306
15.94642857169589
15.955357143124473
15.964285714553057
15.97321428598164
15.982142857410224
15.991071428838808
16.00000000026739
16.008928571695975
16.01785714312456
16.026785714553142
16.035714285981726
16.04464285741031
16.053571428838893
16.062500000267477
16.07142857169606
16.080357143124644
16.089285714553228
16.09821428598181
16.107142857410395
16.11607142883898
16.125000000267562
16.133928571696146
16.14285714312473
16.151785714553313
16.160714285981896
16.16964285741048
16.178571428839064
16.187500000267647
16.19642857169623
16.205357143124814
16.214285714553398
16.22321428598198
16.232142857410565
16.24107142883915
16.250000000267733
16.258928571696316
16.2678571431249
16.276785714553483
16.285714285982067
16.29464285741065
16.303571428839234
16.312500000267818
16.3214285716964
16.330357143124985
16.33928571455357
16.348214285982152
16.357142857410736
16.36607142883932
16.375000000267903
16.383928571696487
16.39285714312507
16.401785714553654
16.410714285982237
16.41964285741082
16.428571428839405
16.43750000026799
16.446428571696572
16.455357143125156
16.46428571455374
16.473214285982323
16.482142857410906
16.49107142883949
16.500000000268074
16.508928571696657
16.51785714312524
16.526785714553824
16.535714285982408
16.54464285741099
16.553571428839575
16.56250000026816
16.571428571696742
16.580357143125326
16.58928571455391
16.598214285982493
16.607142857411077
16.61607142883966
16.625000000268244
16.633928571696828
16.64285714312541
16.651785714553995
16.66071428598258
16.669642857411162
16.678571428839746
16.68750000026833
16.696428571696913
16.705357143125497
16.71428571455408
16.723214285982664
16.732142857411247
16.74107142883983
16.750000000268415
16.758928571697
16.767857143125582
16.776785714554165
16.78571428598275
16.794642857411333
16.803571428839916
16.8125000002685
16.821428571697083
16.830357143125667
16.83928571455425
16.848214285982834
16.857142857411418
16.86607142884
16.875000000268585
16.88392857169717
16.892857143125752
16.901785714554336
16.91071428598292
16.919642857411503
16.928571428840087
16.93750000026867
16.946428571697254
16.955357143125838
16.96428571455442
16.973214285983005
16.98214285741159
16.991071428840172
17.000000000268756
17.00892857169734
17.017857143125923
17.026785714554507
17.03571428598309
17.044642857411674
17.053571428840257
17.06250000026884
17.071428571697425
17.080357143126008
17.089285714554592
17.098214285983175
17.10714285741176
17.116071428840343
17.125000000268926
17.13392857169751
17.142857143126093
17.151785714554677
17.16071428598326
17.169642857411844
17.178571428840428
17.18750000026901
17.196428571697595
17.20535714312618
17.214285714554762
17.223214285983346
17.23214285741193
17.241071428840513
17.250000000269097
17.25892857169768
17.267857143126264
17.276785714554848
17.28571428598343
17.294642857412015
17.3035714288406
17.312500000269182
17.321428571697766
17.33035714312635
17.339285714554933
17.348214285983516
17.3571428574121
17.366071428840684
17.375000000269267
17.38392857169785
17.392857143126434
17.401785714555018
17.4107142859836
17.419642857412185
17.42857142884077
17.437500000269353
17.446428571697936
17.45535714312652
17.464285714555103
17.473214285983687
17.48214285741227
17.491071428840854
17.500000000269438
17.50892857169802
17.517857143126605
17.52678571455519
17.535714285983772
17.544642857412356
17.55357142884094
17.562500000269523
17.571428571698107
17.58035714312669
17.589285714555274
17.598214285983858
17.60714285741244
17.616071428841025
17.62500000026961
17.633928571698192
17.642857143126776
17.65178571455536
17.660714285983943
17.669642857412526
17.67857142884111
17.687500000269694
17.696428571698277
17.70535714312686
17.714285714555444
17.723214285984028
17.73214285741261
17.741071428841195
17.75000000026978
17.758928571698362
17.767857143126946
17.77678571455553
17.785714285984113
17.794642857412697
17.80357142884128
17.812500000269864
17.821428571698448
17.83035714312703
17.839285714555615
17.8482142859842
17.857142857412782
17.866071428841366
17.87500000026995
17.883928571698533
17.892857143127117
17.9017857145557
17.910714285984284
17.919642857412867
17.92857142884145
17.937500000270035
17.94642857169862
17.955357143127202
17.964285714555785
17.97321428598437
17.982142857412953
17.991071428841536
18.00000000027012
18.008928571698704
18.017857143127287
18.02678571455587
18.035714285984454
18.044642857413038
18.05357142884162
18.062500000270205
18.07142857169879
18.080357143127372
18.089285714555956
18.09821428598454
18.107142857413123
18.116071428841707
18.12500000027029
18.133928571698874
18.142857143127458
18.15178571455604
18.160714285984625
18.16964285741321
18.178571428841792
18.187500000270376
18.19642857169896
18.205357143127543
18.214285714556127
18.22321428598471
18.232142857413294
18.241071428841877
18.25000000027046
18.258928571699045
18.267857143127628
18.276785714556212
18.285714285984795
18.29464285741338
18.303571428841963
18.312500000270546
18.32142857169913
18.330357143127713
18.339285714556297
18.34821428598488
18.357142857413464
18.366071428842048
18.37500000027063
18.383928571699215
18.3928571431278
18.401785714556382
18.410714285984966
18.41964285741355
18.428571428842133
18.437500000270717
18.4464285716993
18.455357143127884
18.464285714556468
18.47321428598505
18.482142857413635
18.49107142884222
18.500000000270802
18.508928571699386
18.51785714312797
18.526785714556553
18.535714285985136
18.54464285741372
18.553571428842304
18.562500000270887
18.57142857169947
18.580357143128055
18.589285714556638
18.59821428598522
18.607142857413805
18.61607142884239
18.625000000270973
18.633928571699556
18.64285714312814
18.651785714556723
18.660714285985307
18.66964285741389
18.678571428842474
18.687500000271058
18.69642857169964
18.705357143128225
18.71428571455681
18.723214285985392
18.732142857413976
18.74107142884256
18.750000000271143
18.758928571699727
18.76785714312831
18.776785714556894
18.785714285985478
18.79464285741406
18.803571428842645
18.81250000027123
18.821428571699812
18.830357143128396
18.83928571455698
18.848214285985563
18.857142857414146
18.86607142884273
18.875000000271314
18.883928571699897
18.89285714312848
18.901785714557064
18.910714285985648
18.91964285741423
18.928571428842815
18.9375000002714
18.946428571699983
18.955357143128566
18.96428571455715
18.973214285985733
18.982142857414317
18.9910714288429
19.000000000271484
19.008928571700068
19.01785714312865
19.026785714557235
19.03571428598582
19.044642857414402
19.053571428842986
19.06250000027157
19.071428571700153
19.080357143128737
19.08928571455732
19.098214285985904
19.107142857414487
19.11607142884307
19.125000000271655
19.13392857170024
19.142857143128822
19.151785714557406
19.16071428598599
19.169642857414573
19.178571428843156
19.18750000027174
19.196428571700324
19.205357143128907
19.21428571455749
19.223214285986074
19.232142857414658
19.24107142884324
19.250000000271825
19.25892857170041
19.267857143128992
19.276785714557576
19.28571428598616
19.294642857414743
19.303571428843327
19.31250000027191
19.321428571700494
19.330357143129078
19.33928571455766
19.348214285986245
19.35714285741483
19.366071428843412
19.375000000271996
19.38392857170058
19.392857143129163
19.401785714557747
19.41071428598633
19.419642857414914
19.428571428843497
19.43750000027208
19.446428571700665
19.45535714312925
19.464285714557832
19.473214285986415
19.482142857415
19.491071428843583
19.500000000272166
19.50892857170075
19.517857143129334
19.526785714557917
19.5357142859865
19.544642857415084
19.553571428843668
19.56250000027225
19.571428571700835
19.58035714312942
19.589285714558002
19.598214285986586
19.60714285741517
19.616071428843753
19.625000000272337
19.63392857170092
19.642857143129504
19.651785714558088
19.66071428598667
19.669642857415255
19.67857142884384
19.687500000272422
19.696428571701006
19.70535714312959
19.714285714558173
19.723214285986757
19.73214285741534
19.741071428843924
19.750000000272507
19.75892857170109
19.767857143129675
19.776785714558258
19.785714285986842
19.794642857415425
19.80357142884401
19.812500000272593
19.821428571701176
19.83035714312976
19.839285714558343
19.848214285986927
19.85714285741551
19.866071428844094
19.875000000272678
19.88392857170126
19.892857143129845
19.90178571455843
19.910714285987012
19.919642857415596
19.92857142884418
19.937500000272763
19.946428571701347
19.95535714312993
19.964285714558514
19.973214285987098
19.98214285741568
19.991071428844265
20.00000000027285
20.008928571701432
20.017857143130016
20.0267857145586
20.035714285987183
20.044642857415766
20.05357142884435
20.062500000272934
20.071428571701517
20.0803571431301
20.089285714558685
20.098214285987268
20.10714285741585
20.116071428844435
20.12500000027302
20.133928571701603
20.142857143130186
20.15178571455877
20.160714285987353
20.169642857415937
20.17857142884452
20.187500000273104
20.196428571701688
20.20535714313027
20.214285714558855
20.22321428598744
20.232142857416022
20.241071428844606
20.25000000027319
20.258928571701773
20.267857143130357
20.27678571455894
20.285714285987524
20.294642857416108
20.30357142884469
20.312500000273275
20.32142857170186
20.330357143130442
20.339285714559026
20.34821428598761
20.357142857416193
20.366071428844776
20.37500000027336
20.383928571701944
20.392857143130527
20.40178571455911
20.410714285987694
20.419642857416278
20.42857142884486
20.437500000273445
20.44642857170203
20.455357143130612
20.464285714559196
20.47321428598778
20.482142857416363
20.491071428844947
20.50000000027353
20.508928571702114
20.517857143130698
20.52678571455928
20.535714285987865
20.54464285741645
20.553571428845032
20.562500000273616
20.5714285717022
20.580357143130783
20.589285714559367
20.59821428598795
20.607142857416534
20.616071428845117
20.6250000002737
20.633928571702285
20.64285714313087
20.651785714559452
20.660714285988035
20.66964285741662
20.678571428845203
20.687500000273786
20.69642857170237
20.705357143130954
20.714285714559537
20.72321428598812
20.732142857416704
20.741071428845288
20.75000000027387
20.758928571702455
20.76785714313104
20.776785714559622
20.785714285988206
20.79464285741679
20.803571428845373
20.812500000273957
20.82142857170254
20.830357143131124
20.839285714559708
20.84821428598829
20.857142857416875
20.86607142884546
20.875000000274042
20.883928571702626
20.89285714313121
20.901785714559793
20.910714285988377
20.91964285741696
20.928571428845544
20.937500000274127
20.94642857170271
20.955357143131295
20.964285714559878
20.973214285988462
20.982142857417045
20.99107142884563
21.000000000274213
21.008928571702796
21.01785714313138
21.026785714559963
21.035714285988547
21.04464285741713
21.053571428845714
21.062500000274298
21.07142857170288
21.080357143131465
21.08928571456005
21.098214285988632
21.107142857417216
21.1160714288458
21.125000000274383
21.133928571702967
21.14285714313155
21.151785714560134
21.160714285988718
21.1696428574173
21.178571428845885
21.18750000027447
21.196428571703052
21.205357143131636
21.21428571456022
21.223214285988803
21.232142857417386
21.24107142884597
21.250000000274554
21.258928571703137
21.26785714313172
21.276785714560305
21.285714285988888
21.29464285741747
21.303571428846055
21.31250000027464
21.321428571703223
21.330357143131806
21.33928571456039
21.348214285988973
21.357142857417557
21.36607142884614
21.375000000274724
21.383928571703308
21.39285714313189
21.401785714560475
21.41071428598906
21.419642857417642
21.428571428846226
21.43750000027481
21.446428571703393
21.455357143131977
21.46428571456056
21.473214285989144
21.482142857417728
21.49107142884631
21.500000000274895
21.50892857170348
21.517857143132062
21.526785714560646
21.53571428598923
21.544642857417813
21.553571428846396
21.56250000027498
21.571428571703564
21.580357143132147
21.58928571456073
21.598214285989314
21.607142857417898
21.61607142884648
21.625000000275065
21.63392857170365
21.642857143132233
21.651785714560816
21.6607142859894
21.669642857417983
21.678571428846567
21.68750000027515
21.696428571703734
21.705357143132318
21.7142857145609
21.723214285989485
21.73214285741807
21.741071428846652
21.750000000275236
21.75892857170382
21.767857143132403
21.776785714560987
21.78571428598957
21.794642857418154
21.803571428846737
21.81250000027532
21.821428571703905
21.83035714313249
21.839285714561072
21.848214285989656
21.85714285741824
21.866071428846823
21.875000000275406
21.88392857170399
21.892857143132574
21.901785714561157
21.91071428598974
21.919642857418324
21.928571428846908
21.93750000027549
21.946428571704075
21.95535714313266
21.964285714561242
21.973214285989826
21.98214285741841
21.991071428846993
22.000000000275577
22.00892857170416
22.017857143132744
22.026785714561328
22.03571428598991
22.044642857418495
22.05357142884708
22.062500000275662
22.071428571704246
22.08035714313283
22.089285714561413
22.098214285989997
22.10714285741858
22.116071428847164
22.125000000275747
22.13392857170433
22.142857143132915
22.1517857145615
22.160714285990082
22.169642857418665
22.17857142884725
22.187500000275833
22.196428571704416
22.205357143133
22.214285714561584
22.223214285990167
22.23214285741875
22.241071428847334
22.250000000275918
22.2589285717045
22.267857143133085
22.27678571456167
22.285714285990252
22.294642857418836
22.30357142884742
22.312500000276003
22.321428571704587
22.33035714313317
22.339285714561754
22.348214285990338
22.35714285741892
22.366071428847505
22.37500000027609
22.383928571704672
22.392857143133256
22.40178571456184
22.410714285990423
22.419642857419007
22.42857142884759
22.437500000276174
22.446428571704757
22.45535714313334
22.464285714561925
22.473214285990508
22.482142857419092
22.491071428847675
22.50000000027626
22.508928571704843
22.517857143133426
22.52678571456201
22.535714285990593
22.544642857419177
22.55357142884776
22.562500000276344
22.571428571704928
22.58035714313351
22.589285714562095
22.59821428599068
22.607142857419262
22.616071428847846
22.62500000027643
22.633928571705013
22.642857143133597
22.65178571456218
22.660714285990764
22.669642857419348
22.67857142884793
22.687500000276515
22.6964285717051
22.705357143133682
22.714285714562266
22.72321428599085
22.732142857419433
22.741071428848016
22.7500000002766
22.758928571705184
22.767857143133767
22.77678571456235
22.785714285990935
22.794642857419518
22.8035714288481
22.812500000276685
22.82142857170527
22.830357143133853
22.839285714562436
22.84821428599102
22.857142857419603
22.866071428848187
22.87500000027677
22.883928571705354
22.892857143133938
22.90178571456252
22.910714285991105
22.91964285741969
22.928571428848272
22.937500000276856
22.94642857170544
22.955357143134023
22.964285714562607
22.97321428599119
22.982142857419774
22.991071428848358
23.00000000027694
23.008928571705525
23.01785714313411
23.026785714562692
23.035714285991276
23.04464285741986
23.053571428848443
23.062500000277026
23.07142857170561
23.080357143134194
23.089285714562777
23.09821428599136
23.107142857419944
23.116071428848528
23.12500000027711
23.133928571705695
23.14285714313428
23.151785714562862
23.160714285991446
23.16964285742003
23.178571428848613
23.187500000277197
23.19642857170578
23.205357143134364
23.214285714562948
23.22321428599153
23.232142857420115
23.2410714288487
23.250000000277282
23.258928571705866
23.26785714313445
23.276785714563033
23.285714285991617
23.2946428574202
23.303571428848784
23.312500000277367
23.32142857170595
23.330357143134535
23.33928571456312
23.348214285991702
23.357142857420286
23.36607142884887
23.375000000277453
23.383928571706036
23.39285714313462
23.401785714563204
23.410714285991787
23.41964285742037
23.428571428848954
23.437500000277538
23.44642857170612
23.455357143134705
23.46428571456329
23.473214285991872
23.482142857420456
23.49107142884904
23.500000000277623
23.508928571706207
23.51785714313479
23.526785714563374
23.535714285991958
23.54464285742054
23.553571428849125
23.56250000027771
23.571428571706292
23.580357143134876
23.58928571456346
23.598214285992043
23.607142857420627
23.61607142884921
23.625000000277794
23.633928571706377
23.64285714313496
23.651785714563545
23.66071428599213
23.669642857420712
23.678571428849295
23.68750000027788
23.696428571706463
23.705357143135046
23.71428571456363
23.723214285992213
23.732142857420797
23.74107142884938
23.750000000277964
23.758928571706548
23.76785714313513
23.776785714563715
23.7857142859923
23.794642857420882
23.803571428849466
23.81250000027805
23.821428571706633
23.830357143135217
23.8392857145638
23.848214285992384
23.857142857420968
23.86607142884955
23.875000000278135
23.88392857170672
23.892857143135302
23.901785714563886
23.91071428599247
23.919642857421053
23.928571428849637
23.93750000027822
23.946428571706804
23.955357143135387
23.96428571456397
23.973214285992555
23.982142857421138
23.99107142884972
24.000000000278305
24.00892857170689
24.017857143135473
24.026785714564056
24.03571428599264
24.044642857421223
24.053571428849807
24.06250000027839
24.071428571706974
24.080357143135558
24.08928571456414
24.098214285992725
24.10714285742131
24.116071428849892
24.125000000278476
24.13392857170706
24.142857143135643
24.151785714564227
24.16071428599281
24.169642857421394
24.178571428849978
24.18750000027856
24.196428571707145
24.20535714313573
24.214285714564312
24.223214285992896
24.23214285742148
24.241071428850063
24.250000000278646
24.25892857170723
24.267857143135814
24.276785714564397
24.28571428599298
24.294642857421564
24.303571428850148
24.31250000027873
24.321428571707315
24.3303571431359
24.339285714564483
24.348214285993066
24.35714285742165
24.366071428850233
24.375000000278817
24.3839285717074
24.392857143135984
24.401785714564568
24.41071428599315
24.419642857421735
24.42857142885032
24.437500000278902
24.446428571707486
24.45535714313607
24.464285714564653
24.473214285993237
24.48214285742182
24.491071428850404
24.500000000278987
24.50892857170757
24.517857143136155
24.52678571456474
24.535714285993322
24.544642857421906
24.55357142885049
24.562500000279073
24.571428571707656
24.58035714313624
24.589285714564824
24.598214285993407
24.60714285742199
24.616071428850574
24.625000000279158
24.63392857170774
24.642857143136325
24.65178571456491
24.660714285993492
24.669642857422076
24.67857142885066
24.687500000279243
24.696428571707827
24.70535714313641
24.714285714564994
24.723214285993578
24.73214285742216
24.741071428850745
24.75000000027933
24.758928571707912
24.767857143136496
24.77678571456508
24.785714285993663
24.794642857422247
24.80357142885083
24.812500000279414
24.821428571707997
24.83035714313658
24.839285714565165
24.84821428599375
24.857142857422332
24.866071428850915
24.8750000002795
24.883928571708083
24.892857143136666
24.90178571456525
24.910714285993834
24.919642857422417
24.928571428851
24.937500000279584
24.946428571708168
24.95535714313675
24.964285714565335
24.97321428599392
24.982142857422502
24.991071428851086
25.00000000027967
25.008928571708253
25.017857143136837
25.02678571456542
25.035714285994004
25.044642857422588
25.05357142885117
25.062500000279755
25.07142857170834
25.080357143136922
25.089285714565506
25.09821428599409
25.107142857422673
25.116071428851257
25.12500000027984
25.133928571708424
25.142857143137007
25.15178571456559
25.160714285994175
25.169642857422758
25.178571428851342
25.187500000279925
25.19642857170851
25.205357143137093
25.214285714565676
25.22321428599426
25.232142857422843
25.241071428851427
25.25000000028001
25.258928571708594
25.267857143137178
25.27678571456576
25.285714285994345
25.29464285742293
25.303571428851512
25.312500000280096
25.32142857170868
25.330357143137263
25.339285714565847
25.34821428599443
25.357142857423014
25.366071428851598
25.37500000028018
25.383928571708765
25.39285714313735
25.401785714565932
25.410714285994516
25.4196428574231
25.428571428851683
25.437500000280266
25.44642857170885
25.455357143137434
25.464285714566017
25.4732142859946
25.482142857423185
25.491071428851768
25.50000000028035
25.508928571708935
25.51785714313752
25.526785714566103
25.535714285994686
25.54464285742327
25.553571428851853
25.562500000280437
25.57142857170902
25.580357143137604
25.589285714566188
25.59821428599477
25.607142857423355
25.61607142885194
25.625000000280522
25.633928571709106
25.64285714313769
25.651785714566273
25.660714285994857
25.66964285742344
25.678571428852024
25.687500000280608
25.69642857170919
25.705357143137775
25.71428571456636
25.723214285994942
25.732142857423526
25.74107142885211
25.750000000280693
25.758928571709276
25.76785714313786
25.776785714566444
25.785714285995027
25.79464285742361
25.803571428852194
25.812500000280778
25.82142857170936
25.830357143137945
25.83928571456653
25.848214285995113
25.857142857423696
25.86607142885228
25.875000000280863
25.883928571709447
25.89285714313803
25.901785714566614
25.910714285995198
25.91964285742378
25.928571428852365
25.93750000028095
25.946428571709532
25.955357143138116
25.9642857145667
25.973214285995283
25.982142857423867
25.99107142885245
26.000000000281034
26.008928571709617
26.0178571431382
26.026785714566785
26.03571428599537
26.044642857423952
26.053571428852536
26.06250000028112
26.071428571709703
26.080357143138286
26.08928571456687
26.098214285995454
26.107142857424037
26.11607142885262
26.125000000281204
26.133928571709788
26.14285714313837
26.151785714566955
26.16071428599554
26.169642857424122
26.178571428852706
26.18750000028129
26.196428571709873
26.205357143138457
26.21428571456704
26.223214285995624
26.232142857424208
26.24107142885279
26.250000000281375
26.25892857170996
26.267857143138542
26.276785714567126
26.28571428599571
26.294642857424293
26.303571428852877
26.31250000028146
26.321428571710044
26.330357143138627
26.33928571456721
26.348214285995795
26.35714285742438
26.366071428852962
26.375000000281545
26.38392857171013
26.392857143138713
26.401785714567296
26.41071428599588
26.419642857424464
26.428571428853047
26.43750000028163
26.446428571710214
26.455357143138798
26.46428571456738
26.473214285995965
26.48214285742455
26.491071428853132
26.500000000281716
26.5089285717103
26.517857143138883
26.526785714567467
26.53571428599605
26.544642857424634
26.553571428853218
26.5625000002818
26.571428571710385
26.58035714313897
26.589285714567552
26.598214285996136
26.60714285742472
26.616071428853303
26.625000000281887
26.63392857171047
26.642857143139054
26.651785714567637
26.66071428599622
26.669642857424805
26.678571428853388
26.687500000281972
26.696428571710555
26.70535714313914
26.714285714567723
26.723214285996306
26.73214285742489
26.741071428853473
26.750000000282057
26.75892857171064
26.767857143139224
26.776785714567808
26.78571428599639
26.794642857424975
26.80357142885356
26.812500000282142
26.821428571710726
26.83035714313931
26.839285714567893
26.848214285996477
26.85714285742506
26.866071428853644
26.875000000282228
26.88392857171081
26.892857143139395
26.90178571456798
26.910714285996562
26.919642857425146
26.92857142885373
26.937500000282313
26.946428571710896
26.95535714313948
26.964285714568064
26.973214285996647
26.98214285742523
26.991071428853814
27.000000000282398
27.00892857171098
27.017857143139565
27.02678571456815
27.035714285996733
27.044642857425316
27.0535714288539
27.062500000282483
27.071428571711067
27.08035714313965
27.089285714568234
27.098214285996818
27.1071428574254
27.116071428853985
27.12500000028257
27.133928571711152
27.142857143139736
27.15178571456832
27.160714285996903
27.169642857425487
27.17857142885407
27.187500000282654
27.196428571711238
27.20535714313982
27.214285714568405
27.22321428599699
27.232142857425572
27.241071428854156
27.25000000028274
27.258928571711323
27.267857143139906
27.27678571456849
27.285714285997074
27.294642857425657
27.30357142885424
27.312500000282824
27.321428571711408
27.33035714313999
27.339285714568575
27.34821428599716
27.357142857425742
27.366071428854326
27.37500000028291
27.383928571711493
27.392857143140077
27.40178571456866
27.410714285997244
27.419642857425828
27.42857142885441
27.437500000282995
27.44642857171158
27.455357143140162
27.464285714568746
27.47321428599733
27.482142857425913
27.491071428854497
27.50000000028308
27.508928571711664
27.517857143140247
27.52678571456883
27.535714285997415
27.544642857426
27.553571428854582
27.562500000283165
27.57142857171175
27.580357143140333
27.589285714568916
27.5982142859975
27.607142857426084
27.616071428854667
27.62500000028325
27.633928571711834
27.642857143140418
27.651785714569
27.660714285997585
27.66964285742617
27.678571428854752
27.687500000283336
27.69642857171192
27.705357143140503
27.714285714569087
27.72321428599767
27.732142857426254
27.741071428854838
27.75000000028342
27.758928571712005
27.76785714314059
27.776785714569172
27.785714285997756
27.79464285742634
27.803571428854923
27.812500000283507
27.82142857171209
27.830357143140674
27.839285714569257
27.84821428599784
27.857142857426425
27.866071428855008
27.875000000283592
27.883928571712175
27.89285714314076
27.901785714569343
27.910714285997926
27.91964285742651
27.928571428855093
27.937500000283677
27.94642857171226
27.955357143140844
27.964285714569428
27.97321428599801
27.982142857426595
27.99107142885518
28.000000000283762
28.008928571712346
28.01785714314093
28.026785714569513
28.035714285998097
28.04464285742668
28.053571428855264
28.062500000283848
28.07142857171243
28.080357143141015
28.0892857145696
28.098214285998182
28.107142857426766
28.11607142885535
28.125000000283933
28.133928571712516
28.1428571431411
28.151785714569684
28.160714285998267
28.16964285742685
28.178571428855435
28.187500000284018
28.1964285717126
28.205357143141185
28.21428571456977
28.223214285998353
28.232142857426936
28.24107142885552
28.250000000284103
28.258928571712687
28.26785714314127
28.276785714569854
28.285714285998438
28.29464285742702
28.303571428855605
28.31250000028419
28.321428571712772
28.330357143141356
28.33928571456994
28.348214285998523
28.357142857427107
28.36607142885569
28.375000000284274
28.383928571712858
28.39285714314144
28.401785714570025
28.41071428599861
28.419642857427192
28.428571428855776
28.43750000028436
28.446428571712943
28.455357143141526
28.46428571457011
28.473214285998694
28.482142857427277
28.49107142885586
28.500000000284444
28.508928571713028
28.51785714314161
28.526785714570195
28.53571428599878
28.544642857427363
28.553571428855946
28.56250000028453
28.571428571713113
28.580357143141697
28.58928571457028
28.598214285998864
28.607142857427448
28.61607142885603
28.625000000284615
28.6339285717132
28.642857143141782
28.651785714570366
28.66071428599895
28.669642857427533
28.678571428856117
28.6875000002847
28.696428571713284
28.705357143141867
28.71428571457045
28.723214285999035
28.73214285742762
28.741071428856202
28.750000000284786
28.75892857171337
28.767857143141953
28.776785714570536
28.78571428599912
28.794642857427704
28.803571428856287
28.81250000028487
28.821428571713454
28.830357143142038
28.83928571457062
28.848214285999205
28.85714285742779
28.866071428856372
28.875000000284956
28.88392857171354
28.892857143142123
28.901785714570707
28.91071428599929
28.919642857427874
28.928571428856458
28.93750000028504
28.946428571713625
28.95535714314221
28.964285714570792
28.973214285999376
28.98214285742796
28.991071428856543
29.000000000285127
29.00892857171371
29.017857143142294
29.026785714570877
29.03571428599946
29.044642857428045
29.05357142885663
29.062500000285212
29.071428571713795
29.08035714314238
29.089285714570963
29.098214285999546
29.10714285742813
29.116071428856714
29.125000000285297
29.13392857171388
29.142857143142464
29.151785714571048
29.16071428599963
29.169642857428215
29.1785714288568
29.187500000285382
29.196428571713966
29.20535714314255
29.214285714571133
29.223214285999717
29.2321428574283
29.241071428856884
29.250000000285468
29.25892857171405
29.267857143142635
29.27678571457122
29.285714285999802
29.294642857428386
29.30357142885697
29.312500000285553
29.321428571714137
29.33035714314272
29.339285714571304
29.348214285999887
29.35714285742847
29.366071428857055
29.375000000285638
29.383928571714222
29.392857143142805
29.40178571457139
29.410714285999973
29.419642857428556
29.42857142885714
29.437500000285723
29.446428571714307
29.45535714314289
29.464285714571474
29.473214286000058
29.48214285742864
29.491071428857225
29.50000000028581
29.508928571714392
29.517857143142976
29.52678571457156
29.535714286000143
29.544642857428727
29.55357142885731
29.562500000285894
29.571428571714478
29.58035714314306
29.589285714571645
29.59821428600023
29.607142857428812
29.616071428857396
29.62500000028598
29.633928571714563
29.642857143143146
29.65178571457173
29.660714286000314
29.669642857428897
29.67857142885748
29.687500000286065
29.696428571714648
29.70535714314323
29.714285714571815
29.7232142860004
29.732142857428983
29.741071428857566
29.75000000028615
29.758928571714733
29.767857143143317
29.7767857145719
29.785714286000484
29.794642857429068
29.80357142885765
29.812500000286235
29.82142857171482
29.830357143143402
29.839285714571986
29.84821428600057
29.857142857429153
29.866071428857737
29.87500000028632
29.883928571714904
29.892857143143488
29.90178571457207
29.910714286000655
29.91964285742924
29.928571428857822
29.937500000286406
29.94642857171499
29.955357143143573
29.964285714572156
29.97321428600074
29.982142857429324
29.991071428857907
30.00000000028649
30.008928571715074
30.017857143143658
30.02678571457224
30.035714286000825
30.04464285742941
30.053571428857992
30.062500000286576
30.07142857171516
30.080357143143743
30.089285714572327
30.09821428600091
30.107142857429494
30.116071428858078
30.12500000028666
30.133928571715245
30.14285714314383
30.151785714572412
30.160714286000996
30.16964285742958
30.178571428858163
30.187500000286747
30.19642857171533
30.205357143143914
30.214285714572497
30.22321428600108
30.232142857429665
30.24107142885825
30.250000000286832
30.258928571715416
30.267857143144
30.276785714572583
30.285714286001166
30.29464285742975
30.303571428858334
30.312500000286917
30.3214285717155
30.330357143144084
30.339285714572668
30.34821428600125
30.357142857429835
30.36607142885842
30.375000000287002
30.383928571715586
30.39285714314417
30.401785714572753
30.410714286001337
30.41964285742992
30.428571428858504
30.437500000287088
30.44642857171567
30.455357143144255
30.46428571457284
30.473214286001422
30.482142857430006
30.49107142885859
30.500000000287173
30.508928571715757
30.51785714314434
30.526785714572924
30.535714286001507
30.54464285743009
30.553571428858675
30.562500000287258
30.571428571715842
30.580357143144425
30.58928571457301
30.598214286001593
30.607142857430176
30.61607142885876
30.625000000287343
30.633928571715927
30.64285714314451
30.651785714573094
30.660714286001678
30.66964285743026
30.678571428858845
30.68750000028743
30.696428571716012
30.705357143144596
30.71428571457318
30.723214286001763
30.732142857430347
30.74107142885893
30.750000000287514
30.758928571716098
30.76785714314468
30.776785714573265
30.78571428600185
30.794642857430432
30.803571428859016
30.8125000002876
30.821428571716183
30.830357143144766
30.83928571457335
30.848214286001934
30.857142857430517
30.8660714288591
30.875000000287685
30.883928571716268
30.89285714314485
30.901785714573435
30.91071428600202
30.919642857430603
30.928571428859186
30.93750000028777
30.946428571716353
30.955357143144937
30.96428571457352
30.973214286002104
30.982142857430688
30.99107142885927
31.000000000287855
31.00892857171644
31.017857143145022
31.026785714573606
31.03571428600219
31.044642857430773
31.053571428859357
31.06250000028794
31.071428571716524
31.080357143145108
31.08928571457369
31.098214286002275
31.10714285743086
31.116071428859442
31.125000000288026
31.13392857171661
31.142857143145193
31.151785714573776
31.16071428600236
31.169642857430944
31.178571428859527
31.18750000028811
31.196428571716694
31.205357143145278
31.21428571457386
31.223214286002445
31.23214285743103
31.241071428859613
31.250000000288196
31.25892857171678
31.267857143145363
31.276785714573947
31.28571428600253
31.294642857431114
31.303571428859698
31.31250000028828
31.321428571716865
31.33035714314545
31.339285714574032
31.348214286002616
31.3571428574312
31.366071428859783
31.375000000288367
31.38392857171695
31.392857143145534
31.401785714574117
31.4107142860027
31.419642857431285
31.42857142885987
31.437500000288452
31.446428571717036
31.45535714314562
31.464285714574203
31.473214286002786
31.48214285743137
31.491071428859954
31.500000000288537
31.50892857171712
31.517857143145704
31.526785714574288
31.53571428600287
31.544642857431455
31.55357142886004
31.562500000288622
31.571428571717206
31.58035714314579
31.589285714574373
31.598214286002957
31.60714285743154
31.616071428860124
31.625000000288708
31.63392857171729
31.642857143145875
31.65178571457446
31.660714286003042
31.669642857431626
31.67857142886021
31.687500000288793
31.696428571717377
31.70535714314596
31.714285714574544
31.723214286003127
31.73214285743171
31.741071428860295
31.75000000028888
31.758928571717462
31.767857143146045
31.77678571457463
31.785714286003213
31.794642857431796
31.80357142886038
31.812500000288964
31.821428571717547
31.83035714314613
31.839285714574714
31.848214286003298
31.85714285743188
31.866071428860465
31.87500000028905
31.883928571717632
31.892857143146216
31.9017857145748
31.910714286003383
31.919642857431967
31.92857142886055
31.937500000289134
31.946428571717718
31.9553571431463
31.964285714574885
31.97321428600347
31.982142857432052
31.991071428860636
32.00000000028922
32.0089285717178
32.01785714314639
32.02678571457497
32.035714286003554
32.04464285743214
32.05357142886072
32.062500000289305
32.07142857171789
32.08035714314647
32.089285714575055
32.09821428600364
32.10714285743222
32.116071428860806
32.12500000028939
32.13392857171797
32.14285714314656
32.15178571457514
32.160714286003724
32.16964285743231
32.17857142886089
32.187500000289475
32.19642857171806
32.20535714314664
32.214285714575226
32.22321428600381
32.23214285743239
32.24107142886098
32.25000000028956
32.258928571718144
32.26785714314673
32.27678571457531
32.285714286003895
32.29464285743248
32.30357142886106
32.312500000289646
32.32142857171823
32.33035714314681
32.3392857145754
32.34821428600398
32.357142857432564
32.36607142886115
32.37500000028973
32.383928571718315
32.3928571431469
32.40178571457548
32.410714286004065
32.41964285743265
32.42857142886123
32.437500000289816
32.4464285717184
32.45535714314698
32.46428571457557
32.47321428600415
32.482142857432734
32.49107142886132
32.5000000002899
32.508928571718485
32.51785714314707
32.52678571457565
32.535714286004236
32.54464285743282
32.5535714288614
32.56250000028999
32.57142857171857
32.580357143147154
32.58928571457574
32.59821428600432
32.607142857432905
32.61607142886149
32.62500000029007
32.633928571718656
32.64285714314724
32.65178571457582
32.660714286004406
32.66964285743299
32.678571428861574
32.68750000029016
32.69642857171874
32.705357143147324
32.71428571457591
32.72321428600449
32.732142857433075
32.74107142886166
32.75000000029024
32.758928571718826
32.76785714314741
32.77678571457599
32.78571428600458
32.79464285743316
32.803571428861744
32.81250000029033
32.82142857171891
32.830357143147495
32.83928571457608
32.84821428600466
32.857142857433246
32.86607142886183
32.87500000029041
32.883928571719
32.89285714314758
32.901785714576164
32.91071428600475
32.91964285743333
32.928571428861915
32.9375000002905
32.94642857171908
32.955357143147666
32.96428571457625
32.97321428600483
32.982142857433416
32.991071428862
33.000000000290584
33.00892857171917
33.01785714314775
33.026785714576334
33.03571428600492
33.0446428574335
33.053571428862085
33.06250000029067
33.07142857171925
33.080357143147836
33.08928571457642
33.098214286005
33.10714285743359
33.11607142886217
33.125000000290754
33.13392857171934
33.14285714314792
33.151785714576505
33.16071428600509
33.16964285743367
33.178571428862256
33.18750000029084
33.19642857171942
33.20535714314801
33.21428571457659
33.223214286005174
33.23214285743376
33.24107142886234
33.250000000290925
33.25892857171951
33.26785714314809
33.276785714576675
33.28571428600526
33.29464285743384
33.303571428862426
33.31250000029101
33.32142857171959
33.33035714314818
33.33928571457676
33.348214286005344
33.35714285743393
33.36607142886251
33.375000000291095
33.38392857171968
33.39285714314826
33.401785714576846
33.41071428600543
33.41964285743401
33.4285714288626
33.43750000029118
33.446428571719764
33.45535714314835
33.46428571457693
33.473214286005515
33.4821428574341
33.49107142886268
33.500000000291266
33.50892857171985
33.51785714314843
33.52678571457702
33.5357142860056
33.544642857434184
33.55357142886277
33.56250000029135
33.571428571719935
33.58035714314852
33.5892857145771
33.598214286005685
33.60714285743427
33.61607142886285
33.625000000291436
33.63392857172002
33.6428571431486
33.65178571457719
33.66071428600577
33.669642857434354
33.67857142886294
33.68750000029152
33.696428571720105
33.70535714314869
33.71428571457727
33.723214286005856
33.73214285743444
33.74107142886302
33.75000000029161
33.75892857172019
33.767857143148774
33.77678571457736
33.78571428600594
33.794642857434525
33.80357142886311
33.81250000029169
33.821428571720276
33.83035714314886
33.83928571457744
33.848214286006026
33.85714285743461
33.866071428863194
33.87500000029178
33.88392857172036
33.892857143148944
33.90178571457753
33.91071428600611
33.919642857434695
33.92857142886328
33.93750000029186
33.946428571720446
33.95535714314903
33.96428571457761
33.9732142860062
33.98214285743478
33.991071428863364
34.00000000029195
34.00892857172053
34.017857143149115
34.0267857145777
34.03571428600628
34.044642857434866
34.05357142886345
34.06250000029203
34.07142857172062
34.0803571431492
34.089285714577784
34.09821428600637
34.10714285743495
34.116071428863535
34.12500000029212
34.1339285717207
34.142857143149286
34.15178571457787
34.16071428600645
34.169642857435036
34.17857142886362
34.187500000292204
34.19642857172079
34.20535714314937
34.214285714577954
34.22321428600654
34.23214285743512
34.241071428863705
34.25000000029229
34.25892857172087
34.267857143149456
34.27678571457804
34.28571428600662
34.29464285743521
34.30357142886379
34.312500000292374
34.32142857172096
34.33035714314954
34.339285714578125
34.34821428600671
34.35714285743529
34.366071428863876
34.37500000029246
34.38392857172104
34.39285714314963
34.40178571457821
34.410714286006794
34.41964285743538
34.42857142886396
34.437500000292545
34.44642857172113
34.45535714314971
34.464285714578295
34.47321428600688
34.48214285743546
34.491071428864046
34.50000000029263
34.50892857172121
34.5178571431498
34.52678571457838
34.535714286006964
34.54464285743555
34.55357142886413
34.562500000292715
34.5714285717213
34.58035714314988
34.589285714578466
34.59821428600705
34.60714285743563
34.61607142886422
34.6250000002928
34.633928571721384
34.64285714314997
34.65178571457855
34.660714286007135
34.66964285743572
34.6785714288643
34.687500000292886
34.69642857172147
34.70535714315005
34.71428571457864
34.72321428600722
34.732142857435804
34.74107142886439
34.75000000029297
34.758928571721555
34.76785714315014
34.77678571457872
34.785714286007305
34.79464285743589
34.80357142886447
34.812500000293056
34.82142857172164
34.83035714315022
34.83928571457881
34.84821428600739
34.857142857435974
34.86607142886456
34.87500000029314
34.883928571721725
34.89285714315031
34.90178571457889
34.910714286007476
34.91964285743606
34.92857142886464
34.93750000029323
34.94642857172181
34.955357143150394
34.96428571457898
34.97321428600756
34.982142857436145
34.99107142886473
35.00000000029331
35.008928571721896
35.01785714315048
35.02678571457906
35.03571428600765
35.04464285743623
35.053571428864814
35.0625000002934
35.07142857172198
35.080357143150565
35.08928571457915
35.09821428600773
35.107142857436315
35.1160714288649
35.12500000029348
35.133928571722066
35.14285714315065
35.15178571457923
35.16071428600782
35.1696428574364
35.178571428864984
35.18750000029357
35.19642857172215
35.205357143150735
35.21428571457932
35.2232142860079
35.232142857436486
35.24107142886507
35.25000000029365
35.25892857172224
35.26785714315082
35.276785714579404
35.28571428600799
35.29464285743657
35.303571428865155
35.31250000029374
35.32142857172232
35.330357143150906
35.33928571457949
35.34821428600807
35.357142857436656
35.36607142886524
35.375000000293824
35.38392857172241
35.39285714315099
35.401785714579574
35.41071428600816
35.41964285743674
35.428571428865325
35.43750000029391
35.44642857172249
35.455357143151076
35.46428571457966
35.47321428600824
35.48214285743683
35.49107142886541
35.500000000293994
35.50892857172258
35.51785714315116
35.526785714579745
35.53571428600833
35.54464285743691
35.553571428865496
35.56250000029408
35.57142857172266
35.58035714315125
35.58928571457983
35.598214286008414
35.607142857437
35.61607142886558
35.625000000294165
35.63392857172275
35.64285714315133
35.651785714579916
35.6607142860085
35.66964285743708
35.678571428865666
35.68750000029425
35.696428571722834
35.70535714315142
35.71428571458
35.723214286008584
35.73214285743717
35.74107142886575
35.750000000294335
35.75892857172292
35.7678571431515
35.776785714580086
35.78571428600867
35.79464285743725
35.80357142886584
35.81250000029442
35.821428571723004
35.83035714315159
35.83928571458017
35.848214286008755
35.85714285743734
35.86607142886592
35.875000000294506
35.88392857172309
35.89285714315167
35.90178571458026
35.91071428600884
35.919642857437424
35.92857142886601
35.93750000029459
35.946428571723175
35.95535714315176
35.96428571458034
35.973214286008925
35.98214285743751
35.99107142886609
36.000000000294676
36.00892857172326
36.01785714315184
36.02678571458043
36.03571428600901
36.044642857437594
36.05357142886618
36.06250000029476
36.071428571723345
36.08035714315193
36.08928571458051
36.098214286009096
36.10714285743768
36.11607142886626
36.12500000029485
36.13392857172343
36.142857143152014
36.1517857145806
36.16071428600918
36.169642857437765
36.17857142886635
36.18750000029493
36.196428571723516
36.2053571431521
36.21428571458068
36.22321428600927
36.23214285743785
36.241071428866434
36.25000000029502
36.2589285717236
36.267857143152185
36.27678571458077
36.28571428600935
36.294642857437935
36.30357142886652
36.3125000002951
36.321428571723686
36.33035714315227
36.33928571458085
36.34821428600944
36.35714285743802
36.366071428866604
36.37500000029519
36.38392857172377
36.392857143152355
36.40178571458094
36.41071428600952
36.419642857438106
36.42857142886669
36.43750000029527
36.44642857172386
36.45535714315244
36.464285714581024
36.47321428600961
36.48214285743819
36.491071428866775
36.50000000029536
36.50892857172394
36.517857143152526
36.52678571458111
36.53571428600969
36.54464285743828
36.55357142886686
36.562500000295444
36.57142857172403
36.58035714315261
36.589285714581194
36.59821428600978
36.60714285743836
36.616071428866945
36.62500000029553
36.63392857172411
36.642857143152696
36.65178571458128
36.66071428600986
36.66964285743845
36.67857142886703
36.687500000295614
36.6964285717242
36.70535714315278
36.714285714581365
36.72321428600995
36.73214285743853
36.741071428867116
36.7500000002957
36.75892857172428
36.76785714315287
36.77678571458145
36.785714286010034
36.79464285743862
36.8035714288672
36.812500000295785
36.82142857172437
36.83035714315295
36.839285714581536
36.84821428601012
36.8571428574387
36.866071428867286
36.87500000029587
36.883928571724454
36.89285714315304
36.90178571458162
36.910714286010204
36.91964285743879
36.92857142886737
36.937500000295955
36.94642857172454
36.95535714315312
36.964285714581706
36.97321428601029
36.98214285743887
36.99107142886746
37.00000000029604
37.008928571724624
37.01785714315321
37.02678571458179
37.035714286010375
37.04464285743896
37.05357142886754
37.062500000296126
37.07142857172471
37.08035714315329
37.08928571458188
37.09821428601046
37.107142857439044
37.11607142886763
37.12500000029621
37.133928571724795
37.14285714315338
37.15178571458196
37.160714286010545
37.16964285743913
37.17857142886771
37.187500000296296
37.19642857172488
37.20535714315346
37.21428571458205
37.22321428601063
37.232142857439214
37.2410714288678
37.25000000029638
37.258928571724965
37.26785714315355
37.27678571458213
37.285714286010716
37.2946428574393
37.30357142886788
37.31250000029647
37.32142857172505
37.330357143153634
37.33928571458222
37.3482142860108
37.357142857439385
37.36607142886797
37.37500000029655
37.383928571725136
37.39285714315372
37.4017857145823
37.41071428601089
37.41964285743947
37.428571428868054
37.43750000029664
37.44642857172522
37.455357143153805
37.46428571458239
37.47321428601097
37.482142857439555
37.49107142886814
37.50000000029672
37.508928571725306
37.51785714315389
37.52678571458247
37.53571428601106
37.54464285743964
37.553571428868224
37.56250000029681
37.57142857172539
37.580357143153975
37.58928571458256
37.59821428601114
37.607142857439726
37.61607142886831
37.62500000029689
37.63392857172548
37.64285714315406
37.651785714582644
37.66071428601123
37.66964285743981
37.678571428868395
37.68750000029698
37.69642857172556
37.705357143154146
37.71428571458273
37.72321428601131
37.7321428574399
37.74107142886848
37.750000000297064
37.75892857172565
37.76785714315423
37.776785714582815
37.7857142860114
37.79464285743998
37.803571428868565
37.81250000029715
37.82142857172573
37.830357143154316
37.8392857145829
37.84821428601148
37.85714285744007
37.86607142886865
37.875000000297234
37.88392857172582
37.8928571431544
37.901785714582985
37.91071428601157
37.91964285744015
37.928571428868736
37.93750000029732
37.9464285717259
37.95535714315449
37.96428571458307
37.973214286011654
37.98214285744024
37.99107142886882
38.000000000297405
38.00892857172599
38.01785714315457
38.026785714583156
38.03571428601174
38.04464285744032
38.053571428868906
38.06250000029749
38.071428571726074
38.08035714315466
38.08928571458324
38.098214286011824
38.10714285744041
38.11607142886899
38.125000000297575
38.13392857172616
38.14285714315474
38.151785714583326
38.16071428601191
38.16964285744049
38.17857142886908
38.18750000029766
38.196428571726244
38.20535714315483
38.21428571458341
38.223214286011995
38.23214285744058
38.24107142886916
38.250000000297746
38.25892857172633
38.26785714315491
38.2767857145835
38.28571428601208
38.294642857440664
38.30357142886925
38.31250000029783
38.321428571726415
38.330357143155
38.33928571458358
38.348214286012166
38.35714285744075
38.36607142886933
38.375000000297916
38.3839285717265
38.392857143155084
38.40178571458367
38.41071428601225
38.419642857440834
38.42857142886942
38.437500000298
38.446428571726585
38.45535714315517
38.46428571458375
38.473214286012336
38.48214285744092
38.4910714288695
38.50000000029809
38.50892857172667
38.517857143155254
38.52678571458384
38.53571428601242
38.544642857441005
38.55357142886959
38.56250000029817
38.571428571726756
38.58035714315534
38.58928571458392
38.59821428601251
38.60714285744109
38.616071428869674
38.62500000029826
38.63392857172684
38.642857143155425
38.65178571458401
38.66071428601259
38.669642857441175
38.67857142886976
38.68750000029834
38.696428571726926
38.70535714315551
38.71428571458409
38.72321428601268
38.73214285744126
38.741071428869844
38.75000000029843
38.75892857172701
38.767857143155595
38.77678571458418
38.78571428601276
38.794642857441346
38.80357142886993
38.81250000029851
38.8214285717271
38.83035714315568
38.839285714584264
38.84821428601285
38.85714285744143
38.866071428870015
38.8750000002986
38.88392857172718
38.892857143155766
38.90178571458435
38.91071428601293
38.91964285744152
38.9285714288701
38.937500000298684
38.94642857172727
38.95535714315585
38.964285714584435
38.97321428601302
38.9821428574416
38.991071428870185
39.00000000029877
39.00892857172735
39.017857143155936
39.02678571458452
39.0357142860131
39.04464285744169
39.05357142887027
39.062500000298854
39.07142857172744
39.08035714315602
39.089285714584605
39.09821428601319
39.10714285744177
39.116071428870356
39.12500000029894
39.13392857172752
39.14285714315611
39.15178571458469
39.160714286013274
39.16964285744186
39.17857142887044
39.187500000299025
39.19642857172761
39.20535714315619
39.214285714584776
39.22321428601336
39.23214285744194
39.24107142887053
39.25000000029911
39.258928571727694
39.26785714315628
39.27678571458486
39.285714286013445
39.29464285744203
39.30357142887061
39.312500000299195
39.32142857172778
39.33035714315636
39.339285714584946
39.34821428601353
39.35714285744211
39.3660714288707
39.37500000029928
39.383928571727864
39.39285714315645
39.40178571458503
39.410714286013615
39.4196428574422
39.42857142887078
39.437500000299366
39.44642857172795
39.45535714315653
39.46428571458512
39.4732142860137
39.482142857442284
39.49107142887087
39.50000000029945
39.508928571728035
39.51785714315662
39.5267857145852
39.535714286013786
39.54464285744237
39.55357142887095
39.562500000299536
39.57142857172812
39.580357143156704
39.58928571458529
39.59821428601387
39.607142857442454
39.61607142887104
39.62500000029962
39.633928571728205
39.64285714315679
39.65178571458537
39.660714286013956
39.66964285744254
39.67857142887112
39.68750000029971
39.69642857172829
39.705357143156874
39.71428571458546
39.72321428601404
39.732142857442625
39.74107142887121
39.75000000029979
39.758928571728376
39.76785714315696
39.77678571458554
39.78571428601413
39.79464285744271
39.803571428871294
39.81250000029988
39.82142857172846
39.830357143157045
39.83928571458563
39.84821428601421
39.857142857442796
39.86607142887138
39.87500000029996
39.883928571728546
39.89285714315713
39.90178571458571
39.9107142860143
39.91964285744288
39.928571428871464
39.93750000030005
39.94642857172863
39.955357143157215
39.9642857145858
39.97321428601438
39.982142857442966
39.99107142887155
40.00000000030013
40.00892857172872
40.0178571431573
40.026785714585884
40.03571428601447
40.04464285744305
40.053571428871635
40.06250000030022
40.0714285717288
40.080357143157386
40.08928571458597
40.09821428601455
40.10714285744314
40.11607142887172
40.125000000300304
40.13392857172889
40.14285714315747
40.151785714586055
40.16071428601464
40.16964285744322
40.178571428871805
40.18750000030039
40.19642857172897
40.205357143157556
40.21428571458614
40.22321428601472
40.23214285744331
40.24107142887189
40.250000000300474
40.25892857172906
40.26785714315764
40.276785714586225
40.28571428601481
40.29464285744339
40.303571428871976
40.31250000030056
40.32142857172914
40.33035714315773
40.33928571458631
40.348214286014894
40.35714285744348
40.36607142887206
40.375000000300645
40.38392857172923
40.39285714315781
40.401785714586396
40.41071428601498
40.41964285744356
40.42857142887215
40.43750000030073
40.446428571729314
40.4553571431579
40.46428571458648
40.473214286015065
40.48214285744365
40.49107142887223
40.500000000300815
40.5089285717294
40.51785714315798
40.526785714586566
40.53571428601515
40.54464285744373
40.55357142887232
40.5625000003009
40.571428571729484
40.58035714315807
40.58928571458665
40.598214286015235
40.60714285744382
40.6160714288724
40.625000000300986
40.63392857172957
40.64285714315815
40.65178571458674
40.66071428601532
40.669642857443904
40.67857142887249
40.68750000030107
40.696428571729655
40.70535714315824
40.71428571458682
40.723214286015406
40.73214285744399
40.74107142887257
40.750000000301156
40.75892857172974
40.767857143158324
40.77678571458691
40.78571428601549
40.794642857444074
40.80357142887266
40.81250000030124
40.821428571729825
40.83035714315841
40.83928571458699
40.848214286015576
40.85714285744416
40.86607142887274
40.87500000030133
40.88392857172991
40.892857143158494
40.90178571458708
40.91071428601566
40.919642857444245
40.92857142887283
40.93750000030141
40.946428571729996
40.95535714315858
40.96428571458716
40.97321428601575
40.98214285744433
40.991071428872914
41.0000000003015
41.00892857173008
41.017857143158665
41.02678571458725
41.03571428601583
41.044642857444416
41.053571428873
41.06250000030158
41.071428571730166
41.08035714315875
41.089285714587334
41.09821428601592
41.1071428574445
41.116071428873084
41.12500000030167
41.13392857173025
41.142857143158835
41.15178571458742
41.160714286016
41.169642857444586
41.17857142887317
41.18750000030175
41.19642857173034
41.20535714315892
41.214285714587504
41.22321428601609
41.23214285744467
41.241071428873255
41.25000000030184
41.25892857173042
41.267857143159006
41.27678571458759
41.28571428601617
41.29464285744476
41.30357142887334
41.312500000301924
41.32142857173051
41.33035714315909
41.339285714587675
41.34821428601626
41.35714285744484
41.366071428873425
41.37500000030201
41.38392857173059
41.392857143159176
41.40178571458776
41.41071428601634
41.41964285744493
41.42857142887351
41.437500000302094
41.44642857173068
41.45535714315926
41.464285714587845
41.47321428601643
41.48214285744501
41.491071428873596
41.50000000030218
41.50892857173076
41.51785714315935
41.52678571458793
41.535714286016514
41.5446428574451
41.55357142887368
41.562500000302265
41.57142857173085
41.58035714315943
41.589285714588016
41.5982142860166
41.60714285744518
41.61607142887377
41.62500000030235
41.633928571730934
41.64285714315952
41.6517857145881
41.660714286016685
41.66964285744527
41.67857142887385
41.687500000302435
41.69642857173102
41.7053571431596
41.714285714588186
41.72321428601677
41.73214285744535
41.74107142887394
41.75000000030252
41.758928571731104
41.76785714315969
41.77678571458827
41.785714286016855
41.79464285744544
41.80357142887402
41.812500000302606
41.82142857173119
41.83035714315977
41.83928571458836
41.84821428601694
41.857142857445524
41.86607142887411
41.87500000030269
41.883928571731275
41.89285714315986
41.90178571458844
41.910714286017026
41.91964285744561
41.92857142887419
41.93750000030278
41.94642857173136
41.955357143159944
41.96428571458853
41.97321428601711
41.982142857445695
41.99107142887428
42.00000000030286
42.008928571731445
42.01785714316003
42.02678571458861
42.035714286017196
42.04464285744578
42.05357142887436
42.06250000030295
42.07142857173153
42.080357143160114
42.0892857145887
42.09821428601728
42.107142857445865
42.11607142887445
42.12500000030303
42.133928571731616
42.1428571431602
42.15178571458878
42.16071428601737
42.16964285744595
42.178571428874534
42.18750000030312
42.1964285717317
42.205357143160285
42.21428571458887
42.22321428601745
42.232142857446036
42.24107142887462
42.2500000003032
42.258928571731786
42.26785714316037
42.276785714588954
42.28571428601754
42.29464285744612
42.303571428874704
42.31250000030329
42.32142857173187
42.330357143160455
42.33928571458904
42.34821428601762
42.357142857446206
42.36607142887479
42.37500000030337
42.38392857173196
42.39285714316054
42.401785714589124
42.41071428601771
42.41964285744629
42.428571428874875
42.43750000030346
42.44642857173204
42.455357143160626
42.46428571458921
42.47321428601779
42.48214285744638
42.49107142887496
42.500000000303544
42.50892857173213
42.51785714316071
42.526785714589295
42.53571428601788
42.54464285744646
42.553571428875046
42.56250000030363
42.57142857173221
42.580357143160796
42.58928571458938
42.598214286017964
42.60714285744655
42.61607142887513
42.625000000303714
42.6339285717323
42.64285714316088
42.651785714589465
42.66071428601805
42.66964285744663
42.678571428875216
42.6875000003038
42.69642857173238
42.70535714316097
42.71428571458955
42.723214286018134
42.73214285744672
42.7410714288753
42.750000000303885
42.75892857173247
42.76785714316105
42.776785714589636
42.78571428601822
42.7946428574468
42.80357142887539
42.81250000030397
42.821428571732554
42.83035714316114
42.83928571458972
42.848214286018305
42.85714285744689
42.86607142887547
42.875000000304055
42.88392857173264
42.89285714316122
42.901785714589806
42.91071428601839
42.91964285744697
42.92857142887556
42.93750000030414
42.946428571732724
42.95535714316131
42.96428571458989
42.973214286018475
42.98214285744706
42.99107142887564
43.000000000304226
43.00892857173281
43.01785714316139
43.02678571458998
43.03571428601856
43.044642857447144
43.05357142887573
43.06250000030431
43.071428571732895
43.08035714316148
43.08928571459006
43.098214286018646
43.10714285744723
43.11607142887581
43.1250000003044
43.13392857173298
43.142857143161564
43.15178571459015
43.16071428601873
43.169642857447315
43.1785714288759
43.18750000030448
43.196428571733065
43.20535714316165
43.21428571459023
43.223214286018816
43.2321428574474
43.24107142887598
43.25000000030457
43.25892857173315
43.267857143161734
43.27678571459032
43.2857142860189
43.294642857447485
43.30357142887607
43.31250000030465
43.321428571733236
43.33035714316182
43.3392857145904
43.34821428601899
43.35714285744757
43.366071428876154
43.37500000030474
43.38392857173332
43.392857143161905
43.40178571459049
43.41071428601907
43.419642857447656
43.42857142887624
43.43750000030482
43.446428571733406
43.45535714316199
43.464285714590574
43.47321428601916
43.48214285744774
43.491071428876324
43.50000000030491
43.50892857173349
43.517857143162075
43.52678571459066
43.53571428601924
43.544642857447826
43.55357142887641
43.56250000030499
43.57142857173358
43.58035714316216
43.589285714590744
43.59821428601933
43.60714285744791
43.616071428876495
43.62500000030508
43.63392857173366
43.642857143162246
43.65178571459083
43.66071428601941
43.669642857448
43.67857142887658
43.687500000305164
43.69642857173375
43.70535714316233
43.714285714590915
43.7232142860195
43.73214285744808
43.741071428876666
43.75000000030525
43.75892857173383
43.767857143162416
43.776785714591
43.785714286019584
43.79464285744817
43.80357142887675
43.812500000305334
43.82142857173392
43.8303571431625
43.839285714591085
43.84821428601967
43.85714285744825
43.866071428876836
43.87500000030542
43.883928571734
43.89285714316259
43.90178571459117
43.910714286019754
43.91964285744834
43.92857142887692
43.937500000305505
43.94642857173409
43.95535714316267
43.964285714591256
43.97321428601984
43.98214285744842
43.99107142887701
44.00000000030559
44.008928571734174
44.01785714316276
44.02678571459134
44.035714286019925
44.04464285744851
44.05357142887709
44.062500000305675
44.07142857173426
44.08035714316284
44.089285714591426
44.09821428602001
44.10714285744859
44.11607142887718
44.12500000030576
44.133928571734344
44.14285714316293
44.15178571459151
44.160714286020095
44.16964285744868
44.17857142887726
44.187500000305846
44.19642857173443
44.20535714316301
44.2142857145916
44.22321428602018
44.232142857448764
44.24107142887735
44.25000000030593
44.258928571734515
44.2678571431631
44.27678571459168
44.285714286020266
44.29464285744885
44.30357142887743
44.31250000030602
44.3214285717346
44.330357143163184
44.33928571459177
44.34821428602035
44.357142857448935
44.36607142887752
44.3750000003061
44.383928571734685
44.39285714316327
44.40178571459185
44.410714286020436
44.41964285744902
44.4285714288776
44.43750000030619
44.44642857173477
44.455357143163354
44.46428571459194
44.47321428602052
44.482142857449105
44.49107142887769
44.50000000030627
44.508928571734856
44.51785714316344
44.52678571459202
44.53571428602061
44.54464285744919
44.553571428877774
44.56250000030636
44.57142857173494
44.580357143163525
44.58928571459211
44.59821428602069
44.607142857449276
44.61607142887786
44.62500000030644
44.63392857173503
44.64285714316361
44.651785714592194
44.66071428602078
44.66964285744936
44.678571428877945
44.68750000030653
44.69642857173511
44.705357143163695
44.71428571459228
44.72321428602086
44.732142857449446
44.74107142887803
44.75000000030661
44.7589285717352
44.76785714316378
44.776785714592364
44.78571428602095
44.79464285744953
44.803571428878115
44.8125000003067
44.82142857173528
44.830357143163866
44.83928571459245
44.84821428602103
44.85714285744962
44.8660714288782
44.875000000306784
44.88392857173537
44.89285714316395
44.901785714592535
44.91071428602112
44.9196428574497
44.928571428878286
44.93750000030687
44.94642857173545
44.955357143164036
44.96428571459262
44.973214286021204
44.98214285744979
44.99107142887837
45.000000000306954
45.00892857173554
45.01785714316412
45.026785714592705
45.03571428602129
45.04464285744987
45.053571428878456
45.06250000030704
45.07142857173562
45.08035714316421
45.08928571459279
45.098214286021374
45.10714285744996
45.11607142887854
45.125000000307125
45.13392857173571
45.14285714316429
45.151785714592876
45.16071428602146
45.16964285745004
45.17857142887863
45.18750000030721
45.196428571735794
45.20535714316438
45.21428571459296
45.223214286021545
45.23214285745013
45.24107142887871
45.250000000307296
45.25892857173588
45.26785714316446
45.276785714593046
45.28571428602163
45.294642857450214
45.3035714288788
45.31250000030738
45.321428571735964
45.33035714316455
45.33928571459313
45.348214286021715
45.3571428574503
45.36607142887888
45.375000000307466
45.38392857173605
45.39285714316463
45.40178571459322
45.4107142860218
45.419642857450384
45.42857142887897
45.43750000030755
45.446428571736135
45.45535714316472
45.4642857145933
45.473214286021886
45.48214285745047
45.49107142887905
45.50000000030764
45.50892857173622
45.517857143164804
45.52678571459339
45.53571428602197
45.544642857450555
45.55357142887914
45.56250000030772
45.571428571736305
45.58035714316489
45.58928571459347
45.598214286022056
45.60714285745064
45.61607142887922
45.62500000030781
45.63392857173639
45.642857143164974
45.65178571459356
45.66071428602214
45.669642857450725
45.67857142887931
45.68750000030789
45.696428571736476
45.70535714316506
45.71428571459364
45.72321428602223
45.73214285745081
45.741071428879394
45.75000000030798
45.75892857173656
45.767857143165145
45.77678571459373
45.78571428602231
45.794642857450896
45.80357142887948
45.81250000030806
45.82142857173665
45.83035714316523
45.839285714593814
45.8482142860224
45.85714285745098
45.866071428879565
45.87500000030815
45.88392857173673
45.892857143165315
45.9017857145939
45.91071428602248
45.919642857451066
45.92857142887965
45.93750000030823
45.94642857173682
45.9553571431654
45.964285714593984
45.97321428602257
45.98214285745115
45.991071428879735
46.00000000030832
46.0089285717369
46.017857143165486
46.02678571459407
46.03571428602265
46.04464285745124
46.05357142887982
46.062500000308404
46.07142857173699
46.08035714316557
46.089285714594155
46.09821428602274
46.10714285745132
46.116071428879906
46.12500000030849
46.13392857173707
46.14285714316566
46.15178571459424
46.160714286022824
46.16964285745141
46.17857142887999
46.187500000308574
46.19642857173716
46.20535714316574
46.214285714594325
46.22321428602291
46.23214285745149
46.241071428880076
46.25000000030866
46.25892857173724
46.26785714316583
46.27678571459441
46.285714286022994
46.29464285745158
46.30357142888016
46.312500000308745
46.32142857173733
46.33035714316591
46.339285714594496
46.34821428602308
46.35714285745166
46.36607142888025
46.37500000030883
46.383928571737414
46.392857143166
46.40178571459458
46.410714286023165
46.41964285745175
46.42857142888033
46.437500000308916
46.4464285717375
46.45535714316608
46.464285714594666
46.47321428602325
46.482142857451834
46.49107142888042
46.500000000309
46.508928571737584
46.51785714316617
46.52678571459475
46.535714286023335
46.54464285745192
46.5535714288805
46.562500000309086
46.57142857173767
46.58035714316625
46.58928571459484
46.59821428602342
46.607142857452004
46.61607142888059
46.62500000030917
46.633928571737755
46.64285714316634
46.65178571459492
46.660714286023506
46.66964285745209
46.67857142888067
46.68750000030926
46.69642857173784
46.705357143166424
46.71428571459501
46.72321428602359
46.732142857452175
46.74107142888076
46.75000000030934
46.758928571737925
46.76785714316651
46.77678571459509
46.785714286023676
46.79464285745226
46.80357142888084
46.81250000030943
46.82142857173801
46.830357143166594
46.83928571459518
46.84821428602376
46.857142857452345
46.86607142888093
46.87500000030951
46.883928571738096
46.89285714316668
46.90178571459526
46.91071428602385
46.91964285745243
46.928571428881014
46.9375000003096
46.94642857173818
46.955357143166765
46.96428571459535
46.97321428602393
46.982142857452516
46.9910714288811
47.00000000030968
47.00892857173827
47.01785714316685
47.026785714595434
47.03571428602402
47.0446428574526
47.053571428881185
47.06250000030977
47.07142857173835
47.080357143166935
47.08928571459552
47.0982142860241
47.107142857452686
47.11607142888127
47.12500000030985
47.13392857173844
47.14285714316702
47.151785714595604
47.16071428602419
47.16964285745277
47.178571428881355
47.18750000030994
47.19642857173852
47.205357143167106
47.21428571459569
47.22321428602427
47.23214285745286
47.24107142888144
47.250000000310024
47.25892857173861
47.26785714316719
47.276785714595775
47.28571428602436
47.29464285745294
47.303571428881526
47.31250000031011
47.32142857173869
47.33035714316728
47.33928571459586
47.348214286024444
47.35714285745303
47.36607142888161
47.375000000310195
47.38392857173878
47.39285714316736
47.401785714595945
47.41071428602453
47.41964285745311
47.428571428881696
47.43750000031028
47.44642857173886
47.45535714316745
47.46428571459603
47.473214286024614
47.4821428574532
47.49107142888178
47.500000000310365
47.50892857173895
47.51785714316753
47.526785714596116
47.5357142860247
47.54464285745328
47.55357142888187
47.56250000031045
47.571428571739034
47.58035714316762
47.5892857145962
47.598214286024785
47.60714285745337
47.61607142888195
47.625000000310536
47.63392857173912
47.6428571431677
47.651785714596286
47.66071428602487
47.669642857453454
47.67857142888204
47.68750000031062
47.696428571739204
47.70535714316779
47.71428571459637
47.723214286024955
47.73214285745354
47.74107142888212
47.750000000310706
47.75892857173929
47.76785714316787
47.77678571459646
47.78571428602504
47.794642857453624
47.80357142888221
47.81250000031079
47.821428571739375
47.83035714316796
47.83928571459654
47.848214286025126
47.85714285745371
47.86607142888229
47.87500000031088
47.88392857173946
47.892857143168044
47.90178571459663
47.91071428602521
47.919642857453795
47.92857142888238
47.93750000031096
47.946428571739546
47.95535714316813
47.96428571459671
47.973214286025296
47.98214285745388
47.991071428882464
48.00000000031105
48.00892857173963
48.017857143168214
48.0267857145968
48.03571428602538
48.044642857453965
48.05357142888255
48.06250000031113
48.071428571739716
48.0803571431683
48.08928571459688
48.09821428602547
48.10714285745405
48.116071428882634
48.12500000031122
48.1339285717398
48.142857143168385
48.15178571459697
48.16071428602555
48.169642857454136
48.17857142888272
48.1875000003113
48.19642857173989
48.20535714316847
48.214285714597054
48.22321428602564
48.23214285745422
48.241071428882805
48.25000000031139
48.25892857173997
48.267857143168555
48.27678571459714
48.28571428602572
48.294642857454306
48.30357142888289
48.31250000031147
48.32142857174006
48.33035714316864
48.339285714597224
48.34821428602581
48.35714285745439
48.366071428882975
48.37500000031156
48.38392857174014
48.392857143168726
48.40178571459731
48.41071428602589
48.41964285745448
48.42857142888306
48.437500000311644
48.44642857174023
48.45535714316881
48.464285714597395
48.47321428602598
48.48214285745456
48.491071428883146
48.50000000031173
48.50892857174031
48.5178571431689
48.52678571459748
48.535714286026064
48.54464285745465
48.55357142888323
48.562500000311815
48.5714285717404
48.58035714316898
48.589285714597565
48.59821428602615
48.60714285745473
48.616071428883316
48.6250000003119
48.63392857174048
48.64285714316907
48.65178571459765
48.660714286026234
48.66964285745482
48.6785714288834
48.687500000311985
48.69642857174057
48.70535714316915
48.714285714597736
48.72321428602632
48.7321428574549
48.74107142888349
48.75000000031207
48.758928571740654
48.76785714316924
48.77678571459782
48.785714286026405
48.79464285745499
48.80357142888357
48.812500000312156
48.82142857174074
48.83035714316932
48.83928571459791
48.84821428602649
48.857142857455074
48.86607142888366
48.87500000031224
48.883928571740825
48.89285714316941
48.90178571459799
48.910714286026575
48.91964285745516
48.92857142888374
48.937500000312326
48.94642857174091
48.95535714316949
48.96428571459808
48.97321428602666
48.982142857455244
48.99107142888383
49.00000000031241
49.008928571740995
49.01785714316958
49.02678571459816
49.035714286026746
49.04464285745533
49.05357142888391
49.0625000003125
49.07142857174108
49.080357143169664
49.08928571459825
49.09821428602683
49.107142857455415
49.116071428884
49.12500000031258
49.133928571741166
49.14285714316975
49.15178571459833
49.160714286026916
49.1696428574555
49.178571428884084
49.18750000031267
49.19642857174125
49.205357143169834
49.21428571459842
49.223214286027
49.232142857455585
49.24107142888417
49.25000000031275
49.258928571741336
49.26785714316992
49.2767857145985
49.28571428602709
49.29464285745567
49.303571428884254
49.31250000031284
49.32142857174142
49.330357143170005
49.33928571459859
49.34821428602717
49.357142857455756
49.36607142888434
49.37500000031292
49.38392857174151
49.39285714317009
49.401785714598674
49.41071428602726
49.41964285745584
49.428571428884425
49.43750000031301
49.44642857174159
49.455357143170176
49.46428571459876
49.47321428602734
49.482142857455926
49.49107142888451
49.50000000031309
49.50892857174168
49.51785714317026
49.526785714598844
49.53571428602743
49.54464285745601
49.553571428884595
49.56250000031318
49.57142857174176
49.580357143170346
49.58928571459893
49.59821428602751
49.6071428574561
49.61607142888468
49.625000000313264
49.63392857174185
49.64285714317043
49.651785714599015
49.6607142860276
49.66964285745618
49.678571428884766
49.68750000031335
49.69642857174193
49.70535714317052
49.7142857145991
49.723214286027684
49.73214285745627
49.74107142888485
49.750000000313435
49.75892857174202
49.7678571431706
49.776785714599185
49.78571428602777
49.79464285745635
49.803571428884936
49.81250000031352
49.8214285717421
49.83035714317069
49.83928571459927
49.848214286027854
49.85714285745644
49.86607142888502
49.875000000313605
49.88392857174219
49.89285714317077
49.901785714599356
49.91071428602794
49.91964285745652
49.92857142888511
49.93750000031369
49.946428571742274
49.95535714317086
49.96428571459944
49.973214286028025
49.98214285745661
49.99107142888519
50.000000000313776
50.00892857174236
50.01785714317094
50.02678571459953
50.03571428602811
50.044642857456694
50.05357142888528
50.06250000031386
50.071428571742445
50.08035714317103
50.08928571459961
50.098214286028195
50.10714285745678
50.11607142888536
50.125000000313946
50.13392857174253
50.14285714317111
50.1517857145997
50.16071428602828
50.169642857456864
50.17857142888545
50.18750000031403
50.196428571742615
50.2053571431712
50.21428571459978
50.223214286028366
50.23214285745695
50.24107142888553
50.25000000031412
50.2589285717427
50.267857143171284
50.27678571459987
50.28571428602845
50.294642857457035
50.30357142888562
50.3125000003142
50.321428571742786
50.33035714317137
50.33928571459995
50.348214286028536
50.35714285745712
50.366071428885704
50.37500000031429
50.38392857174287
50.392857143171454
50.40178571460004
50.41071428602862
50.419642857457205
50.42857142888579
50.43750000031437
50.446428571742956
50.45535714317154
50.46428571460012
50.47321428602871
50.48214285745729
50.491071428885874
50.50000000031446
50.50892857174304
50.517857143171625
50.52678571460021
50.53571428602879
50.544642857457376
50.55357142888596
50.56250000031454
50.57142857174313
50.58035714317171
50.589285714600294
50.59821428602888
50.60714285745746
50.616071428886045
50.62500000031463
50.63392857174321
50.642857143171796
50.65178571460038
50.66071428602896
50.669642857457546
50.67857142888613
50.687500000314714
50.6964285717433
50.70535714317188
50.714285714600464
50.72321428602905
50.73214285745763
50.741071428886215
50.7500000003148
50.75892857174338
50.767857143171966
50.77678571460055
50.78571428602913
50.79464285745772
50.8035714288863
50.812500000314884
50.82142857174347
50.83035714317205
50.839285714600635
50.84821428602922
50.8571428574578
50.866071428886386
50.87500000031497
50.88392857174355
50.89285714317214
50.90178571460072
50.910714286029304
50.91964285745789
50.92857142888647
50.937500000315055
50.94642857174364
50.95535714317222
50.964285714600805
50.97321428602939
50.98214285745797
50.991071428886556
51.00000000031514
51.00892857174372
51.01785714317231
51.02678571460089
51.035714286029474
51.04464285745806
51.05357142888664
51.062500000315225
51.07142857174381
51.08035714317239
51.089285714600976
51.09821428602956
51.10714285745814
51.11607142888673
51.12500000031531
51.133928571743894
51.14285714317248
51.15178571460106
51.160714286029645
51.16964285745823
51.17857142888681
51.187500000315396
51.19642857174398
51.20535714317256
51.21428571460115
51.22321428602973
51.232142857458314
51.2410714288869
51.25000000031548
51.258928571744065
51.26785714317265
51.27678571460123
51.285714286029815
51.2946428574584
51.30357142888698
51.312500000315566
51.32142857174415
51.33035714317273
51.33928571460132
51.3482142860299
51.357142857458484
51.36607142888707
51.37500000031565
51.383928571744235
51.39285714317282
51.4017857146014
51.410714286029986
51.41964285745857
51.42857142888715
51.43750000031574
51.44642857174432
51.455357143172904
51.46428571460149
51.47321428603007
51.482142857458655
51.49107142888724
51.50000000031582
51.508928571744406
51.51785714317299
51.52678571460157
51.53571428603016
51.54464285745874
51.553571428887324
51.56250000031591
51.57142857174449
51.580357143173075
51.58928571460166
51.59821428603024
51.607142857458825
51.61607142888741
51.62500000031599
51.633928571744576
51.64285714317316
51.65178571460174
51.66071428603033
51.66964285745891
51.678571428887494
51.68750000031608
51.69642857174466
51.705357143173245
51.71428571460183
51.72321428603041
51.732142857458996
51.74107142888758
51.75000000031616
51.75892857174475
51.76785714317333
51.776785714601914
51.7857142860305
51.79464285745908
51.803571428887665
51.81250000031625
51.82142857174483
51.830357143173416
51.839285714602
51.84821428603058
51.857142857459166
51.86607142888775
51.875000000316334
51.88392857174492
51.8928571431735
51.901785714602084
51.91071428603067
51.91964285745925
51.928571428887835
51.93750000031642
51.946428571745
51.955357143173586
51.96428571460217
51.97321428603075
51.98214285745934
51.99107142888792
52.000000000316504
52.00892857174509
52.01785714317367
52.026785714602255
52.03571428603084
52.04464285745942
52.053571428888006
52.06250000031659
52.07142857174517
52.08035714317376
52.08928571460234
52.098214286030924
52.10714285745951
52.11607142888809
52.125000000316675
52.13392857174526
52.14285714317384
52.151785714602426
52.16071428603101
52.16964285745959
52.178571428888176
52.18750000031676
52.196428571745344
52.20535714317393
52.21428571460251
52.223214286031094
52.23214285745968
52.24107142888826
52.250000000316845
52.25892857174543
52.26785714317401
52.276785714602596
52.28571428603118
52.29464285745976
52.30357142888835
52.31250000031693
52.321428571745514
52.3303571431741
52.33928571460268
52.348214286031265
52.35714285745985
52.36607142888843
52.375000000317016
52.3839285717456
52.39285714317418
52.40178571460277
52.41071428603135
52.419642857459934
52.42857142888852
52.4375000003171
52.446428571745685
52.45535714317427
52.46428571460285
52.473214286031435
52.48214285746002
52.4910714288886
52.500000000317186
52.50892857174577
52.51785714317435
52.52678571460294
52.53571428603152
52.544642857460104
52.55357142888869
52.56250000031727
52.571428571745855
52.58035714317444
52.58928571460302
52.598214286031606
52.60714285746019
52.61607142888877
52.62500000031736
52.63392857174594
52.642857143174524
52.65178571460311
52.66071428603169
52.669642857460275
52.67857142888886
52.68750000031744
52.696428571746026
52.70535714317461
52.71428571460319
52.72321428603178
52.73214285746036
52.741071428888944
52.75000000031753
52.75892857174611
52.767857143174695
52.77678571460328
52.78571428603186
52.794642857460445
52.80357142888903
52.81250000031761
52.821428571746196
52.83035714317478
52.83928571460336
52.84821428603195
52.85714285746053
52.866071428889114
52.8750000003177
52.88392857174628
52.892857143174865
52.90178571460345
52.91071428603203
52.919642857460616
52.9285714288892
52.93750000031778
52.94642857174637
52.95535714317495
52.964285714603534
52.97321428603212
52.9821428574607
52.991071428889285
53.00000000031787
53.00892857174645
53.017857143175036
53.02678571460362
53.0357142860322
53.044642857460786
53.05357142888937
53.062500000317954
53.07142857174654
53.08035714317512
53.089285714603704
53.09821428603229
53.10714285746087
53.116071428889455
53.12500000031804
53.13392857174662
53.142857143175206
53.15178571460379
53.16071428603237
53.16964285746096
53.17857142888954
53.187500000318124
53.19642857174671
53.20535714317529
53.214285714603875
53.22321428603246
53.23214285746104
53.241071428889626
53.25000000031821
53.25892857174679
53.26785714317538
53.27678571460396
53.285714286032544
53.29464285746113
53.30357142888971
53.312500000318295
53.32142857174688
53.33035714317546
53.339285714604046
53.34821428603263
53.35714285746121
53.366071428889796
53.37500000031838
53.383928571746964
53.39285714317555
53.40178571460413
53.410714286032714
53.4196428574613
53.42857142888988
53.437500000318465
53.44642857174705
53.45535714317563
53.464285714604216
53.4732142860328
53.48214285746138
53.49107142888997
53.50000000031855
53.508928571747134
53.51785714317572
53.5267857146043
53.535714286032885
53.54464285746147
53.55357142889005
53.562500000318636
53.57142857174722
53.5803571431758
53.58928571460439
53.59821428603297
53.607142857461554
53.61607142889014
53.62500000031872
53.633928571747305
53.64285714317589
53.65178571460447
53.660714286033055
53.66964285746164
53.67857142889022
53.687500000318806
53.69642857174739
53.70535714317597
53.71428571460456
53.72321428603314
53.732142857461724
53.74107142889031
53.75000000031889
53.758928571747475
53.76785714317606
53.77678571460464
53.785714286033226
53.79464285746181
53.80357142889039
53.81250000031898
53.82142857174756
53.830357143176144
53.83928571460473
53.84821428603331
53.857142857461895
53.86607142889048
53.87500000031906
53.883928571747646
53.89285714317623
53.90178571460481
53.9107142860334
53.91964285746198
53.928571428890564
53.93750000031915
53.94642857174773
53.955357143176315
53.9642857146049
53.97321428603348
53.982142857462065
53.99107142889065
54.00000000031923
54.008928571747816
54.0178571431764
54.02678571460498
54.03571428603357
54.04464285746215
54.053571428890734
54.06250000031932
54.0714285717479
54.080357143176485
54.08928571460507
54.09821428603365
54.107142857462236
54.11607142889082
54.1250000003194
54.13392857174799
54.14285714317657
54.151785714605154
54.16071428603374
54.16964285746232
54.178571428890905
54.18750000031949
54.19642857174807
54.205357143176656
54.21428571460524
54.22321428603382
54.23214285746241
54.24107142889099
54.250000000319574
54.25892857174816
54.26785714317674
54.276785714605325
54.28571428603391
54.29464285746249
54.303571428891075
54.31250000031966
54.32142857174824
54.330357143176826
54.33928571460541
54.34821428603399
54.35714285746258
54.36607142889116
54.375000000319744
54.38392857174833
54.39285714317691
54.401785714605495
54.41071428603408
54.41964285746266
54.428571428891246
54.43750000031983
54.44642857174841
54.455357143177
54.46428571460558
54.473214286034164
54.48214285746275
54.49107142889133
54.500000000319915
54.5089285717485
54.51785714317708
54.526785714605666
54.53571428603425
54.54464285746283
54.553571428891416
54.56250000032
54.571428571748584
54.58035714317717
54.58928571460575
54.598214286034334
54.60714285746292
54.6160714288915
54.625000000320085
54.63392857174867
54.64285714317725
54.651785714605836
54.66071428603442
54.669642857463
54.67857142889159
54.68750000032017
54.696428571748754
54.70535714317734
54.71428571460592
54.723214286034505
54.73214285746309
54.74107142889167
54.750000000320256
54.75892857174884
54.76785714317742
54.77678571460601
54.78571428603459
54.794642857463174
54.80357142889176
54.81250000032034
54.821428571748925
54.83035714317751
54.83928571460609
54.848214286034676
54.85714285746326
54.86607142889184
54.875000000320426
54.88392857174901
54.892857143177594
54.90178571460618
54.91071428603476
54.919642857463344
54.92857142889193
54.93750000032051
54.946428571749095
54.95535714317768
54.96428571460626
54.973214286034846
54.98214285746343
54.99107142889201
55.0000000003206
55.00892857174918
55.017857143177764
55.02678571460635
55.03571428603493
55.044642857463515
55.0535714288921
55.06250000032068
55.071428571749266
55.08035714317785
55.08928571460643
55.09821428603502
55.1071428574636
55.116071428892184
55.12500000032077
55.13392857174935
55.142857143177935
55.15178571460652
55.1607142860351
55.169642857463685
55.17857142889227
55.18750000032085
55.196428571749436
55.20535714317802
55.2142857146066
55.22321428603519
55.23214285746377
55.241071428892354
55.25000000032094
55.25892857174952
55.267857143178105
55.27678571460669
55.28571428603527
55.294642857463856
55.30357142889244
55.31250000032102
55.32142857174961
55.33035714317819
55.339285714606774
55.34821428603536
55.35714285746394
55.366071428892525
55.37500000032111
55.38392857174969
55.392857143178276
55.40178571460686
55.41071428603544
55.41964285746403
55.42857142889261
55.437500000321194
55.44642857174978
55.45535714317836
55.464285714606945
55.47321428603553
55.48214285746411
55.491071428892695
55.50000000032128
55.50892857174986
55.517857143178446
55.52678571460703
55.53571428603561
55.5446428574642
55.55357142889278
55.562500000321364
55.57142857174995
55.58035714317853
55.589285714607115
55.5982142860357
55.60714285746428
55.616071428892866
55.62500000032145
55.63392857175003
55.64285714317862
55.6517857146072
55.660714286035784
55.66964285746437
55.67857142889295
55.687500000321535
55.69642857175012
55.7053571431787
55.714285714607286
55.72321428603587
55.73214285746445
55.74107142889304
55.75000000032162
55.758928571750204
55.76785714317879
55.77678571460737
55.785714286035955
55.79464285746454
55.80357142889312
55.812500000321705
55.82142857175029
55.83035714317887
55.839285714607456
55.84821428603604
55.85714285746462
55.86607142889321
55.87500000032179
55.883928571750374
55.89285714317896
55.90178571460754
55.910714286036125
55.91964285746471
55.92857142889329
55.937500000321876
55.94642857175046
55.95535714317904
55.96428571460763
55.97321428603621
55.982142857464794
55.99107142889338
56.00000000032196
56.008928571750545
56.01785714317913
56.02678571460771
56.035714286036296
56.04464285746488
56.05357142889346
56.062500000322046
56.07142857175063
56.080357143179214
56.0892857146078
56.09821428603638
56.107142857464964
56.11607142889355
56.12500000032213
56.133928571750715
56.1428571431793
56.15178571460788
56.160714286036466
56.16964285746505
56.17857142889363
56.18750000032222
56.1964285717508
56.205357143179384
56.21428571460797
56.22321428603655
56.232142857465135
56.24107142889372
56.2500000003223
56.258928571750886
56.26785714317947
56.27678571460805
56.28571428603664
56.29464285746522
56.303571428893804
56.31250000032239
56.32142857175097
56.330357143179555
56.33928571460814
56.34821428603672
56.357142857465305
56.36607142889389
56.37500000032247
56.383928571751056
56.39285714317964
56.40178571460822
56.41071428603681
56.41964285746539
56.428571428893974
56.43750000032256
56.44642857175114
56.455357143179725
56.46428571460831
56.47321428603689
56.482142857465476
56.49107142889406
56.50000000032264
56.50892857175123
56.51785714317981
56.526785714608394
56.53571428603698
56.54464285746556
56.553571428894145
56.56250000032273
56.57142857175131
56.580357143179896
56.58928571460848
56.59821428603706
56.60714285746565
56.61607142889423
56.625000000322814
56.6339285717514
56.64285714317998
56.651785714608565
56.66071428603715
56.66964285746573
56.678571428894315
56.6875000003229
56.69642857175148
56.705357143180066
56.71428571460865
56.72321428603723
56.73214285746582
56.7410714288944
56.750000000322984
56.75892857175157
56.76785714318015
56.776785714608735
56.78571428603732
56.7946428574659
56.803571428894486
56.81250000032307
56.82142857175165
56.83035714318024
56.83928571460882
56.848214286037404
56.85714285746599
56.86607142889457
56.875000000323155
56.88392857175174
56.89285714318032
56.901785714608906
56.91071428603749
56.91964285746607
56.92857142889466
56.93750000032324
56.946428571751824
56.95535714318041
56.96428571460899
56.973214286037575
56.98214285746616
56.99107142889474
57.000000000323325
57.00892857175191
57.01785714318049
57.026785714609076
57.03571428603766
57.04464285746624
57.05357142889483
57.06250000032341
57.071428571751994
57.08035714318058
57.08928571460916
57.098214286037745
57.10714285746633
57.11607142889491
57.125000000323496
57.13392857175208
57.14285714318066
57.15178571460925
57.16071428603783
57.169642857466414
57.178571428895
57.18750000032358
57.196428571752165
57.20535714318075
57.21428571460933
57.223214286037916
57.2321428574665
57.24107142889508
57.250000000323666
57.25892857175225
57.267857143180834
57.27678571460942
57.285714286038
57.294642857466584
57.30357142889517
57.31250000032375
57.321428571752335
57.33035714318092
57.3392857146095
57.348214286038086
57.35714285746667
57.36607142889525
57.37500000032384
57.38392857175242
57.392857143181004
57.40178571460959
57.41071428603817
57.419642857466755
57.42857142889534
57.43750000032392
57.446428571752506
57.45535714318109
57.46428571460967
57.47321428603826
57.48214285746684
57.491071428895424
57.50000000032401
57.50892857175259
57.517857143181175
57.52678571460976
57.53571428603834
57.544642857466926
57.55357142889551
57.56250000032409
57.571428571752676
57.58035714318126
57.589285714609844
57.59821428603843
57.60714285746701
57.616071428895594
57.62500000032418
57.63392857175276
57.642857143181345
57.65178571460993
57.66071428603851
57.669642857467096
57.67857142889568
57.68750000032426
57.69642857175285
57.70535714318143
57.714285714610014
57.7232142860386
57.73214285746718
57.741071428895765
57.75000000032435
57.75892857175293
57.767857143181516
57.7767857146101
57.78571428603868
57.79464285746727
57.80357142889585
57.812500000324434
57.82142857175302
57.8303571431816
57.839285714610185
57.84821428603877
57.85714285746735
57.866071428895935
57.87500000032452
57.8839285717531
57.892857143181686
57.90178571461027
57.91071428603885
57.91964285746744
57.92857142889602
57.937500000324604
57.94642857175319
57.95535714318177
57.964285714610355
57.97321428603894
57.98214285746752
57.991071428896106
58.00000000032469
58.00892857175327
58.01785714318186
58.02678571461044
58.035714286039024
58.04464285746761
58.05357142889619
58.062500000324775
58.07142857175336
58.08035714318194
58.089285714610526
58.09821428603911
58.10714285746769
58.11607142889628
58.12500000032486
58.133928571753444
58.14285714318203
58.15178571461061
58.160714286039195
58.16964285746778
58.17857142889636
58.187500000324945
58.19642857175353
58.20535714318211
58.214285714610696
58.22321428603928
58.23214285746786
58.24107142889645
58.25000000032503
58.258928571753614
58.2678571431822
58.27678571461078
58.285714286039365
58.29464285746795
58.30357142889653
58.312500000325116
58.3214285717537
58.33035714318228
58.33928571461087
58.34821428603945
58.357142857468034
58.36607142889662
58.3750000003252
58.383928571753785
58.39285714318237
58.40178571461095
58.410714286039536
58.41964285746812
58.4285714288967
58.43750000032529
58.44642857175387
58.455357143182454
58.46428571461104
58.47321428603962
58.482142857468205
58.49107142889679
58.50000000032537
58.508928571753955
58.51785714318254
58.52678571461112
58.535714286039706
58.54464285746829
58.55357142889687
58.56250000032546
58.57142857175404
58.580357143182624
58.58928571461121
58.59821428603979
58.607142857468375
58.61607142889696
58.62500000032554
58.633928571754126
58.64285714318271
58.65178571461129
58.66071428603988
58.66964285746846
58.678571428897044
58.68750000032563
58.69642857175421
58.705357143182795
58.71428571461138
58.72321428603996
58.732142857468546
58.74107142889713
58.75000000032571
58.758928571754296
58.76785714318288
58.776785714611464
58.78571428604005
58.79464285746863
58.803571428897214
58.8125000003258
58.82142857175438
58.830357143182965
58.83928571461155
58.84821428604013
58.857142857468716
58.8660714288973
58.87500000032588
58.88392857175447
58.89285714318305
58.901785714611634
58.91071428604022
58.9196428574688
58.928571428897385
58.93750000032597
58.94642857175455
58.955357143183136
58.96428571461172
58.9732142860403
58.98214285746889
58.99107142889747
59.000000000326054
59.00892857175464
59.01785714318322
59.026785714611805
59.03571428604039
59.04464285746897
59.053571428897556
59.06250000032614
59.07142857175472
59.080357143183306
59.08928571461189
59.098214286040474
59.10714285746906
59.11607142889764
59.125000000326224
59.13392857175481
59.14285714318339
59.151785714611975
59.16071428604056
59.16964285746914
59.178571428897726
59.18750000032631
59.19642857175489
59.20535714318348
59.21428571461206
59.223214286040644
59.23214285746923
59.24107142889781
59.250000000326395
59.25892857175498
59.26785714318356
59.276785714612146
59.28571428604073
59.29464285746931
59.3035714288979
59.31250000032648
59.321428571755064
59.33035714318365
59.33928571461223
59.348214286040815
59.3571428574694
59.36607142889798
59.375000000326565
59.38392857175515
59.39285714318373
59.401785714612316
59.4107142860409
59.41964285746948
59.42857142889807
59.43750000032665
59.446428571755234
59.45535714318382
59.4642857146124
59.473214286040985
59.48214285746957
59.49107142889815
59.500000000326736
59.50892857175532
59.5178571431839
59.52678571461249
59.53571428604107
59.544642857469654
59.55357142889824
59.56250000032682
59.571428571755405
59.58035714318399
59.58928571461257
59.598214286041156
59.60714285746974
59.61607142889832
59.62500000032691
59.63392857175549
59.642857143184074
59.65178571461266
59.66071428604124
59.669642857469825
59.67857142889841
59.68750000032699
59.696428571755575
59.70535714318416
59.71428571461274
59.723214286041326
59.73214285746991
59.74107142889849
59.75000000032708
59.75892857175566
59.767857143184244
59.77678571461283
59.78571428604141
59.794642857469995
59.80357142889858
59.81250000032716
59.821428571755746
59.83035714318433
59.83928571461291
59.8482142860415
59.85714285747008
59.866071428898664
59.87500000032725
59.88392857175583
59.892857143184415
59.901785714613
59.91071428604158
59.919642857470166
59.92857142889875
59.93750000032733
59.946428571755916
59.9553571431845
59.964285714613084
59.97321428604167
59.98214285747025
59.991071428898834
60.00000000032742
60.008928571756
60.017857143184585
60.02678571461317
60.03571428604175
60.044642857470336
60.05357142889892
60.0625000003275
60.07142857175609
60.08035714318467
60.089285714613254
60.09821428604184
60.10714285747042
60.116071428899005
60.12500000032759
60.13392857175617
60.142857143184756
60.15178571461334
60.16071428604192
60.16964285747051
60.17857142889909
60.187500000327674
60.19642857175626
60.20535714318484
60.214285714613425
60.22321428604201
60.23214285747059
60.241071428899176
60.25000000032776
60.25892857175634
60.267857143184926
60.27678571461351
60.285714286042094
60.29464285747068
60.30357142889926
60.312500000327844
60.32142857175643
60.33035714318501
60.339285714613595
60.34821428604218
60.35714285747076
60.366071428899346
60.37500000032793
60.38392857175651
60.3928571431851
60.40178571461368
60.410714286042264
60.41964285747085
60.42857142889943
60.437500000328015
60.4464285717566
60.45535714318518
60.464285714613766
60.47321428604235
60.48214285747093
60.49107142889952
60.5000000003281
60.508928571756684
60.51785714318527
60.52678571461385
60.535714286042435
60.54464285747102
60.5535714288996
60.562500000328185
60.57142857175677
60.58035714318535
60.589285714613936
60.59821428604252
60.6071428574711
60.61607142889969
60.62500000032827
60.633928571756854
60.64285714318544
60.65178571461402
60.660714286042605
60.66964285747119
60.67857142889977
60.687500000328356
60.69642857175694
60.70535714318552
60.71428571461411
60.72321428604269
60.732142857471274
60.74107142889986
60.75000000032844
60.758928571757025
60.76785714318561
60.77678571461419
60.785714286042776
60.79464285747136
60.80357142889994
60.81250000032853
60.82142857175711
60.830357143185694
60.83928571461428
60.84821428604286
60.857142857471445
60.86607142890003
60.87500000032861
60.883928571757195
60.89285714318578
60.90178571461436
60.910714286042946
60.91964285747153
60.92857142890011
60.9375000003287
60.94642857175728
60.955357143185864
60.96428571461445
60.97321428604303
60.982142857471615
60.9910714289002
61.00000000032878
61.008928571757366
61.01785714318595
61.02678571461453
61.03571428604312
61.0446428574717
61.053571428900284
61.06250000032887
61.07142857175745
61.080357143186035
61.08928571461462
61.0982142860432
61.107142857471786
61.11607142890037
61.12500000032895
61.13392857175754
61.14285714318612
61.151785714614704
61.16071428604329
61.16964285747187
61.178571428900455
61.18750000032904
61.19642857175762
61.205357143186205
61.21428571461479
61.22321428604337
61.232142857471956
61.24107142890054
61.25000000032912
61.25892857175771
61.26785714318629
61.276785714614874
61.28571428604346
61.29464285747204
61.303571428900625
61.31250000032921
61.32142857175779
61.330357143186376
61.33928571461496
61.34821428604354
61.35714285747213
61.36607142890071
61.375000000329294
61.38392857175788
61.39285714318646
61.401785714615045
61.41071428604363
61.41964285747221
61.428571428900796
61.43750000032938
61.44642857175796
61.455357143186546
61.46428571461513
61.473214286043714
61.4821428574723
61.49107142890088
61.500000000329464
61.50892857175805
61.51785714318663
61.526785714615215
61.5357142860438
61.54464285747238
61.553571428900966
61.56250000032955
61.57142857175813
61.58035714318672
61.5892857146153
61.598214286043884
61.60714285747247
61.61607142890105
61.625000000329635
61.63392857175822
61.6428571431868
61.651785714615386
61.66071428604397
61.66964285747255
61.67857142890114
61.68750000032972
61.696428571758304
61.70535714318689
61.71428571461547
61.723214286044055
61.73214285747264
61.74107142890122
61.750000000329806
61.75892857175839
61.76785714318697
61.776785714615556
61.78571428604414
61.794642857472724
61.80357142890131
61.81250000032989
61.821428571758474
61.83035714318706
61.83928571461564
61.848214286044225
61.85714285747281
61.86607142890139
61.875000000329976
61.88392857175856
61.89285714318714
61.90178571461573
61.91071428604431
61.919642857472894
61.92857142890148
61.93750000033006
61.946428571758645
61.95535714318723
61.96428571461581
61.973214286044396
61.98214285747298
61.99107142890156
62.00000000033015
62.00892857175873
62.017857143187314
62.0267857146159
62.03571428604448
62.044642857473065
62.05357142890165
62.06250000033023
62.071428571758815
62.0803571431874
62.08928571461598
62.098214286044566
62.10714285747315
62.11607142890173
62.12500000033032
62.1339285717589
62.142857143187484
62.15178571461607
62.16071428604465
62.169642857473235
62.17857142890182
62.1875000003304
62.196428571758986
62.20535714318757
62.21428571461615
62.22321428604474
62.23214285747332
62.241071428901904
62.25000000033049
62.25892857175907
62.267857143187655
62.27678571461624
62.28571428604482
62.294642857473406
62.30357142890199
62.31250000033057
62.32142857175916
62.33035714318774
62.339285714616324
62.34821428604491
62.35714285747349
62.366071428902075
62.37500000033066
62.38392857175924
62.392857143187825
62.40178571461641
62.41071428604499
62.419642857473576
62.42857142890216
62.43750000033074
62.44642857175933
62.45535714318791
62.464285714616494
62.47321428604508
62.48214285747366
62.491071428902245
62.50000000033083
62.50892857175941
62.517857143187996
62.52678571461658
62.53571428604516
62.54464285747375
62.55357142890233
62.562500000330914
62.5714285717595
62.58035714318808
62.589285714616665
62.59821428604525
62.60714285747383
62.616071428902416
62.625000000331
62.63392857175958
62.642857143188166
62.65178571461675
62.660714286045334
62.66964285747392
62.6785714289025
62.687500000331084
62.69642857175967
62.70535714318825
62.714285714616835
62.72321428604542
62.732142857474
62.741071428902586
62.75000000033117
62.75892857175975
62.76785714318834
62.77678571461692
62.785714286045504
62.79464285747409
62.80357142890267
62.812500000331255
62.82142857175984
62.83035714318842
62.839285714617006
62.84821428604559
62.85714285747417
62.86607142890276
62.87500000033134
62.883928571759924
62.89285714318851
62.90178571461709
62.910714286045675
62.91964285747426
62.92857142890284
62.937500000331426
62.94642857176001
62.95535714318859
62.964285714617176
62.97321428604576
62.982142857474344
62.99107142890293
63.00000000033151
63.008928571760094
63.01785714318868
63.02678571461726
63.035714286045845
63.04464285747443
63.05357142890301
63.062500000331596
63.07142857176018
63.08035714318876
63.08928571461735
63.09821428604593
63.107142857474514
63.1160714289031
63.12500000033168
63.133928571760265
63.14285714318885
63.15178571461743
63.160714286046016
63.1696428574746
63.17857142890318
63.18750000033177
63.19642857176035
63.205357143188934
63.21428571461752
63.2232142860461
63.232142857474685
63.24107142890327
63.25000000033185
63.258928571760435
63.26785714318902
63.2767857146176
63.285714286046186
63.29464285747477
63.30357142890335
63.31250000033194
63.32142857176052
63.330357143189104
63.33928571461769
63.34821428604627
63.357142857474855
63.36607142890344
63.37500000033202
63.383928571760606
63.39285714318919
63.40178571461777
63.41071428604636
63.41964285747494
63.428571428903524
63.43750000033211
63.44642857176069
63.455357143189275
63.46428571461786
63.47321428604644
63.482142857475026
63.49107142890361
63.50000000033219
63.50892857176078
63.51785714318936
63.526785714617944
63.53571428604653
63.54464285747511
63.553571428903695
63.56250000033228
63.57142857176086
63.580357143189445
63.58928571461803
63.59821428604661
63.607142857475196
63.61607142890378
63.62500000033236
63.63392857176095
63.64285714318953
63.651785714618114
63.6607142860467
63.66964285747528
63.678571428903865
63.68750000033245
63.69642857176103
63.705357143189616
63.7142857146182
63.72321428604678
63.73214285747537
63.74107142890395
63.750000000332534
63.75892857176112
63.7678571431897
63.776785714618285
63.78571428604687
63.79464285747545
63.803571428904036
63.81250000033262
63.8214285717612
63.83035714318979
63.83928571461837
63.848214286046954
63.85714285747554
63.86607142890412
63.875000000332705
63.88392857176129
63.89285714318987
63.901785714618455
63.91071428604704
63.91964285747562
63.928571428904206
63.93750000033279
63.94642857176137
63.95535714318996
63.96428571461854
63.973214286047124
63.98214285747571
63.99107142890429
64.00000000033288
64.00892857176146
64.01785714319004
64.02678571461863
64.03571428604721
64.0446428574758
64.05357142890438
64.06250000033296
64.07142857176154
64.08035714319013
64.08928571461871
64.0982142860473
64.10714285747588
64.11607142890446
64.12500000033305
64.13392857176163
64.14285714319021
64.1517857146188
64.16071428604738
64.16964285747596
64.17857142890455
64.18750000033313
64.19642857176171
64.2053571431903
64.21428571461888
64.22321428604747
64.23214285747605
64.24107142890463
64.25000000033322
64.2589285717618
64.26785714319038
64.27678571461897
64.28571428604755
64.29464285747613
64.30357142890472
64.3125000003333
64.32142857176188
64.33035714319047
64.33928571461905
64.34821428604764
64.35714285747622
64.3660714289048
64.37500000033339
64.38392857176197
64.39285714319055
64.40178571461914
64.41071428604772
64.4196428574763
64.42857142890489
64.43750000033347
64.44642857176206
64.45535714319064
64.46428571461922
64.4732142860478
64.48214285747639
64.49107142890497
64.50000000033356
64.50892857176214
64.51785714319072
64.52678571461931
64.53571428604789
64.54464285747648
64.55357142890506
64.56250000033364
64.57142857176223
64.58035714319081
64.5892857146194
64.59821428604798
64.60714285747656
64.61607142890514
64.62500000033373
64.63392857176231
64.6428571431909
64.65178571461948
64.66071428604806
64.66964285747665
64.67857142890523
64.68750000033381
64.6964285717624
64.70535714319098
64.71428571461956
64.72321428604815
64.73214285747673
64.74107142890531
64.7500000003339
64.75892857176248
64.76785714319107
64.77678571461965
64.78571428604823
64.79464285747682
64.8035714289054
64.81250000033398
64.82142857176257
64.83035714319115
64.83928571461973
64.84821428604832
64.8571428574769
64.86607142890549
64.87500000033407
64.88392857176265
64.89285714319124
64.90178571461982
64.9107142860484
64.91964285747699
64.92857142890557
64.93750000033415
64.94642857176274
64.95535714319132
64.9642857146199
64.97321428604849
64.98214285747707
64.99107142890566
65.00000000033424
65.00892857176282
65.0178571431914
65.02678571461999
65.03571428604857
65.04464285747716
65.05357142890574
65.06250000033432
65.07142857176291
65.08035714319149
65.08928571462008
65.09821428604866
65.10714285747724
65.11607142890583
65.12500000033441
65.133928571763
65.14285714319158
65.15178571462016
65.16071428604874
65.16964285747733
65.17857142890591
65.1875000003345
65.19642857176308
65.20535714319166
65.21428571462025
65.22321428604883
65.23214285747741
65.241071428906
65.25000000033458
65.25892857176316
65.26785714319175
65.27678571462033
65.28571428604891
65.2946428574775
65.30357142890608
65.31250000033467
65.32142857176325
65.33035714319183
65.33928571462042
65.348214286049
65.35714285747758
65.36607142890617
65.37500000033475
65.38392857176333
65.39285714319192
65.4017857146205
65.41071428604909
65.41964285747767
65.42857142890625
65.43750000033484
65.44642857176342
65.455357143192
65.46428571462059
65.47321428604917
65.48214285747775
65.49107142890634
65.50000000033492
65.5089285717635
65.51785714319209
65.52678571462067
65.53571428604926
65.54464285747784
65.55357142890642
65.562500000335
65.57142857176359
65.58035714319217
65.58928571462076
65.59821428604934
65.60714285747792
65.61607142890651
65.62500000033509
65.63392857176368
65.64285714319226
65.65178571462084
65.66071428604943
65.66964285747801
65.6785714289066
65.68750000033518
65.69642857176376
65.70535714319234
65.71428571462093
65.72321428604951
65.7321428574781
65.74107142890668
65.75000000033526
65.75892857176385
65.76785714319243
65.77678571462101
65.7857142860496
65.79464285747818
65.80357142890676
65.81250000033535
65.82142857176393
65.83035714319251
65.8392857146211
65.84821428604968
65.85714285747827
65.86607142890685
65.87500000033543
65.88392857176402
65.8928571431926
65.90178571462118
65.91071428604977
65.91964285747835
65.92857142890693
65.93750000033552
65.9464285717641
65.95535714319269
65.96428571462127
65.97321428604985
65.98214285747844
65.99107142890702
66.0000000003356
66.00892857176419
66.01785714319277
66.02678571462135
66.03571428604994
66.04464285747852
66.0535714289071
66.06250000033569
66.07142857176427
66.08035714319286
66.08928571462144
66.09821428605002
66.1071428574786
66.11607142890719
66.12500000033577
66.13392857176436
66.14285714319294
66.15178571462152
66.16071428605011
66.16964285747869
66.17857142890728
66.18750000033586
66.19642857176444
66.20535714319303
66.21428571462161
66.2232142860502
66.23214285747878
66.24107142890736
66.25000000033594
66.25892857176453
66.26785714319311
66.2767857146217
66.28571428605028
66.29464285747886
66.30357142890745
66.31250000033603
66.32142857176461
66.3303571431932
66.33928571462178
66.34821428605036
66.35714285747895
66.36607142890753
66.37500000033612
66.3839285717647
66.39285714319328
66.40178571462187
66.41071428605045
66.41964285747903
66.42857142890762
66.4375000003362
66.44642857176478
66.45535714319337
66.46428571462195
66.47321428605053
66.48214285747912
66.4910714289077
66.50000000033629
66.50892857176487
66.51785714319345
66.52678571462204
66.53571428605062
66.5446428574792
66.55357142890779
66.56250000033637
66.57142857176495
66.58035714319354
66.58928571462212
66.5982142860507
66.60714285747929
66.61607142890787
66.62500000033646
66.63392857176504
66.64285714319362
66.6517857146222
66.66071428605079
66.66964285747937
66.67857142890796
66.68750000033654
66.69642857176513
66.70535714319371
66.71428571462229
66.72321428605088
66.73214285747946
66.74107142890804
66.75000000033663
66.75892857176521
66.7678571431938
66.77678571462238
66.78571428605096
66.79464285747954
66.80357142890813
66.81250000033671
66.8214285717653
66.83035714319388
66.83928571462246
66.84821428605105
66.85714285747963
66.86607142890821
66.8750000003368
66.88392857176538
66.89285714319396
66.90178571462255
66.91071428605113
66.91964285747972
66.9285714289083
66.93750000033688
66.94642857176547
66.95535714319405
66.96428571462263
66.97321428605122
66.9821428574798
66.99107142890838
67.00000000033697
67.00892857176555
67.01785714319414
67.02678571462272
67.0357142860513
67.04464285747989
67.05357142890847
67.06250000033705
67.07142857176564
67.08035714319422
67.0892857146228
67.09821428605139
67.10714285747997
67.11607142890855
67.12500000033714
67.13392857176572
67.1428571431943
67.15178571462289
67.16071428605147
67.16964285748006
67.17857142890864
67.18750000033722
67.19642857176581
67.20535714319439
67.21428571462297
67.22321428605156
67.23214285748014
67.24107142890873
67.25000000033731
67.25892857176589
67.26785714319448
67.27678571462306
67.28571428605164
67.29464285748023
67.30357142890881
67.3125000003374
67.32142857176598
67.33035714319456
67.33928571462314
67.34821428605173
67.35714285748031
67.3660714289089
67.37500000033748
67.38392857176606
67.39285714319465
67.40178571462323
67.41071428605181
67.4196428574804
67.42857142890898
67.43750000033756
67.44642857176615
67.45535714319473
67.46428571462332
67.4732142860519
67.48214285748048
67.49107142890907
67.50000000033765
67.50892857176623
67.51785714319482
67.5267857146234
67.53571428605198
67.54464285748057
67.55357142890915
67.56250000033774
67.57142857176632
67.5803571431949
67.58928571462349
67.59821428605207
67.60714285748065
67.61607142890924
67.62500000033782
67.6339285717664
67.64285714319499
67.65178571462357
67.66071428605215
67.66964285748074
67.67857142890932
67.6875000003379
67.69642857176649
67.70535714319507
67.71428571462366
67.72321428605224
67.73214285748082
67.74107142890941
67.75000000033799
67.75892857176657
67.76785714319516
67.77678571462374
67.78571428605233
67.79464285748091
67.80357142890949
67.81250000033808
67.82142857176666
67.83035714319524
67.83928571462383
67.84821428605241
67.857142857481
67.86607142890958
67.87500000033816
67.88392857176675
67.89285714319533
67.90178571462391
67.9107142860525
67.91964285748108
67.92857142890966
67.93750000033825
67.94642857176683
67.95535714319541
67.964285714624
67.97321428605258
67.98214285748116
67.99107142890975
68.00000000033833
68.00892857176692
68.0178571431955
68.02678571462408
68.03571428605267
68.04464285748125
68.05357142890983
68.06250000033842
68.071428571767
68.08035714319558
68.08928571462417
68.09821428605275
68.10714285748134
68.11607142890992
68.1250000003385
68.13392857176709
68.14285714319567
68.15178571462425
68.16071428605284
68.16964285748142
68.17857142891
68.18750000033859
68.19642857176717
68.20535714319576
68.21428571462434
68.22321428605292
68.2321428574815
68.24107142891009
68.25000000033867
68.25892857176726
68.26785714319584
68.27678571462442
68.28571428605301
68.29464285748159
68.30357142891017
68.31250000033876
68.32142857176734
68.33035714319593
68.33928571462451
68.34821428605309
68.35714285748168
68.36607142891026
68.37500000033884
68.38392857176743
68.39285714319601
68.4017857146246
68.41071428605318
68.41964285748176
68.42857142891035
68.43750000033893
68.44642857176751
68.4553571431961
68.46428571462468
68.47321428605326
68.48214285748185
68.49107142891043
68.50000000033901
68.5089285717676
68.51785714319618
68.52678571462476
68.53571428605335
68.54464285748193
68.55357142891052
68.5625000003391
68.57142857176768
68.58035714319627
68.58928571462485
68.59821428605343
68.60714285748202
68.6160714289106
68.62500000033918
68.63392857176777
68.64285714319635
68.65178571462494
68.66071428605352
68.6696428574821
68.67857142891069
68.68750000033927
68.69642857176785
68.70535714319644
68.71428571462502
68.7232142860536
68.73214285748219
68.74107142891077
68.75000000033936
68.75892857176794
68.76785714319652
68.7767857146251
68.78571428605369
68.79464285748227
68.80357142891086
68.81250000033944
68.82142857176802
68.83035714319661
68.83928571462519
68.84821428605377
68.85714285748236
68.86607142891094
68.87500000033953
68.88392857176811
68.8928571431967
68.90178571462528
68.91071428605386
68.91964285748244
68.92857142891103
68.93750000033961
68.9464285717682
68.95535714319678
68.96428571462536
68.97321428605395
68.98214285748253
68.99107142891111
69.0000000003397
69.00892857176828
69.01785714319686
69.02678571462545
69.03571428605403
69.04464285748261
69.0535714289112
69.06250000033978
69.07142857176837
69.08035714319695
69.08928571462553
69.09821428605412
69.1071428574827
69.11607142891128
69.12500000033987
69.13392857176845
69.14285714319703
69.15178571462562
69.1607142860542
69.16964285748278
69.17857142891137
69.18750000033995
69.19642857176854
69.20535714319712
69.2142857146257
69.22321428605429
69.23214285748287
69.24107142891145
69.25000000034004
69.25892857176862
69.2678571431972
69.27678571462579
69.28571428605437
69.29464285748296
69.30357142891154
69.31250000034012
69.3214285717687
69.33035714319729
69.33928571462587
69.34821428605446
69.35714285748304
69.36607142891162
69.37500000034021
69.38392857176879
69.39285714319738
69.40178571462596
69.41071428605454
69.41964285748313
69.42857142891171
69.4375000003403
69.44642857176888
69.45535714319746
69.46428571462604
69.47321428605463
69.48214285748321
69.4910714289118
69.50000000034038
69.50892857176896
69.51785714319755
69.52678571462613
69.53571428605471
69.5446428574833
69.55357142891188
69.56250000034046
69.57142857176905
69.58035714319763
69.58928571462621
69.5982142860548
69.60714285748338
69.61607142891197
69.62500000034055
69.63392857176913
69.64285714319772
69.6517857146263
69.66071428605488
69.66964285748347
69.67857142891205
69.68750000034063
69.69642857176922
69.7053571431978
69.71428571462639
69.72321428605497
69.73214285748355
69.74107142891214
69.75000000034072
69.7589285717693
69.76785714319789
69.77678571462647
69.78571428605505
69.79464285748364
69.80357142891222
69.8125000003408
69.82142857176939
69.83035714319797
69.83928571462656
69.84821428605514
69.85714285748372
69.8660714289123
69.87500000034089
69.88392857176947
69.89285714319806
69.90178571462664
69.91071428605522
69.91964285748381
69.92857142891239
69.93750000034098
69.94642857176956
69.95535714319814
69.96428571462673
69.97321428605531
69.9821428574839
69.99107142891248
70.00000000034106
70.00892857176964
70.01785714319823
70.02678571462681
70.0357142860554
70.04464285748398
70.05357142891256
70.06250000034115
70.07142857176973
70.08035714319831
70.0892857146269
70.09821428605548
70.10714285748406
70.11607142891265
70.12500000034123
70.13392857176981
70.1428571431984
70.15178571462698
70.16071428605557
70.16964285748415
70.17857142891273
70.18750000034132
70.1964285717699
70.20535714319848
70.21428571462707
70.22321428605565
70.23214285748423
70.24107142891282
70.2500000003414
70.25892857176999
70.26785714319857
70.27678571462715
70.28571428605574
70.29464285748432
70.3035714289129
70.31250000034149
70.32142857177007
70.33035714319865
70.33928571462724
70.34821428605582
70.3571428574844
70.36607142891299
70.37500000034157
70.38392857177016
70.39285714319874
70.40178571462732
70.4107142860559
70.41964285748449
70.42857142891307
70.43750000034166
70.44642857177024
70.45535714319882
70.46428571462741
70.47321428605599
70.48214285748458
70.49107142891316
70.50000000034174
70.50892857177033
70.51785714319891
70.5267857146275
70.53571428605608
70.54464285748466
70.55357142891324
70.56250000034183
70.57142857177041
70.580357143199
70.58928571462758
70.59821428605616
70.60714285748475
70.61607142891333
70.62500000034191
70.6339285717705
70.64285714319908
70.65178571462766
70.66071428605625
70.66964285748483
70.67857142891341
70.687500000342
70.69642857177058
70.70535714319917
70.71428571462775
70.72321428605633
70.73214285748492
70.7410714289135
70.75000000034208
70.75892857177067
70.76785714319925
70.77678571462783
70.78571428605642
70.794642857485
70.80357142891359
70.81250000034217
70.82142857177075
70.83035714319934
70.83928571462792
70.8482142860565
70.85714285748509
70.86607142891367
70.87500000034225
70.88392857177084
70.89285714319942
70.901785714628
70.91071428605659
70.91964285748517
70.92857142891376
70.93750000034234
70.94642857177092
70.9553571431995
70.96428571462809
70.97321428605667
70.98214285748526
70.99107142891384
71.00000000034242
71.00892857177101
71.01785714319959
71.02678571462818
71.03571428605676
71.04464285748534
71.05357142891393
71.06250000034251
71.0714285717711
71.08035714319968
71.08928571462826
71.09821428605684
71.10714285748543
71.11607142891401
71.1250000003426
71.13392857177118
71.14285714319976
71.15178571462835
71.16071428605693
71.16964285748551
71.1785714289141
71.18750000034268
71.19642857177126
71.20535714319985
71.21428571462843
71.22321428605701
71.2321428574856
71.24107142891418
71.25000000034277
71.25892857177135
71.26785714319993
71.27678571462852
71.2857142860571
71.29464285748568
71.30357142891427
71.31250000034285
71.32142857177143
71.33035714320002
71.3392857146286
71.34821428605719
71.35714285748577
71.36607142891435
71.37500000034294
71.38392857177152
71.3928571432001
71.40178571462869
71.41071428605727
71.41964285748585
71.42857142891444
71.43750000034302
71.4464285717716
71.45535714320019
71.46428571462877
71.47321428605736
71.48214285748594
71.49107142891452
71.5000000003431
71.50892857177169
71.51785714320027
71.52678571462886
71.53571428605744
71.54464285748602
71.55357142891461
71.56250000034319
71.57142857177178
71.58035714320036
71.58928571462894
71.59821428605753
71.60714285748611
71.6160714289147
71.62500000034328
71.63392857177186
71.64285714320044
71.65178571462903
71.66071428605761
71.6696428574862
71.67857142891478
71.68750000034336
71.69642857177195
71.70535714320053
71.71428571462911
71.7232142860577
71.73214285748628
71.74107142891486
71.75000000034345
71.75892857177203
71.76785714320062
71.7767857146292
71.78571428605778
71.79464285748637
71.80357142891495
71.81250000034353
71.82142857177212
71.8303571432007
71.83928571462928
71.84821428605787
71.85714285748645
71.86607142891503
71.87500000034362
71.8839285717722
71.89285714320079
71.90178571462937
71.91071428605795
71.91964285748654
71.92857142891512
71.9375000003437
71.94642857177229
71.95535714320087
71.96428571462945
71.97321428605804
71.98214285748662
71.9910714289152
72.00000000034379
72.00892857177237
72.01785714320096
72.02678571462954
72.03571428605812
72.0446428574867
72.05357142891529
72.06250000034387
72.07142857177246
72.08035714320104
72.08928571462963
72.09821428605821
72.10714285748679
72.11607142891538
72.12500000034396
72.13392857177254
72.14285714320113
72.15178571462971
72.1607142860583
72.16964285748688
72.17857142891546
72.18750000034404
72.19642857177263
72.20535714320121
72.2142857146298
72.22321428605838
72.23214285748696
72.24107142891555
72.25000000034413
72.25892857177271
72.2678571432013
72.27678571462988
72.28571428605846
72.29464285748705
72.30357142891563
72.31250000034422
72.3214285717728
72.33035714320138
72.33928571462997
72.34821428605855
72.35714285748713
72.36607142891572
72.3750000003443
72.38392857177288
72.39285714320147
72.40178571463005
72.41071428605864
72.41964285748722
72.4285714289158
72.43750000034439
72.44642857177297
72.45535714320155
72.46428571463014
72.47321428605872
72.4821428574873
72.49107142891589
72.50000000034447
72.50892857177305
72.51785714320164
72.52678571463022
72.5357142860588
72.54464285748739
72.55357142891597
72.56250000034456
72.57142857177314
72.58035714320172
72.58928571463031
72.59821428605889
72.60714285748747
72.61607142891606
72.62500000034464
72.63392857177323
72.64285714320181
72.65178571463039
72.66071428605898
72.66964285748756
72.67857142891614
72.68750000034473
72.69642857177331
72.7053571432019
72.71428571463048
72.72321428605906
72.73214285748764
72.74107142891623
72.75000000034481
72.7589285717734
72.76785714320198
72.77678571463056
72.78571428605915
72.79464285748773
72.80357142891631
72.8125000003449
72.82142857177348
72.83035714320206
72.83928571463065
72.84821428605923
72.85714285748782
72.8660714289164
72.87500000034498
72.88392857177357
72.89285714320215
72.90178571463073
72.91071428605932
72.9196428574879
72.92857142891648
72.93750000034507
72.94642857177365
72.95535714320224
72.96428571463082
72.9732142860594
72.98214285748799
72.99107142891657
73.00000000034515
73.00892857177374
73.01785714320232
73.0267857146309
73.03571428605949
73.04464285748807
73.05357142891665
73.06250000034524
73.07142857177382
73.0803571432024
73.08928571463099
73.09821428605957
73.10714285748816
73.11607142891674
73.12500000034532
73.13392857177391
73.14285714320249
73.15178571463107
73.16071428605966
73.16964285748824
73.17857142891683
73.18750000034541
73.19642857177399
73.20535714320258
73.21428571463116
73.22321428605974
73.23214285748833
73.24107142891691
73.2500000003455
73.25892857177408
73.26785714320266
73.27678571463125
73.28571428605983
73.29464285748841
73.303571428917
73.31250000034558
73.32142857177416
73.33035714320275
73.33928571463133
73.34821428605991
73.3571428574885
73.36607142891708
73.37500000034566
73.38392857177425
73.39285714320283
73.40178571463142
73.41071428606
73.41964285748858
73.42857142891717
73.43750000034575
73.44642857177433
73.45535714320292
73.4642857146315
73.47321428606008
73.48214285748867
73.49107142891725
73.50000000034584
73.50892857177442
73.517857143203
73.52678571463159
73.53571428606017
73.54464285748875
73.55357142891734
73.56250000034592
73.5714285717745
73.58035714320309
73.58928571463167
73.59821428606026
73.60714285748884
73.61607142891742
73.625000000346
73.63392857177459
73.64285714320317
73.65178571463176
73.66071428606034
73.66964285748892
73.67857142891751
73.68750000034609
73.69642857177467
73.70535714320326
73.71428571463184
73.72321428606043
73.73214285748901
73.74107142891759
73.75000000034618
73.75892857177476
73.76785714320334
73.77678571463193
73.78571428606051
73.7946428574891
73.80357142891768
73.81250000034626
73.82142857177485
73.83035714320343
73.83928571463201
73.8482142860606
73.85714285748918
73.86607142891776
73.87500000034635
73.88392857177493
73.89285714320351
73.9017857146321
73.91071428606068
73.91964285748926
73.92857142891785
73.93750000034643
73.94642857177502
73.9553571432036
73.96428571463218
73.97321428606077
73.98214285748935
73.99107142891793
74.00000000034652
74.0089285717751
74.01785714320368
74.02678571463227
74.03571428606085
74.04464285748944
74.05357142891802
74.0625000003466
74.07142857177519
74.08035714320377
74.08928571463235
74.09821428606094
74.10714285748952
74.1160714289181
74.12500000034669
74.13392857177527
74.14285714320386
74.15178571463244
74.16071428606102
74.1696428574896
74.17857142891819
74.18750000034677
74.19642857177536
74.20535714320394
74.21428571463252
74.22321428606111
74.23214285748969
74.24107142891827
74.25000000034686
74.25892857177544
74.26785714320403
74.27678571463261
74.2857142860612
74.29464285748978
74.30357142891836
74.31250000034694
74.32142857177553
74.33035714320411
74.3392857146327
74.34821428606128
74.35714285748986
74.36607142891845
74.37500000034703
74.38392857177561
74.3928571432042
74.40178571463278
74.41071428606136
74.41964285748995
74.42857142891853
74.43750000034711
74.4464285717757
74.45535714320428
74.46428571463287
74.47321428606145
74.48214285749003
74.49107142891862
74.5000000003472
74.50892857177578
74.51785714320437
74.52678571463295
74.53571428606153
74.54464285749012
74.5535714289187
74.56250000034728
74.57142857177587
74.58035714320445
74.58928571463304
74.59821428606162
74.6071428574902
74.61607142891879
74.62500000034737
74.63392857177595
74.64285714320454
74.65178571463312
74.6607142860617
74.66964285749029
74.67857142891887
74.68750000034746
74.69642857177604
74.70535714320462
74.7142857146332
74.72321428606179
74.73214285749037
74.74107142891896
74.75000000034754
74.75892857177612
74.76785714320471
74.77678571463329
74.78571428606188
74.79464285749046
74.80357142891904
74.81250000034763
74.82142857177621
74.8303571432048
74.83928571463338
74.84821428606196
74.85714285749054
74.86607142891913
74.87500000034771
74.8839285717763
74.89285714320488
74.90178571463346
74.91071428606205
74.91964285749063
74.92857142891921
74.9375000003478
74.94642857177638
74.95535714320496
74.96428571463355
74.97321428606213
74.98214285749071
74.9910714289193
75.00000000034788
75.00892857177647
75.01785714320505
75.02678571463363
75.03571428606222
75.0446428574908
75.05357142891938
75.06250000034797
75.07142857177655
75.08035714320513
75.08928571463372
75.0982142860623
75.10714285749089
75.11607142891947
75.12500000034805
75.13392857177664
75.14285714320522
75.1517857146338
75.16071428606239
75.16964285749097
75.17857142891955
75.18750000034814
75.19642857177672
75.2053571432053
75.21428571463389
75.22321428606247
75.23214285749106
75.24107142891964
75.25000000034822
75.2589285717768
75.26785714320539
75.27678571463397
75.28571428606256
75.29464285749114
75.30357142891972
75.31250000034831
75.32142857177689
75.33035714320548
75.33928571463406
75.34821428606264
75.35714285749123
75.36607142891981
75.3750000003484
75.38392857177698
75.39285714320556
75.40178571463414
75.41071428606273
75.41964285749131
75.4285714289199
75.43750000034848
75.44642857177706
75.45535714320565
75.46428571463423
75.47321428606281
75.4821428574914
75.49107142891998
75.50000000034856
75.50892857177715
75.51785714320573
75.52678571463431
75.5357142860629
75.54464285749148
75.55357142892007
75.56250000034865
75.57142857177723
75.58035714320582
75.5892857146344
75.59821428606298
75.60714285749157
75.61607142892015
75.62500000034873
75.63392857177732
75.6428571432059
75.65178571463449
75.66071428606307
75.66964285749165
75.67857142892024
75.68750000034882
75.6964285717774
75.70535714320599
75.71428571463457
75.72321428606315
75.73214285749174
75.74107142892032
75.7500000003489
75.75892857177749
75.76785714320607
75.77678571463466
75.78571428606324
75.79464285749182
75.8035714289204
75.81250000034899
75.82142857177757
75.83035714320616
75.83928571463474
75.84821428606332
75.85714285749191
75.86607142892049
75.87500000034908
75.88392857177766
75.89285714320624
75.90178571463483
75.91071428606341
75.919642857492
75.92857142892058
75.93750000034916
75.94642857177774
75.95535714320633
75.96428571463491
75.9732142860635
75.98214285749208
75.99107142892066
76.00000000034925
76.0089285717778
76.01785714320641
76.02678571463503
76.03571428606358
76.04464285749214
76.05357142892075
76.06250000034936
76.07142857177791
76.08035714320647
76.08928571463508
76.0982142860637
76.10714285749225
76.1160714289208
76.12500000034942
76.13392857177803
76.14285714320658
76.15178571463514
76.16071428606375
76.16964285749236
76.17857142892092
76.18750000034947
76.19642857177809
76.2053571432067
76.21428571463525
76.22321428606381
76.23214285749242
76.24107142892103
76.25000000034959
76.25892857177814
76.26785714320675
76.27678571463537
76.28571428606392
76.29464285749248
76.30357142892109
76.3125000003497
76.32142857177826
76.33035714320681
76.33928571463542
76.34821428606404
76.35714285749259
76.36607142892115
76.37500000034976
76.38392857177837
76.39285714320692
76.40178571463548
76.41071428606409
76.4196428574927
76.42857142892126
76.43750000034981
76.44642857177843
76.45535714320704
76.4642857146356
76.47321428606415
76.48214285749276
76.49107142892137
76.50000000034993
76.50892857177848
76.5178571432071
76.52678571463571
76.53571428606426
76.54464285749282
76.55357142892143
76.56250000035004
76.5714285717786
76.58035714320715
76.58928571463576
76.59821428606438
76.60714285749293
76.61607142892149
76.6250000003501
76.63392857177871
76.64285714320727
76.65178571463582
76.66071428606443
76.66964285749305
76.6785714289216
76.68750000035016
76.69642857177877
76.70535714320738
76.71428571463593
76.72321428606449
76.7321428574931
76.74107142892171
76.75000000035027
76.75892857177882
76.76785714320744
76.77678571463605
76.7857142860646
76.79464285749316
76.80357142892177
76.81250000035038
76.82142857177894
76.8303571432075
76.8392857146361
76.84821428606472
76.85714285749327
76.86607142892183
76.87500000035044
76.88392857177905
76.8928571432076
76.90178571463616
76.91071428606477
76.91964285749339
76.92857142892194
76.9375000003505
76.94642857177911
76.95535714320772
76.96428571463628
76.97321428606483
76.98214285749344
76.99107142892206
77.00000000035061
77.00892857177917
77.01785714320778
77.02678571463639
77.03571428606494
77.0446428574935
77.05357142892211
77.06250000035072
77.07142857177928
77.08035714320783
77.08928571463645
77.09821428606506
77.10714285749361
77.11607142892217
77.12500000035078
77.13392857177939
77.14285714320795
77.1517857146365
77.16071428606512
77.16964285749373
77.17857142892228
77.18750000035084
77.19642857177945
77.20535714320806
77.21428571463662
77.22321428606517
77.23214285749378
77.2410714289224
77.25000000035095
77.2589285717795
77.26785714320812
77.27678571463673
77.28571428606529
77.29464285749384
77.30357142892245
77.31250000035106
77.32142857177962
77.33035714320818
77.33928571463679
77.3482142860654
77.35714285749395
77.36607142892251
77.37500000035112
77.38392857177973
77.39285714320829
77.40178571463684
77.41071428606546
77.41964285749407
77.42857142892262
77.43750000035118
77.44642857177979
77.4553571432084
77.46428571463696
77.47321428606551
77.48214285749413
77.49107142892274
77.50000000035129
77.50892857177985
77.51785714320846
77.52678571463707
77.53571428606563
77.54464285749418
77.5535714289228
77.5625000003514
77.57142857177996
77.58035714320852
77.58928571463713
77.59821428606574
77.6071428574943
77.61607142892285
77.62500000035146
77.63392857178007
77.64285714320863
77.65178571463719
77.6607142860658
77.66964285749441
77.67857142892296
77.68750000035152
77.69642857178013
77.70535714320874
77.7142857146373
77.72321428606585
77.73214285749447
77.74107142892308
77.75000000035163
77.75892857178019
77.7678571432088
77.77678571463741
77.78571428606597
77.79464285749452
77.80357142892314
77.81250000035175
77.8214285717803
77.83035714320886
77.83928571463747
77.84821428606608
77.85714285749464
77.86607142892319
77.8750000003518
77.88392857178042
77.89285714320897
77.90178571463753
77.91071428606614
77.91964285749475
77.9285714289233
77.93750000035186
77.94642857178047
77.95535714320908
77.96428571463764
77.9732142860662
77.98214285749481
77.99107142892342
78.00000000035197
78.00892857178053
78.01785714320914
78.02678571463775
78.03571428606631
78.04464285749486
78.05357142892348
78.06250000035209
78.07142857178064
78.0803571432092
78.08928571463781
78.09821428606642
78.10714285749498
78.11607142892353
78.12500000035214
78.13392857178076
78.14285714320931
78.15178571463787
78.16071428606648
78.16964285749509
78.17857142892365
78.1875000003522
78.19642857178081
78.20535714320943
78.21428571463798
78.22321428606654
78.23214285749515
78.24107142892376
78.25000000035232
78.25892857178087
78.26785714320948
78.2767857146381
78.28571428606665
78.2946428574952
78.30357142892382
78.31250000035243
78.32142857178098
78.33035714320954
78.33928571463815
78.34821428606676
78.35714285749532
78.36607142892387
78.37500000035249
78.3839285717811
78.39285714320965
78.40178571463821
78.41071428606682
78.41964285749543
78.42857142892399
78.43750000035254
78.44642857178115
78.45535714320977
78.46428571463832
78.47321428606688
78.48214285749549
78.4910714289241
78.50000000035266
78.50892857178121
78.51785714320982
78.52678571463844
78.53571428606699
78.54464285749555
78.55357142892416
78.56250000035277
78.57142857178133
78.58035714320988
78.58928571463849
78.5982142860671
78.60714285749566
78.61607142892422
78.62500000035283
78.63392857178144
78.64285714321
78.65178571463855
78.66071428606716
78.66964285749577
78.67857142892433
78.68750000035288
78.6964285717815
78.70535714321011
78.71428571463866
78.72321428606722
78.73214285749583
78.74107142892444
78.750000000353
78.75892857178155
78.76785714321016
78.77678571463878
78.78571428606733
78.79464285749589
78.8035714289245
78.81250000035311
78.82142857178167
78.83035714321022
78.83928571463883
78.84821428606745
78.857142857496
78.86607142892456
78.87500000035317
78.88392857178178
78.89285714321034
78.90178571463889
78.9107142860675
78.91964285749611
78.92857142892467
78.93750000035323
78.94642857178184
78.95535714321045
78.964285714639
78.97321428606756
78.98214285749617
78.99107142892478
79.00000000035334
79.0089285717819
79.0178571432105
79.02678571463912
79.03571428606767
79.04464285749623
79.05357142892484
79.06250000035345
79.07142857178201
79.08035714321056
79.08928571463917
79.09821428606779
79.10714285749634
79.1160714289249
79.12500000035351
79.13392857178212
79.14285714321068
79.15178571463923
79.16071428606784
79.16964285749646
79.17857142892501
79.18750000035357
79.19642857178218
79.20535714321079
79.21428571463935
79.2232142860679
79.23214285749651
79.24107142892512
79.25000000035368
79.25892857178223
79.26785714321085
79.27678571463946
79.28571428606801
79.29464285749657
79.30357142892518
79.3125000003538
79.32142857178235
79.3303571432109
79.33928571463952
79.34821428606813
79.35714285749668
79.36607142892524
79.37500000035385
79.38392857178246
79.39285714321102
79.40178571463957
79.41071428606818
79.4196428574968
79.42857142892535
79.43750000035391
79.44642857178252
79.45535714321113
79.46428571463969
79.47321428606824
79.48214285749685
79.49107142892547
79.50000000035402
79.50892857178258
79.51785714321119
79.5267857146398
79.53571428606836
79.54464285749691
79.55357142892552
79.56250000035413
79.57142857178269
79.58035714321124
79.58928571463986
79.59821428606847
79.60714285749702
79.61607142892558
79.62500000035419
79.6339285717828
79.64285714321136
79.65178571463991
79.66071428606853
79.66964285749714
79.6785714289257
79.68750000035425
79.69642857178286
79.70535714321147
79.71428571464003
79.72321428606858
79.7321428574972
79.7410714289258
79.75000000035436
79.75892857178292
79.76785714321153
79.77678571464014
79.7857142860687
79.79464285749725
79.80357142892586
79.81250000035448
79.82142857178303
79.83035714321159
79.8392857146402
79.84821428606881
79.85714285749737
79.86607142892592
79.87500000035453
79.88392857178314
79.8928571432117
79.90178571464025
79.91071428606887
79.91964285749748
79.92857142892603
79.93750000035459
79.9464285717832
79.95535714321181
79.96428571464037
79.97321428606892
79.98214285749754
79.99107142892615
80.0000000003547
80.00892857178326
80.01785714321187
80.02678571464048
80.03571428606904
80.04464285749759
80.0535714289262
80.06250000035482
80.07142857178337
80.08035714321193
80.08928571464054
80.09821428606915
80.1071428574977
80.11607142892626
80.12500000035487
80.13392857178349
80.14285714321204
80.1517857146406
80.16071428606921
80.16964285749782
80.17857142892638
80.18750000035493
80.19642857178354
80.20535714321215
80.21428571464071
80.22321428606926
80.23214285749788
80.24107142892649
80.25000000035504
80.2589285717836
80.26785714321221
80.27678571464082
80.28571428606938
80.29464285749793
80.30357142892655
80.31250000035516
80.32142857178371
80.33035714321227
80.33928571464088
80.34821428606949
80.35714285749805
80.3660714289266
80.37500000035521
80.38392857178383
80.39285714321238
80.40178571464094
80.41071428606955
80.41964285749816
80.42857142892672
80.43750000035527
80.44642857178388
80.4553571432125
80.46428571464105
80.4732142860696
80.48214285749822
80.49107142892683
80.50000000035539
80.50892857178394
80.51785714321255
80.52678571464116
80.53571428606972
80.54464285749827
80.55357142892689
80.5625000003555
80.57142857178405
80.58035714321261
80.58928571464122
80.59821428606983
80.60714285749839
80.61607142892694
80.62500000035556
80.63392857178417
80.64285714321272
80.65178571464128
80.66071428606989
80.6696428574985
80.67857142892706
80.68750000035561
80.69642857178422
80.70535714321284
80.71428571464139
80.72321428606995
80.73214285749856
80.74107142892717
80.75000000035573
80.75892857178428
80.7678571432129
80.7767857146415
80.78571428607006
80.79464285749862
80.80357142892723
80.81250000035584
80.8214285717844
80.83035714321295
80.83928571464156
80.84821428607017
80.85714285749873
80.86607142892728
80.8750000003559
80.88392857178451
80.89285714321306
80.90178571464162
80.91071428607023
80.91964285749884
80.9285714289274
80.93750000035595
80.94642857178457
80.95535714321318
80.96428571464173
80.97321428607029
80.9821428574989
80.99107142892751
81.00000000035607
81.00892857178462
81.01785714321323
81.02678571464185
81.0357142860704
81.04464285749896
81.05357142892757
81.06250000035618
81.07142857178474
81.08035714321329
81.0892857146419
81.09821428607052
81.10714285749907
81.11607142892763
81.12500000035624
81.13392857178485
81.1428571432134
81.15178571464196
81.16071428607057
81.16964285749918
81.17857142892774
81.1875000003563
81.1964285717849
81.20535714321352
81.21428571464207
81.22321428607063
81.23214285749924
81.24107142892785
81.25000000035641
81.25892857178496
81.26785714321358
81.27678571464219
81.28571428607074
81.2946428574993
81.30357142892791
81.31250000035652
81.32142857178508
81.33035714321363
81.33928571464224
81.34821428607086
81.35714285749941
81.36607142892797
81.37500000035658
81.38392857178519
81.39285714321375
81.4017857146423
81.41071428607091
81.41964285749953
81.42857142892808
81.43750000035664
81.44642857178525
81.45535714321386
81.46428571464241
81.47321428607097
81.48214285749958
81.4910714289282
81.50000000035675
81.5089285717853
81.51785714321392
81.52678571464253
81.53571428607108
81.54464285749964
81.55357142892825
81.56250000035686
81.57142857178542
81.58035714321397
81.58928571464259
81.5982142860712
81.60714285749975
81.61607142892831
81.62500000035692
81.63392857178553
81.64285714321409
81.65178571464264
81.66071428607125
81.66964285749987
81.67857142892842
81.68750000035698
81.69642857178559
81.7053571432142
81.71428571464276
81.72321428607131
81.73214285749992
81.74107142892854
81.75000000035709
81.75892857178565
81.76785714321426
81.77678571464287
81.78571428607142
81.79464285749998
81.80357142892859
81.8125000003572
81.82142857178576
81.83035714321431
81.83928571464293
81.84821428607154
81.8571428575001
81.86607142892865
81.87500000035726
81.88392857178587
81.89285714321443
81.90178571464298
81.9107142860716
81.91964285750021
81.92857142892876
81.93750000035732
81.94642857178593
81.95535714321454
81.9642857146431
81.97321428607165
81.98214285750026
81.99107142892888
82.00000000035743
82.00892857178599
82.0178571432146
82.02678571464321
82.03571428607177
82.04464285750032
82.05357142892893
82.06250000035755
82.0714285717861
82.08035714321466
82.08928571464327
82.09821428607188
82.10714285750043
82.11607142892899
82.1250000003576
82.13392857178621
82.14285714321477
82.15178571464332
82.16071428607194
82.16964285750055
82.1785714289291
82.18750000035766
82.19642857178627
82.20535714321488
82.21428571464344
82.223214286072
82.2321428575006
82.24107142892922
82.25000000035777
82.25892857178633
82.26785714321494
82.27678571464355
82.2857142860721
82.29464285750066
82.30357142892927
82.31250000035789
82.32142857178644
82.330357143215
82.33928571464361
82.34821428607222
82.35714285750078
82.36607142892933
82.37500000035794
82.38392857178656
82.39285714321511
82.40178571464367
82.41071428607228
82.41964285750089
82.42857142892944
82.437500000358
82.44642857178661
82.45535714321522
82.46428571464378
82.47321428607233
82.48214285750095
82.49107142892956
82.50000000035811
82.50892857178667
82.51785714321528
82.52678571464389
82.53571428607245
82.544642857501
82.55357142892962
82.56250000035823
82.57142857178678
82.58035714321534
82.58928571464395
82.59821428607256
82.60714285750112
82.61607142892967
82.62500000035828
82.6339285717869
82.64285714321545
82.651785714644
82.66071428607262
82.66964285750123
82.67857142892979
82.68750000035834
82.69642857178695
82.70535714321556
82.71428571464412
82.72321428607268
82.73214285750129
82.7410714289299
82.75000000035845
82.75892857178701
82.76785714321562
82.77678571464423
82.78571428607279
82.79464285750134
82.80357142892996
82.81250000035857
82.82142857178712
82.83035714321568
82.83928571464429
82.8482142860729
82.85714285750146
82.86607142893001
82.87500000035863
82.88392857178724
82.89285714321579
82.90178571464435
82.91071428607296
82.91964285750157
82.92857142893013
82.93750000035868
82.9464285717873
82.9553571432159
82.96428571464446
82.97321428607302
82.98214285750163
82.99107142893024
83.0000000003588
83.00892857178735
83.01785714321596
83.02678571464457
83.03571428607313
83.04464285750169
83.0535714289303
83.06250000035891
83.07142857178746
83.08035714321602
83.08928571464463
83.09821428607324
83.1071428575018
83.11607142893035
83.12500000035897
83.13392857178758
83.14285714321613
83.15178571464469
83.1607142860733
83.16964285750191
83.17857142893047
83.18750000035902
83.19642857178764
83.20535714321625
83.2142857146448
83.22321428607336
83.23214285750197
83.24107142893058
83.25000000035914
83.25892857178769
83.2678571432163
83.27678571464492
83.28571428607347
83.29464285750203
83.30357142893064
83.31250000035925
83.3214285717878
83.33035714321636
83.33928571464497
83.34821428607358
83.35714285750214
83.3660714289307
83.37500000035931
83.38392857178792
83.39285714321647
83.40178571464503
83.41071428607364
83.41964285750225
83.42857142893081
83.43750000035936
83.44642857178798
83.45535714321659
83.46428571464514
83.4732142860737
83.48214285750231
83.49107142893092
83.50000000035948
83.50892857178803
83.51785714321664
83.52678571464526
83.53571428607381
83.54464285750237
83.55357142893098
83.56250000035959
83.57142857178815
83.5803571432167
83.58928571464531
83.59821428607393
83.60714285750248
83.61607142893104
83.62500000035965
83.63392857178826
83.64285714321682
83.65178571464537
83.66071428607398
83.6696428575026
83.67857142893115
83.6875000003597
83.69642857178832
83.70535714321693
83.71428571464548
83.72321428607404
83.73214285750265
83.74107142893126
83.75000000035982
83.75892857178837
83.76785714321699
83.7767857146456
83.78571428607415
83.79464285750271
83.80357142893132
83.81250000035993
83.82142857178849
83.83035714321704
83.83928571464565
83.84821428607427
83.85714285750282
83.86607142893138
83.87500000035999
83.8839285717886
83.89285714321716
83.90178571464571
83.91071428607432
83.91964285750294
83.92857142893149
83.93750000036005
83.94642857178866
83.95535714321727
83.96428571464583
83.97321428607438
83.98214285750299
83.9910714289316
84.00000000036016
84.00892857178872
84.01785714321733
84.02678571464594
84.0357142860745
84.04464285750305
84.05357142893166
84.06250000036027
84.07142857178883
84.08035714321738
84.089285714646
84.09821428607461
84.10714285750316
84.11607142893172
84.12500000036033
84.13392857178894
84.1428571432175
84.15178571464605
84.16071428607466
84.16964285750328
84.17857142893183
84.18750000036039
84.196428571789
84.20535714321761
84.21428571464617
84.22321428607472
84.23214285750333
84.24107142893195
84.2500000003605
84.25892857178906
84.26785714321767
84.27678571464628
84.28571428607484
84.29464285750339
84.303571428932
84.31250000036061
84.32142857178917
84.33035714321773
84.33928571464634
84.34821428607495
84.3571428575035
84.36607142893206
84.37500000036067
84.38392857178928
84.39285714321784
84.4017857146464
84.410714286075
84.41964285750362
84.42857142893217
84.43750000036073
84.44642857178934
84.45535714321795
84.46428571464651
84.47321428607506
84.48214285750367
84.49107142893229
84.50000000036084
84.5089285717894
84.51785714321801
84.52678571464662
84.53571428607518
84.54464285750373
84.55357142893234
84.56250000036096
84.57142857178951
84.58035714321807
84.58928571464668
84.59821428607529
84.60714285750385
84.6160714289324
84.62500000036101
84.63392857178962
84.64285714321818
84.65178571464673
84.66071428607535
84.66964285750396
84.67857142893251
84.68750000036107
84.69642857178968
84.7053571432183
84.71428571464685
84.7232142860754
84.73214285750402
84.74107142893263
84.75000000036118
84.75892857178974
84.76785714321835
84.77678571464696
84.78571428607552
84.79464285750407
84.80357142893268
84.8125000003613
84.82142857178985
84.83035714321841
84.83928571464702
84.84821428607563
84.85714285750419
84.86607142893274
84.87500000036135
84.88392857178997
84.89285714321852
84.90178571464708
84.91071428607569
84.9196428575043
84.92857142893286
84.93750000036141
84.94642857179002
84.95535714321863
84.96428571464719
84.97321428607574
84.98214285750436
84.99107142893297
85.00000000036152
85.00892857179008
85.01785714321869
85.0267857146473
85.03571428607586
85.04464285750441
85.05357142893303
85.06250000036164
85.0714285717902
85.08035714321875
85.08928571464736
85.09821428607597
85.10714285750453
85.11607142893308
85.1250000003617
85.1339285717903
85.14285714321886
85.15178571464742
85.16071428607603
85.16964285750464
85.1785714289332
85.18750000036175
85.19642857179036
85.20535714321898
85.21428571464753
85.22321428607609
85.2321428575047
85.24107142893331
85.25000000036187
85.25892857179042
85.26785714321903
85.27678571464764
85.2857142860762
85.29464285750475
85.30357142893337
85.31250000036198
85.32142857179053
85.33035714321909
85.3392857146477
85.34821428607631
85.35714285750487
85.36607142893342
85.37500000036204
85.38392857179065
85.3928571432192
85.40178571464776
85.41071428607637
85.41964285750498
85.42857142893354
85.43750000036209
85.4464285717907
85.45535714321932
85.46428571464787
85.47321428607643
85.48214285750504
85.49107142893365
85.5000000003622
85.50892857179076
85.51785714321937
85.52678571464799
85.53571428607654
85.5446428575051
85.55357142893371
85.56250000036232
85.57142857179088
85.58035714321943
85.58928571464804
85.59821428607665
85.60714285750521
85.61607142893376
85.62500000036238
85.63392857179099
85.64285714321954
85.6517857146481
85.66071428607671
85.66964285750532
85.67857142893388
85.68750000036243
85.69642857179105
85.70535714321966
85.71428571464821
85.72321428607677
85.73214285750538
85.74107142893399
85.75000000036255
85.7589285717911
85.76785714321971
85.77678571464833
85.78571428607688
85.79464285750544
85.80357142893405
85.81250000036266
85.82142857179122
85.83035714321977
85.83928571464838
85.848214286077
85.85714285750555
85.8660714289341
85.87500000036272
85.88392857179133
85.89285714321989
85.90178571464844
85.91071428607705
85.91964285750566
85.92857142893422
85.93750000036277
85.94642857179139
85.95535714322
85.96428571464855
85.97321428607711
85.98214285750572
85.99107142893433
86.00000000036289
86.00892857179144
86.01785714322006
86.02678571464867
86.03571428607722
86.04464285750578
86.05357142893439
86.062500000363
86.07142857179156
86.08035714322011
86.08928571464872
86.09821428607734
86.10714285750589
86.11607142893445
86.12500000036306
86.13392857179167
86.14285714322023
86.15178571464878
86.1607142860774
86.169642857506
86.17857142893456
86.18750000036312
86.19642857179173
86.20535714322034
86.2142857146489
86.22321428607745
86.23214285750606
86.24107142893467
86.25000000036323
86.25892857179178
86.2678571432204
86.27678571464901
86.28571428607756
86.29464285750612
86.30357142893473
86.31250000036334
86.3214285717919
86.33035714322045
86.33928571464907
86.34821428607768
86.35714285750623
86.36607142893479
86.3750000003634
86.38392857179201
86.39285714322057
86.40178571464912
86.41071428607773
86.41964285750635
86.4285714289349
86.43750000036346
86.44642857179207
86.45535714322068
86.46428571464924
86.47321428607779
86.4821428575064
86.49107142893502
86.50000000036357
86.50892857179213
86.51785714322074
86.52678571464935
86.5357142860779
86.54464285750646
86.55357142893507
86.56250000036368
86.57142857179224
86.5803571432208
86.5892857146494
86.59821428607802
86.60714285750657
86.61607142893513
86.62500000036374
86.63392857179235
86.64285714322091
86.65178571464946
86.66071428607808
86.66964285750669
86.67857142893524
86.6875000003638
86.69642857179241
86.70535714322102
86.71428571464958
86.72321428607813
86.73214285750674
86.74107142893536
86.75000000036391
86.75892857179247
86.76785714322108
86.77678571464969
86.78571428607825
86.7946428575068
86.80357142893541
86.81250000036403
86.82142857179258
86.83035714322114
86.83928571464975
86.84821428607836
86.85714285750691
86.86607142893547
86.87500000036408
86.8839285717927
86.89285714322125
86.9017857146498
86.91071428607842
86.91964285750703
86.92857142893558
86.93750000036414
86.94642857179275
86.95535714322136
86.96428571464992
86.97321428607847
86.98214285750709
86.9910714289357
87.00000000036425
87.00892857179281
87.01785714322142
87.02678571465003
87.03571428607859
87.04464285750714
87.05357142893575
87.06250000036437
87.07142857179292
87.08035714322148
87.08928571465009
87.0982142860787
87.10714285750726
87.11607142893581
87.12500000036442
87.13392857179304
87.14285714322159
87.15178571465015
87.16071428607876
87.16964285750737
87.17857142893592
87.18750000036448
87.19642857179309
87.2053571432217
87.21428571465026
87.22321428607881
87.23214285750743
87.24107142893604
87.2500000003646
87.25892857179315
87.26785714322176
87.27678571465037
87.28571428607893
87.29464285750748
87.3035714289361
87.31250000036471
87.32142857179326
87.33035714322182
87.33928571465043
87.34821428607904
87.3571428575076
87.36607142893615
87.37500000036476
87.38392857179338
87.39285714322193
87.40178571465049
87.4107142860791
87.41964285750771
87.42857142893627
87.43750000036482
87.44642857179343
87.45535714322205
87.4642857146506
87.47321428607916
87.48214285750777
87.49107142893638
87.50000000036493
87.50892857179349
87.5178571432221
87.52678571465071
87.53571428607927
87.54464285750782
87.55357142893644
87.56250000036505
87.5714285717936
87.58035714322216
87.58928571465077
87.59821428607938
87.60714285750794
87.6160714289365
87.6250000003651
87.63392857179372
87.64285714322227
87.65178571465083
87.66071428607944
87.66964285750805
87.6785714289366
87.68750000036516
87.69642857179377
87.70535714322239
87.71428571465094
87.7232142860795
87.73214285750811
87.74107142893672
87.75000000036528
87.75892857179383
87.76785714322244
87.77678571465106
87.78571428607961
87.79464285750817
87.80357142893678
87.81250000036539
87.82142857179394
87.8303571432225
87.83928571465111
87.84821428607972
87.85714285750828
87.86607142893683
87.87500000036545
87.88392857179406
87.89285714322261
87.90178571465117
87.91071428607978
87.91964285750839
87.92857142893695
87.9375000003655
87.94642857179412
87.95535714322273
87.96428571465128
87.97321428607984
87.98214285750845
87.99107142893706
88.00000000036562
88.00892857179417
88.01785714322278
88.0267857146514
88.03571428607995
88.0446428575085
88.05357142893712
88.06250000036573
88.07142857179429
88.08035714322284
88.08928571465145
88.09821428608006
88.10714285750862
88.11607142893718
88.12500000036579
88.1339285717944
88.14285714322295
88.15178571465151
88.16071428608012
88.16964285750873
88.17857142893729
88.18750000036584
88.19642857179446
88.20535714322307
88.21428571465162
88.22321428608018
88.23214285750879
88.2410714289374
88.25000000036596
88.25892857179451
88.26785714322313
88.27678571465174
88.28571428608029
88.29464285750885
88.30357142893746
88.31250000036607
88.32142857179463
88.33035714322318
88.3392857146518
88.3482142860804
88.35714285750896
88.36607142893752
88.37500000036613
88.38392857179474
88.3928571432233
88.40178571465185
88.41071428608046
88.41964285750907
88.42857142893763
88.43750000036619
88.4464285717948
88.45535714322341
88.46428571465196
88.47321428608052
88.48214285750913
88.49107142893774
88.5000000003663
88.50892857179485
88.51785714322347
88.52678571465208
88.53571428608063
88.54464285750919
88.5535714289378
88.56250000036641
88.57142857179497
88.58035714322352
88.58928571465214
88.59821428608075
88.6071428575093
88.61607142893786
88.62500000036647
88.63392857179508
88.64285714322364
88.65178571465219
88.6607142860808
88.66964285750942
88.67857142893797
88.68750000036653
88.69642857179514
88.70535714322375
88.7142857146523
88.72321428608086
88.73214285750947
88.74107142893808
88.75000000036664
88.7589285717952
88.76785714322381
88.77678571465242
88.78571428608097
88.79464285750953
88.80357142893814
88.81250000036675
88.82142857179531
88.83035714322386
88.83928571465248
88.84821428608109
88.85714285750964
88.8660714289382
88.87500000036681
88.88392857179542
88.89285714322398
88.90178571465253
88.91071428608115
88.91964285750976
88.92857142893831
88.93750000036687
88.94642857179548
88.95535714322409
88.96428571465265
88.9732142860812
88.98214285750981
88.99107142893843
89.00000000036698
89.00892857179554
89.01785714322415
89.02678571465276
89.03571428608132
89.04464285750987
89.05357142893848
89.0625000003671
89.07142857179565
89.0803571432242
89.08928571465282
89.09821428608143
89.10714285750998
89.11607142893854
89.12500000036715
89.13392857179576
89.14285714322432
89.15178571465287
89.16071428608149
89.1696428575101
89.17857142893865
89.18750000036721
89.19642857179582
89.20535714322443
89.21428571465299
89.22321428608154
89.23214285751015
89.24107142893877
89.25000000036732
89.25892857179588
89.26785714322449
89.2767857146531
89.28571428608166
89.29464285751021
89.30357142893882
89.31250000036744
89.32142857179599
89.33035714322455
89.33928571465316
89.34821428608177
89.35714285751033
89.36607142893888
89.37500000036749
89.3839285717961
89.39285714322466
89.40178571465322
89.41071428608183
89.41964285751044
89.428571428939
89.43750000036755
89.44642857179616
89.45535714322477
89.46428571465333
89.47321428608188
89.4821428575105
89.49107142893911
89.50000000036766
89.50892857179622
89.51785714322483
89.52678571465344
89.535714286082
89.54464285751055
89.55357142893916
89.56250000036778
89.57142857179633
89.58035714322489
89.5892857146535
89.59821428608211
89.60714285751067
89.61607142893922
89.62500000036783
89.63392857179645
89.642857143225
89.65178571465356
89.66071428608217
89.66964285751078
89.67857142893934
89.68750000036789
89.6964285717965
89.70535714322511
89.71428571465367
89.72321428608223
89.73214285751084
89.74107142893945
89.750000000368
89.75892857179656
89.76785714322517
89.77678571465378
89.78571428608234
89.7946428575109
89.8035714289395
89.81250000036812
89.82142857179667
89.83035714322523
89.83928571465384
89.84821428608245
89.85714285751101
89.86607142893956
89.87500000036817
89.88392857179679
89.89285714322534
89.9017857146539
89.91071428608251
89.91964285751112
89.92857142893968
89.93750000036823
89.94642857179684
89.95535714322546
89.96428571465401
89.97321428608257
89.98214285751118
89.99107142893979
90.00000000036835
90.0089285717969
90.01785714322551
90.02678571465412
90.03571428608268
90.04464285751123
90.05357142893985
90.06250000036846
90.07142857179701
90.08035714322557
90.08928571465418
90.0982142860828
90.10714285751135
90.1160714289399
90.12500000036852
90.13392857179713
90.14285714322568
90.15178571465424
90.16071428608285
90.16964285751146
90.17857142894002
90.18750000036857
90.19642857179718
90.2053571432258
90.21428571465435
90.22321428608291
90.23214285751152
90.24107142894013
90.25000000036869
90.25892857179724
90.26785714322585
90.27678571465447
90.28571428608302
90.29464285751158
90.30357142894019
90.3125000003688
90.32142857179736
90.33035714322591
90.33928571465452
90.34821428608313
90.35714285751169
90.36607142894024
90.37500000036886
90.38392857179747
90.39285714322602
90.40178571465458
90.41071428608319
90.4196428575118
90.42857142894036
90.43750000036891
90.44642857179753
90.45535714322614
90.4642857146547
90.47321428608325
90.48214285751186
90.49107142894047
90.50000000036903
90.50892857179758
90.5178571432262
90.5267857146548
90.53571428608336
90.54464285751192
90.55357142894053
90.56250000036914
90.5714285717977
90.58035714322625
90.58928571465486
90.59821428608348
90.60714285751203
90.61607142894059
90.6250000003692
90.63392857179781
90.64285714322637
90.65178571465492
90.66071428608353
90.66964285751214
90.6785714289407
90.68750000036925
90.69642857179787
90.70535714322648
90.71428571465503
90.72321428608359
90.7321428575122
90.74107142894081
90.75000000036937
90.75892857179792
90.76785714322654
90.77678571465515
90.7857142860837
90.79464285751226
90.80357142894087
90.81250000036948
90.82142857179804
90.83035714322659
90.8392857146552
90.84821428608382
90.85714285751237
90.86607142894093
90.87500000036954
90.88392857179815
90.8928571432267
90.90178571465526
90.91071428608387
90.91964285751249
90.92857142894104
90.9375000003696
90.94642857179821
90.95535714322682
90.96428571465538
90.97321428608393
90.98214285751254
90.99107142894115
91.00000000036971
91.00892857179826
91.01785714322688
91.02678571465549
91.03571428608404
91.0446428575126
91.05357142894121
91.06250000036982
91.07142857179838
91.08035714322693
91.08928571465555
91.09821428608416
91.10714285751271
91.11607142894127
91.12500000036988
91.13392857179849
91.14285714322705
91.1517857146556
91.16071428608421
91.16964285751283
91.17857142894138
91.18750000036994
91.19642857179855
91.20535714322716
91.21428571465572
91.22321428608427
91.23214285751288
91.2410714289415
91.25000000037005
91.2589285717986
91.26785714322722
91.27678571465583
91.28571428608439
91.29464285751294
91.30357142894155
91.31250000037016
91.32142857179872
91.33035714322727
91.33928571465589
91.3482142860845
91.35714285751305
91.36607142894161
91.37500000037022
91.38392857179883
91.39285714322739
91.40178571465594
91.41071428608456
91.41964285751317
91.42857142894172
91.43750000037028
91.44642857179889
91.4553571432275
91.46428571465606
91.47321428608461
91.48214285751322
91.49107142894184
91.50000000037039
91.50892857179895
91.51785714322756
91.52678571465617
91.53571428608473
91.54464285751328
91.5535714289419
91.5625000003705
91.57142857179906
91.58035714322762
91.58928571465623
91.59821428608484
91.6071428575134
91.61607142894195
91.62500000037056
91.63392857179917
91.64285714322773
91.65178571465628
91.6607142860849
91.66964285751351
91.67857142894206
91.68750000037062
91.69642857179923
91.70535714322784
91.7142857146564
91.72321428608495
91.73214285751357
91.74107142894218
91.75000000037073
91.75892857179929
91.7678571432279
91.77678571465651
91.78571428608507
91.79464285751362
91.80357142894223
91.81250000037085
91.8214285717994
91.83035714322796
91.83928571465657
91.84821428608518
91.85714285751374
91.86607142894229
91.8750000003709
91.88392857179952
91.89285714322807
91.90178571465663
91.91071428608524
91.91964285751385
91.9285714289424
91.93750000037096
91.94642857179957
91.95535714322818
91.96428571465674
91.9732142860853
91.9821428575139
91.99107142894252
92.00000000037107
92.00892857179963
92.01785714322824
92.02678571465685
92.03571428608541
92.04464285751396
92.05357142894258
92.06250000037119
92.07142857179974
92.0803571432283
92.08928571465691
92.09821428608552
92.10714285751408
92.11607142894263
92.12500000037124
92.13392857179986
92.14285714322841
92.15178571465697
92.16071428608558
92.16964285751419
92.17857142894275
92.1875000003713
92.19642857179991
92.20535714322853
92.21428571465708
92.22321428608564
92.23214285751425
92.24107142894286
92.25000000037141
92.25892857179997
92.26785714322858
92.2767857146572
92.28571428608575
92.2946428575143
92.30357142894292
92.31250000037153
92.32142857180008
92.33035714322864
92.33928571465725
92.34821428608586
92.35714285751442
92.36607142894297
92.37500000037159
92.3839285718002
92.39285714322875
92.40178571465731
92.41071428608592
92.41964285751453
92.42857142894309
92.43750000037164
92.44642857180025
92.45535714322887
92.46428571465742
92.47321428608598
92.48214285751459
92.4910714289432
92.50000000037176
92.50892857180031
92.51785714322892
92.52678571465754
92.53571428608609
92.54464285751465
92.55357142894326
92.56250000037187
92.57142857180042
92.58035714322898
92.58928571465759
92.5982142860862
92.60714285751476
92.61607142894331
92.62500000037193
92.63392857180054
92.6428571432291
92.65178571465765
92.66071428608626
92.66964285751487
92.67857142894343
92.68750000037198
92.6964285718006
92.70535714322921
92.71428571465776
92.72321428608632
92.73214285751493
92.74107142894354
92.7500000003721
92.75892857180065
92.76785714322926
92.77678571465788
92.78571428608643
92.79464285751499
92.8035714289436
92.81250000037221
92.82142857180077
92.83035714322932
92.83928571465793
92.84821428608655
92.8571428575151
92.86607142894366
92.87500000037227
92.88392857180088
92.89285714322943
92.90178571465799
92.9107142860866
92.91964285751521
92.92857142894377
92.93750000037232
92.94642857180094
92.95535714322955
92.9642857146581
92.97321428608666
92.98214285751527
92.99107142894388
93.00000000037244
93.008928571801
93.0178571432296
93.02678571465822
93.03571428608677
93.04464285751533
93.05357142894394
93.06250000037255
93.0714285718011
93.08035714322966
93.08928571465827
93.09821428608689
93.10714285751544
93.116071428944
93.12500000037261
93.13392857180122
93.14285714322978
93.15178571465833
93.16071428608694
93.16964285751556
93.17857142894411
93.18750000037267
93.19642857180128
93.20535714322989
93.21428571465844
93.223214286087
93.23214285751561
93.24107142894422
93.25000000037278
93.25892857180133
93.26785714322995
93.27678571465856
93.28571428608711
93.29464285751567
93.30357142894428
93.31250000037289
93.32142857180145
93.33035714323
93.33928571465862
93.34821428608723
93.35714285751578
93.36607142894434
93.37500000037295
93.38392857180156
93.39285714323012
93.40178571465867
93.41071428608728
93.4196428575159
93.42857142894445
93.437500000373
93.44642857180162
93.45535714323023
93.46428571465879
93.47321428608734
93.48214285751595
93.49107142894457
93.50000000037312
93.50892857180168
93.51785714323029
93.5267857146589
93.53571428608745
93.54464285751601
93.55357142894462
93.56250000037323
93.57142857180179
93.58035714323034
93.58928571465896
93.59821428608757
93.60714285751612
93.61607142894468
93.62500000037329
93.6339285718019
93.64285714323046
93.65178571465901
93.66071428608763
93.66964285751624
93.67857142894479
93.68750000037335
93.69642857180196
93.70535714323057
93.71428571465913
93.72321428608768
93.7321428575163
93.7410714289449
93.75000000037346
93.75892857180202
93.76785714323063
93.77678571465924
93.7857142860878
93.79464285751635
93.80357142894496
93.81250000037357
93.82142857180213
93.83035714323069
93.8392857146593
93.84821428608791
93.85714285751646
93.86607142894502
93.87500000037363
93.88392857180224
93.8928571432308
93.90178571465935
93.91071428608797
93.91964285751658
93.92857142894513
93.93750000037369
93.9464285718023
93.95535714323091
93.96428571465947
93.97321428608802
93.98214285751664
93.99107142894525
94.0000000003738
94.00892857180236
94.01785714323097
94.02678571465958
94.03571428608814
94.04464285751669
94.0535714289453
94.06250000037392
94.07142857180247
94.08035714323103
94.08928571465964
94.09821428608825
94.1071428575168
94.11607142894536
94.12500000037397
94.13392857180258
94.14285714323114
94.1517857146597
94.16071428608831
94.16964285751692
94.17857142894547
94.18750000037403
94.19642857180264
94.20535714323125
94.21428571465981
94.22321428608836
94.23214285751698
94.24107142894559
94.25000000037414
94.2589285718027
94.26785714323131
94.27678571465992
94.28571428608848
94.29464285751703
94.30357142894565
94.31250000037426
94.32142857180281
94.33035714323137
94.33928571465998
94.34821428608859
94.35714285751715
94.3660714289457
94.37500000037431
94.38392857180293
94.39285714323148
94.40178571466004
94.41071428608865
94.41964285751726
94.42857142894582
94.43750000037437
94.44642857180298
94.4553571432316
94.46428571466015
94.4732142860887
94.48214285751732
94.49107142894593
94.50000000037448
94.50892857180304
94.51785714323165
94.52678571466026
94.53571428608882
94.54464285751737
94.55357142894599
94.5625000003746
94.57142857180315
94.58035714323171
94.58928571466032
94.59821428608893
94.60714285751749
94.61607142894604
94.62500000037465
94.63392857180327
94.64285714323182
94.65178571466038
94.66071428608899
94.6696428575176
94.67857142894616
94.68750000037471
94.69642857180332
94.70535714323194
94.71428571466049
94.72321428608905
94.73214285751766
94.74107142894627
94.75000000037483
94.75892857180338
94.76785714323199
94.7767857146606
94.78571428608916
94.79464285751772
94.80357142894633
94.81250000037494
94.8214285718035
94.83035714323205
94.83928571466066
94.84821428608927
94.85714285751783
94.86607142894638
94.875000000375
94.88392857180361
94.89285714323216
94.90178571466072
94.91071428608933
94.91964285751794
94.9285714289465
94.93750000037505
94.94642857180366
94.95535714323228
94.96428571466083
94.97321428608939
94.982142857518
94.99107142894661
95.00000000037517
95.00892857180372
95.01785714323233
95.02678571466095
95.0357142860895
95.04464285751806
95.05357142894667
95.06250000037528
95.07142857180384
95.08035714323239
95.089285714661
95.09821428608961
95.10714285751817
95.11607142894673
95.12500000037534
95.13392857180395
95.1428571432325
95.15178571466106
95.16071428608967
95.16964285751828
95.17857142894684
95.1875000003754
95.196428571804
95.20535714323262
95.21428571466117
95.22321428608973
95.23214285751834
95.24107142894695
95.25000000037551
95.25892857180406
95.26785714323267
95.27678571466129
95.28571428608984
95.2946428575184
95.30357142894701
95.31250000037562
95.32142857180418
95.33035714323273
95.33928571466134
95.34821428608996
95.35714285751851
95.36607142894707
95.37500000037568
95.38392857180429
95.39285714323285
95.4017857146614
95.41071428609001
95.41964285751862
95.42857142894718
95.43750000037573
95.44642857180435
95.45535714323296
95.46428571466151
95.47321428609007
95.48214285751868
95.4910714289473
95.50000000037585
95.5089285718044
95.51785714323302
95.52678571466163
95.53571428609018
95.54464285751874
95.55357142894735
95.56250000037596
95.57142857180452
95.58035714323307
95.58928571466168
95.5982142860903
95.60714285751885
95.61607142894741
95.62500000037602
95.63392857180463
95.64285714323319
95.65178571466174
95.66071428609035
95.66964285751897
95.67857142894752
95.68750000037608
95.69642857180469
95.7053571432333
95.71428571466186
95.72321428609041
95.73214285751902
95.74107142894763
95.75000000037619
95.75892857180474
95.76785714323336
95.77678571466197
95.78571428609052
95.79464285751908
95.80357142894769
95.8125000003763
95.82142857180486
95.83035714323341
95.83928571466203
95.84821428609064
95.8571428575192
95.86607142894775
95.87500000037636
95.88392857180497
95.89285714323353
95.90178571466208
95.9107142860907
95.9196428575193
95.92857142894786
95.93750000037642
95.94642857180503
95.95535714323364
95.9642857146622
95.97321428609075
95.98214285751936
95.99107142894798
96.00000000037653
96.00892857180509
96.0178571432337
96.02678571466231
96.03571428609087
96.04464285751942
96.05357142894803
96.06250000037664
96.0714285718052
96.08035714323375
96.08928571466237
96.09821428609098
96.10714285751953
96.11607142894809
96.1250000003767
96.13392857180531
96.14285714323387
96.15178571466242
96.16071428609104
96.16964285751965
96.1785714289482
96.18750000037676
96.19642857180537
96.20535714323398
96.21428571466254
96.22321428609109
96.2321428575197
96.24107142894832
96.25000000037687
96.25892857180543
96.26785714323404
96.27678571466265
96.2857142860912
96.29464285751976
96.30357142894837
96.31250000037699
96.32142857180554
96.3303571432341
96.33928571466271
96.34821428609132
96.35714285751988
96.36607142894843
96.37500000037704
96.38392857180565
96.39285714323421
96.40178571466276
96.41071428609138
96.41964285751999
96.42857142894854
96.4375000003771
96.44642857180571
96.45535714323432
96.46428571466288
96.47321428609143
96.48214285752005
96.49107142894866
96.50000000037721
96.50892857180577
96.51785714323438
96.52678571466299
96.53571428609155
96.5446428575201
96.55357142894871
96.56250000037733
96.57142857180588
96.58035714323444
96.58928571466305
96.59821428609166
96.60714285752022
96.61607142894877
96.62500000037738
96.633928571806
96.64285714323455
96.6517857146631
96.66071428609172
96.66964285752033
96.67857142894889
96.68750000037744
96.69642857180605
96.70535714323466
96.71428571466322
96.72321428609177
96.73214285752039
96.741071428949
96.75000000037755
96.75892857180611
96.76785714323472
96.77678571466333
96.78571428609189
96.79464285752044
96.80357142894906
96.81250000037767
96.82142857180622
96.83035714323478
96.83928571466339
96.848214286092
96.85714285752056
96.86607142894911
96.87500000037772
96.88392857180634
96.89285714323489
96.90178571466345
96.91071428609206
96.91964285752067
96.92857142894923
96.93750000037778
96.9464285718064
96.955357143235
96.96428571466356
96.97321428609212
96.98214285752073
96.99107142894934
97.0000000003779
97.00892857180645
97.01785714323506
97.02678571466367
97.03571428609223
97.04464285752078
97.0535714289494
97.06250000037801
97.07142857180656
97.08035714323512
97.08928571466373
97.09821428609234
97.1071428575209
97.11607142894945
97.12500000037807
97.13392857180668
97.14285714323523
97.15178571466379
97.1607142860924
97.16964285752101
97.17857142894957
97.18750000037812
97.19642857180673
97.20535714323535
97.2142857146639
97.22321428609246
97.23214285752107
97.24107142894968
97.25000000037824
97.25892857180679
97.2678571432354
97.27678571466402
97.28571428609257
97.29464285752113
97.30357142894974
97.31250000037835
97.3214285718069
97.33035714323546
97.33928571466407
97.34821428609268
97.35714285752124
97.3660714289498
97.3750000003784
97.38392857180702
97.39285714323557
97.40178571466413
97.41071428609274
97.41964285752135
97.42857142894991
97.43750000037846
97.44642857180708
97.45535714323569
97.46428571466424
97.4732142860928
97.48214285752141
97.49107142895002
97.50000000037858
97.50892857180713
97.51785714323574
97.52678571466436
97.53571428609291
97.54464285752147
97.55357142895008
97.56250000037869
97.57142857180725
97.5803571432358
97.58928571466441
97.59821428609303
97.60714285752158
97.61607142895014
97.62500000037875
97.63392857180736
97.64285714323591
97.65178571466447
97.66071428609308
97.6696428575217
97.67857142895025
97.6875000003788
97.69642857180742
97.70535714323603
97.71428571466458
97.72321428609314
97.73214285752175
97.74107142895036
97.75000000037892
97.75892857180747
97.76785714323609
97.7767857146647
97.78571428609325
97.79464285752181
97.80357142895042
97.81250000037903
97.82142857180759
97.83035714323614
97.83928571466475
97.84821428609337
97.85714285752192
97.86607142895048
97.87500000037909
97.8839285718077
97.89285714323626
97.90178571466481
97.91071428609342
97.91964285752204
97.92857142895059
97.93750000037915
97.94642857180776
97.95535714323637
97.96428571466492
97.97321428609348
97.98214285752209
97.9910714289507
98.00000000037926
98.00892857180781
98.01785714323643
98.02678571466504
98.0357142860936
98.04464285752215
98.05357142895076
98.06250000037937
98.07142857180793
98.08035714323648
98.0892857146651
98.09821428609371
98.10714285752226
98.11607142895082
98.12500000037943
98.13392857180804
98.1428571432366
98.15178571466515
98.16071428609376
98.16964285752238
98.17857142895093
98.18750000037949
98.1964285718081
98.20535714323671
98.21428571466527
98.22321428609382
98.23214285752243
98.24107142895105
98.2500000003796
98.25892857180816
98.26785714323677
98.27678571466538
98.28571428609393
98.29464285752249
98.3035714289511
98.31250000037971
98.32142857180827
98.33035714323682
98.33928571466544
98.34821428609405
98.3571428575226
98.36607142895116
98.37500000037977
98.38392857180838
98.39285714323694
98.4017857146655
98.4107142860941
98.41964285752272
98.42857142895127
98.43750000037983
98.44642857180844
98.45535714323705
98.4642857146656
98.47321428609416
98.48214285752277
98.49107142895139
98.50000000037994
98.5089285718085
98.51785714323711
98.52678571466572
98.53571428609428
98.54464285752283
98.55357142895144
98.56250000038006
98.57142857180861
98.58035714323717
98.58928571466578
98.59821428609439
98.60714285752294
98.6160714289515
98.62500000038011
98.63392857180872
98.64285714323728
98.65178571466583
98.66071428609445
98.66964285752306
98.67857142895161
98.68750000038017
98.69642857180878
98.70535714323739
98.71428571466595
98.7232142860945
98.73214285752312
98.74107142895173
98.75000000038028
98.75892857180884
98.76785714323745
98.77678571466606
98.78571428609462
98.79464285752317
98.80357142895178
98.8125000003804
98.82142857180895
98.8303571432375
98.83928571466612
98.84821428609473
98.85714285752329
98.86607142895184
98.87500000038045
98.88392857180907
98.89285714323762
98.90178571466618
98.91071428609479
98.9196428575234
98.92857142895195
98.93750000038051
98.94642857180912
98.95535714323773
98.96428571466629
98.97321428609484
98.98214285752346
98.99107142895207
99.00000000038062
99.00892857180918
99.01785714323779
99.0267857146664
99.03571428609496
99.04464285752351
99.05357142895213
99.06250000038074
99.07142857180929
99.08035714323785
99.08928571466646
99.09821428609507
99.10714285752363
99.11607142895218
99.1250000003808
99.1339285718094
99.14285714323796
99.15178571466652
99.16071428609513
99.16964285752374
99.1785714289523
99.18750000038085
99.19642857180946
99.20535714323807
99.21428571466663
99.22321428609519
99.2321428575238
99.24107142895241
99.25000000038096
99.25892857180952
99.26785714323813
99.27678571466674
99.2857142860953
99.29464285752385
99.30357142895247
99.31250000038108
99.32142857180963
99.33035714323819
99.3392857146668
99.34821428609541
99.35714285752397
99.36607142895252
99.37500000038114
99.38392857180975
99.3928571432383
99.40178571466686
99.41071428609547
99.41964285752408
99.42857142895264
99.43750000038119
99.4464285718098
99.45535714323842
99.46428571466697
99.47321428609553
99.48214285752414
99.49107142895275
99.5000000003813
99.50892857180986
99.51785714323847
99.52678571466708
99.53571428609564
99.5446428575242
99.55357142895281
99.56250000038142
99.57142857180997
99.58035714323853
99.58928571466714
99.59821428609575
99.60714285752431
99.61607142895286
99.62500000038148
99.63392857181009
99.64285714323864
99.6517857146672
99.66071428609581
99.66964285752442
99.67857142895298
99.68750000038153
99.69642857181015
99.70535714323876
99.71428571466731
99.72321428609587
99.73214285752448
99.74107142895309
99.75000000038165
99.7589285718102
99.76785714323881
99.77678571466743
99.78571428609598
99.79464285752454
99.80357142895315
99.81250000038176
99.82142857181032
99.83035714323887
99.83928571466748
99.8482142860961
99.85714285752465
99.8660714289532
99.87500000038182
99.88392857181043
99.89285714323898
99.90178571466754
99.91071428609615
99.91964285752476
99.92857142895332
99.93750000038187
99.94642857181049
99.9553571432391
99.96428571466765
99.97321428609621
99.98214285752482
99.99107142895343
100.00000000038199
100.00892857181054
100.01785714323915
100.02678571466777
100.03571428609632
100.04464285752488
100.05357142895349
100.0625000003821
100.07142857181066
100.08035714323921
100.08928571466782
100.09821428609644
100.10714285752499
100.11607142895355
100.12500000038216
100.13392857181077
100.14285714323933
100.15178571466788
100.16071428609649
100.1696428575251
100.17857142895366
100.18750000038222
100.19642857181083
100.20535714323944
100.214285714668
100.22321428609655
100.23214285752516
100.24107142895377
100.25000000038233
100.25892857181088
100.2678571432395
100.27678571466811
100.28571428609666
100.29464285752522
100.30357142895383
100.31250000038244
100.321428571811
100.33035714323955
100.33928571466816
100.34821428609678
100.35714285752533
100.36607142895389
100.3750000003825
100.38392857181111
100.39285714323967
100.40178571466822
100.41071428609683
100.41964285752545
100.428571428954
100.43750000038256
100.44642857181117
100.45535714323978
100.46428571466834
100.47321428609689
100.4821428575255
100.49107142895411
100.50000000038267
100.50892857181123
100.51785714323984
100.52678571466845
100.535714286097
100.54464285752556
100.55357142895417
100.56250000038278
100.57142857181134
100.5803571432399
100.5892857146685
100.59821428609712
100.60714285752567
100.61607142895423
100.62500000038284
100.63392857181145
100.64285714324001
100.65178571466856
100.66071428609717
100.66964285752579
100.67857142895434
100.6875000003829
100.69642857181151
100.70535714324012
100.71428571466868
100.72321428609723
100.73214285752584
100.74107142895446
100.75000000038301
100.75892857181157
100.76785714324018
100.77678571466879
100.78571428609735
100.7946428575259
100.80357142895451
100.81250000038312
100.82142857181168
100.83035714324024
100.83928571466885
100.84821428609746
100.85714285752601
100.86607142895457
100.87500000038318
100.8839285718118
100.89285714324035
100.9017857146689
100.91071428609752
100.91964285752613
100.92857142895468
100.93750000038324
100.94642857181185
100.95535714324046
100.96428571466902
100.97321428609757
100.98214285752618
100.9910714289548
101.00000000038335
101.00892857181191
101.01785714324052
101.02678571466913
101.03571428609769
101.04464285752624
101.05357142895485
101.06250000038347
101.07142857181202
101.08035714324058
101.08928571466919
101.0982142860978
101.10714285752636
101.11607142895491
101.12500000038352
101.13392857181213
101.14285714324069
101.15178571466924
101.16071428609786
101.16964285752647
101.17857142895502
101.18750000038358
101.19642857181219
101.2053571432408
101.21428571466936
101.22321428609791
101.23214285752653
101.24107142895514
101.2500000003837
101.25892857181225
101.26785714324086
101.27678571466947
101.28571428609803
101.29464285752658
101.3035714289552
101.3125000003838
101.32142857181236
101.33035714324092
101.33928571466953
101.34821428609814
101.3571428575267
101.36607142895525
101.37500000038386
101.38392857181248
101.39285714324103
101.40178571466959
101.4107142860982
101.41964285752681
101.42857142895537
101.43750000038392
101.44642857181253
101.45535714324114
101.4642857146697
101.47321428609825
101.48214285752687
101.49107142895548
101.50000000038403
101.50892857181259
101.5178571432412
101.52678571466981
101.53571428609837
101.54464285752692
101.55357142895554
101.56250000038415
101.5714285718127
101.58035714324126
101.58928571466987
101.59821428609848
101.60714285752704
101.61607142895559
101.6250000003842
101.63392857181282
101.64285714324137
101.65178571466993
101.66071428609854
101.66964285752715
101.6785714289557
101.68750000038426
101.69642857181287
101.70535714324149
101.71428571467004
101.7232142860986
101.73214285752721
101.74107142895582
101.75000000038438
101.75892857181293
101.76785714324154
101.77678571467015
101.78571428609871
101.79464285752726
101.80357142895588
101.81250000038449
101.82142857181304
101.8303571432416
101.83928571467021
101.84821428609882
101.85714285752738
101.86607142895593
101.87500000038455
101.88392857181316
101.89285714324171
101.90178571467027
101.91071428609888
101.91964285752749
101.92857142895605
101.9375000003846
101.94642857181321
101.95535714324183
101.96428571467038
101.97321428609894
101.98214285752755
101.99107142895616
102.00000000038472
102.00892857181327
102.01785714324188
102.0267857146705
102.03571428609905
102.0446428575276
102.05357142895622
102.06250000038483
102.07142857181339
102.08035714324194
102.08928571467055
102.09821428609916
102.10714285752772
102.11607142895627
102.12500000038489
102.1339285718135
102.14285714324205
102.15178571467061
102.16071428609922
102.16964285752783
102.17857142895639
102.18750000038494
102.19642857181356
102.20535714324217
102.21428571467072
102.22321428609928
102.23214285752789
102.2410714289565
102.25000000038506
102.25892857181361
102.26785714324222
102.27678571467084
102.28571428609939
102.29464285752795
102.30357142895656
102.31250000038517
102.32142857181373
102.33035714324228
102.3392857146709
102.3482142860995
102.35714285752806
102.36607142895662
102.37500000038523
102.38392857181384
102.3928571432424
102.40178571467095
102.41071428609956
102.41964285752817
102.42857142895673
102.43750000038528
102.4464285718139
102.45535714324251
102.46428571467106
102.47321428609962
102.48214285752823
102.49107142895684
102.5000000003854
102.50892857181395
102.51785714324257
102.52678571467118
102.53571428609973
102.54464285752829
102.5535714289569
102.56250000038551
102.57142857181407
102.58035714324262
102.58928571467123
102.59821428609985
102.6071428575284
102.61607142895696
102.62500000038557
102.63392857181418
102.64285714324274
102.65178571467129
102.6607142860999
102.66964285752852
102.67857142895707
102.68750000038563
102.69642857181424
102.70535714324285
102.7142857146714
102.72321428609996
102.73214285752857
102.74107142895718
102.75000000038574
102.7589285718143
102.7678571432429
102.77678571467152
102.78571428610007
102.79464285752863
102.80357142895724
102.81250000038585
102.82142857181441
102.83035714324296
102.83928571467158
102.84821428610019
102.85714285752874
102.8660714289573
102.87500000038591
102.88392857181452
102.89285714324308
102.90178571467163
102.91071428610024
102.91964285752886
102.92857142895741
102.93750000038597
102.94642857181458
102.95535714324319
102.96428571467175
102.9732142861003
102.98214285752891
102.99107142895753
103.00000000038608
103.00892857181464
103.01785714324325
103.02678571467186
103.03571428610041
103.04464285752897
103.05357142895758
103.0625000003862
103.07142857181475
103.0803571432433
103.08928571467192
103.09821428610053
103.10714285752908
103.11607142895764
103.12500000038625
103.13392857181486
103.14285714324342
103.15178571467197
103.16071428610059
103.1696428575292
103.17857142895775
103.18750000038631
103.19642857181492
103.20535714324353
103.21428571467209
103.22321428610064
103.23214285752925
103.24107142895787
103.25000000038642
103.25892857181498
103.26785714324359
103.2767857146722
103.28571428610076
103.29464285752931
103.30357142895792
103.31250000038654
103.32142857181509
103.33035714324365
103.33928571467226
103.34821428610087
103.35714285752942
103.36607142895798
103.37500000038659
103.3839285718152
103.39285714324376
103.40178571467231
103.41071428610093
103.41964285752954
103.4285714289581
103.43750000038665
103.44642857181526
103.45535714324387
103.46428571467243
103.47321428610098
103.4821428575296
103.49107142895821
103.50000000038676
103.50892857181532
103.51785714324393
103.52678571467254
103.5357142861011
103.54464285752965
103.55357142895826
103.56250000038688
103.57142857181543
103.58035714324399
103.5892857146726
103.59821428610121
103.60714285752977
103.61607142895832
103.62500000038693
103.63392857181555
103.6428571432441
103.65178571467266
103.66071428610127
103.66964285752988
103.67857142895843
103.68750000038699
103.6964285718156
103.70535714324421
103.71428571467277
103.72321428610132
103.73214285752994
103.74107142895855
103.7500000003871
103.75892857181566
103.76785714324427
103.77678571467288
103.78571428610144
103.79464285753
103.8035714289586
103.81250000038722
103.82142857181577
103.83035714324433
103.83928571467294
103.84821428610155
103.8571428575301
103.86607142895866
103.87500000038727
103.88392857181589
103.89285714324444
103.901785714673
103.91071428610161
103.91964285753022
103.92857142895878
103.93750000038733
103.94642857181594
103.95535714324456
103.96428571467311
103.97321428610167
103.98214285753028
103.99107142895889
104.00000000038744
104.008928571816
104.01785714324461
104.02678571467322
104.03571428610178
104.04464285753033
104.05357142895895
104.06250000038756
104.07142857181611
104.08035714324467
104.08928571467328
104.09821428610189
104.10714285753045
104.116071428959
104.12500000038762
104.13392857181623
104.14285714324478
104.15178571467334
104.16071428610195
104.16964285753056
104.17857142895912
104.18750000038767
104.19642857181628
104.2053571432449
104.21428571467345
104.223214286102
104.23214285753062
104.24107142895923
104.25000000038779
104.25892857181634
104.26785714324495
104.27678571467357
104.28571428610212
104.29464285753068
104.30357142895929
104.3125000003879
104.32142857181645
104.33035714324501
104.33928571467362
104.34821428610223
104.35714285753079
104.36607142895934
104.37500000038796
104.38392857181657
104.39285714324512
104.40178571467368
104.41071428610229
104.4196428575309
104.42857142895946
104.43750000038801
104.44642857181663
104.45535714324524
104.46428571467379
104.47321428610235
104.48214285753096
104.49107142895957
104.50000000038813
104.50892857181668
104.5178571432453
104.5267857146739
104.53571428610246
104.54464285753102
104.55357142895963
104.56250000038824
104.5714285718168
104.58035714324535
104.58928571467396
104.59821428610257
104.60714285753113
104.61607142895969
104.6250000003883
104.63392857181691
104.64285714324546
104.65178571467402
104.66071428610263
104.66964285753124
104.6785714289598
104.68750000038835
104.69642857181697
104.70535714324558
104.71428571467413
104.72321428610269
104.7321428575313
104.74107142895991
104.75000000038847
104.75892857181702
104.76785714324564
104.77678571467425
104.7857142861028
104.79464285753136
104.80357142895997
104.81250000038858
104.82142857181714
104.83035714324569
104.8392857146743
104.84821428610292
104.85714285753147
104.86607142896003
104.87500000038864
104.88392857181725
104.8928571432458
104.90178571467436
104.91071428610297
104.91964285753158
104.92857142896014
104.9375000003887
104.94642857181731
104.95535714324592
104.96428571467447
104.97321428610303
104.98214285753164
104.99107142896025
105.00000000038881
105.00892857181736
105.01785714324598
105.02678571467459
105.03571428610314
105.0446428575317
105.05357142896031
105.06250000038892
105.07142857181748
105.08035714324603
105.08928571467465
105.09821428610326
105.10714285753181
105.11607142896037
105.12500000038898
105.13392857181759
105.14285714324615
105.1517857146747
105.16071428610331
105.16964285753193
105.17857142896048
105.18750000038904
105.19642857181765
105.20535714324626
105.21428571467482
105.22321428610337
105.23214285753198
105.2410714289606
105.25000000038915
105.2589285718177
105.26785714324632
105.27678571467493
105.28571428610348
105.29464285753204
105.30357142896065
105.31250000038926
105.32142857181782
105.33035714324637
105.33928571467499
105.3482142861036
105.35714285753215
105.36607142896071
105.37500000038932
105.38392857181793
105.39285714324649
105.40178571467504
105.41071428610366
105.41964285753227
105.42857142896082
105.43750000038938
105.44642857181799
105.4553571432466
105.46428571467516
105.47321428610371
105.48214285753232
105.49107142896094
105.50000000038949
105.50892857181805
105.51785714324666
105.52678571467527
105.53571428610383
105.54464285753238
105.55357142896099
105.5625000003896
105.57142857181816
105.58035714324672
105.58928571467533
105.59821428610394
105.6071428575325
105.61607142896105
105.62500000038966
105.63392857181827
105.64285714324683
105.65178571467538
105.660714286104
105.66964285753261
105.67857142896116
105.68750000038972
105.69642857181833
105.70535714324694
105.7142857146755
105.72321428610405
105.73214285753266
105.74107142896128
105.75000000038983
105.75892857181839
105.767857143247
105.77678571467561
105.78571428610417
105.79464285753272
105.80357142896133
105.81250000038995
105.8214285718185
105.83035714324706
105.83928571467567
105.84821428610428
105.85714285753284
105.86607142896139
105.87500000039
105.88392857181861
105.89285714324717
105.90178571467573
105.91071428610434
105.91964285753295
105.9285714289615
105.93750000039006
105.94642857181867
105.95535714324728
105.96428571467584
105.9732142861044
105.982142857533
105.99107142896162
106.00000000039017
106.00892857181873
106.01785714324734
106.02678571467595
106.03571428610451
106.04464285753306
106.05357142896167
106.06250000039029
106.07142857181884
106.0803571432474
106.08928571467601
106.09821428610462
106.10714285753318
106.11607142896173
106.12500000039034
106.13392857181896
106.14285714324751
106.15178571467607
106.16071428610468
106.16964285753329
106.17857142896185
106.1875000003904
106.19642857181901
106.20535714324762
106.21428571467618
106.22321428610474
106.23214285753335
106.24107142896196
106.25000000039051
106.25892857181907
106.26785714324768
106.2767857146763
106.28571428610485
106.2946428575334
106.30357142896202
106.31250000039063
106.32142857181918
106.33035714324774
106.33928571467635
106.34821428610496
106.35714285753352
106.36607142896207
106.37500000039068
106.3839285718193
106.39285714324785
106.40178571467641
106.41071428610502
106.41964285753363
106.42857142896219
106.43750000039074
106.44642857181935
106.45535714324797
106.46428571467652
106.47321428610508
106.48214285753369
106.4910714289623
106.50000000039086
106.50892857181941
106.51785714324802
106.52678571467663
106.53571428610519
106.54464285753374
106.55357142896236
106.56250000039097
106.57142857181952
106.58035714324808
106.58928571467669
106.5982142861053
106.60714285753386
106.61607142896241
106.62500000039103
106.63392857181964
106.6428571432482
106.65178571467675
106.66071428610536
106.66964285753397
106.67857142896253
106.68750000039108
106.6964285718197
106.7053571432483
106.71428571467686
106.72321428610542
106.73214285753403
106.74107142896264
106.7500000003912
106.75892857181975
106.76785714324836
106.77678571467698
106.78571428610553
106.79464285753409
106.8035714289627
106.81250000039131
106.82142857181987
106.83035714324842
106.83928571467703
106.84821428610564
106.8571428575342
106.86607142896275
106.87500000039137
106.88392857181998
106.89285714324853
106.90178571467709
106.9107142861057
106.91964285753431
106.92857142896287
106.93750000039142
106.94642857182004
106.95535714324865
106.9642857146772
106.97321428610576
106.98214285753437
106.99107142896298
107.00000000039154
107.00892857182009
107.0178571432487
107.02678571467732
107.03571428610587
107.04464285753443
107.05357142896304
107.06250000039165
107.0714285718202
107.08035714324876
107.08928571467737
107.09821428610599
107.10714285753454
107.1160714289631
107.12500000039171
107.13392857182032
107.14285714324888
107.15178571467743
107.16071428610604
107.16964285753465
107.17857142896321
107.18750000039176
107.19642857182038
107.20535714324899
107.21428571467754
107.2232142861061
107.23214285753471
107.24107142896332
107.25000000039188
107.25892857182043
107.26785714324905
107.27678571467766
107.28571428610621
107.29464285753477
107.30357142896338
107.31250000039199
107.32142857182055
107.3303571432491
107.33928571467771
107.34821428610633
107.35714285753488
107.36607142896344
107.37500000039205
107.38392857182066
107.39285714324922
107.40178571467777
107.41071428610638
107.419642857535
107.42857142896355
107.4375000003921
107.44642857182072
107.45535714324933
107.46428571467789
107.47321428610644
107.48214285753505
107.49107142896366
107.50000000039222
107.50892857182077
107.51785714324939
107.526785714678
107.53571428610655
107.54464285753511
107.55357142896372
107.56250000039233
107.57142857182089
107.58035714324944
107.58928571467806
107.59821428610667
107.60714285753522
107.61607142896378
107.62500000039239
107.633928571821
107.64285714324956
107.65178571467811
107.66071428610672
107.66964285753534
107.67857142896389
107.68750000039245
107.69642857182106
107.70535714324967
107.71428571467823
107.72321428610678
107.7321428575354
107.741071428964
107.75000000039256
107.75892857182112
107.76785714324973
107.77678571467834
107.7857142861069
107.79464285753545
107.80357142896406
107.81250000039267
107.82142857182123
107.83035714324978
107.8392857146784
107.84821428610701
107.85714285753556
107.86607142896412
107.87500000039273
107.88392857182134
107.8928571432499
107.90178571467845
107.91071428610707
107.91964285753568
107.92857142896423
107.93750000039279
107.9464285718214
107.95535714325001
107.96428571467857
107.97321428610712
107.98214285753573
107.99107142896435
108.0000000003929
108.00892857182146
108.01785714325007
108.02678571467868
108.03571428610724
108.04464285753579
108.0535714289644
108.06250000039302
108.07142857182157
108.08035714325013
108.08928571467874
108.09821428610735
108.1071428575359
108.11607142896446
108.12500000039307
108.13392857182168
108.14285714325024
108.1517857146788
108.1607142861074
108.16964285753602
108.17857142896457
108.18750000039313
108.19642857182174
108.20535714325035
108.21428571467891
108.22321428610746
108.23214285753608
108.24107142896469
108.25000000039324
108.2589285718218
108.26785714325041
108.27678571467902
108.28571428610758
108.29464285753613
108.30357142896474
108.31250000039336
108.32142857182191
108.33035714325047
108.33928571467908
108.34821428610769
108.35714285753625
108.3660714289648
108.37500000039341
108.38392857182203
108.39285714325058
108.40178571467914
108.41071428610775
108.41964285753636
108.42857142896491
108.43750000039347
108.44642857182208
108.4553571432507
108.46428571467925
108.4732142861078
108.48214285753642
108.49107142896503
108.50000000039358
108.50892857182214
108.51785714325075
108.52678571467936
108.53571428610792
108.54464285753647
108.55357142896509
108.5625000003937
108.57142857182225
108.58035714325081
108.58928571467942
108.59821428610803
108.60714285753659
108.61607142896514
108.62500000039375
108.63392857182237
108.64285714325092
108.65178571467948
108.66071428610809
108.6696428575367
108.67857142896526
108.68750000039381
108.69642857182242
108.70535714325104
108.71428571467959
108.72321428610815
108.73214285753676
108.74107142896537
108.75000000039392
108.75892857182248
108.76785714325109
108.7767857146797
108.78571428610826
108.79464285753681
108.80357142896543
108.81250000039404
108.8214285718226
108.83035714325115
108.83928571467976
108.84821428610837
108.85714285753693
108.86607142896548
108.8750000003941
108.88392857182271
108.89285714325126
108.90178571467982
108.91071428610843
108.91964285753704
108.9285714289656
108.93750000039415
108.94642857182276
108.95535714325138
108.96428571467993
108.97321428610849
108.9821428575371
108.99107142896571
109.00000000039427
109.00892857182282
109.01785714325143
109.02678571468005
109.0357142861086
109.04464285753716
109.05357142896577
109.06250000039438
109.07142857182293
109.08035714325149
109.0892857146801
109.09821428610871
109.10714285753727
109.11607142896582
109.12500000039444
109.13392857182305
109.1428571432516
109.15178571468016
109.16071428610877
109.16964285753738
109.17857142896594
109.1875000003945
109.1964285718231
109.20535714325172
109.21428571468027
109.22321428610883
109.23214285753744
109.24107142896605
109.2500000003946
109.25892857182316
109.26785714325177
109.27678571468039
109.28571428610894
109.2946428575375
109.30357142896611
109.31250000039472
109.32142857182328
109.33035714325183
109.33928571468044
109.34821428610906
109.35714285753761
109.36607142896617
109.37500000039478
109.38392857182339
109.39285714325194
109.4017857146805
109.41071428610911
109.41964285753772
109.42857142896628
109.43750000039483
109.44642857182345
109.45535714325206
109.46428571468061
109.47321428610917
109.48214285753778
109.49107142896639
109.50000000039495
109.5089285718235
109.51785714325212
109.52678571468073
109.53571428610928
109.54464285753784
109.55357142896645
109.56250000039506
109.57142857182362
109.58035714325217
109.58928571468078
109.5982142861094
109.60714285753795
109.6160714289665
109.62500000039512
109.63392857182373
109.64285714325229
109.65178571468084
109.66071428610945
109.66964285753807
109.67857142896662
109.68750000039518
109.69642857182379
109.7053571432524
109.71428571468095
109.72321428610951
109.73214285753812
109.74107142896673
109.75000000039529
109.75892857182384
109.76785714325246
109.77678571468107
109.78571428610962
109.79464285753818
109.80357142896679
109.8125000003954
109.82142857182396
109.83035714325251
109.83928571468113
109.84821428610974
109.85714285753829
109.86607142896685
109.87500000039546
109.88392857182407
109.89285714325263
109.90178571468118
109.9107142861098
109.9196428575384
109.92857142896696
109.93750000039552
109.94642857182413
109.95535714325274
109.9642857146813
109.97321428610985
109.98214285753846
109.99107142896708
110.00000000039563
110.00892857182419
110.0178571432528
110.02678571468141
110.03571428610996
110.04464285753852
110.05357142896713
110.06250000039574
110.0714285718243
110.08035714325285
110.08928571468147
110.09821428611008
110.10714285753863
110.11607142896719
110.1250000003958
110.13392857182441
110.14285714325297
110.15178571468152
110.16071428611014
110.16964285753875
110.1785714289673
110.18750000039586
110.19642857182447
110.20535714325308
110.21428571468164
110.22321428611019
110.2321428575388
110.24107142896742
110.25000000039597
110.25892857182453
110.26785714325314
110.27678571468175
110.2857142861103
110.29464285753886
110.30357142896747
110.31250000039608
110.32142857182464
110.3303571432532
110.33928571468181
110.34821428611042
110.35714285753897
110.36607142896753
110.37500000039614
110.38392857182475
110.39285714325331
110.40178571468186
110.41071428611048
110.41964285753909
110.42857142896764
110.4375000003962
110.44642857182481
110.45535714325342
110.46428571468198
110.47321428611053
110.48214285753915
110.49107142896776
110.50000000039631
110.50892857182487
110.51785714325348
110.52678571468209
110.53571428611065
110.5446428575392
110.55357142896781
110.56250000039643
110.57142857182498
110.58035714325354
110.58928571468215
110.59821428611076
110.60714285753932
110.61607142896787
110.62500000039648
110.6339285718251
110.64285714325365
110.6517857146822
110.66071428611082
110.66964285753943
110.67857142896798
110.68750000039654
110.69642857182515
110.70535714325376
110.71428571468232
110.72321428611087
110.73214285753949
110.7410714289681
110.75000000039665
110.75892857182521
110.76785714325382
110.77678571468243
110.78571428611099
110.79464285753954
110.80357142896816
110.81250000039677
110.82142857182532
110.83035714325388
110.83928571468249
110.8482142861111
110.85714285753966
110.86607142896821
110.87500000039682
110.88392857182544
110.89285714325399
110.90178571468255
110.91071428611116
110.91964285753977
110.92857142896833
110.93750000039688
110.94642857182549
110.9553571432541
110.96428571468266
110.97321428611122
110.98214285753983
110.99107142896844
111.000000000397
111.00892857182555
111.01785714325416
111.02678571468277
111.03571428611133
111.04464285753988
111.0535714289685
111.06250000039711
111.07142857182566
111.08035714325422
111.08928571468283
111.09821428611144
111.10714285754
111.11607142896855
111.12500000039716
111.13392857182578
111.14285714325433
111.15178571468289
111.1607142861115
111.16964285754011
111.17857142896867
111.18750000039722
111.19642857182583
111.20535714325445
111.214285714683
111.22321428611156
111.23214285754017
111.24107142896878
111.25000000039734
111.25892857182589
111.2678571432545
111.27678571468311
111.28571428611167
111.29464285754023
111.30357142896884
111.31250000039745
111.321428571826
111.33035714325456
111.33928571468317
111.34821428611178
111.35714285754034
111.3660714289689
111.3750000003975
111.38392857182612
111.39285714325467
111.40178571468323
111.41071428611184
111.41964285754045
111.42857142896901
111.43750000039756
111.44642857182617
111.45535714325479
111.46428571468334
111.4732142861119
111.48214285754051
111.49107142896912
111.50000000039768
111.50892857182623
111.51785714325484
111.52678571468346
111.53571428611201
111.54464285754057
111.55357142896918
111.56250000039779
111.57142857182635
111.5803571432549
111.58928571468351
111.59821428611212
111.60714285754068
111.61607142896924
111.62500000039785
111.63392857182646
111.64285714325501
111.65178571468357
111.66071428611218
111.6696428575408
111.67857142896935
111.6875000003979
111.69642857182652
111.70535714325513
111.71428571468368
111.72321428611224
111.73214285754085
111.74107142896946
111.75000000039802
111.75892857182657
111.76785714325518
111.7767857146838
111.78571428611235
111.79464285754091
111.80357142896952
111.81250000039813
111.82142857182669
111.83035714325524
111.83928571468385
111.84821428611247
111.85714285754102
111.86607142896958
111.87500000039819
111.8839285718268
111.89285714325536
111.90178571468391
111.91071428611252
111.91964285754113
111.92857142896969
111.93750000039824
111.94642857182686
111.95535714325547
111.96428571468402
111.97321428611258
111.98214285754119
111.9910714289698
112.00000000039836
112.00892857182691
112.01785714325553
112.02678571468414
112.0357142861127
112.04464285754125
112.05357142896986
112.06250000039847
112.07142857182703
112.08035714325558
112.0892857146842
112.0982142861128
112.10714285754136
112.11607142896992
112.12500000039853
112.13392857182714
112.1428571432557
112.15178571468425
112.16071428611286
112.16964285754148
112.17857142897003
112.18750000039859
112.1964285718272
112.20535714325581
112.21428571468437
112.22321428611292
112.23214285754153
112.24107142897014
112.2500000003987
112.25892857182725
112.26785714325587
112.27678571468448
112.28571428611303
112.29464285754159
112.3035714289702
112.31250000039881
112.32142857182737
112.33035714325592
112.33928571468454
112.34821428611315
112.3571428575417
112.36607142897026
112.37500000039887
112.38392857182748
112.39285714325604
112.40178571468459
112.4107142861132
112.41964285754182
112.42857142897037
112.43750000039893
112.44642857182754
112.45535714325615
112.4642857146847
112.47321428611326
112.48214285754187
112.49107142897049
112.50000000039904
112.5089285718276
112.51785714325621
112.52678571468482
112.53571428611338
112.54464285754193
112.55357142897054
112.56250000039915
112.57142857182771
112.58035714325626
112.58928571468488
112.59821428611349
112.60714285754204
112.6160714289706
112.62500000039921
112.63392857182782
112.64285714325638
112.65178571468493
112.66071428611355
112.66964285754216
112.67857142897071
112.68750000039927
112.69642857182788
112.70535714325649
112.71428571468505
112.7232142861136
112.73214285754221
112.74107142897083
112.75000000039938
112.75892857182794
112.76785714325655
112.77678571468516
112.78571428611372
112.79464285754227
112.80357142897088
112.8125000003995
112.82142857182805
112.8303571432566
112.83928571468522
112.84821428611383
112.85714285754239
112.86607142897094
112.87500000039955
112.88392857182816
112.89285714325672
112.90178571468527
112.91071428611389
112.9196428575425
112.92857142897105
112.93750000039961
112.94642857182822
112.95535714325683
112.96428571468539
112.97321428611394
112.98214285754256
112.99107142897117
113.00000000039972
113.00892857182828
113.01785714325689
113.0267857146855
113.03571428611406
113.04464285754261
113.05357142897122
113.06250000039984
113.07142857182839
113.08035714325695
113.08928571468556
113.09821428611417
113.10714285754273
113.11607142897128
113.1250000003999
113.1339285718285
113.14285714325706
113.15178571468562
113.16071428611423
113.16964285754284
113.1785714289714
113.18750000039995
113.19642857182856
113.20535714325717
113.21428571468573
113.22321428611428
113.2321428575429
113.24107142897151
113.25000000040006
113.25892857182862
113.26785714325723
113.27678571468584
113.2857142861144
113.29464285754295
113.30357142897157
113.31250000040018
113.32142857182873
113.33035714325729
113.3392857146859
113.34821428611451
113.35714285754307
113.36607142897162
113.37500000040023
113.38392857182885
113.3928571432574
113.40178571468596
113.41071428611457
113.41964285754318
113.42857142897174
113.43750000040029
113.4464285718289
113.45535714325752
113.46428571468607
113.47321428611463
113.48214285754324
113.49107142897185
113.5000000004004
113.50892857182896
113.51785714325757
113.52678571468618
113.53571428611474
113.5446428575433
113.5535714289719
113.56250000040052
113.57142857182907
113.58035714325763
113.58928571468624
113.59821428611485
113.60714285754341
113.61607142897196
113.62500000040058
113.63392857182919
113.64285714325774
113.6517857146863
113.66071428611491
113.66964285754352
113.67857142897208
113.68750000040063
113.69642857182924
113.70535714325786
113.71428571468641
113.72321428611497
113.73214285754358
113.74107142897219
113.75000000040075
113.7589285718293
113.76785714325791
113.77678571468653
113.78571428611508
113.79464285754364
113.80357142897225
113.81250000040086
113.82142857182941
113.83035714325797
113.83928571468658
113.8482142861152
113.85714285754375
113.8660714289723
113.87500000040092
113.88392857182953
113.89285714325808
113.90178571468664
113.91071428611525
113.91964285754386
113.92857142897242
113.93750000040097
113.94642857182959
113.9553571432582
113.96428571468675
113.97321428611531
113.98214285754392
113.99107142897253
114.00000000040109
114.00892857182964
114.01785714325825
114.02678571468687
114.03571428611542
114.04464285754398
114.05357142897259
114.0625000004012
114.07142857182976
114.08035714325831
114.08928571468692
114.09821428611554
114.10714285754409
114.11607142897265
114.12500000040126
114.13392857182987
114.14285714325842
114.15178571468698
114.16071428611559
114.1696428575442
114.17857142897276
114.18750000040131
114.19642857182993
114.20535714325854
114.2142857146871
114.22321428611565
114.23214285754426
114.24107142897287
114.25000000040143
114.25892857182998
114.2678571432586
114.27678571468721
114.28571428611576
114.29464285754432
114.30357142897293
114.31250000040154
114.3214285718301
114.33035714325865
114.33928571468726
114.34821428611588
114.35714285754443
114.36607142897299
114.3750000004016
114.38392857183021
114.39285714325877
114.40178571468732
114.41071428611593
114.41964285754455
114.4285714289731
114.43750000040166
114.44642857183027
114.45535714325888
114.46428571468743
114.47321428611599
114.4821428575446
114.49107142897321
114.50000000040177
114.50892857183032
114.51785714325894
114.52678571468755
114.5357142861161
114.54464285754466
114.55357142897327
114.56250000040188
114.57142857183044
114.580357143259
114.5892857146876
114.59821428611622
114.60714285754477
114.61607142897333
114.62500000040194
114.63392857183055
114.6428571432591
114.65178571468766
114.66071428611627
114.66964285754489
114.67857142897344
114.687500000402
114.69642857183061
114.70535714325922
114.71428571468778
114.72321428611633
114.73214285754494
114.74107142897356
114.75000000040211
114.75892857183067
114.76785714325928
114.77678571468789
114.78571428611644
114.794642857545
114.80357142897361
114.81250000040222
114.82142857183078
114.83035714325933
114.83928571468795
114.84821428611656
114.85714285754511
114.86607142897367
114.87500000040228
114.8839285718309
114.89285714325945
114.901785714688
114.91071428611662
114.91964285754523
114.92857142897378
114.93750000040234
114.94642857183095
114.95535714325956
114.96428571468812
114.97321428611667
114.98214285754528
114.9910714289739
115.00000000040245
115.008928571831
115.01785714325962
115.02678571468823
115.03571428611679
115.04464285754534
115.05357142897395
115.06250000040257
115.07142857183112
115.08035714325968
115.08928571468829
115.0982142861169
115.10714285754545
115.11607142897401
115.12500000040262
115.13392857183123
115.14285714325979
115.15178571468834
115.16071428611696
115.16964285754557
115.17857142897412
115.18750000040268
115.19642857183129
115.2053571432599
115.21428571468846
115.22321428611701
115.23214285754563
115.24107142897424
115.25000000040279
115.25892857183135
115.26785714325996
115.27678571468857
115.28571428611713
115.29464285754568
115.3035714289743
115.3125000004029
115.32142857183146
115.33035714326002
115.33928571468863
115.34821428611724
115.3571428575458
115.36607142897435
115.37500000040296
115.38392857183158
115.39285714326013
115.40178571468869
115.4107142861173
115.41964285754591
115.42857142897446
115.43750000040302
115.44642857183163
115.45535714326024
115.4642857146888
115.47321428611735
115.48214285754597
115.49107142897458
115.50000000040313
115.50892857183169
115.5178571432603
115.52678571468891
115.53571428611747
115.54464285754602
115.55357142897464
115.56250000040325
115.5714285718318
115.58035714326036
115.58928571468897
115.59821428611758
115.60714285754614
115.61607142897469
115.6250000004033
115.63392857183192
115.64285714326047
115.65178571468903
115.66071428611764
115.66964285754625
115.6785714289748
115.68750000040336
115.69642857183197
115.70535714326058
115.71428571468914
115.7232142861177
115.73214285754631
115.74107142897492
115.75000000040347
115.75892857183203
115.76785714326064
115.77678571468925
115.78571428611781
115.79464285754636
115.80357142897498
115.81250000040359
115.82142857183214
115.8303571432607
115.83928571468931
115.84821428611792
115.85714285754648
115.86607142897503
115.87500000040365
115.88392857183226
115.89285714326081
115.90178571468937
115.91071428611798
115.91964285754659
115.92857142897515
115.9375000004037
115.94642857183231
115.95535714326093
115.96428571468948
115.97321428611804
115.98214285754665
115.99107142897526
116.00000000040382
116.00892857183237
116.01785714326098
116.0267857146896
116.03571428611815
116.0446428575467
116.05357142897532
116.06250000040393
116.07142857183248
116.08035714326104
116.08928571468965
116.09821428611826
116.10714285754682
116.11607142897537
116.12500000040399
116.1339285718326
116.14285714326115
116.15178571468971
116.16071428611832
116.16964285754693
116.17857142897549
116.18750000040404
116.19642857183266
116.20535714326127
116.21428571468982
116.22321428611838
116.23214285754699
116.2410714289756
116.25000000040416
116.25892857183271
116.26785714326132
116.27678571468994
116.28571428611849
116.29464285754705
116.30357142897566
116.31250000040427
116.32142857183283
116.33035714326138
116.33928571468999
116.3482142861186
116.35714285754716
116.36607142897572
116.37500000040433
116.38392857183294
116.3928571432615
116.40178571469005
116.41071428611866
116.41964285754727
116.42857142897583
116.43750000040438
116.446428571833
116.45535714326161
116.46428571469016
116.47321428611872
116.48214285754733
116.49107142897594
116.5000000004045
116.50892857183305
116.51785714326166
116.52678571469028
116.53571428611883
116.54464285754739
116.553571428976
116.56250000040461
116.57142857183317
116.58035714326172
116.58928571469033
116.59821428611895
116.6071428575475
116.61607142897606
116.62500000040467
116.63392857183328
116.64285714326184
116.65178571469039
116.660714286119
116.66964285754761
116.67857142897617
116.68750000040473
116.69642857183334
116.70535714326195
116.7142857146905
116.72321428611906
116.73214285754767
116.74107142897628
116.75000000040484
116.7589285718334
116.767857143262
116.77678571469062
116.78571428611917
116.79464285754773
116.80357142897634
116.81250000040495
116.82142857183351
116.83035714326206
116.83928571469067
116.84821428611929
116.85714285754784
116.8660714289764
116.87500000040501
116.88392857183362
116.89285714326218
116.90178571469073
116.91071428611934
116.91964285754796
116.92857142897651
116.93750000040507
116.94642857183368
116.95535714326229
116.96428571469085
116.9732142861194
116.98214285754801
116.99107142897662
117.00000000040518
117.00892857183374
117.01785714326235
117.02678571469096
117.03571428611951
117.04464285754807
117.05357142897668
117.0625000004053
117.07142857183385
117.0803571432624
117.08928571469102
117.09821428611963
117.10714285754818
117.11607142897674
117.12500000040535
117.13392857183396
117.14285714326252
117.15178571469107
117.16071428611968
117.1696428575483
117.17857142897685
117.18750000040541
117.19642857183402
117.20535714326263
117.21428571469119
117.22321428611974
117.23214285754835
117.24107142897697
117.25000000040552
117.25892857183408
117.26785714326269
117.2767857146913
117.28571428611986
117.29464285754841
117.30357142897702
117.31250000040563
117.32142857183419
117.33035714326275
117.33928571469136
117.34821428611997
117.35714285754852
117.36607142897708
117.37500000040569
117.3839285718343
117.39285714326286
117.40178571469141
117.41071428612003
117.41964285754864
117.4285714289772
117.43750000040575
117.44642857183436
117.45535714326297
117.46428571469153
117.47321428612008
117.4821428575487
117.4910714289773
117.50000000040586
117.50892857183442
117.51785714326303
117.52678571469164
117.5357142861202
117.54464285754875
117.55357142897736
117.56250000040598
117.57142857183453
117.58035714326309
117.5892857146917
117.59821428612031
117.60714285754887
117.61607142897742
117.62500000040603
117.63392857183464
117.6428571432632
117.65178571469175
117.66071428612037
117.66964285754898
117.67857142897753
117.68750000040609
117.6964285718347
117.70535714326331
117.71428571469187
117.72321428612042
117.73214285754904
117.74107142897765
117.7500000004062
117.75892857183476
117.76785714326337
117.77678571469198
117.78571428612054
117.79464285754909
117.8035714289777
117.81250000040632
117.82142857183487
117.83035714326343
117.83928571469204
117.84821428612065
117.8571428575492
117.86607142897776
117.87500000040637
117.88392857183499
117.89285714326354
117.9017857146921
117.91071428612071
117.91964285754932
117.92857142897788
117.93750000040643
117.94642857183504
117.95535714326365
117.96428571469221
117.97321428612076
117.98214285754938
117.99107142897799
118.00000000040654
118.0089285718351
118.01785714326371
118.02678571469232
118.03571428612088
118.04464285754943
118.05357142897805
118.06250000040666
118.07142857183521
118.08035714326377
118.08928571469238
118.09821428612099
118.10714285754955
118.1160714289781
118.12500000040671
118.13392857183533
118.14285714326388
118.15178571469244
118.16071428612105
118.16964285754966
118.17857142897822
118.18750000040677
118.19642857183538
118.205357143264
118.21428571469255
118.2232142861211
118.23214285754972
118.24107142897833
118.25000000040689
118.25892857183544
118.26785714326405
118.27678571469266
118.28571428612122
118.29464285754977
118.30357142897839
118.312500000407
118.32142857183555
118.33035714326411
118.33928571469272
118.34821428612133
118.35714285754989
118.36607142897844
118.37500000040706
118.38392857183567
118.39285714326422
118.40178571469278
118.41071428612139
118.41964285755
118.42857142897856
118.43750000040711
118.44642857183572
118.45535714326434
118.46428571469289
118.47321428612145
118.48214285755006
118.49107142897867
118.50000000040723
118.50892857183578
118.5178571432644
118.526785714693
118.53571428612156
118.54464285755012
118.55357142897873
118.56250000040734
118.5714285718359
118.58035714326445
118.58928571469306
118.59821428612167
118.60714285755023
118.61607142897878
118.6250000004074
118.63392857183601
118.64285714326456
118.65178571469312
118.66071428612173
118.66964285755034
118.6785714289789
118.68750000040745
118.69642857183607
118.70535714326468
118.71428571469323
118.72321428612179
118.7321428575504
118.74107142897901
118.75000000040757
118.75892857183612
118.76785714326473
118.77678571469335
118.7857142861219
118.79464285755046
118.80357142897907
118.81250000040768
118.82142857183624
118.83035714326479
118.8392857146934
118.84821428612202
118.85714285755057
118.86607142897913
118.87500000040774
118.88392857183635
118.8928571432649
118.90178571469346
118.91071428612207
118.91964285755068
118.92857142897924
118.9375000004078
118.9464285718364
118.95535714326502
118.96428571469357
118.97321428612213
118.98214285755074
118.99107142897935
119.00000000040791
119.00892857183646
119.01785714326508
119.02678571469369
119.03571428612224
119.0446428575508
119.05357142897941
119.06250000040802
119.07142857183658
119.08035714326513
119.08928571469374
119.09821428612236
119.10714285755091
119.11607142897947
119.12500000040808
119.13392857183669
119.14285714326525
119.1517857146938
119.16071428612241
119.16964285755103
119.17857142897958
119.18750000040814
119.19642857183675
119.20535714326536
119.21428571469391
119.22321428612247
119.23214285755108
119.2410714289797
119.25000000040825
119.2589285718368
119.26785714326542
119.27678571469403
119.28571428612258
119.29464285755114
119.30357142897975
119.31250000040836
119.32142857183692
119.33035714326547
119.33928571469409
119.3482142861227
119.35714285755125
119.36607142897981
119.37500000040842
119.38392857183703
119.39285714326559
119.40178571469414
119.41071428612275
119.41964285755137
119.42857142897992
119.43750000040848
119.44642857183709
119.4553571432657
119.46428571469426
119.47321428612281
119.48214285755142
119.49107142898004
119.50000000040859
119.50892857183715
119.51785714326576
119.52678571469437
119.53571428612292
119.54464285755148
119.55357142898009
119.5625000004087
119.57142857183726
119.58035714326581
119.58928571469443
119.59821428612304
119.6071428575516
119.61607142898015
119.62500000040876
119.63392857183737
119.64285714326593
119.65178571469448
119.6607142861231
119.66964285755171
119.67857142898026
119.68750000040882
119.69642857183743
119.70535714326604
119.7142857146946
119.72321428612315
119.73214285755176
119.74107142898038
119.75000000040893
119.75892857183749
119.7678571432661
119.77678571469471
119.78571428612327
119.79464285755182
119.80357142898043
119.81250000040905
119.8214285718376
119.83035714326616
119.83928571469477
119.84821428612338
119.85714285755193
119.86607142898049
119.8750000004091
119.88392857183771
119.89285714326627
119.90178571469482
119.91071428612344
119.91964285755205
119.9285714289806
119.93750000040916
119.94642857183777
119.95535714326638
119.96428571469494
119.9732142861235
119.9821428575521
119.99107142898072
120.00000000040927
120.00892857183783
120.01785714326644
120.02678571469505
120.0357142861236
120.04464285755216
120.05357142898077
120.06250000040939
120.07142857183794
120.0803571432665
120.08928571469511
120.09821428612372
120.10714285755228
120.11607142898083
120.12500000040944
120.13392857183806
120.14285714326661
120.15178571469517
120.16071428612378
120.16964285755239
120.17857142898094
120.1875000004095
120.19642857183811
120.20535714326672
120.21428571469528
120.22321428612383
120.23214285755245
120.24107142898106
120.25000000040961
120.25892857183817
120.26785714326678
120.2767857146954
120.28571428612395
120.2946428575525
120.30357142898112
120.31250000040973
120.32142857183828
120.33035714326684
120.33928571469545
120.34821428612406
120.35714285755262
120.36607142898117
120.37500000040978
120.3839285718384
120.39285714326695
120.4017857146955
120.41071428612412
120.41964285755273
120.42857142898129
120.43750000040984
120.44642857183845
120.45535714326707
120.46428571469562
120.47321428612418
120.48214285755279
120.4910714289814
120.50000000040995
120.50892857183851
120.51785714326712
120.52678571469573
120.53571428612429
120.54464285755284
120.55357142898146
120.56250000041007
120.57142857183862
120.58035714326718
120.58928571469579
120.5982142861244
120.60714285755296
120.61607142898151
120.62500000041013
120.63392857183874
120.64285714326729
120.65178571469585
120.66071428612446
120.66964285755307
120.67857142898163
120.68750000041018
120.6964285718388
120.7053571432674
120.71428571469596
120.72321428612452
120.73214285755313
120.74107142898174
120.7500000004103
120.75892857183885
120.76785714326746
120.77678571469608
120.78571428612463
120.79464285755319
120.8035714289818
120.81250000041041
120.82142857183896
120.83035714326752
120.83928571469613
120.84821428612474
120.8571428575533
120.86607142898185
120.87500000041047
120.88392857183908
120.89285714326763
120.90178571469619
120.9107142861248
120.91964285755341
120.92857142898197
120.93750000041052
120.94642857183914
120.95535714326775
120.9642857146963
120.97321428612486
120.98214285755347
120.99107142898208
121.00000000041064
121.00892857183919
121.0178571432678
121.02678571469642
121.03571428612497
121.04464285755353
121.05357142898214
121.06250000041075
121.0714285718393
121.08035714326786
121.08928571469647
121.09821428612508
121.10714285755364
121.1160714289822
121.12500000041081
121.13392857183942
121.14285714326797
121.15178571469653
121.16071428612514
121.16964285755375
121.17857142898231
121.18750000041086
121.19642857183948
121.20535714326809
121.21428571469664
121.2232142861252
121.23214285755381
121.24107142898242
121.25000000041098
121.25892857183953
121.26785714326815
121.27678571469676
121.28571428612531
121.29464285755387
121.30357142898248
121.31250000041109
121.32142857183965
121.3303571432682
121.33928571469681
121.34821428612543
121.35714285755398
121.36607142898254
121.37500000041115
121.38392857183976
121.39285714326832
121.40178571469687
121.41071428612548
121.4196428575541
121.42857142898265
121.4375000004112
121.44642857183982
121.45535714326843
121.46428571469698
121.47321428612554
121.48214285755415
121.49107142898276
121.50000000041132
121.50892857183987
121.51785714326849
121.5267857146971
121.53571428612565
121.54464285755421
121.55357142898282
121.56250000041143
121.57142857183999
121.58035714326854
121.58928571469716
121.59821428612577
121.60714285755432
121.61607142898288
121.62500000041149
121.6339285718401
121.64285714326866
121.65178571469721
121.66071428612582
121.66964285755444
121.67857142898299
121.68750000041155
121.69642857184016
121.70535714326877
121.71428571469733
121.72321428612588
121.73214285755449
121.7410714289831
121.75000000041166
121.75892857184022
121.76785714326883
121.77678571469744
121.785714286126
121.79464285755455
121.80357142898316
121.81250000041177
121.82142857184033
121.83035714326888
121.8392857146975
121.84821428612611
121.85714285755466
121.86607142898322
121.87500000041183
121.88392857184044
121.892857143269
121.90178571469755
121.91071428612617
121.91964285755478
121.92857142898333
121.93750000041189
121.9464285718405
121.95535714326911
121.96428571469767
121.97321428612622
121.98214285755483
121.99107142898345
122.000000000412
122.00892857184056
122.01785714326917
122.02678571469778
122.03571428612634
122.04464285755489
122.0535714289835
122.06250000041211
122.07142857184067
122.08035714326923
122.08928571469784
122.09821428612645
122.107142857555
122.11607142898356
122.12500000041217
122.13392857184078
122.14285714326934
122.1517857146979
122.1607142861265
122.16964285755512
122.17857142898367
122.18750000041223
122.19642857184084
122.20535714326945
122.21428571469801
122.22321428612656
122.23214285755517
122.24107142898379
122.25000000041234
122.2589285718409
122.26785714326951
122.27678571469812
122.28571428612668
122.29464285755523
122.30357142898384
122.31250000041246
122.32142857184101
122.33035714326957
122.33928571469818
122.34821428612679
122.35714285755535
122.3660714289839
122.37500000041251
122.38392857184112
122.39285714326968
122.40178571469824
122.41071428612685
122.41964285755546
122.42857142898401
122.43750000041257
122.44642857184118
122.4553571432698
122.46428571469835
122.4732142861269
122.48214285755552
122.49107142898413
122.50000000041268
122.50892857184124
122.51785714326985
122.52678571469846
122.53571428612702
122.54464285755557
122.55357142898418
122.5625000004128
122.57142857184135
122.58035714326991
122.58928571469852
122.59821428612713
122.60714285755569
122.61607142898424
122.62500000041285
122.63392857184147
122.64285714327002
122.65178571469858
122.66071428612719
122.6696428575558
122.67857142898436
122.68750000041291
122.69642857184152
122.70535714327013
122.71428571469869
122.72321428612725
122.73214285755586
122.74107142898447
122.75000000041302
122.75892857184158
122.76785714327019
122.7767857146988
122.78571428612736
122.79464285755591
122.80357142898453
122.81250000041314
122.8214285718417
122.83035714327025
122.83928571469886
122.84821428612747
122.85714285755603
122.86607142898458
122.8750000004132
122.8839285718418
122.89285714327036
122.90178571469892
122.91071428612753
122.91964285755614
122.9285714289847
122.93750000041325
122.94642857184186
122.95535714327048
122.96428571469903
122.97321428612759
122.9821428575562
122.99107142898481
123.00000000041337
123.00892857184192
123.01785714327053
123.02678571469914
123.0357142861277
123.04464285755625
123.05357142898487
123.06250000041348
123.07142857184203
123.08035714327059
123.0892857146992
123.09821428612781
123.10714285755637
123.11607142898492
123.12500000041354
123.13392857184215
123.1428571432707
123.15178571469926
123.16071428612787
123.16964285755648
123.17857142898504
123.18750000041359
123.1964285718422
123.20535714327082
123.21428571469937
123.22321428612793
123.23214285755654
123.24107142898515
123.2500000004137
123.25892857184226
123.26785714327087
123.27678571469949
123.28571428612804
123.2946428575566
123.30357142898521
123.31250000041382
123.32142857184238
123.33035714327093
123.33928571469954
123.34821428612815
123.35714285755671
123.36607142898526
123.37500000041388
123.38392857184249
123.39285714327104
123.4017857146996
123.41071428612821
123.41964285755682
123.42857142898538
123.43750000041393
123.44642857184255
123.45535714327116
123.46428571469971
123.47321428612827
123.48214285755688
123.49107142898549
123.50000000041405
123.5089285718426
123.51785714327121
123.52678571469983
123.53571428612838
123.54464285755694
123.55357142898555
123.56250000041416
123.57142857184272
123.58035714327127
123.58928571469988
123.5982142861285
123.60714285755705
123.6160714289856
123.62500000041422
123.63392857184283
123.64285714327139
123.65178571469994
123.66071428612855
123.66964285755716
123.67857142898572
123.68750000041427
123.69642857184289
123.7053571432715
123.71428571470005
123.72321428612861
123.73214285755722
123.74107142898583
123.75000000041439
123.75892857184294
123.76785714327156
123.77678571470017
123.78571428612872
123.79464285755728
123.80357142898589
123.8125000004145
123.82142857184306
123.83035714327161
123.83928571470022
123.84821428612884
123.85714285755739
123.86607142898595
123.87500000041456
123.88392857184317
123.89285714327173
123.90178571470028
123.9107142861289
123.9196428575575
123.92857142898606
123.93750000041462
123.94642857184323
123.95535714327184
123.9642857147004
123.97321428612895
123.98214285755756
123.99107142898617
124.00000000041473
124.00892857184328
124.0178571432719
124.02678571470051
124.03571428612906
124.04464285755762
124.05357142898623
124.06250000041484
124.0714285718434
124.08035714327195
124.08928571470057
124.09821428612918
124.10714285755773
124.11607142898629
124.1250000004149
124.13392857184351
124.14285714327207
124.15178571470062
124.16071428612923
124.16964285755785
124.1785714289864
124.18750000041496
124.19642857184357
124.20535714327218
124.21428571470074
124.22321428612929
124.2321428575579
124.24107142898652
124.25000000041507
124.25892857184363
124.26785714327224
124.27678571470085
124.2857142861294
124.29464285755796
124.30357142898657
124.31250000041518
124.32142857184374
124.3303571432723
124.3392857147009
124.34821428612952
124.35714285755807
124.36607142898663
124.37500000041524
124.38392857184385
124.39285714327241
124.40178571470096
124.41071428612958
124.41964285755819
124.42857142898674
124.4375000004153
124.44642857184391
124.45535714327252
124.46428571470108
124.47321428612963
124.48214285755824
124.49107142898686
124.50000000041541
124.50892857184397
124.51785714327258
124.52678571470119
124.53571428612975
124.5446428575583
124.55357142898691
124.56250000041553
124.57142857184408
124.58035714327264
124.58928571470125
124.59821428612986
124.60714285755842
124.61607142898697
124.62500000041558
124.6339285718442
124.64285714327275
124.6517857147013
124.66071428612992
124.66964285755853
124.67857142898708
124.68750000041564
124.69642857184425
124.70535714327286
124.71428571470142
124.72321428612997
124.73214285755859
124.7410714289872
124.75000000041575
124.75892857184431
124.76785714327292
124.77678571470153
124.78571428613009
124.79464285755864
124.80357142898725
124.81250000041587
124.82142857184442
124.83035714327298
124.83928571470159
124.8482142861302
124.85714285755876
124.86607142898731
124.87500000041592
124.88392857184454
124.89285714327309
124.90178571470165
124.91071428613026
124.91964285755887
124.92857142898742
124.93750000041598
124.94642857184459
124.9553571432732
124.96428571470176
124.97321428613031
124.98214285755893
124.99107142898754
125.0000000004161
125.00892857184465
125.01785714327326
125.02678571470187
125.03571428613043
125.04464285755898
125.0535714289876
125.06250000041621
125.07142857184476
125.08035714327332
125.08928571470193
125.09821428613054
125.1071428575591
125.11607142898765
125.12500000041626
125.13392857184488
125.14285714327343
125.15178571470199
125.1607142861306
125.16964285755921
125.17857142898777
125.18750000041632
125.19642857184493
125.20535714327355
125.2142857147021
125.22321428613066
125.23214285755927
125.24107142898788
125.25000000041643
125.25892857184499
125.2678571432736
125.27678571470221
125.28571428613077
125.29464285755932
125.30357142898794
125.31250000041655
125.3214285718451
125.33035714327366
125.33928571470227
125.34821428613088
125.35714285755944
125.366071428988
125.3750000004166
125.38392857184522
125.39285714327377
125.40178571470233
125.41071428613094
125.41964285755955
125.4285714289881
125.43750000041666
125.44642857184527
125.45535714327389
125.46428571470244
125.473214286131
125.48214285755961
125.49107142898822
125.50000000041678
125.50892857184533
125.51785714327394
125.52678571470256
125.53571428613111
125.54464285755967
125.55357142898828
125.56250000041689
125.57142857184544
125.580357143274
125.58928571470261
125.59821428613122
125.60714285755978
125.61607142898833
125.62500000041695
125.63392857184556
125.64285714327411
125.65178571470267
125.66071428613128
125.6696428575599
125.67857142898845
125.687500000417
125.69642857184562
125.70535714327423
125.71428571470278
125.72321428613134
125.73214285755995
125.74107142898856
125.75000000041712
125.75892857184567
125.76785714327428
125.7767857147029
125.78571428613145
125.79464285756
125.80357142898862
125.81250000041723
125.82142857184579
125.83035714327434
125.83928571470295
125.84821428613157
125.85714285756012
125.86607142898868
125.87500000041729
125.8839285718459
125.89285714327445
125.90178571470301
125.91071428613162
125.91964285756023
125.92857142898879
125.93750000041734
125.94642857184596
125.95535714327457
125.96428571470312
125.97321428613168
125.98214285756029
125.9910714289889
126.00000000041746
126.00892857184601
126.01785714327463
126.02678571470324
126.03571428613179
126.04464285756035
126.05357142898896
126.06250000041757
126.07142857184613
126.08035714327468
126.0892857147033
126.0982142861319
126.10714285756046
126.11607142898902
126.12500000041763
126.13392857184624
126.1428571432748
126.15178571470335
126.16071428613196
126.16964285756058
126.17857142898913
126.18750000041769
126.1964285718463
126.20535714327491
126.21428571470346
126.22321428613202
126.23214285756063
126.24107142898924
126.2500000004178
126.25892857184635
126.26785714327497
126.27678571470358
126.28571428613213
126.29464285756069
126.3035714289893
126.31250000041791
126.32142857184647
126.33035714327502
126.33928571470364
126.34821428613225
126.3571428575608
126.36607142898936
126.37500000041797
126.38392857184658
126.39285714327514
126.40178571470369
126.4107142861323
126.41964285756092
126.42857142898947
126.43750000041803
126.44642857184664
126.45535714327525
126.4642857147038
126.47321428613236
126.48214285756097
126.49107142898959
126.50000000041814
126.5089285718467
126.51785714327531
126.52678571470392
126.53571428613247
126.54464285756103
126.55357142898964
126.56250000041825
126.57142857184681
126.58035714327536
126.58928571470398
126.59821428613259
126.60714285756114
126.6160714289897
126.62500000041831
126.63392857184692
126.64285714327548
126.65178571470403
126.66071428613265
126.66964285756126
126.67857142898981
126.68750000041837
126.69642857184698
126.70535714327559
126.71428571470415
126.7232142861327
126.73214285756131
126.74107142898993
126.75000000041848
126.75892857184704
126.76785714327565
126.77678571470426
126.78571428613282
126.79464285756137
126.80357142898998
126.8125000004186
126.82142857184715
126.8303571432757
126.83928571470432
126.84821428613293
126.85714285756148
126.86607142899004
126.87500000041865
126.88392857184726
126.89285714327582
126.90178571470437
126.91071428613299
126.9196428575616
126.92857142899015
126.93750000041871
126.94642857184732
126.95535714327593
126.96428571470449
126.97321428613304
126.98214285756166
126.99107142899027
127.00000000041882
127.00892857184738
127.01785714327599
127.0267857147046
127.03571428613316
127.04464285756171
127.05357142899032
127.06250000041894
127.07142857184749
127.08035714327605
127.08928571470466
127.09821428613327
127.10714285756183
127.11607142899038
127.12500000041899
127.1339285718476
127.14285714327616
127.15178571470472
127.16071428613333
127.16964285756194
127.1785714289905
127.18750000041905
127.19642857184766
127.20535714327627
127.21428571470483
127.22321428613338
127.232142857562
127.24107142899061
127.25000000041916
127.25892857184772
127.26785714327633
127.27678571470494
127.2857142861335
127.29464285756205
127.30357142899067
127.31250000041928
127.32142857184783
127.33035714327639
127.339285714705
127.34821428613361
127.35714285756217
127.36607142899072
127.37500000041933
127.38392857184795
127.3928571432765
127.40178571470506
127.41071428613367
127.41964285756228
127.42857142899084
127.43750000041939
127.446428571848
127.45535714327661
127.46428571470517
127.47321428613373
127.48214285756234
127.49107142899095
127.5000000004195
127.50892857184806
127.51785714327667
127.52678571470528
127.53571428613384
127.5446428575624
127.553571428991
127.56250000041962
127.57142857184817
127.58035714327673
127.58928571470534
127.59821428613395
127.60714285756251
127.61607142899106
127.62500000041967
127.63392857184829
127.64285714327684
127.6517857147054
127.66071428613401
127.66964285756262
127.67857142899118
127.68750000041973
127.69642857184834
127.70535714327696
127.71428571470551
127.72321428613407
127.73214285756268
127.74107142899129
127.75000000041985
127.7589285718484
127.76785714327701
127.77678571470562
127.78571428613418
127.79464285756274
127.80357142899135
127.81250000041996
127.82142857184851
127.83035714327707
127.83928571470568
127.8482142861343
127.85714285756285
127.8660714289914
127.87500000042002
127.88392857184863
127.89285714327718
127.90178571470574
127.91071428613435
127.91964285756296
127.92857142899152
127.93750000042007
127.94642857184868
127.9553571432773
127.96428571470585
127.97321428613441
127.98214285756302
127.99107142899163
128.0000000004202
128.00892857184874
128.01785714327735
128.02678571470597
128.03571428613452
128.04464285756308
128.0535714289917
128.0625000004203
128.07142857184886
128.0803571432774
128.08928571470602
128.09821428613463
128.1071428575632
128.11607142899175
128.12500000042036
128.13392857184897
128.14285714327752
128.15178571470608
128.1607142861347
128.1696428575633
128.17857142899186
128.1875000004204
128.19642857184903
128.20535714327764
128.2142857147062
128.22321428613475
128.23214285756336
128.24107142899197
128.25000000042053
128.25892857184908
128.2678571432777
128.2767857147063
128.28571428613486
128.29464285756342
128.30357142899203
128.31250000042064
128.3214285718492
128.33035714327775
128.33928571470636
128.34821428613498
128.35714285756353
128.3660714289921
128.3750000004207
128.3839285718493
128.39285714327787
128.40178571470642
128.41071428613503
128.41964285756364
128.4285714289922
128.43750000042075
128.44642857184937
128.45535714327798
128.46428571470653
128.4732142861351
128.4821428575637
128.4910714289923
128.50000000042087
128.50892857184942
128.51785714327804
128.52678571470665
128.5357142861352
128.54464285756376
128.55357142899237
128.56250000042098
128.57142857184954
128.5803571432781
128.5892857147067
128.59821428613532
128.60714285756387
128.61607142899243
128.62500000042104
128.63392857184965
128.6428571432782
128.65178571470676
128.66071428613537
128.66964285756399
128.67857142899254
128.6875000004211
128.6964285718497
128.70535714327832
128.71428571470688
128.72321428613543
128.73214285756404
128.74107142899265
128.7500000004212
128.75892857184976
128.76785714327838
128.776785714707
128.78571428613554
128.7946428575641
128.8035714289927
128.81250000042132
128.82142857184988
128.83035714327843
128.83928571470705
128.84821428613566
128.8571428575642
128.86607142899277
128.87500000042138
128.88392857185
128.89285714327855
128.9017857147071
128.91071428613571
128.91964285756433
128.92857142899288
128.93750000042144
128.94642857185005
128.95535714327866
128.96428571470722
128.97321428613577
128.98214285756438
128.991071428993
129.00000000042155
129.0089285718501
129.01785714327872
129.02678571470733
129.03571428613589
129.04464285756444
129.05357142899305
129.06250000042166
129.07142857185022
129.08035714327877
129.0892857147074
129.098214286136
129.10714285756455
129.1160714289931
129.12500000042172
129.13392857185033
129.1428571432789
129.15178571470744
129.16071428613606
129.16964285756467
129.17857142899322
129.18750000042178
129.1964285718504
129.205357143279
129.21428571470756
129.2232142861361
129.23214285756472
129.24107142899334
129.2500000004219
129.25892857185045
129.26785714327906
129.27678571470767
129.28571428613623
129.29464285756478
129.3035714289934
129.312500000422
129.32142857185056
129.33035714327912
129.33928571470773
129.34821428613634
129.3571428575649
129.36607142899345
129.37500000042206
129.38392857185067
129.39285714327923
129.40178571470778
129.4107142861364
129.419642857565
129.42857142899356
129.43750000042212
129.44642857185073
129.45535714327934
129.4642857147079
129.47321428613645
129.48214285756507
129.49107142899368
129.50000000042223
129.5089285718508
129.5178571432794
129.526785714708
129.53571428613657
129.54464285756512
129.55357142899373
129.56250000042235
129.5714285718509
129.58035714327946
129.58928571470807
129.59821428613668
129.60714285756524
129.6160714289938
129.6250000004224
129.63392857185102
129.64285714327957
129.65178571470813
129.66071428613674
129.66964285756535
129.6785714289939
129.68750000042246
129.69642857185107
129.70535714327968
129.71428571470824
129.7232142861368
129.7321428575654
129.74107142899402
129.75000000042257
129.75892857185113
129.76785714327974
129.77678571470835
129.7857142861369
129.79464285756546
129.80357142899408
129.8125000004227
129.82142857185124
129.8303571432798
129.8392857147084
129.84821428613702
129.85714285756558
129.86607142899413
129.87500000042274
129.88392857185136
129.8928571432799
129.90178571470847
129.91071428613708
129.9196428575657
129.92857142899425
129.9375000004228
129.9464285718514
129.95535714328003
129.96428571470858
129.97321428613714
129.98214285756575
129.99107142899436
130.00000000042292
130.00892857185147
130.01785714328008
130.0267857147087
130.03571428613725
130.0446428575658
130.05357142899442
130.06250000042303
130.07142857185158
130.08035714328014
130.08928571470875
130.09821428613736
130.10714285756592
130.11607142899447
130.12500000042309
130.1339285718517
130.14285714328025
130.1517857147088
130.16071428613742
130.16964285756603
130.1785714289946
130.18750000042314
130.19642857185175
130.20535714328037
130.21428571470892
130.22321428613748
130.2321428575661
130.2410714289947
130.25000000042326
130.2589285718518
130.26785714328042
130.27678571470904
130.2857142861376
130.29464285756615
130.30357142899476
130.31250000042337
130.32142857185192
130.33035714328048
130.3392857147091
130.3482142861377
130.35714285756626
130.36607142899481
130.37500000042343
130.38392857185204
130.3928571432806
130.40178571470915
130.41071428613776
130.41964285756637
130.42857142899493
130.43750000042348
130.4464285718521
130.4553571432807
130.46428571470926
130.47321428613782
130.48214285756643
130.49107142899504
130.5000000004236
130.50892857185215
130.51785714328076
130.52678571470938
130.53571428613793
130.5446428575665
130.5535714289951
130.5625000004237
130.57142857185227
130.58035714328082
130.58928571470943
130.59821428613805
130.6071428575666
130.61607142899516
130.62500000042377
130.63392857185238
130.64285714328093
130.6517857147095
130.6607142861381
130.6696428575667
130.67857142899527
130.68750000042382
130.69642857185244
130.70535714328105
130.7142857147096
130.72321428613816
130.73214285756677
130.74107142899538
130.75000000042394
130.7589285718525
130.7678571432811
130.77678571470972
130.78571428613827
130.79464285756683
130.80357142899544
130.81250000042405
130.8214285718526
130.83035714328116
130.83928571470977
130.8482142861384
130.85714285756694
130.8660714289955
130.8750000004241
130.88392857185272
130.89285714328128
130.90178571470983
130.91071428613844
130.91964285756706
130.9285714289956
130.93750000042417
130.94642857185278
130.9553571432814
130.96428571470994
130.9732142861385
130.9821428575671
130.99107142899572
131.00000000042428
131.00892857185283
131.01785714328145
131.02678571471006
131.0357142861386
131.04464285756717
131.05357142899578
131.0625000004244
131.07142857185295
131.0803571432815
131.08928571471012
131.09821428613873
131.10714285756728
131.11607142899584
131.12500000042445
131.13392857185306
131.14285714328162
131.15178571471017
131.16071428613878
131.1696428575674
131.17857142899595
131.1875000004245
131.19642857185312
131.20535714328173
131.2142857147103
131.22321428613884
131.23214285756745
131.24107142899607
131.25000000042462
131.25892857185318
131.2678571432818
131.2767857147104
131.28571428613895
131.2946428575675
131.30357142899612
131.31250000042473
131.3214285718533
131.33035714328184
131.33928571471046
131.34821428613907
131.35714285756762
131.36607142899618
131.3750000004248
131.3839285718534
131.39285714328196
131.4017857147105
131.41071428613913
131.41964285756774
131.4285714289963
131.43750000042485
131.44642857185346
131.45535714328207
131.46428571471063
131.47321428613918
131.4821428575678
131.4910714289964
131.50000000042496
131.50892857185352
131.51785714328213
131.52678571471074
131.5357142861393
131.54464285756785
131.55357142899646
131.56250000042508
131.57142857185363
131.58035714328219
131.5892857147108
131.5982142861394
131.60714285756796
131.61607142899652
131.62500000042513
131.63392857185374
131.6428571432823
131.65178571471085
131.66071428613947
131.66964285756808
131.67857142899663
131.6875000004252
131.6964285718538
131.7053571432824
131.71428571471097
131.72321428613952
131.73214285756814
131.74107142899675
131.7500000004253
131.75892857185386
131.76785714328247
131.77678571471108
131.78571428613964
131.7946428575682
131.8035714289968
131.81250000042542
131.82142857185397
131.83035714328253
131.83928571471114
131.84821428613975
131.8571428575683
131.86607142899686
131.87500000042547
131.88392857185409
131.89285714328264
131.9017857147112
131.9107142861398
131.91964285756842
131.92857142899697
131.93750000042553
131.94642857185414
131.95535714328275
131.9642857147113
131.97321428613986
131.98214285756848
131.9910714289971
132.00000000042564
132.0089285718542
132.0178571432828
132.02678571471142
132.03571428613998
132.04464285756853
132.05357142899715
132.06250000042576
132.0714285718543
132.08035714328287
132.08928571471148
132.0982142861401
132.10714285756865
132.1160714289972
132.1250000004258
132.13392857185443
132.14285714328298
132.15178571471154
132.16071428614015
132.16964285756876
132.17857142899732
132.18750000042587
132.19642857185448
132.2053571432831
132.21428571471165
132.2232142861402
132.23214285756882
132.24107142899743
132.25000000042598
132.25892857185454
132.26785714328315
132.27678571471176
132.28571428614032
132.29464285756887
132.3035714289975
132.3125000004261
132.32142857185465
132.3303571432832
132.33928571471182
132.34821428614043
132.357142857569
132.36607142899754
132.37500000042616
132.38392857185477
132.39285714328332
132.40178571471188
132.4107142861405
132.4196428575691
132.42857142899766
132.4375000004262
132.44642857185482
132.45535714328344
132.464285714712
132.47321428614055
132.48214285756916
132.49107142899777
132.50000000042633
132.50892857185488
132.5178571432835
132.5267857147121
132.53571428614066
132.54464285756922
132.55357142899783
132.56250000042644
132.571428571855
132.58035714328355
132.58928571471216
132.59821428614077
132.60714285756933
132.61607142899788
132.6250000004265
132.6339285718551
132.64285714328366
132.65178571471222
132.66071428614083
132.66964285756944
132.678571428998
132.68750000042655
132.69642857185517
132.70535714328378
132.71428571471233
132.7232142861409
132.7321428575695
132.7410714289981
132.75000000042667
132.75892857185522
132.76785714328383
132.77678571471245
132.785714286141
132.79464285756956
132.80357142899817
132.81250000042678
132.82142857185534
132.8303571432839
132.8392857147125
132.84821428614111
132.85714285756967
132.86607142899823
132.87500000042684
132.88392857185545
132.892857143284
132.90178571471256
132.91071428614117
132.91964285756978
132.92857142899834
132.9375000004269
132.9464285718555
132.95535714328412
132.96428571471267
132.97321428614123
132.98214285756984
132.99107142899845
133.000000000427
133.00892857185556
133.01785714328417
133.0267857147128
133.03571428614134
133.0446428575699
133.0535714289985
133.06250000042712
133.07142857185568
133.08035714328423
133.08928571471284
133.09821428614146
133.10714285757
133.11607142899857
133.12500000042718
133.1339285718558
133.14285714328435
133.1517857147129
133.1607142861415
133.16964285757012
133.17857142899868
133.18750000042724
133.19642857185585
133.20535714328446
133.21428571471301
133.22321428614157
133.23214285757018
133.2410714289988
133.25000000042735
133.2589285718559
133.26785714328452
133.27678571471313
133.28571428614168
133.29464285757024
133.30357142899885
133.31250000042746
133.32142857185602
133.33035714328457
133.33928571471318
133.3482142861418
133.35714285757035
133.3660714289989
133.37500000042752
133.38392857185613
133.3928571432847
133.40178571471324
133.41071428614185
133.41964285757047
133.42857142899902
133.43750000042758
133.4464285718562
133.4553571432848
133.46428571471336
133.4732142861419
133.48214285757052
133.49107142899913
133.5000000004277
133.50892857185625
133.51785714328486
133.52678571471347
133.53571428614202
133.54464285757058
133.5535714289992
133.5625000004278
133.57142857185636
133.5803571432849
133.58928571471353
133.59821428614214
133.6071428575707
133.61607142899925
133.62500000042786
133.63392857185647
133.64285714328503
133.65178571471358
133.6607142861422
133.6696428575708
133.67857142899936
133.68750000042792
133.69642857185653
133.70535714328514
133.7142857147137
133.72321428614225
133.73214285757086
133.74107142899948
133.75000000042803
133.7589285718566
133.7678571432852
133.7767857147138
133.78571428614237
133.79464285757092
133.80357142899953
133.81250000042814
133.8214285718567
133.83035714328526
133.83928571471387
133.84821428614248
133.85714285757103
133.8660714289996
133.8750000004282
133.8839285718568
133.89285714328537
133.90178571471392
133.91071428614254
133.91964285757115
133.9285714289997
133.93750000042826
133.94642857185687
133.95535714328548
133.96428571471404
133.9732142861426
133.9821428575712
133.99107142899982
134.00000000042837
134.00892857185693
134.01785714328554
134.02678571471415
134.0357142861427
134.04464285757126
134.05357142899987
134.06250000042849
134.07142857185704
134.0803571432856
134.0892857147142
134.09821428614282
134.10714285757138
134.11607142899993
134.12500000042854
134.13392857185715
134.1428571432857
134.15178571471426
134.16071428614288
134.1696428575715
134.17857142900004
134.1875000004286
134.1964285718572
134.20535714328582
134.21428571471438
134.22321428614293
134.23214285757155
134.24107142900016
134.2500000004287
134.25892857185727
134.26785714328588
134.2767857147145
134.28571428614305
134.2946428575716
134.30357142900021
134.31250000042883
134.32142857185738
134.33035714328594
134.33928571471455
134.34821428614316
134.35714285757172
134.36607142900027
134.37500000042888
134.3839285718575
134.39285714328605
134.4017857147146
134.41071428614322
134.41964285757183
134.42857142900039
134.43750000042894
134.44642857185755
134.45535714328616
134.46428571471472
134.47321428614327
134.4821428575719
134.4910714290005
134.50000000042905
134.5089285718576
134.51785714328622
134.52678571471483
134.5357142861434
134.54464285757194
134.55357142900056
134.56250000042917
134.57142857185772
134.58035714328628
134.5892857147149
134.5982142861435
134.60714285757206
134.6160714290006
134.62500000042922
134.63392857185784
134.6428571432864
134.65178571471495
134.66071428614356
134.66964285757217
134.67857142900073
134.68750000042928
134.6964285718579
134.7053571432865
134.71428571471506
134.72321428614362
134.73214285757223
134.74107142900084
134.7500000004294
134.75892857185795
134.76785714328656
134.77678571471517
134.78571428614373
134.79464285757228
134.8035714290009
134.8125000004295
134.82142857185806
134.83035714328662
134.83928571471523
134.84821428614384
134.8571428575724
134.86607142900095
134.87500000042957
134.88392857185818
134.89285714328673
134.9017857147153
134.9107142861439
134.9196428575725
134.92857142900107
134.93750000042962
134.94642857185823
134.95535714328685
134.9642857147154
134.97321428614396
134.98214285757257
134.99107142900118
135.00000000042974
135.0089285718583
135.0178571432869
135.02678571471552
135.03571428614407
135.04464285757263
135.05357142900124
135.06250000042985
135.0714285718584
135.08035714328696
135.08928571471557
135.09821428614418
135.10714285757274
135.1160714290013
135.1250000004299
135.13392857185852
135.14285714328707
135.15178571471563
135.16071428614424
135.16964285757285
135.1785714290014
135.18750000042996
135.19642857185858
135.2053571432872
135.21428571471574
135.2232142861443
135.2321428575729
135.24107142900152
135.25000000043008
135.25892857185863
135.26785714328724
135.27678571471586
135.2857142861444
135.29464285757297
135.30357142900158
135.3125000004302
135.32142857185875
135.3303571432873
135.3392857147159
135.34821428614453
135.35714285757308
135.36607142900164
135.37500000043025
135.38392857185886
135.39285714328742
135.40178571471597
135.41071428614458
135.4196428575732
135.42857142900175
135.4375000004303
135.44642857185892
135.45535714328753
135.46428571471608
135.47321428614464
135.48214285757325
135.49107142900186
135.50000000043042
135.50892857185897
135.51785714328759
135.5267857147162
135.53571428614475
135.5446428575733
135.55357142900192
135.56250000043053
135.5714285718591
135.58035714328764
135.58928571471625
135.59821428614487
135.60714285757342
135.61607142900198
135.6250000004306
135.6339285718592
135.64285714328776
135.6517857147163
135.66071428614492
135.66964285757354
135.6785714290021
135.68750000043065
135.69642857185926
135.70535714328787
135.71428571471642
135.72321428614498
135.7321428575736
135.7410714290022
135.75000000043076
135.75892857185931
135.76785714328793
135.77678571471654
135.7857142861451
135.79464285757365
135.80357142900226
135.81250000043087
135.82142857185943
135.83035714328798
135.8392857147166
135.8482142861452
135.85714285757376
135.86607142900232
135.87500000043093
135.88392857185954
135.8928571432881
135.90178571471665
135.91071428614526
135.91964285757388
135.92857142900243
135.937500000431
135.9464285718596
135.9553571432882
135.96428571471677
135.97321428614532
135.98214285757393
135.99107142900255
136.0000000004311
136.00892857185966
136.01785714328827
136.02678571471688
136.03571428614543
136.044642857574
136.0535714290026
136.0625000004312
136.07142857185977
136.08035714328832
136.08928571471694
136.09821428614555
136.1071428575741
136.11607142900266
136.12500000043127
136.13392857185988
136.14285714328844
136.151785714717
136.1607142861456
136.16964285757422
136.17857142900277
136.18750000043133
136.19642857185994
136.20535714328855
136.2142857147171
136.22321428614566
136.23214285757427
136.2410714290029
136.25000000043144
136.25892857186
136.2678571432886
136.27678571471722
136.28571428614578
136.29464285757433
136.30357142900294
136.31250000043156
136.3214285718601
136.33035714328867
136.33928571471728
136.3482142861459
136.35714285757444
136.366071429003
136.3750000004316
136.38392857186022
136.39285714328878
136.40178571471733
136.41071428614595
136.41964285757456
136.4285714290031
136.43750000043167
136.44642857186028
136.4553571432889
136.46428571471745
136.473214286146
136.48214285757462
136.49107142900323
136.50000000043178
136.50892857186034
136.51785714328895
136.52678571471756
136.53571428614612
136.54464285757467
136.55357142900328
136.5625000004319
136.57142857186045
136.580357143289
136.58928571471762
136.59821428614623
136.6071428575748
136.61607142900334
136.62500000043195
136.63392857186057
136.64285714328912
136.65178571471768
136.6607142861463
136.6696428575749
136.67857142900345
136.687500000432
136.69642857186062
136.70535714328923
136.7142857147178
136.72321428614634
136.73214285757496
136.74107142900357
136.75000000043212
136.75892857186068
136.7678571432893
136.7767857147179
136.78571428614646
136.794642857575
136.80357142900363
136.81250000043224
136.8214285718608
136.83035714328935
136.83928571471796
136.84821428614657
136.85714285757513
136.86607142900368
136.8750000004323
136.8839285718609
136.89285714328946
136.90178571471802
136.91071428614663
136.91964285757524
136.9285714290038
136.93750000043235
136.94642857186096
136.95535714328958
136.96428571471813
136.97321428614669
136.9821428575753
136.9910714290039
137.00000000043246
137.00892857186102
137.01785714328963
137.02678571471824
137.0357142861468
137.04464285757535
137.05357142900397
137.06250000043258
137.07142857186113
137.0803571432897
137.0892857147183
137.0982142861469
137.10714285757547
137.11607142900402
137.12500000043264
137.13392857186125
137.1428571432898
137.15178571471836
137.16071428614697
137.16964285757558
137.17857142900414
137.1875000004327
137.1964285718613
137.20535714328992
137.21428571471847
137.22321428614703
137.23214285757564
137.24107142900425
137.2500000004328
137.25892857186136
137.26785714328997
137.27678571471859
137.28571428614714
137.2946428575757
137.3035714290043
137.31250000043292
137.32142857186147
137.33035714329003
137.33928571471864
137.34821428614725
137.3571428575758
137.36607142900436
137.37500000043298
137.3839285718616
137.39285714329014
137.4017857147187
137.4107142861473
137.41964285757592
137.42857142900448
137.43750000043303
137.44642857186165
137.45535714329026
137.4642857147188
137.47321428614737
137.48214285757598
137.4910714290046
137.50000000043315
137.5089285718617
137.5178571432903
137.52678571471893
137.53571428614748
137.54464285757604
137.55357142900465
137.56250000043326
137.57142857186182
137.58035714329037
137.58928571471898
137.5982142861476
137.60714285757615
137.6160714290047
137.62500000043332
137.63392857186193
137.64285714329048
137.65178571471904
137.66071428614765
137.66964285757626
137.67857142900482
137.68750000043337
137.696428571862
137.7053571432906
137.71428571471915
137.7232142861477
137.73214285757632
137.74107142900493
137.7500000004335
137.75892857186204
137.76785714329066
137.77678571471927
137.78571428614782
137.79464285757638
137.803571429005
137.8125000004336
137.82142857186216
137.8303571432907
137.83928571471932
137.84821428614794
137.8571428575765
137.86607142900505
137.87500000043366
137.88392857186227
137.89285714329083
137.90178571471938
137.910714286148
137.9196428575766
137.92857142900516
137.93750000043372
137.94642857186233
137.95535714329094
137.9642857147195
137.97321428614805
137.98214285757666
137.99107142900527
138.00000000043383
138.00892857186238
138.017857143291
138.0267857147196
138.03571428614816
138.04464285757672
138.05357142900533
138.06250000043394
138.0714285718625
138.08035714329105
138.08928571471967
138.09821428614828
138.10714285757683
138.1160714290054
138.125000000434
138.1339285718626
138.14285714329117
138.15178571471972
138.16071428614833
138.16964285757695
138.1785714290055
138.18750000043406
138.19642857186267
138.20535714329128
138.21428571471984
138.2232142861484
138.232142857577
138.24107142900561
138.25000000043417
138.25892857186273
138.26785714329134
138.27678571471995
138.2857142861485
138.29464285757706
138.30357142900567
138.31250000043428
138.32142857186284
138.3303571432914
138.33928571472
138.34821428614862
138.35714285757717
138.36607142900573
138.37500000043434
138.38392857186295
138.3928571432915
138.40178571472006
138.41071428614868
138.4196428575773
138.42857142900584
138.4375000004344
138.446428571863
138.45535714329162
138.46428571472018
138.47321428614873
138.48214285757734
138.49107142900596
138.5000000004345
138.50892857186307
138.51785714329168
138.5267857147203
138.53571428614885
138.5446428575774
138.553571429006
138.56250000043462
138.57142857186318
138.58035714329174
138.58928571472035
138.59821428614896
138.60714285757751
138.61607142900607
138.62500000043468
138.6339285718633
138.64285714329185
138.6517857147204
138.66071428614902
138.66964285757763
138.67857142900618
138.68750000043474
138.69642857186335
138.70535714329196
138.71428571472052
138.72321428614907
138.73214285757768
138.7410714290063
138.75000000043485
138.7589285718634
138.76785714329202
138.77678571472063
138.7857142861492
138.79464285757774
138.80357142900635
138.81250000043497
138.82142857186352
138.83035714329208
138.8392857147207
138.8482142861493
138.85714285757786
138.8660714290064
138.87500000043502
138.88392857186363
138.8928571432922
138.90178571472075
138.91071428614936
138.91964285757797
138.92857142900652
138.93750000043508
138.9464285718637
138.9553571432923
138.96428571472086
138.9732142861494
138.98214285757803
138.99107142900664
139.0000000004352
139.00892857186375
139.01785714329236
139.02678571472097
139.03571428614953
139.04464285757808
139.0535714290067
139.0625000004353
139.07142857186386
139.08035714329242
139.08928571472103
139.09821428614964
139.1071428575782
139.11607142900675
139.12500000043536
139.13392857186398
139.14285714329253
139.1517857147211
139.1607142861497
139.1696428575783
139.17857142900687
139.18750000043542
139.19642857186403
139.20535714329264
139.2142857147212
139.22321428614976
139.23214285757837
139.24107142900698
139.25000000043553
139.2589285718641
139.2678571432927
139.2767857147213
139.28571428614987
139.29464285757842
139.30357142900704
139.31250000043565
139.3214285718642
139.33035714329276
139.33928571472137
139.34821428614998
139.35714285757854
139.3660714290071
139.3750000004357
139.38392857186432
139.39285714329287
139.40178571472143
139.41071428615004
139.41964285757865
139.4285714290072
139.43750000043576
139.44642857186437
139.45535714329299
139.46428571472154
139.4732142861501
139.4821428575787
139.49107142900732
139.50000000043588
139.50892857186443
139.51785714329304
139.52678571472165
139.5357142861502
139.54464285757876
139.55357142900738
139.562500000436
139.57142857186454
139.5803571432931
139.5892857147217
139.59821428615032
139.60714285757888
139.61607142900743
139.62500000043605
139.63392857186466
139.6428571432932
139.65178571472177
139.66071428615038
139.669642857579
139.67857142900755
139.6875000004361
139.69642857186471
139.70535714329333
139.71428571472188
139.72321428615044
139.73214285757905
139.74107142900766
139.75000000043622
139.75892857186477
139.76785714329338
139.776785714722
139.78571428615055
139.7946428575791
139.80357142900772
139.81250000043633
139.82142857186489
139.83035714329344
139.83928571472205
139.84821428615066
139.85714285757922
139.86607142900777
139.8750000004364
139.883928571865
139.89285714329355
139.9017857147221
139.91071428615072
139.91964285757933
139.9285714290079
139.93750000043644
139.94642857186506
139.95535714329367
139.96428571472222
139.97321428615078
139.9821428575794
139.991071429008
140.00000000043656
140.0089285718651
140.01785714329372
140.02678571472234
140.0357142861509
140.04464285757945
140.05357142900806
140.06250000043667
140.07142857186523
140.08035714329378
140.0892857147224
140.098214286151
140.10714285757956
140.11607142900812
140.12500000043673
140.13392857186534
140.1428571432939
140.15178571472245
140.16071428615106
140.16964285757967
140.17857142900823
140.18750000043678
140.1964285718654
140.205357143294
140.21428571472256
140.22321428615112
140.23214285757973
140.24107142900834
140.2500000004369
140.25892857186545
140.26785714329407
140.27678571472268
140.28571428615123
140.2946428575798
140.3035714290084
140.312500000437
140.32142857186557
140.33035714329412
140.33928571472273
140.34821428615135
140.3571428575799
140.36607142900846
140.37500000043707
140.38392857186568
140.39285714329424
140.4017857147228
140.4107142861514
140.41964285758002
140.42857142900857
140.43750000043713
140.44642857186574
140.45535714329435
140.4642857147229
140.47321428615146
140.48214285758007
140.49107142900868
140.50000000043724
140.5089285718658
140.5178571432944
140.52678571472302
140.53571428615157
140.54464285758013
140.55357142900874
140.56250000043735
140.5714285718659
140.58035714329446
140.58928571472308
140.5982142861517
140.60714285758024
140.6160714290088
140.6250000004374
140.63392857186602
140.64285714329458
140.65178571472313
140.66071428615174
140.66964285758036
140.6785714290089
140.68750000043747
140.69642857186608
140.7053571432947
140.71428571472325
140.7232142861518
140.7321428575804
140.74107142900903
140.75000000043758
140.75892857186614
140.76785714329475
140.77678571472336
140.78571428615192
140.79464285758047
140.80357142900908
140.8125000004377
140.82142857186625
140.8303571432948
140.83928571472342
140.84821428615203
140.85714285758058
140.86607142900914
140.87500000043775
140.88392857186636
140.89285714329492
140.90178571472347
140.91071428615209
140.9196428575807
140.92857142900925
140.9375000004378
140.94642857186642
140.95535714329503
140.9642857147236
140.97321428615214
140.98214285758075
140.99107142900937
141.00000000043792
141.00892857186648
141.0178571432951
141.0267857147237
141.03571428615226
141.0446428575808
141.05357142900942
141.06250000043804
141.0714285718666
141.08035714329515
141.08928571472376
141.09821428615237
141.10714285758093
141.11607142900948
141.1250000004381
141.1339285718667
141.14285714329526
141.15178571472381
141.16071428615243
141.16964285758104
141.1785714290096
141.18750000043815
141.19642857186676
141.20535714329537
141.21428571472393
141.22321428615248
141.2321428575811
141.2410714290097
141.25000000043826
141.25892857186682
141.26785714329543
141.27678571472404
141.2857142861526
141.29464285758115
141.30357142900976
141.31250000043838
141.32142857186693
141.3303571432955
141.3392857147241
141.3482142861527
141.35714285758127
141.36607142900982
141.37500000043843
141.38392857186705
141.3928571432956
141.40178571472416
141.41071428615277
141.41964285758138
141.42857142900993
141.4375000004385
141.4464285718671
141.4553571432957
141.46428571472427
141.47321428615282
141.48214285758144
141.49107142901005
141.5000000004386
141.50892857186716
141.51785714329577
141.52678571472438
141.53571428615294
141.5446428575815
141.5535714290101
141.56250000043872
141.57142857186727
141.58035714329583
141.58928571472444
141.59821428615305
141.6071428575816
141.61607142901016
141.62500000043877
141.6339285718674
141.64285714329594
141.6517857147245
141.6607142861531
141.66964285758172
141.67857142901028
141.68750000043883
141.69642857186744
141.70535714329606
141.7142857147246
141.72321428615317
141.73214285758178
141.7410714290104
141.75000000043894
141.7589285718675
141.7678571432961
141.77678571472472
141.78571428615328
141.79464285758183
141.80357142901045
141.81250000043906
141.8214285718676
141.83035714329617
141.83928571472478
141.8482142861534
141.85714285758195
141.8660714290105
141.87500000043912
141.88392857186773
141.89285714329628
141.90178571472484
141.91071428615345
141.91964285758206
141.92857142901062
141.93750000043917
141.94642857186778
141.9553571432964
141.96428571472495
141.9732142861535
141.98214285758212
141.99107142901073
142.0000000004393
142.00892857186784
142.01785714329645
142.02678571472507
142.03571428615362
142.04464285758218
142.0535714290108
142.0625000004394
142.07142857186795
142.0803571432965
142.08928571472512
142.09821428615373
142.1071428575823
142.11607142901084
142.12500000043946
142.13392857186807
142.14285714329662
142.15178571472518
142.1607142861538
142.1696428575824
142.17857142901096
142.1875000004395
142.19642857186813
142.20535714329674
142.2142857147253
142.22321428615385
142.23214285758246
142.24107142901107
142.25000000043963
142.25892857186818
142.2678571432968
142.2767857147254
142.28571428615396
142.29464285758252
142.30357142901113
142.31250000043974
142.3214285718683
142.33035714329685
142.33928571472546
142.34821428615408
142.35714285758263
142.36607142901119
142.3750000004398
142.3839285718684
142.39285714329696
142.40178571472552
142.41071428615413
142.41964285758274
142.4285714290113
142.43750000043985
142.44642857186847
142.45535714329708
142.46428571472563
142.4732142861542
142.4821428575828
142.4910714290114
142.50000000043997
142.50892857186852
142.51785714329714
142.52678571472575
142.5357142861543
142.54464285758286
142.55357142901147
142.56250000044008
142.57142857186864
142.5803571432972
142.5892857147258
142.59821428615442
142.60714285758297
142.61607142901153
142.62500000044014
142.63392857186875
142.6428571432973
142.65178571472586
142.66071428615447
142.66964285758309
142.67857142901164
142.6875000004402
142.6964285718688
142.70535714329742
142.71428571472597
142.72321428615453
142.73214285758314
142.74107142901175
142.7500000004403
142.75892857186886
142.76785714329748
142.7767857147261
142.78571428615464
142.7946428575832
142.8035714290118
142.81250000044042
142.82142857186898
142.83035714329753
142.83928571472615
142.84821428615476
142.8571428575833
142.86607142901187
142.87500000044048
142.8839285718691
142.89285714329765
142.9017857147262
142.9107142861548
142.91964285758343
142.92857142901198
142.93750000044054
142.94642857186915
142.95535714329776
142.96428571472632
142.97321428615487
142.98214285758348
142.9910714290121
143.00000000044065
143.0089285718692
143.01785714329782
143.02678571472643
143.03571428615498
143.04464285758354
143.05357142901215
143.06250000044076
143.07142857186932
143.08035714329787
143.0892857147265
143.0982142861551
143.10714285758365
143.1160714290122
143.12500000044082
143.13392857186943
143.142857143298
143.15178571472654
143.16071428615516
143.16964285758377
143.17857142901232
143.18750000044088
143.1964285718695
143.2053571432981
143.21428571472666
143.2232142861552
143.23214285758382
143.24107142901244
143.250000000441
143.25892857186955
143.26785714329816
143.27678571472677
143.28571428615533
143.29464285758388
143.3035714290125
143.3125000004411
143.32142857186966
143.33035714329822
143.33928571472683
143.34821428615544
143.357142857584
143.36607142901255
143.37500000044116
143.38392857186977
143.39285714329833
143.40178571472688
143.4107142861555
143.4196428575841
143.42857142901266
143.43750000044122
143.44642857186983
143.45535714329844
143.464285714727
143.47321428615555
143.48214285758417
143.49107142901278
143.50000000044133
143.5089285718699
143.5178571432985
143.5267857147271
143.53571428615567
143.54464285758422
143.55357142901283
143.56250000044145
143.57142857187
143.58035714329856
143.58928571472717
143.59821428615578
143.60714285758434
143.6160714290129
143.6250000004415
143.63392857187011
143.64285714329867
143.65178571472723
143.66071428615584
143.66964285758445
143.678571429013
143.68750000044156
143.69642857187017
143.70535714329878
143.71428571472734
143.7232142861559
143.7321428575845
143.74107142901312
143.75000000044167
143.75892857187023
143.76785714329884
143.77678571472745
143.785714286156
143.79464285758456
143.80357142901318
143.8125000004418
143.82142857187034
143.8303571432989
143.8392857147275
143.84821428615612
143.85714285758468
143.86607142901323
143.87500000044184
143.88392857187046
143.892857143299
143.90178571472757
143.91071428615618
143.9196428575848
143.92857142901335
143.9375000004419
143.9464285718705
143.95535714329912
143.96428571472768
143.97321428615624
143.98214285758485
143.99107142901346
144.00000000044201
144.00892857187057
144.01785714329918
144.0267857147278
144.03571428615635
144.0446428575849
144.05357142901352
144.06250000044213
144.07142857187068
144.08035714329924
144.08928571472785
144.09821428615646
144.10714285758502
144.11607142901357
144.12500000044218
144.1339285718708
144.14285714329935
144.1517857147279
144.16071428615652
144.16964285758513
144.1785714290137
144.18750000044224
144.19642857187085
144.20535714329947
144.21428571472802
144.22321428615658
144.2321428575852
144.2410714290138
144.25000000044236
144.2589285718709
144.26785714329952
144.27678571472813
144.2857142861567
144.29464285758525
144.30357142901386
144.31250000044247
144.32142857187102
144.33035714329958
144.3392857147282
144.3482142861568
144.35714285758536
144.3660714290139
144.37500000044253
144.38392857187114
144.3928571432997
144.40178571472825
144.41071428615686
144.41964285758547
144.42857142901403
144.43750000044258
144.4464285718712
144.4553571432998
144.46428571472836
144.47321428615692
144.48214285758553
144.49107142901414
144.5000000004427
144.50892857187125
144.51785714329986
144.52678571472848
144.53571428615703
144.5446428575856
144.5535714290142
144.5625000004428
144.57142857187137
144.58035714329992
144.58928571472853
144.59821428615714
144.6071428575857
144.61607142901426
144.62500000044287
144.63392857187148
144.64285714330003
144.6517857147286
144.6607142861572
144.6696428575858
144.67857142901437
144.68750000044292
144.69642857187154
144.70535714330015
144.7142857147287
144.72321428615726
144.73214285758587
144.74107142901448
144.75000000044304
144.7589285718716
144.7678571433002
144.77678571472882
144.78571428615737
144.79464285758593
144.80357142901454
144.81250000044315
144.8214285718717
144.83035714330026
144.83928571472887
144.84821428615749
144.85714285758604
144.8660714290146
144.8750000004432
144.88392857187182
144.89285714330038
144.90178571472893
144.91071428615754
144.91964285758615
144.9285714290147
144.93750000044326
144.94642857187188
144.9553571433005
144.96428571472904
144.9732142861576
144.9821428575862
144.99107142901482
145.00000000044338
145.00892857187193
145.01785714330055
145.02678571472916
145.0357142861577
145.04464285758627
145.05357142901488
145.0625000004435
145.07142857187205
145.0803571433006
145.08928571472921
145.09821428615783
145.10714285758638
145.11607142901494
145.12500000044355
145.13392857187216
145.14285714330072
145.15178571472927
145.16071428615788
145.1696428575865
145.17857142901505
145.1875000004436
145.19642857187222
145.20535714330083
145.21428571472939
145.22321428615794
145.23214285758655
145.24107142901516
145.25000000044372
145.25892857187227
145.2678571433009
145.2767857147295
145.28571428615805
145.2946428575866
145.30357142901522
145.31250000044383
145.3214285718724
145.33035714330094
145.33928571472956
145.34821428615817
145.35714285758672
145.36607142901528
145.3750000004439
145.3839285718725
145.39285714330106
145.4017857147296
145.41071428615822
145.41964285758684
145.4285714290154
145.43750000044395
145.44642857187256
145.45535714330117
145.46428571472973
145.47321428615828
145.4821428575869
145.4910714290155
145.50000000044406
145.50892857187262
145.51785714330123
145.52678571472984
145.5357142861584
145.54464285758695
145.55357142901556
145.56250000044417
145.57142857187273
145.58035714330128
145.5892857147299
145.5982142861585
145.60714285758706
145.61607142901562
145.62500000044423
145.63392857187284
145.6428571433014
145.65178571472995
145.66071428615857
145.66964285758718
145.67857142901573
145.6875000004443
145.6964285718729
145.7053571433015
145.71428571473007
145.72321428615862
145.73214285758723
145.74107142901585
145.7500000004444
145.75892857187296
145.76785714330157
145.77678571473018
145.78571428615874
145.7946428575873
145.8035714290159
145.81250000044452
145.82142857187307
145.83035714330163
145.83928571473024
145.84821428615885
145.8571428575874
145.86607142901596
145.87500000044457
145.88392857187318
145.89285714330174
145.9017857147303
145.9107142861589
145.91964285758752
145.92857142901607
145.93750000044463
145.94642857187324
145.95535714330185
145.9642857147304
145.97321428615896
145.98214285758758
145.9910714290162
146.00000000044474
146.0089285718733
146.0178571433019
146.02678571473052
146.03571428615908
146.04464285758763
146.05357142901624
146.06250000044486
146.0714285718734
146.08035714330197
146.08928571473058
146.0982142861592
146.10714285758775
146.1160714290163
146.1250000004449
146.13392857187353
146.14285714330208
146.15178571473064
146.16071428615925
146.16964285758786
146.17857142901642
146.18750000044497
146.19642857187358
146.2053571433022
146.21428571473075
146.2232142861593
146.23214285758792
146.24107142901653
146.25000000044508
146.25892857187364
146.26785714330225
146.27678571473086
146.28571428615942
146.29464285758797
146.30357142901659
146.3125000004452
146.32142857187375
146.3303571433023
146.33928571473092
146.34821428615953
146.3571428575881
146.36607142901664
146.37500000044525
146.38392857187387
146.39285714330242
146.40178571473098
146.4107142861596
146.4196428575882
146.42857142901676
146.4375000004453
146.44642857187392
146.45535714330254
146.4642857147311
146.47321428615965
146.48214285758826
146.49107142901687
146.50000000044543
146.50892857187398
146.5178571433026
146.5267857147312
146.53571428615976
146.54464285758831
146.55357142901693
146.56250000044554
146.5714285718741
146.58035714330265
146.58928571473126
146.59821428615987
146.60714285758843
146.61607142901698
146.6250000004456
146.6339285718742
146.64285714330276
146.65178571473132
146.66071428615993
146.66964285758854
146.6785714290171
146.68750000044565
146.69642857187426
146.70535714330288
146.71428571473143
146.72321428616
146.7321428575886
146.7410714290172
146.75000000044577
146.75892857187432
146.76785714330293
146.77678571473155
146.7857142861601
146.79464285758866
146.80357142901727
146.81250000044588
146.82142857187443
146.830357143303
146.8392857147316
146.84821428616021
146.85714285758877
146.86607142901732
146.87500000044594
146.88392857187455
146.8928571433031
146.90178571473166
146.91071428616027
146.91964285758888
146.92857142901744
146.937500000446
146.9464285718746
146.95535714330322
146.96428571473177
146.97321428616033
146.98214285758894
146.99107142901755
147.0000000004461
147.00892857187466
147.01785714330327
147.0267857147319
147.03571428616044
147.044642857589
147.0535714290176
147.06250000044622
147.07142857187478
147.08035714330333
147.08928571473194
147.09821428616056
147.1071428575891
147.11607142901767
147.12500000044628
147.1339285718749
147.14285714330344
147.151785714732
147.1607142861606
147.16964285758922
147.17857142901778
147.18750000044633
147.19642857187495
147.20535714330356
147.2142857147321
147.22321428616067
147.23214285758928
147.2410714290179
147.25000000044645
147.258928571875
147.26785714330362
147.27678571473223
147.28571428616078
147.29464285758934
147.30357142901795
147.31250000044656
147.32142857187512
147.33035714330367
147.33928571473228
147.3482142861609
147.35714285758945
147.366071429018
147.37500000044662
147.38392857187523
147.3928571433038
147.40178571473234
147.41071428616095
147.41964285758957
147.42857142901812
147.43750000044668
147.4464285718753
147.4553571433039
147.46428571473245
147.473214286161
147.48214285758962
147.49107142901823
147.5000000004468
147.50892857187534
147.51785714330396
147.52678571473257
147.53571428616112
147.54464285758968
147.5535714290183
147.5625000004469
147.57142857187546
147.580357143304
147.58928571473263
147.59821428616124
147.6071428575898
147.61607142901835
147.62500000044696
147.63392857187557
147.64285714330413
147.65178571473268
147.6607142861613
147.6696428575899
147.67857142901846
147.68750000044702
147.69642857187563
147.70535714330424
147.7142857147328
147.72321428616135
147.73214285758996
147.74107142901858
147.75000000044713
147.75892857187569
147.7678571433043
147.7767857147329
147.78571428616146
147.79464285759002
147.80357142901863
147.81250000044724
147.8214285718758
147.83035714330435
147.83928571473297
147.84821428616158
147.85714285759013
147.8660714290187
147.8750000004473
147.8839285718759
147.89285714330447
147.90178571473302
147.91071428616164
147.91964285759025
147.9285714290188
147.93750000044736
147.94642857187597
147.95535714330458
147.96428571473314
147.9732142861617
147.9821428575903
147.99107142901892
148.00000000044747
148.00892857187603
148.01785714330464
148.02678571473325
148.0357142861618
148.04464285759036
148.05357142901897
148.06250000044759
148.07142857187614
148.0803571433047
148.0892857147333
148.09821428616192
148.10714285759047
148.11607142901903
148.12500000044764
148.13392857187625
148.1428571433048
148.15178571473336
148.16071428616198
148.1696428575906
148.17857142901914
148.1875000004477
148.1964285718763
148.20535714330492
148.21428571473348
148.22321428616203
148.23214285759065
148.24107142901926
148.2500000004478
148.25892857187637
148.26785714330498
148.2767857147336
148.28571428616215
148.2946428575907
148.3035714290193
148.31250000044793
148.32142857187648
148.33035714330504
148.33928571473365
148.34821428616226
148.35714285759082
148.36607142901937
148.37500000044798
148.3839285718766
148.39285714330515
148.4017857147337
148.41071428616232
148.41964285759093
148.42857142901948
148.43750000044804
148.44642857187665
148.45535714330526
148.46428571473382
148.47321428616237
148.482142857591
148.4910714290196
148.50000000044815
148.5089285718767
148.51785714330532
148.52678571473393
148.5357142861625
148.54464285759104
148.55357142901966
148.56250000044827
148.57142857187682
148.58035714330538
148.589285714734
148.5982142861626
148.60714285759116
148.6160714290197
148.62500000044832
148.63392857187694
148.6428571433055
148.65178571473405
148.66071428616266
148.66964285759127
148.67857142901983
148.68750000044838
148.696428571877
148.7053571433056
148.71428571473416
148.72321428616272
148.73214285759133
148.74107142901994
148.7500000004485
148.75892857187705
148.76785714330566
148.77678571473427
148.78571428616283
148.79464285759138
148.80357142902
148.8125000004486
148.82142857187716
148.83035714330572
148.83928571473433
148.84821428616294
148.8571428575915
148.86607142902005
148.87500000044867
148.88392857187728
148.89285714330583
148.9017857147344
148.910714286163
148.9196428575916
148.92857142902017
148.93750000044872
148.94642857187733
148.95535714330595
148.9642857147345
148.97321428616306
148.98214285759167
148.99107142902028
149.00000000044884
149.0089285718774
149.017857143306
149.02678571473461
149.03571428616317
149.04464285759173
149.05357142902034
149.06250000044895
149.0714285718775
149.08035714330606
149.08928571473467
149.09821428616328
149.10714285759184
149.1160714290204
149.125000000449
149.13392857187762
149.14285714330617
149.15178571473473
149.16071428616334
149.16964285759195
149.1785714290205
149.18750000044906
149.19642857187768
149.2053571433063
149.21428571473484
149.2232142861634
149.232142857592
149.24107142902062
149.25000000044918
149.25892857187773
149.26785714330634
149.27678571473496
149.2857142861635
149.29464285759207
149.30357142902068
149.3125000004493
149.32142857187785
149.3303571433064
149.339285714735
149.34821428616362
149.35714285759218
149.36607142902074
149.37500000044935
149.38392857187796
149.39285714330651
149.40178571473507
149.41071428616368
149.4196428575923
149.42857142902085
149.4375000004494
149.44642857187802
149.45535714330663
149.46428571473518
149.47321428616374
149.48214285759235
149.49107142902096
149.50000000044952
149.50892857187807
149.51785714330668
149.5267857147353
149.53571428616385
149.5446428575924
149.55357142902102
149.56250000044963
149.5714285718782
149.58035714330674
149.58928571473535
149.59821428616397
149.60714285759252
149.61607142902108
149.6250000004497
149.6339285718783
149.64285714330686
149.6517857147354
149.66071428616402
149.66964285759263
149.6785714290212
149.68750000044975
149.69642857187836
149.70535714330697
149.71428571473552
149.72321428616408
149.7321428575927
149.7410714290213
149.75000000044986
149.7589285718784
149.76785714330703
149.77678571473564
149.7857142861642
149.79464285759275
149.80357142902136
149.81250000044997
149.82142857187853
149.83035714330708
149.8392857147357
149.8482142861643
149.85714285759286
149.86607142902142
149.87500000045003
149.88392857187864
149.8928571433072
149.90178571473575
149.91071428616436
149.91964285759298
149.92857142902153
149.9375000004501
149.9464285718787
149.9553571433073
149.96428571473587
149.97321428616442
149.98214285759303
149.99107142902164
150.0000000004502
150.00892857187876
150.01785714330737
150.02678571473598
150.03571428616453
150.0446428575931
150.0535714290217
150.0625000004503
150.07142857187887
150.08035714330742
150.08928571473604
150.09821428616465
150.1071428575932
150.11607142902176
150.12500000045037
150.13392857187898
150.14285714330754
150.1517857147361
150.1607142861647
150.16964285759332
150.17857142902187
150.18750000045043
150.19642857187904
150.20535714330765
150.2142857147362
150.22321428616476
150.23214285759337
150.24107142902199
150.25000000045054
150.2589285718791
150.2678571433077
150.27678571473632
150.28571428616488
150.29464285759343
150.30357142902204
150.31250000045065
150.3214285718792
150.33035714330776
150.33928571473638
150.348214286165
150.35714285759354
150.3660714290221
150.3750000004507
150.38392857187932
150.39285714330788
150.40178571473643
150.41071428616505
150.41964285759366
150.4285714290222
150.43750000045077
150.44642857187938
150.455357143308
150.46428571473655
150.4732142861651
150.48214285759371
150.49107142902233
150.50000000045088
150.50892857187944
150.51785714330805
150.52678571473666
150.53571428616522
150.54464285759377
150.55357142902238
150.562500000451
150.57142857187955
150.5803571433081
150.58928571473672
150.59821428616533
150.60714285759389
150.61607142902244
150.62500000045105
150.63392857187966
150.64285714330822
150.65178571473677
150.6607142861654
150.669642857594
150.67857142902255
150.6875000004511
150.69642857187972
150.70535714330833
150.7142857147369
150.72321428616544
150.73214285759406
150.74107142902267
150.75000000045122
150.75892857187978
150.7678571433084
150.776785714737
150.78571428616556
150.7946428575941
150.80357142902272
150.81250000045134
150.8214285718799
150.83035714330845
150.83928571473706
150.84821428616567
150.85714285759423
150.86607142902278
150.8750000004514
150.88392857188
150.89285714330856
150.90178571473712
150.91071428616573
150.91964285759434
150.9285714290229
150.93750000045145
150.94642857188006
150.95535714330867
150.96428571473723
150.97321428616578
150.9821428575944
150.991071429023
151.00000000045156
151.00892857188012
151.01785714330873
151.02678571473734
151.0357142861659
151.04464285759445
151.05357142902307
151.06250000045168
151.07142857188023
151.0803571433088
151.0892857147374
151.098214286166
151.10714285759457
151.11607142902312
151.12500000045173
151.13392857188035
151.1428571433089
151.15178571473746
151.16071428616607
151.16964285759468
151.17857142902324
151.1875000004518
151.1964285718804
151.20535714330902
151.21428571473757
151.22321428616613
151.23214285759474
151.24107142902335
151.2500000004519
151.25892857188046
151.26785714330907
151.27678571473768
151.28571428616624
151.2946428575948
151.3035714290234
151.31250000045202
151.32142857188057
151.33035714330913
151.33928571473774
151.34821428616635
151.3571428575949
151.36607142902346
151.37500000045208
151.3839285718807
151.39285714330924
151.4017857147378
151.4107142861664
151.41964285759502
151.42857142902358
151.43750000045213
151.44642857188074
151.45535714330936
151.4642857147379
151.47321428616647
151.48214285759508
151.4910714290237
151.50000000045225
151.5089285718808
151.5178571433094
151.52678571473803
151.53571428616658
151.54464285759514
151.55357142902375
151.56250000045236
151.57142857188092
151.58035714330947
151.58928571473808
151.5982142861667
151.60714285759525
151.6160714290238
151.62500000045242
151.63392857188103
151.64285714330958
151.65178571473814
151.66071428616675
151.66964285759536
151.67857142902392
151.68750000045247
151.69642857188109
151.7053571433097
151.71428571473825
151.7232142861668
151.73214285759542
151.74107142902403
151.7500000004526
151.75892857188114
151.76785714330975
151.77678571473837
151.78571428616692
151.79464285759548
151.8035714290241
151.8125000004527
151.82142857188126
151.8303571433098
151.83928571473842
151.84821428616704
151.8571428575956
151.86607142902415
151.87500000045276
151.88392857188137
151.89285714330993
151.90178571473848
151.9107142861671
151.9196428575957
151.92857142902426
151.93750000045281
151.94642857188143
151.95535714331004
151.9642857147386
151.97321428616715
151.98214285759576
151.99107142902437
152.00000000045293
152.00892857188148
152.0178571433101
152.0267857147387
152.03571428616726
152.04464285759582
152.05357142902443
152.06250000045304
152.0714285718816
152.08035714331015
152.08928571473876
152.09821428616738
152.10714285759593
152.1160714290245
152.1250000004531
152.1339285718817
152.14285714331027
152.15178571473882
152.16071428616743
152.16964285759605
152.1785714290246
152.18750000045316
152.19642857188177
152.20535714331038
152.21428571473893
152.2232142861675
152.2321428575961
152.24107142902471
152.25000000045327
152.25892857188182
152.26785714331044
152.27678571473905
152.2857142861676
152.29464285759616
152.30357142902477
152.31250000045338
152.32142857188194
152.3303571433105
152.3392857147391
152.34821428616772
152.35714285759627
152.36607142902483
152.37500000045344
152.38392857188205
152.3928571433106
152.40178571473916
152.41071428616777
152.4196428575964
152.42857142902494
152.4375000004535
152.4464285718821
152.45535714331072
152.46428571473928
152.47321428616783
152.48214285759644
152.49107142902506
152.5000000004536
152.50892857188217
152.51785714331078
152.5267857147394
152.53571428616794
152.5446428575965
152.5535714290251
152.56250000045372
152.57142857188228
152.58035714331083
152.58928571473945
152.59821428616806
152.6071428575966
152.61607142902517
152.62500000045378
152.6339285718824
152.64285714331095
152.6517857147395
152.66071428616812
152.66964285759673
152.67857142902528
152.68750000045384
152.69642857188245
152.70535714331106
152.71428571473962
152.72321428616817
152.73214285759678
152.7410714290254
152.75000000045395
152.7589285718825
152.76785714331112
152.77678571473973
152.7857142861683
152.79464285759684
152.80357142902545
152.81250000045407
152.82142857188262
152.83035714331118
152.8392857147398
152.8482142861684
152.85714285759695
152.8660714290255
152.87500000045412
152.88392857188273
152.8928571433113
152.90178571473984
152.91071428616846
152.91964285759707
152.92857142902562
152.93750000045418
152.9464285718828
152.9553571433114
152.96428571473996
152.9732142861685
152.98214285759713
152.99107142902574
153.0000000004543
153.00892857188285
153.01785714331146
153.02678571474007
153.03571428616863
153.04464285759718
153.0535714290258
153.0625000004544
153.07142857188296
153.08035714331152
153.08928571474013
153.09821428616874
153.1071428575973
153.11607142902585
153.12500000045446
153.13392857188308
153.14285714331163
153.15178571474019
153.1607142861688
153.1696428575974
153.17857142902596
153.18750000045452
153.19642857188313
153.20535714331174
153.2142857147403
153.22321428616885
153.23214285759747
153.24107142902608
153.25000000045463
153.2589285718832
153.2678571433118
153.2767857147404
153.28571428616897
153.29464285759752
153.30357142902614
153.31250000045475
153.3214285718833
153.33035714331186
153.33928571474047
153.34821428616908
153.35714285759764
153.3660714290262
153.3750000004548
153.38392857188342
153.39285714331197
153.40178571474053
153.41071428616914
153.41964285759775
153.4285714290263
153.43750000045486
153.44642857188347
153.45535714331209
153.46428571474064
153.4732142861692
153.4821428575978
153.49107142902642
153.50000000045497
153.50892857188353
153.51785714331214
153.52678571474075
153.5357142861693
153.54464285759786
153.55357142902648
153.5625000004551
153.57142857188364
153.5803571433122
153.5892857147408
153.59821428616942
153.60714285759798
153.61607142902653
153.62500000045515
153.63392857188376
153.6428571433123
153.65178571474087
153.66071428616948
153.6696428575981
153.67857142902665
153.6875000004552
153.6964285718838
153.70535714331243
153.71428571474098
153.72321428616954
153.73214285759815
153.74107142902676
153.75000000045532
153.75892857188387
153.76785714331248
153.7767857147411
153.78571428616965
153.7946428575982
153.80357142902682
153.81250000045543
153.82142857188398
153.83035714331254
153.83928571474115
153.84821428616976
153.85714285759832
153.86607142902687
153.8750000004555
153.8839285718841
153.89285714331265
153.9017857147412
153.91071428616982
153.91964285759843
153.928571429027
153.93750000045554
153.94642857188416
153.95535714331277
153.96428571474132
153.97321428616988
153.9821428575985
153.9910714290271
154.00000000045566
154.0089285718842
154.01785714331282
154.02678571474144
154.03571428617
154.04464285759855
154.05357142902716
154.06250000045577
154.07142857188433
154.08035714331288
154.0892857147415
154.0982142861701
154.10714285759866
154.11607142902722
154.12500000045583
154.13392857188444
154.142857143313
154.15178571474155
154.16071428617016
154.16964285759877
154.17857142902733
154.18750000045588
154.1964285718845
154.2053571433131
154.21428571474166
154.22321428617022
154.23214285759883
154.24107142902744
154.250000000456
154.25892857188455
154.26785714331317
154.27678571474178
154.28571428617033
154.2946428575989
154.3035714290275
154.3125000004561
154.32142857188467
154.33035714331322
154.33928571474183
154.34821428617045
154.357142857599
154.36607142902756
154.37500000045617
154.38392857188478
154.39285714331334
154.4017857147419
154.4107142861705
154.41964285759911
154.42857142902767
154.43750000045623
154.44642857188484
154.45535714331345
154.464285714742
154.47321428617056
154.48214285759917
154.49107142902778
154.50000000045634
154.5089285718849
154.5178571433135
154.52678571474212
154.53571428617067
154.54464285759923
154.55357142902784
154.56250000045645
154.571428571885
154.58035714331356
154.58928571474218
154.5982142861708
154.60714285759934
154.6160714290279
154.6250000004565
154.63392857188512
154.64285714331368
154.65178571474223
154.66071428617084
154.66964285759946
154.678571429028
154.68750000045657
154.69642857188518
154.7053571433138
154.71428571474235
154.7232142861709
154.7321428575995
154.74107142902812
154.75000000045668
154.75892857188524
154.76785714331385
154.77678571474246
154.78571428617101
154.79464285759957
154.80357142902818
154.8125000004568
154.82142857188535
154.8303571433139
154.83928571474252
154.84821428617113
154.85714285759968
154.86607142902824
154.87500000045685
154.88392857188546
154.89285714331402
154.90178571474257
154.91071428617118
154.9196428575998
154.92857142902835
154.9375000004569
154.94642857188552
154.95535714331413
154.9642857147427
154.97321428617124
154.98214285759985
154.99107142902847
155.00000000045702
155.00892857188558
155.0178571433142
155.0267857147428
155.03571428617136
155.0446428575999
155.05357142902852
155.06250000045713
155.0714285718857
155.08035714331425
155.08928571474286
155.09821428617147
155.10714285760002
155.11607142902858
155.1250000004572
155.1339285718858
155.14285714331436
155.1517857147429
155.16071428617153
155.16964285760014
155.1785714290287
155.18750000045725
155.19642857188586
155.20535714331447
155.21428571474303
155.22321428617158
155.2321428576002
155.2410714290288
155.25000000045736
155.25892857188592
155.26785714331453
155.27678571474314
155.2857142861717
155.29464285760025
155.30357142902886
155.31250000045748
155.32142857188603
155.3303571433146
155.3392857147432
155.3482142861718
155.35714285760037
155.36607142902892
155.37500000045753
155.38392857188614
155.3928571433147
155.40178571474326
155.41071428617187
155.41964285760048
155.42857142902903
155.4375000004576
155.4464285718862
155.4553571433148
155.46428571474337
155.47321428617192
155.48214285760054
155.49107142902915
155.5000000004577
155.50892857188626
155.51785714331487
155.52678571474348
155.53571428617204
155.5446428576006
155.5535714290292
155.56250000045782
155.57142857188637
155.58035714331493
155.58928571474354
155.59821428617215
155.6071428576007
155.61607142902926
155.62500000045787
155.63392857188649
155.64285714331504
155.6517857147436
155.6607142861722
155.66964285760082
155.67857142902938
155.68750000045793
155.69642857188654
155.70535714331515
155.7142857147437
155.72321428617227
155.73214285760088
155.7410714290295
155.75000000045804
155.7589285718866
155.7678571433152
155.77678571474382
155.78571428617238
155.79464285760093
155.80357142902955
155.81250000045816
155.8214285718867
155.83035714331527
155.83928571474388
155.8482142861725
155.85714285760105
155.8660714290296
155.87500000045821
155.88392857188683
155.89285714331538
155.90178571474394
155.91071428617255
155.91964285760116
155.92857142902972
155.93750000045827
155.94642857188688
155.9553571433155
155.96428571474405
155.9732142861726
155.98214285760122
155.99107142902983
156.00000000045839
156.00892857188694
156.01785714331555
156.02678571474416
156.03571428617272
156.04464285760127
156.0535714290299
156.0625000004585
156.07142857188705
156.0803571433156
156.08928571474422
156.09821428617283
156.1071428576014
156.11607142902994
156.12500000045856
156.13392857188717
156.14285714331572
156.15178571474428
156.1607142861729
156.1696428576015
156.17857142903006
156.1875000004586
156.19642857188722
156.20535714331584
156.2142857147444
156.22321428617295
156.23214285760156
156.24107142903017
156.25000000045873
156.25892857188728
156.2678571433159
156.2767857147445
156.28571428617306
156.29464285760162
156.30357142903023
156.31250000045884
156.3214285718874
156.33035714331595
156.33928571474456
156.34821428617317
156.35714285760173
156.36607142903028
156.3750000004589
156.3839285718875
156.39285714331606
156.40178571474462
156.41071428617323
156.41964285760184
156.4285714290304
156.43750000045895
156.44642857188757
156.45535714331618
156.46428571474473
156.4732142861733
156.4821428576019
156.4910714290305
156.50000000045907
156.50892857188762
156.51785714331623
156.52678571474485
156.5357142861734
156.54464285760196
156.55357142903057
156.56250000045918
156.57142857188774
156.5803571433163
156.5892857147449
156.59821428617352
156.60714285760207
156.61607142903063
156.62500000045924
156.63392857188785
156.6428571433164
156.65178571474496
156.66071428617357
156.66964285760218
156.67857142903074
156.6875000004593
156.6964285718879
156.70535714331652
156.71428571474507
156.72321428617363
156.73214285760224
156.74107142903085
156.7500000004594
156.75892857188796
156.76785714331658
156.7767857147452
156.78571428617374
156.7946428576023
156.8035714290309
156.81250000045952
156.82142857188808
156.83035714331663
156.83928571474524
156.84821428617386
156.8571428576024
156.86607142903097
156.87500000045958
156.8839285718882
156.89285714331675
156.9017857147453
156.9107142861739
156.91964285760253
156.92857142903108
156.93750000045964
156.94642857188825
156.95535714331686
156.96428571474542
156.97321428617397
156.98214285760258
156.9910714290312
157.00000000045975
157.0089285718883
157.01785714331692
157.02678571474553
157.03571428617408
157.04464285760264
157.05357142903125
157.06250000045986
157.07142857188842
157.08035714331697
157.08928571474559
157.0982142861742
157.10714285760275
157.1160714290313
157.12500000045992
157.13392857188853
157.1428571433171
157.15178571474564
157.16071428617425
157.16964285760287
157.17857142903142
157.18750000045998
157.1964285718886
157.2053571433172
157.21428571474576
157.2232142861743
157.23214285760292
157.24107142903154
157.2500000004601
157.25892857188865
157.26785714331726
157.27678571474587
157.28571428617443
157.29464285760298
157.3035714290316
157.3125000004602
157.32142857188876
157.33035714331731
157.33928571474593
157.34821428617454
157.3571428576031
157.36607142903165
157.37500000046026
157.38392857188887
157.39285714331743
157.40178571474598
157.4107142861746
157.4196428576032
157.42857142903176
157.43750000046032
157.44642857188893
157.45535714331754
157.4642857147461
157.47321428617465
157.48214285760326
157.49107142903188
157.50000000046043
157.508928571889
157.5178571433176
157.5267857147462
157.53571428617477
157.54464285760332
157.55357142903193
157.56250000046055
157.5714285718891
157.58035714331766
157.58928571474627
157.59821428617488
157.60714285760344
157.616071429032
157.6250000004606
157.63392857188921
157.64285714331777
157.65178571474632
157.66071428617494
157.66964285760355
157.6785714290321
157.68750000046066
157.69642857188927
157.70535714331788
157.71428571474644
157.723214286175
157.7321428576036
157.74107142903222
157.75000000046077
157.75892857188933
157.76785714331794
157.77678571474655
157.7857142861751
157.79464285760366
157.80357142903227
157.8125000004609
157.82142857188944
157.830357143318
157.8392857147466
157.84821428617522
157.85714285760378
157.86607142903233
157.87500000046094
157.88392857188956
157.8928571433181
157.90178571474667
157.91071428617528
157.9196428576039
157.92857142903244
157.937500000461
157.9464285718896
157.95535714331822
157.96428571474678
157.97321428617533
157.98214285760395
157.99107142903256
158.0000000004611
158.00892857188967
158.01785714331828
158.0267857147469
158.03571428617545
158.044642857604
158.05357142903262
158.06250000046123
158.07142857188978
158.08035714331834
158.08928571474695
158.09821428617556
158.10714285760412
158.11607142903267
158.12500000046128
158.1339285718899
158.14285714331845
158.151785714747
158.16071428617562
158.16964285760423
158.1785714290328
158.18750000046134
158.19642857188995
158.20535714331857
158.21428571474712
158.22321428617568
158.2321428576043
158.2410714290329
158.25000000046145
158.25892857189
158.26785714331862
158.27678571474723
158.2857142861758
158.29464285760434
158.30357142903296
158.31250000046157
158.32142857189012
158.33035714331868
158.3392857147473
158.3482142861759
158.35714285760446
158.366071429033
158.37500000046163
158.38392857189024
158.3928571433188
158.40178571474735
158.41071428617596
158.41964285760457
158.42857142903313
158.43750000046168
158.4464285718903
158.4553571433189
158.46428571474746
158.47321428617602
158.48214285760463
158.49107142903324
158.5000000004618
158.50892857189035
158.51785714331896
158.52678571474758
158.53571428617613
158.54464285760469
158.5535714290333
158.5625000004619
158.57142857189046
158.58035714331902
158.58928571474763
158.59821428617624
158.6071428576048
158.61607142903335
158.62500000046197
158.63392857189058
158.64285714331913
158.6517857147477
158.6607142861763
158.6696428576049
158.67857142903347
158.68750000046202
158.69642857189064
158.70535714331925
158.7142857147478
158.72321428617636
158.73214285760497
158.74107142903358
158.75000000046214
158.7589285718907
158.7678571433193
158.77678571474792
158.78571428617647
158.79464285760503
158.80357142903364
158.81250000046225
158.8214285718908
158.83035714331936
158.83928571474797
158.84821428617659
158.85714285760514
158.8660714290337
158.8750000004623
158.88392857189092
158.89285714331947
158.90178571474803
158.91071428617664
158.91964285760525
158.9285714290338
158.93750000046236
158.94642857189098
158.9553571433196
158.96428571474814
158.9732142861767
158.9821428576053
158.99107142903392
159.00000000046248
159.00892857189103
159.01785714331965
159.02678571474826
159.0357142861768
159.04464285760537
159.05357142903398
159.0625000004626
159.07142857189115
159.0803571433197
159.0892857147483
159.09821428617693
159.10714285760548
159.11607142903404
159.12500000046265
159.13392857189126
159.14285714331982
159.15178571474837
159.16071428617698
159.1696428576056
159.17857142903415
159.1875000004627
159.19642857189132
159.20535714331993
159.21428571474848
159.22321428617704
159.23214285760565
159.24107142903426
159.25000000046282
159.25892857189137
159.26785714332
159.2767857147486
159.28571428617715
159.2946428576057
159.30357142903432
159.31250000046293
159.3214285718915
159.33035714332004
159.33928571474866
159.34821428617727
159.35714285760582
159.36607142903438
159.375000000463
159.3839285718916
159.39285714332016
159.4017857147487
159.41071428617732
159.41964285760594
159.4285714290345
159.43750000046305
159.44642857189166
159.45535714332027
159.46428571474883
159.47321428617738
159.482142857606
159.4910714290346
159.50000000046316
159.50892857189172
159.51785714332033
159.52678571474894
159.5357142861775
159.54464285760605
159.55357142903466
159.56250000046327
159.57142857189183
159.58035714332038
159.589285714749
159.5982142861776
159.60714285760616
159.61607142903472
159.62500000046333
159.63392857189194
159.6428571433205
159.65178571474905
159.66071428617767
159.66964285760628
159.67857142903483
159.6875000004634
159.696428571892
159.7053571433206
159.71428571474917
159.72321428617772
159.73214285760633
159.74107142903495
159.7500000004635
159.75892857189206
159.76785714332067
159.77678571474928
159.78571428617784
159.7946428576064
159.803571429035
159.81250000046361
159.82142857189217
159.83035714332073
159.83928571474934
159.84821428617795
159.8571428576065
159.86607142903506
159.87500000046367
159.88392857189228
159.89285714332084
159.9017857147494
159.910714286178
159.91964285760662
159.92857142903517
159.93750000046373
159.94642857189234
159.95535714332095
159.9642857147495
159.97321428617806
159.98214285760668
159.9910714290353
160.00000000046384
160.0089285718924
160.017857143321
160.02678571474962
160.03571428617818
160.04464285760673
160.05357142903534
160.06250000046396
160.0714285718925
160.08035714332107
160.08928571474968
160.0982142861783
160.10714285760685
160.1160714290354
160.125000000464
160.13392857189262
160.14285714332118
160.15178571474974
160.16071428617835
160.16964285760696
160.17857142903551
160.18750000046407
160.19642857189268
160.2053571433213
160.21428571474985
160.2232142861784
160.23214285760702
160.24107142903563
160.25000000046418
160.25892857189274
160.26785714332135
160.27678571474996
160.28571428617852
160.29464285760707
160.30357142903569
160.3125000004643
160.32142857189285
160.3303571433214
160.33928571475002
160.34821428617863
160.3571428576072
160.36607142903574
160.37500000046435
160.38392857189297
160.39285714332152
160.40178571475008
160.4107142861787
160.4196428576073
160.42857142903586
160.4375000004644
160.44642857189302
160.45535714332163
160.4642857147502
160.47321428617875
160.48214285760736
160.49107142903597
160.50000000046452
160.50892857189308
160.5178571433217
160.5267857147503
160.53571428617886
160.5446428576074
160.55357142903603
160.56250000046464
160.5714285718932
160.58035714332175
160.58928571475036
160.59821428617897
160.60714285760753
160.61607142903608
160.6250000004647
160.6339285718933
160.64285714332186
160.65178571475042
160.66071428617903
160.66964285760764
160.6785714290362
160.68750000046475
160.69642857189336
160.70535714332198
160.71428571475053
160.7232142861791
160.7321428576077
160.7410714290363
160.75000000046487
160.75892857189342
160.76785714332203
160.77678571475064
160.7857142861792
160.79464285760776
160.80357142903637
160.81250000046498
160.82142857189353
160.8303571433221
160.8392857147507
160.8482142861793
160.85714285760787
160.86607142903642
160.87500000046504
160.88392857189365
160.8928571433222
160.90178571475076
160.91071428617937
160.91964285760798
160.92857142903654
160.9375000004651
160.9464285718937
160.95535714332232
160.96428571475087
160.97321428617943
160.98214285760804
160.99107142903665
161.0000000004652
161.00892857189376
161.01785714332237
161.026785714751
161.03571428617954
161.0446428576081
161.0535714290367
161.06250000046532
161.07142857189388
161.08035714332243
161.08928571475104
161.09821428617965
161.1071428576082
161.11607142903677
161.12500000046538
161.133928571894
161.14285714332254
161.1517857147511
161.1607142861797
161.16964285760832
161.17857142903688
161.18750000046543
161.19642857189405
161.20535714332266
161.2142857147512
161.22321428617977
161.23214285760838
161.241071429037
161.25000000046555
161.2589285718941
161.26785714332271
161.27678571475133
161.28571428617988
161.29464285760844
161.30357142903705
161.31250000046566
161.32142857189422
161.33035714332277
161.33928571475138
161.34821428618
161.35714285760855
161.3660714290371
161.37500000046572
161.38392857189433
161.39285714332289
161.40178571475144
161.41071428618005
161.41964285760866
161.42857142903722
161.43750000046577
161.4464285718944
161.455357143323
161.46428571475155
161.4732142861801
161.48214285760872
161.49107142903733
161.5000000004659
161.50892857189444
161.51785714332306
161.52678571475167
161.53571428618022
161.54464285760878
161.5535714290374
161.562500000466
161.57142857189456
161.5803571433231
161.58928571475172
161.59821428618034
161.6071428576089
161.61607142903745
161.62500000046606
161.63392857189467
161.64285714332323
161.65178571475178
161.6607142861804
161.669642857609
161.67857142903756
161.68750000046612
161.69642857189473
161.70535714332334
161.7142857147519
161.72321428618045
161.73214285760906
161.74107142903767
161.75000000046623
161.75892857189478
161.7678571433234
161.776785714752
161.78571428618056
161.79464285760912
161.80357142903773
161.81250000046634
161.8214285718949
161.83035714332345
161.83928571475207
161.84821428618068
161.85714285760923
161.8660714290378
161.8750000004664
161.883928571895
161.89285714332357
161.90178571475212
161.91071428618073
161.91964285760935
161.9285714290379
161.93750000046646
161.94642857189507
161.95535714332368
161.96428571475224
161.9732142861808
161.9821428576094
161.99107142903802
162.00000000046657
162.00892857189513
162.01785714332374
162.02678571475235
162.0357142861809
162.04464285760946
162.05357142903807
162.06250000046668
162.07142857189524
162.0803571433238
162.0892857147524
162.09821428618102
162.10714285760957
162.11607142903813
162.12500000046674
162.13392857189535
162.1428571433239
162.15178571475246
162.16071428618108
162.1696428576097
162.17857142903824
162.1875000004668
162.1964285718954
162.20535714332402
162.21428571475258
162.22321428618113
162.23214285760974
162.24107142903836
162.2500000004669
162.25892857189547
162.26785714332408
162.2767857147527
162.28571428618125
162.2946428576098
162.3035714290384
162.31250000046703
162.32142857189558
162.33035714332414
162.33928571475275
162.34821428618136
162.35714285760992
162.36607142903847
162.37500000046708
162.3839285718957
162.39285714332425
162.4017857147528
162.41071428618142
162.41964285761003
162.42857142903858
162.43750000046714
162.44642857189575
162.45535714332436
162.46428571475292
162.47321428618147
162.48214285761009
162.4910714290387
162.50000000046725
162.5089285718958
162.51785714332442
162.52678571475303
162.5357142861816
162.54464285761014
162.55357142903875
162.56250000046737
162.57142857189592
162.58035714332448
162.5892857147531
162.5982142861817
162.60714285761026
162.6160714290388
162.62500000046742
162.63392857189604
162.6428571433246
162.65178571475315
162.66071428618176
162.66964285761037
162.67857142903893
162.68750000046748
162.6964285718961
162.7053571433247
162.71428571475326
162.72321428618181
162.73214285761043
162.74107142903904
162.7500000004676
162.75892857189615
162.76785714332476
162.77678571475337
162.78571428618193
162.79464285761048
162.8035714290391
162.8125000004677
162.82142857189626
162.83035714332482
162.83928571475343
162.84821428618204
162.8571428576106
162.86607142903915
162.87500000046776
162.88392857189638
162.89285714332493
162.9017857147535
162.9107142861821
162.9196428576107
162.92857142903927
162.93750000046782
162.94642857189643
162.95535714332505
162.9642857147536
162.97321428618216
162.98214285761077
162.99107142903938
163.00000000046794
163.0089285718965
163.0178571433251
163.02678571475371
163.03571428618227
163.04464285761082
163.05357142903944
163.06250000046805
163.0714285718966
163.08035714332516
163.08928571475377
163.09821428618238
163.10714285761094
163.1160714290395
163.1250000004681
163.13392857189672
163.14285714332527
163.15178571475383
163.16071428618244
163.16964285761105
163.1785714290396
163.18750000046816
163.19642857189677
163.2053571433254
163.21428571475394
163.2232142861825
163.2321428576111
163.24107142903972
163.25000000046828
163.25892857189683
163.26785714332544
163.27678571475406
163.2857142861826
163.29464285761117
163.30357142903978
163.3125000004684
163.32142857189694
163.3303571433255
163.3392857147541
163.34821428618272
163.35714285761128
163.36607142903983
163.37500000046845
163.38392857189706
163.3928571433256
163.40178571475417
163.41071428618278
163.4196428576114
163.42857142903995
163.4375000004685
163.44642857189712
163.45535714332573
163.46428571475428
163.47321428618284
163.48214285761145
163.49107142904006
163.50000000046862
163.50892857189717
163.51785714332578
163.5267857147544
163.53571428618295
163.5446428576115
163.55357142904012
163.56250000046873
163.5714285718973
163.58035714332584
163.58928571475445
163.59821428618307
163.60714285761162
163.61607142904018
163.6250000004688
163.6339285718974
163.64285714332595
163.6517857147545
163.66071428618312
163.66964285761173
163.6785714290403
163.68750000046884
163.69642857189746
163.70535714332607
163.71428571475462
163.72321428618318
163.7321428576118
163.7410714290404
163.75000000046896
163.7589285718975
163.76785714332613
163.77678571475474
163.7857142861833
163.79464285761185
163.80357142904046
163.81250000046907
163.82142857189763
163.83035714332618
163.8392857147548
163.8482142861834
163.85714285761196
163.86607142904052
163.87500000046913
163.88392857189774
163.8928571433263
163.90178571475485
163.91071428618346
163.91964285761208
163.92857142904063
163.93750000046919
163.9464285718978
163.9553571433264
163.96428571475496
163.97321428618352
163.98214285761213
163.99107142904074
164.0000000004693
164.00892857189785
164.01785714332647
164.02678571475508
164.03571428618363
164.0446428576122
164.0535714290408
164.0625000004694
164.07142857189797
164.08035714332652
164.08928571475514
164.09821428618375
164.1071428576123
164.11607142904086
164.12500000046947
164.13392857189808
164.14285714332664
164.1517857147552
164.1607142861838
164.16964285761242
164.17857142904097
164.18750000046953
164.19642857189814
164.20535714332675
164.2142857147553
164.22321428618386
164.23214285761247
164.24107142904109
164.25000000046964
164.2589285718982
164.2678571433268
164.27678571475542
164.28571428618397
164.29464285761253
164.30357142904114
164.31250000046975
164.3214285718983
164.33035714332686
164.33928571475548
164.3482142861841
164.35714285761264
164.3660714290412
164.3750000004698
164.38392857189842
164.39285714332698
164.40178571475553
164.41071428618415
164.41964285761276
164.4285714290413
164.43750000046987
164.44642857189848
164.4553571433271
164.46428571475565
164.4732142861842
164.4821428576128
164.49107142904143
164.50000000046998
164.50892857189854
164.51785714332715
164.52678571475576
164.53571428618432
164.54464285761287
164.55357142904148
164.5625000004701
164.57142857189865
164.5803571433272
164.58928571475582
164.59821428618443
164.60714285761298
164.61607142904154
164.62500000047015
164.63392857189876
164.64285714332732
164.65178571475587
164.6607142861845
164.6696428576131
164.67857142904165
164.6875000004702
164.69642857189882
164.70535714332743
164.714285714756
164.72321428618454
164.73214285761316
164.74107142904177
164.75000000047032
164.75892857189888
164.7678571433275
164.7767857147561
164.78571428618466
164.7946428576132
164.80357142904182
164.81250000047044
164.821428571899
164.83035714332755
164.83928571475616
164.84821428618477
164.85714285761333
164.86607142904188
164.8750000004705
164.8839285718991
164.89285714332766
164.90178571475622
164.91071428618483
164.91964285761344
164.928571429042
164.93750000047055
164.94642857189916
164.95535714332777
164.96428571475633
164.97321428618488
164.9821428576135
164.9910714290421
165.00000000047066
165.00892857189922
165.01785714332783
165.02678571475644
165.035714286185
165.04464285761355
165.05357142904217
165.06250000047078
165.07142857189933
165.0803571433279
165.0892857147565
165.0982142861851
165.10714285761367
165.11607142904222
165.12500000047083
165.13392857189945
165.142857143328
165.15178571475656
165.16071428618517
165.16964285761378
165.17857142904234
165.1875000004709
165.1964285718995
165.20535714332811
165.21428571475667
165.22321428618523
165.23214285761384
165.24107142904245
165.250000000471
165.25892857189956
165.26785714332817
165.27678571475678
165.28571428618534
165.2946428576139
165.3035714290425
165.31250000047112
165.32142857189967
165.33035714332823
165.33928571475684
165.34821428618545
165.357142857614
165.36607142904256
165.37500000047118
165.3839285718998
165.39285714332834
165.4017857147569
165.4107142861855
165.41964285761412
165.42857142904268
165.43750000047123
165.44642857189984
165.45535714332846
165.464285714757
165.47321428618557
165.48214285761418
165.4910714290428
165.50000000047135
165.5089285718999
165.5178571433285
165.52678571475712
165.53571428618568
165.54464285761424
165.55357142904285
165.56250000047146
165.57142857190001
165.58035714332857
165.58928571475718
165.5982142861858
165.60714285761435
165.6160714290429
165.62500000047152
165.63392857190013
165.64285714332868
165.65178571475724
165.66071428618585
165.66964285761446
165.67857142904302
165.68750000047157
165.69642857190019
165.7053571433288
165.71428571475735
165.7232142861859
165.73214285761452
165.74107142904313
165.7500000004717
165.75892857190024
165.76785714332885
165.77678571475747
165.78571428618602
165.79464285761458
165.8035714290432
165.8125000004718
165.82142857190036
165.8303571433289
165.83928571475752
165.84821428618613
165.8571428576147
165.86607142904325
165.87500000047186
165.88392857190047
165.89285714332902
165.90178571475758
165.9107142861862
165.9196428576148
165.92857142904336
165.9375000004719
165.94642857190053
165.95535714332914
165.9642857147577
165.97321428618625
165.98214285761486
165.99107142904347
166.00000000047203
166.00892857190058
166.0178571433292
166.0267857147578
166.03571428618636
166.04464285761492
166.05357142904353
166.06250000047214
166.0714285719007
166.08035714332925
166.08928571475786
166.09821428618648
166.10714285761503
166.1160714290436
166.1250000004722
166.1339285719008
166.14285714332937
166.15178571475792
166.16071428618653
166.16964285761514
166.1785714290437
166.18750000047226
166.19642857190087
166.20535714332948
166.21428571475803
166.2232142861866
166.2321428576152
166.2410714290438
166.25000000047237
166.25892857190092
166.26785714332954
166.27678571475815
166.2857142861867
166.29464285761526
166.30357142904387
166.31250000047248
166.32142857190104
166.3303571433296
166.3392857147582
166.34821428618682
166.35714285761537
166.36607142904393
166.37500000047254
166.38392857190115
166.3928571433297
166.40178571475826
166.41071428618687
166.4196428576155
166.42857142904404
166.4375000004726
166.4464285719012
166.45535714332982
166.46428571475838
166.47321428618693
166.48214285761554
166.49107142904415
166.5000000004727
166.50892857190127
166.51785714332988
166.5267857147585
166.53571428618704
166.5446428576156
166.5535714290442
166.56250000047282
166.57142857190138
166.58035714332993
166.58928571475855
166.59821428618716
166.6071428576157
166.61607142904427
166.62500000047288
166.6339285719015
166.64285714333005
166.6517857147586
166.66071428618721
166.66964285761583
166.67857142904438
166.68750000047294
166.69642857190155
166.70535714333016
166.71428571475872
166.72321428618727
166.73214285761588
166.7410714290445
166.75000000047305
166.7589285719016
166.76785714333022
166.77678571475883
166.78571428618739
166.79464285761594
166.80357142904455
166.81250000047316
166.82142857190172
166.83035714333027
166.8392857147589
166.8482142861875
166.85714285761605
166.8660714290446
166.87500000047322
166.88392857190183
166.8928571433304
166.90178571475894
166.91071428618756
166.91964285761617
166.92857142904472
166.93750000047328
166.9464285719019
166.9553571433305
166.96428571475906
166.9732142861876
166.98214285761622
166.99107142904484
167.0000000004734
167.00892857190195
167.01785714333056
167.02678571475917
167.03571428618773
167.04464285761628
167.0535714290449
167.0625000004735
167.07142857190206
167.08035714333062
167.08928571475923
167.09821428618784
167.1071428576164
167.11607142904495
167.12500000047356
167.13392857190217
167.14285714333073
167.15178571475928
167.1607142861879
167.1696428576165
167.17857142904506
167.18750000047362
167.19642857190223
167.20535714333084
167.2142857147594
167.22321428618795
167.23214285761657
167.24107142904518
167.25000000047373
167.2589285719023
167.2678571433309
167.2767857147595
167.28571428618807
167.29464285761662
167.30357142904523
167.31250000047385
167.3214285719024
167.33035714333096
167.33928571475957
167.34821428618818
167.35714285761674
167.3660714290453
167.3750000004739
167.38392857190252
167.39285714333107
167.40178571475963
167.41071428618824
167.41964285761685
167.4285714290454
167.43750000047396
167.44642857190257
167.45535714333118
167.46428571475974
167.4732142861883
167.4821428576169
167.49107142904552
167.50000000047407
167.50892857190263
167.51785714333124
167.52678571475985
167.5357142861884
167.54464285761696
167.55357142904558
167.5625000004742
167.57142857190274
167.5803571433313
167.5892857147599
167.59821428618852
167.60714285761708
167.61607142904563
167.62500000047424
167.63392857190286
167.6428571433314
167.65178571475997
167.66071428618858
167.6696428576172
167.67857142904575
167.6875000004743
167.6964285719029
167.70535714333153
167.71428571476008
167.72321428618864
167.73214285761725
167.74107142904586
167.75000000047442
167.75892857190297
167.76785714333158
167.7767857147602
167.78571428618875
167.7946428576173
167.80357142904592
167.81250000047453
167.82142857190308
167.83035714333164
167.83928571476025
167.84821428618886
167.85714285761742
167.86607142904597
167.87500000047459
167.8839285719032
167.89285714333175
167.9017857147603
167.91071428618892
167.91964285761753
167.9285714290461
167.93750000047464
167.94642857190325
167.95535714333187
167.96428571476042
167.97321428618898
167.9821428576176
167.9910714290462
168.00000000047476
168.0089285719033
168.01785714333192
168.02678571476054
168.0357142861891
168.04464285761765
168.05357142904626
168.06250000047487
168.07142857190343
168.08035714333198
168.0892857147606
168.0982142861892
168.10714285761776
168.11607142904631
168.12500000047493
168.13392857190354
168.1428571433321
168.15178571476065
168.16071428618926
168.16964285761787
168.17857142904643
168.18750000047498
168.1964285719036
168.2053571433322
168.21428571476076
168.22321428618932
168.23214285761793
168.24107142904654
168.2500000004751
168.25892857190365
168.26785714333226
168.27678571476088
168.28571428618943
168.294642857618
168.3035714290466
168.3125000004752
168.32142857190377
168.33035714333232
168.33928571476093
168.34821428618955
168.3571428576181
168.36607142904666
168.37500000047527
168.38392857190388
168.39285714333244
168.401785714761
168.4107142861896
168.41964285761821
168.42857142904677
168.43750000047532
168.44642857190394
168.45535714333255
168.4642857147611
168.47321428618966
168.48214285761827
168.49107142904688
168.50000000047544
168.508928571904
168.5178571433326
168.52678571476122
168.53571428618977
168.54464285761833
168.55357142904694
168.56250000047555
168.5714285719041
168.58035714333266
168.58928571476127
168.5982142861899
168.60714285761844
168.616071429047
168.6250000004756
168.63392857190422
168.64285714333278
168.65178571476133
168.66071428618994
168.66964285761856
168.6785714290471
168.68750000047567
168.69642857190428
168.7053571433329
168.71428571476144
168.72321428619
168.7321428576186
168.74107142904722
168.75000000047578
168.75892857190433
168.76785714333295
168.77678571476156
168.7857142861901
168.79464285761867
168.80357142904728
168.8125000004759
168.82142857190445
168.830357143333
168.83928571476162
168.84821428619023
168.85714285761878
168.86607142904734
168.87500000047595
168.88392857190456
168.89285714333312
168.90178571476167
168.91071428619028
168.9196428576189
168.92857142904745
168.937500000476
168.94642857190462
168.95535714333323
168.9642857147618
168.97321428619034
168.98214285761895
168.99107142904757
169.00000000047612
169.00892857190468
169.0178571433333
169.0267857147619
169.03571428619045
169.044642857619
169.05357142904762
169.06250000047623
169.0714285719048
169.08035714333334
169.08928571476196
169.09821428619057
169.10714285761912
169.11607142904768
169.1250000004763
169.1339285719049
169.14285714333346
169.151785714762
169.16071428619063
169.16964285761924
169.1785714290478
169.18750000047635
169.19642857190496
169.20535714333357
169.21428571476213
169.22321428619068
169.2321428576193
169.2410714290479
169.25000000047646
169.25892857190502
169.26785714333363
169.27678571476224
169.2857142861908
169.29464285761935
169.30357142904796
169.31250000047658
169.32142857190513
169.33035714333369
169.3392857147623
169.3482142861909
169.35714285761946
169.36607142904802
169.37500000047663
169.38392857190524
169.3928571433338
169.40178571476235
169.41071428619097
169.41964285761958
169.42857142904813
169.4375000004767
169.4464285719053
169.4553571433339
169.46428571476247
169.47321428619102
169.48214285761964
169.49107142904825
169.5000000004768
169.50892857190536
169.51785714333397
169.52678571476258
169.53571428619114
169.5446428576197
169.5535714290483
169.56250000047692
169.57142857190547
169.58035714333403
169.58928571476264
169.59821428619125
169.6071428576198
169.61607142904836
169.62500000047697
169.63392857190559
169.64285714333414
169.6517857147627
169.6607142861913
169.66964285761992
169.67857142904847
169.68750000047703
169.69642857190564
169.70535714333425
169.7142857147628
169.72321428619136
169.73214285761998
169.7410714290486
169.75000000047714
169.7589285719057
169.7678571433343
169.77678571476292
169.78571428619148
169.79464285762003
169.80357142904865
169.81250000047726
169.8214285719058
169.83035714333437
169.83928571476298
169.8482142861916
169.85714285762015
169.8660714290487
169.8750000004773
169.88392857190593
169.89285714333448
169.90178571476304
169.91071428619165
169.91964285762026
169.92857142904882
169.93750000047737
169.94642857190598
169.9553571433346
169.96428571476315
169.9732142861917
169.98214285762032
169.99107142904893
170.00000000047748
170.00892857190604
170.01785714333465
170.02678571476326
170.03571428619182
170.04464285762037
170.053571429049
170.0625000004776
170.07142857190615
170.0803571433347
170.08928571476332
170.09821428619193
170.1071428576205
170.11607142904904
170.12500000047766
170.13392857190627
170.14285714333482
170.15178571476338
170.160714286192
170.1696428576206
170.17857142904916
170.1875000004777
170.19642857190632
170.20535714333494
170.2142857147635
170.22321428619205
170.23214285762066
170.24107142904927
170.25000000047783
170.25892857190638
170.267857143335
170.2767857147636
170.28571428619216
170.29464285762072
170.30357142904933
170.31250000047794
170.3214285719065
170.33035714333505
170.33928571476366
170.34821428619227
170.35714285762083
170.36607142904938
170.375000000478
170.3839285719066
170.39285714333516
170.40178571476372
170.41071428619233
170.41964285762094
170.4285714290495
170.43750000047805
170.44642857190667
170.45535714333528
170.46428571476383
170.4732142861924
170.482142857621
170.4910714290496
170.50000000047817
170.50892857190672
170.51785714333533
170.52678571476395
170.5357142861925
170.54464285762106
170.55357142904967
170.56250000047828
170.57142857190684
170.5803571433354
170.589285714764
170.59821428619261
170.60714285762117
170.61607142904973
170.62500000047834
170.63392857190695
170.6428571433355
170.65178571476406
170.66071428619267
170.66964285762128
170.67857142904984
170.6875000004784
170.696428571907
170.70535714333562
170.71428571476417
170.72321428619273
170.73214285762134
170.74107142904995
170.7500000004785
170.75892857190706
170.76785714333568
170.7767857147643
170.78571428619284
170.7946428576214
170.80357142905
170.81250000047862
170.82142857190718
170.83035714333573
170.83928571476434
170.84821428619296
170.8571428576215
170.86607142905007
170.87500000047868
170.8839285719073
170.89285714333585
170.9017857147644
170.910714286193
170.91964285762162
170.92857142905018
170.93750000047874
170.94642857190735
170.95535714333596
170.96428571476451
170.97321428619307
170.98214285762168
170.9910714290503
171.00000000047885
171.0089285719074
171.01785714333602
171.02678571476463
171.03571428619318
171.04464285762174
171.05357142905035
171.06250000047896
171.07142857190752
171.08035714333607
171.08928571476469
171.0982142861933
171.10714285762185
171.1160714290504
171.12500000047902
171.13392857190763
171.1428571433362
171.15178571476474
171.16071428619335
171.16964285762197
171.17857142905052
171.18750000047908
171.1964285719077
171.2053571433363
171.21428571476486
171.2232142861934
171.23214285762202
171.24107142905063
171.2500000004792
171.25892857190775
171.26785714333636
171.27678571476497
171.28571428619352
171.29464285762208
171.3035714290507
171.3125000004793
171.32142857190786
171.3303571433364
171.33928571476503
171.34821428619364
171.3571428576222
171.36607142905075
171.37500000047936
171.38392857190797
171.39285714333653
171.40178571476508
171.4107142861937
171.4196428576223
171.42857142905086
171.43750000047942
171.44642857190803
171.45535714333664
171.4642857147652
171.47321428619375
171.48214285762236
171.49107142905098
171.50000000047953
171.5089285719081
171.5178571433367
171.5267857147653
171.53571428619387
171.54464285762242
171.55357142905103
171.56250000047964
171.5714285719082
171.58035714333676
171.58928571476537
171.59821428619398
171.60714285762253
171.6160714290511
171.6250000004797
171.6339285719083
171.64285714333687
171.65178571476542
171.66071428619404
171.66964285762265
171.6785714290512
171.68750000047976
171.69642857190837
171.70535714333698
171.71428571476554
171.7232142861941
171.7321428576227
171.74107142905132
171.75000000047987
171.75892857190843
171.76785714333704
171.77678571476565
171.7857142861942
171.79464285762276
171.80357142905137
171.81250000048
171.82142857190854
171.8303571433371
171.8392857147657
171.84821428619432
171.85714285762288
171.86607142905143
171.87500000048004
171.88392857190865
171.8928571433372
171.90178571476577
171.91071428619438
171.919642857623
171.92857142905154
171.9375000004801
171.9464285719087
171.95535714333732
171.96428571476588
171.97321428619443
171.98214285762305
171.99107142905166
172.0000000004802
172.00892857190877
172.01785714333738
172.026785714766
172.03571428619455
172.0446428576231
172.05357142905171
172.06250000048033
172.07142857190888
172.08035714333744
172.08928571476605
172.09821428619466
172.10714285762322
172.11607142905177
172.12500000048038
172.133928571909
172.14285714333755
172.1517857147661
172.16071428619472
172.16964285762333
172.17857142905189
172.18750000048044
172.19642857190905
172.20535714333766
172.21428571476622
172.22321428619478
172.2321428576234
172.241071429052
172.25000000048055
172.2589285719091
172.26785714333772
172.27678571476633
172.2857142861949
172.29464285762344
172.30357142905206
172.31250000048067
172.32142857190922
172.33035714333778
172.3392857147664
172.348214286195
172.35714285762356
172.3660714290521
172.37500000048072
172.38392857190934
172.3928571433379
172.40178571476645
172.41071428619506
172.41964285762367
172.42857142905223
172.43750000048078
172.4464285719094
172.455357143338
172.46428571476656
172.47321428619512
172.48214285762373
172.49107142905234
172.5000000004809
172.50892857190945
172.51785714333806
172.52678571476667
172.53571428619523
172.54464285762378
172.5535714290524
172.562500000481
172.57142857190956
172.58035714333812
172.58928571476673
172.59821428619534
172.6071428576239
172.61607142905245
172.62500000048107
172.63392857190968
172.64285714333823
172.6517857147668
172.6607142861954
172.669642857624
172.67857142905257
172.68750000048112
172.69642857190973
172.70535714333835
172.7142857147669
172.72321428619546
172.73214285762407
172.74107142905268
172.75000000048124
172.7589285719098
172.7678571433384
172.77678571476702
172.78571428619557
172.79464285762413
172.80357142905274
172.81250000048135
172.8214285719099
172.83035714333846
172.83928571476707
172.84821428619568
172.85714285762424
172.8660714290528
172.8750000004814
172.88392857191002
172.89285714333857
172.90178571476713
172.91071428619574
172.91964285762435
172.9285714290529
172.93750000048146
172.94642857191008
172.9553571433387
172.96428571476724
172.9732142861958
172.9821428576244
172.99107142905302
173.00000000048158
173.00892857191013
173.01785714333874
173.02678571476736
173.0357142861959
173.04464285762447
173.05357142905308
173.0625000004817
173.07142857191025
173.0803571433388
173.0892857147674
173.09821428619603
173.10714285762458
173.11607142905314
173.12500000048175
173.13392857191036
173.14285714333892
173.15178571476747
173.16071428619608
173.1696428576247
173.17857142905325
173.1875000004818
173.19642857191042
173.20535714333903
173.21428571476758
173.22321428619614
173.23214285762475
173.24107142905336
173.25000000048192
173.25892857191047
173.26785714333909
173.2767857147677
173.28571428619625
173.2946428576248
173.30357142905342
173.31250000048203
173.3214285719106
173.33035714333914
173.33928571476775
173.34821428619637
173.35714285762492
173.36607142905348
173.3750000004821
173.3839285719107
173.39285714333926
173.4017857147678
173.41071428619642
173.41964285762504
173.4285714290536
173.43750000048215
173.44642857191076
173.45535714333937
173.46428571476793
173.47321428619648
173.4821428576251
173.4910714290537
173.50000000048226
173.50892857191081
173.51785714333943
173.52678571476804
173.5357142861966
173.54464285762515
173.55357142905376
173.56250000048237
173.57142857191093
173.58035714333948
173.5892857147681
173.5982142861967
173.60714285762526
173.61607142905382
173.62500000048243
173.63392857191104
173.6428571433396
173.65178571476815
173.66071428619676
173.66964285762538
173.67857142905393
173.6875000004825
173.6964285719111
173.7053571433397
173.71428571476827
173.72321428619682
173.73214285762543
173.74107142905405
173.7500000004826
173.75892857191116
173.76785714333977
173.77678571476838
173.78571428619694
173.7946428576255
173.8035714290541
173.81250000048271
173.82142857191127
173.83035714333982
173.83928571476844
173.84821428619705
173.8571428576256
173.86607142905416
173.87500000048277
173.88392857191138
173.89285714333994
173.9017857147685
173.9107142861971
173.91964285762572
173.92857142905427
173.93750000048283
173.94642857191144
173.95535714334005
173.9642857147686
173.97321428619716
173.98214285762577
173.9910714290544
174.00000000048294
174.0089285719115
174.0178571433401
174.02678571476872
174.03571428619728
174.04464285762583
174.05357142905444
174.06250000048306
174.0714285719116
174.08035714334017
174.08928571476878
174.0982142861974
174.10714285762594
174.1160714290545
174.1250000004831
174.13392857191172
174.14285714334028
174.15178571476883
174.16071428619745
174.16964285762606
174.1785714290546
174.18750000048317
174.19642857191178
174.2053571433404
174.21428571476895
174.2232142861975
174.23214285762612
174.24107142905473
174.25000000048328
174.25892857191184
174.26785714334045
174.27678571476906
174.28571428619762
174.29464285762617
174.30357142905478
174.3125000004834
174.32142857191195
174.3303571433405
174.33928571476912
174.34821428619773
174.3571428576263
174.36607142905484
174.37500000048345
174.38392857191207
174.39285714334062
174.40178571476918
174.4107142861978
174.4196428576264
174.42857142905495
174.4375000004835
174.44642857191212
174.45535714334073
174.4642857147693
174.47321428619784
174.48214285762646
174.49107142905507
174.50000000048362
174.50892857191218
174.5178571433408
174.5267857147694
174.53571428619796
174.5446428576265
174.55357142905513
174.56250000048374
174.5714285719123
174.58035714334085
174.58928571476946
174.59821428619807
174.60714285762663
174.61607142905518
174.6250000004838
174.6339285719124
174.64285714334096
174.65178571476952
174.66071428619813
174.66964285762674
174.6785714290553
174.68750000048385
174.69642857191246
174.70535714334108
174.71428571476963
174.72321428619819
174.7321428576268
174.7410714290554
174.75000000048396
174.75892857191252
174.76785714334113
174.77678571476974
174.7857142861983
174.79464285762685
174.80357142905547
174.81250000048408
174.82142857191263
174.8303571433412
174.8392857147698
174.8482142861984
174.85714285762697
174.86607142905552
174.87500000048414
174.88392857191275
174.8928571433413
174.90178571476986
174.91071428619847
174.91964285762708
174.92857142905564
174.9375000004842
174.9464285719128
174.95535714334142
174.96428571476997
174.97321428619853
174.98214285762714
174.99107142905575
175.0000000004843
175.00892857191286
175.01785714334147
175.02678571477009
175.03571428619864
175.0446428576272
175.0535714290558
175.06250000048442
175.07142857191297
175.08035714334153
175.08928571477014
175.09821428619875
175.1071428576273
175.11607142905586
175.12500000048448
175.1339285719131
175.14285714334164
175.1517857147702
175.1607142861988
175.16964285762742
175.17857142905598
175.18750000048453
175.19642857191315
175.20535714334176
175.2142857147703
175.22321428619887
175.23214285762748
175.2410714290561
175.25000000048465
175.2589285719132
175.2678571433418
175.27678571477043
175.28571428619898
175.29464285762754
175.30357142905615
175.31250000048476
175.32142857191332
175.33035714334187
175.33928571477048
175.3482142861991
175.35714285762765
175.3660714290562
175.37500000048482
175.38392857191343
175.39285714334198
175.40178571477054
175.41071428619915
175.41964285762776
175.42857142905632
175.43750000048487
175.4464285719135
175.4553571433421
175.46428571477065
175.4732142861992
175.48214285762782
175.49107142905643
175.500000000485
175.50892857191354
175.51785714334216
175.52678571477077
175.53571428619932
175.54464285762788
175.5535714290565
175.5625000004851
175.57142857191366
175.5803571433422
175.58928571477082
175.59821428619944
175.607142857628
175.61607142905655
175.62500000048516
175.63392857191377
175.64285714334233
175.65178571477088
175.6607142861995
175.6696428576281
175.67857142905666
175.68750000048522
175.69642857191383
175.70535714334244
175.714285714771
175.72321428619955
175.73214285762816
175.74107142905677
175.75000000048533
175.75892857191388
175.7678571433425
175.7767857147711
175.78571428619966
175.79464285762822
175.80357142905683
175.81250000048544
175.821428571914
175.83035714334255
175.83928571477117
175.84821428619978
175.85714285762833
175.8660714290569
175.8750000004855
175.8839285719141
175.89285714334267
175.90178571477122
175.91071428619983
175.91964285762845
175.928571429057
175.93750000048556
175.94642857191417
175.95535714334278
175.96428571477134
175.9732142861999
175.9821428576285
175.99107142905711
176.00000000048567
176.00892857191423
176.01785714334284
176.02678571477145
176.0357142862
176.04464285762856
176.05357142905717
176.06250000048578
176.07142857191434
176.0803571433429
176.0892857147715
176.09821428620012
176.10714285762867
176.11607142905723
176.12500000048584
176.13392857191445
176.142857143343
176.15178571477156
176.16071428620018
176.1696428576288
176.17857142905734
176.1875000004859
176.1964285719145
176.20535714334312
176.21428571477168
176.22321428620023
176.23214285762884
176.24107142905746
176.250000000486
176.25892857191457
176.26785714334318
176.2767857147718
176.28571428620035
176.2946428576289
176.3035714290575
176.31250000048612
176.32142857191468
176.33035714334324
176.33928571477185
176.34821428620046
176.35714285762901
176.36607142905757
176.37500000048618
176.3839285719148
176.39285714334335
176.4017857147719
176.41071428620052
176.41964285762913
176.42857142905768
176.43750000048624
176.44642857191485
176.45535714334346
176.46428571477202
176.47321428620057
176.48214285762919
176.4910714290578
176.50000000048635
176.5089285719149
176.51785714334352
176.52678571477213
176.5357142862007
176.54464285762924
176.55357142905785
176.56250000048647
176.57142857191502
176.58035714334358
176.5892857147722
176.5982142862008
176.60714285762936
176.6160714290579
176.62500000048652
176.63392857191513
176.6428571433437
176.65178571477225
176.66071428620086
176.66964285762947
176.67857142905802
176.68750000048658
176.6964285719152
176.7053571433438
176.71428571477236
176.7232142862009
176.73214285762953
176.74107142905814
176.7500000004867
176.75892857191525
176.76785714334386
176.77678571477247
176.78571428620103
176.79464285762958
176.8035714290582
176.8125000004868
176.82142857191536
176.83035714334392
176.83928571477253
176.84821428620114
176.8571428576297
176.86607142905825
176.87500000048686
176.88392857191548
176.89285714334403
176.9017857147726
176.9107142862012
176.9196428576298
176.92857142905837
176.93750000048692
176.94642857191553
176.95535714334414
176.9642857147727
176.97321428620126
176.98214285762987
176.99107142905848
177.00000000048703
177.0089285719156
177.0178571433442
177.0267857147728
177.03571428620137
177.04464285762992
177.05357142905854
177.06250000048715
177.0714285719157
177.08035714334426
177.08928571477287
177.09821428620148
177.10714285763004
177.1160714290586
177.1250000004872
177.13392857191582
177.14285714334437
177.15178571477293
177.16071428620154
177.16964285763015
177.1785714290587
177.18750000048726
177.19642857191587
177.2053571433445
177.21428571477304
177.2232142862016
177.2321428576302
177.24107142905882
177.25000000048738
177.25892857191593
177.26785714334454
177.27678571477315
177.2857142862017
177.29464285763027
177.30357142905888
177.3125000004875
177.32142857191604
177.3303571433446
177.3392857147732
177.34821428620182
177.35714285763038
177.36607142905893
177.37500000048755
177.38392857191616
177.3928571433447
177.40178571477327
177.41071428620188
177.4196428576305
177.42857142905905
177.4375000004876
177.44642857191621
177.45535714334483
177.46428571477338
177.47321428620194
177.48214285763055
177.49107142905916
177.50000000048772
177.50892857191627
177.51785714334488
177.5267857147735
177.53571428620205
177.5446428576306
177.55357142905922
177.56250000048783
177.57142857191639
177.58035714334494
177.58928571477355
177.59821428620216
177.60714285763072
177.61607142905928
177.6250000004879
177.6339285719165
177.64285714334505
177.6517857147736
177.66071428620222
177.66964285763083
177.6785714290594
177.68750000048794
177.69642857191656
177.70535714334517
177.71428571477372
177.72321428620228
177.7321428576309
177.7410714290595
177.75000000048806
177.7589285719166
177.76785714334522
177.77678571477384
177.7857142862024
177.79464285763095
177.80357142905956
177.81250000048817
177.82142857191673
177.83035714334528
177.8392857147739
177.8482142862025
177.85714285763106
177.86607142905962
177.87500000048823
177.88392857191684
177.8928571433454
177.90178571477395
177.91071428620256
177.91964285763117
177.92857142905973
177.93750000048828
177.9464285719169
177.9553571433455
177.96428571477406
177.97321428620262
177.98214285763123
177.99107142905984
178.0000000004884
178.00892857191695
178.01785714334557
178.02678571477418
178.03571428620273
178.0446428576313
178.0535714290599
178.0625000004885
178.07142857191707
178.08035714334562
178.08928571477423
178.09821428620285
178.1071428576314
178.11607142905996
178.12500000048857
178.13392857191718
178.14285714334574
178.1517857147743
178.1607142862029
178.16964285763152
178.17857142906007
178.18750000048863
178.19642857191724
178.20535714334585
178.2142857147744
178.22321428620296
178.23214285763157
178.24107142906018
178.25000000048874
178.2589285719173
178.2678571433459
178.27678571477452
178.28571428620307
178.29464285763163
178.30357142906024
178.31250000048885
178.3214285719174
178.33035714334596
178.33928571477458
178.3482142862032
178.35714285763174
178.3660714290603
178.3750000004889
178.38392857191752
178.39285714334608
178.40178571477463
178.41071428620324
178.41964285763186
178.4285714290604
178.43750000048897
178.44642857191758
178.4553571433462
178.46428571477475
178.4732142862033
178.4821428576319
178.49107142906053
178.50000000048908
178.50892857191764
178.51785714334625
178.52678571477486
178.53571428620342
178.54464285763197
178.55357142906058
178.5625000004892
178.57142857191775
178.5803571433463
178.58928571477492
178.59821428620353
178.60714285763208
178.61607142906064
178.62500000048925
178.63392857191786
178.64285714334642
178.65178571477497
178.66071428620359
178.6696428576322
178.67857142906075
178.6875000004893
178.69642857191792
178.70535714334653
178.7142857147751
178.72321428620364
178.73214285763225
178.74107142906087
178.75000000048942
178.75892857191798
178.7678571433466
178.7767857147752
178.78571428620376
178.7946428576323
178.80357142906092
178.81250000048954
178.8214285719181
178.83035714334665
178.83928571477526
178.84821428620387
178.85714285763243
178.86607142906098
178.8750000004896
178.8839285719182
178.89285714334676
178.90178571477531
178.91071428620393
178.91964285763254
178.9285714290611
178.93750000048965
178.94642857191826
178.95535714334687
178.96428571477543
178.97321428620398
178.9821428576326
178.9910714290612
179.00000000048976
179.00892857191832
179.01785714334693
179.02678571477554
179.0357142862041
179.04464285763265
179.05357142906126
179.06250000048988
179.07142857191843
179.080357143347
179.0892857147756
179.0982142862042
179.10714285763277
179.11607142906132
179.12500000048993
179.13392857191855
179.1428571433471
179.15178571477566
179.16071428620427
179.16964285763288
179.17857142906144
179.18750000049
179.1964285719186
179.20535714334721
179.21428571477577
179.22321428620432
179.23214285763294
179.24107142906155
179.2500000004901
179.25892857191866
179.26785714334727
179.27678571477588
179.28571428620444
179.294642857633
179.3035714290616
179.31250000049022
179.32142857191877
179.33035714334733
179.33928571477594
179.34821428620455
179.3571428576331
179.36607142906166
179.37500000049027
179.3839285719189
179.39285714334744
179.401785714776
179.4107142862046
179.41964285763322
179.42857142906178
179.43750000049033
179.44642857191894
179.45535714334756
179.4642857147761
179.47321428620467
179.48214285763328
179.4910714290619
179.50000000049045
179.508928571919
179.5178571433476
179.52678571477622
179.53571428620478
179.54464285763333
179.55357142906195
179.56250000049056
179.5714285719191
179.58035714334767
179.58928571477628
179.5982142862049
179.60714285763345
179.616071429062
179.62500000049062
179.63392857191923
179.64285714334778
179.65178571477634
179.66071428620495
179.66964285763356
179.67857142906212
179.68750000049067
179.69642857191928
179.7053571433479
179.71428571477645
179.723214286205
179.73214285763362
179.74107142906223
179.7500000004908
179.75892857191934
179.76785714334795
179.77678571477657
179.78571428620512
179.79464285763368
179.8035714290623
179.8125000004909
179.82142857191945
179.830357143348
179.83928571477662
179.84821428620523
179.8571428576338
179.86607142906234
179.87500000049096
179.88392857191957
179.89285714334812
179.90178571477668
179.9107142862053
179.9196428576339
179.92857142906246
179.937500000491
179.94642857191963
179.95535714334824
179.9642857147768
179.97321428620535
179.98214285763396
179.99107142906257
